id,title,link,author,published,content,date
t3_1ih6uof,13 Days Until the 67th Daytona 500: Charlotte Motor Speedway,https://www.reddit.com/r/nascar/comments/1ih6uof/,/u/bruhmoment2248,2025-02-04 02:07:52+00:00,"# NASCAR's Home Track

Only 2 weeks left until the Great American race, as we visit a track many in the garage area would consider home base: the Charlotte Motor Speedway.

[surprisingly, this is NOT the first Charlotte track in NASCAR](https://preview.redd.it/k7gqhusn51he1.png?width=2084&format=png&auto=webp&s=c19e90198fe7c3ed8d5d8e4a1323c59c1ba53489)

'

'

# Overview and History

Located just off of U.S. Route 29 northeast of downtown Charlotte, the Charlotte Motor Speedway is NASCAR’s “home track” and has been a home for major stock car racing for more than 60 years. A collaboration between Bruton Smith and driver Curtis Turner, the state-of-the-art racetrack took 11 months to build and opened in June 1960, the track was built concerningly close to opening day much like Talladega would be nine years later. Much like its cousin to the west, Charlotte’s opening weekend was rife with racing surface issues that shredded tires and even entire cars. A hasty repave didn’t help much, and both Smith and Turner eventually had to give up control of the speedway after being faced with what seemed like a million lawsuits for not paying people that built the speedway to begin with.

[what is it with large racetracks and running right up against construction schedule-](https://preview.redd.it/crsq8djy51he1.png?width=594&format=png&auto=webp&s=622138f4a4420dbe2a01f1c8896e5fbb3d6001ba)

'

It took a decade, but Smith eventually got his speedway back with the help of Humpy Wheeler as his development director, with Wheeler eventually becoming the track’s president. It was Humpy and Bruton that oversaw improvements to the speedway over the years, culminating in a huge investment in 1991 that saw the addition of MUSCO lights around the speedway. The renovation not only gave the World 600 a new sense of flexibility in not having to compete with the Indy 500 for viewership, but also gave the recently-created The Winston a new dimension of crazy, with the first night race at Charlotte being the 1992 edition of NASCAR’s all star weekend; that race was one for the ages.

[Pretty on brand of 1992 Davey Allison to win AND wreck at the same time](https://preview.redd.it/ioridpwh51he1.png?width=1140&format=png&auto=webp&s=d127a1bf8c703e4a011e2cc22dc76ccacfe9dcc4)

'

With NASCAR’s longest race and the track being a home race for many teams, Charlotte became one of the major tracks in stock car racing. But even in the modern era Charlotte still couldn’t escape major problems with its surface, despite a repave in 2005 touted as the future of track design. The process of “levigation” was also used at Indianapolis that same year, and everyone knows how that turned out in June of that year. But before F1 had its worst race ever, they should have heeded the tale of the Coca-Cola 600 held mere hours after the Indianapolis 500 that had no major tire issues. The 2005 running of NASCAR’s longest race had a plethora of tire failures and other wild crashes resulting from the horrific repaving of the surface that had employed the use of diamond-edge grinders to level out the track; this basically turned the asphalt into a bed of nails waiting to chew into tires, and the race set a record for the most cautions in Cup Series history with 22. The race dragged on into the late night hours where the track’s unofficial new owner would score a memorable 3rd straight 600 victory to salvage the night in exciting fashion.

[\\""Boy was that worth staying up late for, or what?\\"" - Mike Joy](https://preview.redd.it/c96b6i7e51he1.png?width=800&format=png&auto=webp&s=7854b5cddbbe62d40825ad71f83d2aeab563f86b)

'

Oh that’s right, the speedway didn’t even have Charlotte in the name by this time, signing a naming rights deal with Lowe’s in 1998 to rename the track the Lowe’s Motor Speedway, whom started sponsoring Johnson a few years later and made his first career start at the speedway. The deal lasted until 2009, by which time the speedway went back to its old name. Charlotte’s dates had also never been tampered with much, given the World 600’s stalwart Memorial Day standing and the fall race’s relative popularity. But a raincheck in 2015 led to the fall race moving from night to day again, and the Gen 6 car’s lackluster intermediate package didn’t help matters much; by 2017, the fall race had fallen out of favor and needed a shot in the arm. So they looked inward… quite literally.

'

For 2018, the fall race would employ the use of the infield road course, an idea once rejected due to cost concerns back in the 1970s; this new “roval” (a portmanteau of oval and road course) immediately started producing all-time classics. The inaugural race saw drama in the final laps with Brad Keselowski completely flubbing a restart and taking out the entire pack behind him, Kyle Larson’s charge into the next round of the playoffs with a damaged racecar, and of course the scenes in the final chicane when Jimmie Johnson choked away a chance at victory spinning both himself and defending champion Martin Truex Jr, leaving Ryan Blaney to score what was only his second career victory basically on accident.

[Johnson would never sniff another shot at a championship ever again after this...](https://preview.redd.it/7c6v1ii651he1.png?width=1100&format=png&auto=webp&s=d750deeb6b1b8b8bd3a56fea89099872e4433e71)

'

The 2019 race saw Chase Elliott come back from wrecking with less than 40 laps to go, drive through the field with a damaged racecar, and still win. He upped the ante one year later with a win in the absolute downpour that was the 2020 Roval weekend en route to the championship, the same year he’d been let down by his crew chief in the 600 less than 5 months earlier. The jury’s still out on whether or not moving to the Roval was a good decision, but it certainly gave the playoffs its much needed gimmick track to uphold the system. Once the Next Gen car was implemented in 2022 the speedway’s oval product became the best in the series, with that year’s Coca-Cola 600 considered an all-time classic despite its result. Charlotte continues to be a popular track among stock car racing’s faithful into the present day.

[this is still a top 10 celebration in NASCAR history, to do burnouts where you wrecked and roll backwards on top of your car... badass](https://preview.redd.it/d1h8v6w051he1.png?width=1393&format=png&auto=webp&s=0436586215317935e3282d25dc0ea967449fab9b)

'

# Did You Know?

\- Turn 3 has no retaining catchfence on the outside wall, instead employing the use of huge advertisement boards to keep cars inside the racetrack, quite the oddity in the era of safety. 

\- Before the Carolina Panthers were ever created, Bruton Smith proposed building a (temporary) stadium on the frontstretch with a capacity of 76,000 for a Carolina football team; that plan was almost immediately scrapped.

\- Austin Dillon brought the #3 car its first victory in 17 years with a fuel-mileage stunner in the 2017 Coca-Cola 600, becoming the 50th different winner at Charlotte in a NASCAR Cup race.

\- Outside of his first start and the 2008 World 600 where Jimmie Johnson led at the 500 mile mark before blowing an engine, he never finished a race outside of the top 15 from 2002 to 2009 when the track had the Lowe’s sponsorship, and swept both the 2004 and 2005 slate of races along with 3 straight 600s from 2003 to 2005.

\- Humpy Wheeler helped fuel the rivalry between Cale Yarborough and Darrell Waltrip in 1977 with an advertisement for the National 500 in the fall that featured a chicken in a shark’s mouth, a play on Waltrip’s nickname of Jaws and Yarborough’s sponsor Holly Farms Poultry.

\- Martin Truex Jr set a NASCAR record leading 585 miles of 600 in 2016 en route to winning the Coca-Cola 600 with 390 of 400 laps led, a feat we will probably never see in NASCAR again.

[to think that he'd lost basically EVERY race before this in some heartbreaking fashion that year... he locked in and gave the field hell for a night](https://preview.redd.it/kudq9rxt41he1.png?width=1400&format=png&auto=webp&s=7d3ac4703d51d91bc8de356ab47ec62e2aecbbf4)

'

# How Do You Win Here?

Charlotte is one of the faster tracks on the NASCAR Cup Series schedule, despite how narrow the track may or may not appear compared to other 1.5 mile tracks on the circuit. The 24 degree banking in the turns is quite conducive to keeping speed in racecars throughout the 2 sets of corners, and rewards drivers who can keep their cars rotating through the corner in any line on the racetrack, low or high. The high line is certainly a viable strategy in the present day, one enabled by the advent of the Next Gen car. Above all, saving your equipment for the final 100 miles of a race is of paramount importance, as races at Charlotte can feel like a drag past the 300 mile mark, especially on Memorial Day Sunday.

[the new Roval layout should be a shitshow, but who knows?](https://preview.redd.it/bekbj3mb41he1.png?width=1200&format=png&auto=webp&s=1b81d878e49a98399cd3e71049ec3aa8e29b89ac)

'

While the future of the Roval race remains under speculation, the Coca-Cola 600 remains the longest race on the 2025 schedule, and will be the very first for new broadcaster Amazon Prime Video on May 25th.

'

[maybe we can get a non-humid 600 in this year... just maybe](https://preview.redd.it/7pq4x4re41he1.png?width=1000&format=png&auto=webp&s=07f8545ebfca7d7ee0aa7e371eac6e005e5841be)

'  
'

# On the next episode of 2025 Daytona 500 Countdown...

A slate of abandoned racetracks are on deck, the first being in relative limbo for years now...",2025-02-04
t3_1ik4mdw,From Brad Keselowski’s YouTube Channel: The Evolution of RFK Racing,https://www.reddit.com/r/nascar/comments/1ik4mdw/,/u/Dmacthegoat,2025-02-07 20:20:05+00:00,,2025-02-07
t3_1im9oz5,Daytona 500 Betting Odds,https://www.reddit.com/r/nascar/comments/1im9oz5/,/u/Beerguy2727,2025-02-10 16:10:12+00:00,"Denny Hamlin +1200
Joey Logano +1300
Brad Keselowski +1300
Ryan Blaney +1300
Kyle Busch +1400
Kyle Larson +1400
Chase Elliott +1600
Chris Buescher +1700
William Byron +1800
Bubba Wallace +2400
Christopher Bell +2400
Josh Berry +2400
Austin Cindric +2400
Ricky Stenhouse Jr +2600
Tyler Reddick +2800
Chase Briscoe +2800
Ross Chastain +2800
Alex Bowman +3100
Todd Gilliland +3200
Michael McDowell +3400
Ty Gibbs +3500
*Martin Truex Jr +3500
*Justin Allgaier +3500
Daniel Suarez +4100
Noah Gragson +4300
Erik Jones +4400
Ryan Preece +4500
Austin Dillion +5000
Cole Custer +5500
Justin Haley +5500
Carson Hocevar +6000
Riley Herbert +6500
Shane Van Gisbergen +6500
AJ Allmendinger +7000
Zane Smith +7000
Helio Castroneves +7500
*Corey Lajoie +8000
Ty Dillion +8500
*Chandler Smith +9000
John Hunter Nemechek +10000
*Jimmie Johnson +12500
Cody Ware +15000
*Anthony Alfredo +20000
*JJ Yeley +50000
*BJ McLeod +50000",2025-02-10
t3_1imfagx,"(RFK Racing) Getting some reps in at pit practice before we head to Daytona Beach, FL.",https://www.reddit.com/r/nascar/comments/1imfagx/,/u/Joey_Logano,2025-02-10 19:53:46+00:00,,2025-02-10
t3_1in0isz,2025 Driver Photo Albums,https://www.reddit.com/r/nascar/comments/1in0isz/,/u/puffadda,2025-02-11 15:01:09+00:00,"Howdy folks, I'm about to fly out to Daytona to start year five on the part-time NASCAR beat.

Figured I'd drop this year's driver galleries now to head off everyone asking if I got any shots of their favorite driver when I do my posts for the rest of the season. 😅

---

##Cup Series Driver Galleries
Number | Team | Driver(s) | Google Photos Gallery
:-:|:-:|:-:|:-:
*01* | Rick Ware Racing | Corey LaJoie | [Link](https://photos.app.goo.gl/y2Jaa7gbcKoW923Y9)
**1** | Trackhouse Racing | Ross Chastain | [Link](https://photos.app.goo.gl/ri3ekMkQZ3Gh2uMw9)
**2** | Team Penske | Austin Cindric | [Link](https://photos.app.goo.gl/otUGvD4cBUbrJhtC9)
**3** | Richard Childress Racing | Austin Dillon | [Link](https://photos.app.goo.gl/ZvwYqcYDbxgAY4396)
**4** | Front Row Motorsports | Noah Gragson | [Link](https://photos.app.goo.gl/pFcgMycobfEP6oZW7)
**5** | Hendrick Motorsports | Kyle Larson | [Link](https://photos.app.goo.gl/cvjwiEva9y5zBm7Z9)
**6** | RFK Racing | Brad Keselowski | [Link](https://photos.app.goo.gl/7q4kjoU62KiuZFdV9)
**7** | Spire Motorsports | Justin Haley | [Link](https://photos.app.goo.gl/dEjrMQGfkqAxNZTA7)
**8** | Richard Childress Racing | Kyle Busch | [Link](https://photos.app.goo.gl/FtnVxhTwWUGK8dicA)
**9** | Hendrick Motorsports | Chase Elliott | [Link](https://photos.app.goo.gl/zYdJvc57nMTo5uxeA)
**10** | Kaulig Racing | Ty Dillon | [Link](https://photos.app.goo.gl/Po2WTGAr9KhALxTC7)
**11** | Joe Gibbs Racing | Denny Hamlin | [Link](https://photos.app.goo.gl/q36TQ9fEXxSkovVv9)
**12** | Team Penske | Ryan Blaney | [Link](https://photos.app.goo.gl/4Jycg7Vkz8z8Fvby6)
**16** | Kaulig Racing | A.J. Allmendinger | [Link](https://photos.app.goo.gl/gVJdJCyZpV3UAHjr5)
**17** | RFK Racing | Chris Buescher | [Link](https://photos.app.goo.gl/yr5DFwY6CeDgXkWc7)
**19** | Joe Gibbs Racing | Chase Briscoe | [Link](https://photos.app.goo.gl/nssTXT9GsftwQr6x9)
**20** | Joe Gibbs Racing | Christopher Bell | [Link](https://photos.app.goo.gl/ycGT3vvs9v5DmJuKA)
**21** | Wood Brothers Racing | Josh Berry | [Link](https://photos.app.goo.gl/yizCwaCj5kuZNsxx9)
**22** | Team Penske | Joey Logano | [Link](https://photos.app.goo.gl/9kGZQppuzVsCibFh6)
**23** | 23XI Racing | Bubba Wallace | [Link](https://photos.app.goo.gl/JqrFb3ygR87moXzK6)
**24** | Hendrick Motorsports | William Byron | [Link](https://photos.app.goo.gl/EnuoJ76iVdju72rC9)
*33* | Richard Childress Racing | Austin Hill | [Link](https://photos.app.goo.gl/UJCGKUnqg6DGcjvf6)
**34** | Front Row Motorsports | Todd Gilliland | [Link](https://photos.app.goo.gl/kxvL6Uza1iCEWY7e9)
**35** | 23XI Racing | Riley Herbst | [Link](https://photos.app.goo.gl/Bs5htXvPWkwKA3az8)
**38** | Front Row Motorsports | Zane Smith | [Link](https://photos.app.goo.gl/mhYkJ3C1ANUhNzkk8)
*40* | JR Motorsports | Justin Allgaier | [Link](https://photos.app.goo.gl/ddwe7oBkTnPXiRmc8)
**41** | Haas Factory Team | Cole Custer | [Link](https://photos.app.goo.gl/a3pwH7L2LcmUK5YY8)
**42** | Legacy Motor Club | John Hunter Nemechek | [Link](https://photos.app.goo.gl/p2VAnu2W5FuLaJ1t5)
**43** | Legacy Motor Club | Erik Jones | [Link](https://photos.app.goo.gl/uHVeVWc8A99913UD8)
*44* | NY Racing | Miscellaneous | [Link](https://photos.app.goo.gl/4FNS5UkqWmZ2DE7y8)
**45** | 23XI Racing | Tyler Reddick | [Link](https://photos.app.goo.gl/oQYa6qDnp9p3e1d48)
**47** | HYAK Motorsports | Ricky Stenhouse, Jr. | [Link](https://photos.app.goo.gl/u8jotcG1Y2EKtDrn6)
**48** | Hendrick Motorsports | Alex Bowman | [Link](https://photos.app.goo.gl/rVCQxkfGiNHu4oNG6)
*50* | Team AmeriVet | Miscellaneous | [Link](https://photos.app.goo.gl/pQ4XyFTMpRsH1KnT7)
**51** | Rick Ware Racing | Cody Ware | [Link](https://photos.app.goo.gl/RTwfEWrxdFntdBKRA)
**54** | Joe Gibbs Racing | Ty Gibbs | [Link](https://photos.app.goo.gl/b8X2JmYPPKYqfmFdA)
*56* | TRICON Garage | Martin Truex, Jr. | [Link](https://photos.app.goo.gl/NiSAds9dNYj8YcrZA)
**60** | RFK Racing | Ryan Preece | [Link](https://photos.app.goo.gl/wWfP2wujs5G5SCq28)
*62* | Beard Motorsports | Anthony Alfredo | [Link](https://photos.app.goo.gl/92CLRTwP7R5eh1aW8)
*66* | MBM Motorsports | Chandler Smith | [Link](https://photos.app.goo.gl/ejm1gUEjoaMjJwVr6)
**71** | Spire Motorsports | Michael McDowell | [Link](https://photos.app.goo.gl/boajKqcfjnQygDKPA)
**77** | Spire Motorsports | Carson Hocevar | [Link](https://photos.app.goo.gl/Yos9yFmpNWVCD6q66)
*78* | Live Fast Motorsports | B.J. McLeod | [Link](https://photos.app.goo.gl/vhfJKFEUhmaDmjcK8)
*84* | Legacy Motor Club | Jimmie Johnson | [Link](https://photos.app.goo.gl/vjEn2Zo2nXQs7vDt6)
**88** | Trackhouse Racing | Shane van Gisbergen | [Link](https://photos.app.goo.gl/ZCWjcQhHYGEWxRDc7)
*91* | Trackhouse Racing | Helio Castroneves | [Link](https://photos.app.goo.gl/V5rumQm3osnL4td57)
**99** | Trackhouse Racing | Daniel Suarez | [Link](https://photos.app.goo.gl/A7M8GdTnukYTVvoV8)
N/A | NASCAR | Generic | [Link](https://photos.app.goo.gl/koSr8VgpMuGo3QBE7)

---

##Bonus Driver Galleries
Number | Team | Driver | Google Photos Gallery
:-:|:-:|:-:|:-:
11 | TRICON Garage | Corey Heim | [Link](https://photos.app.goo.gl/nxmqukPeqMeGM6HU7)
25 | Venturini Motorsports | Toni Breidinger | [Link](https://photos.app.goo.gl/d1f7upC1CN2M9DB76)
33 | Reaume Brothers Racing | Frankie Muniz | [Link](https://photos.app.goo.gl/mnwfaaAxvkgQv2ve9)
71 | Spire Motorsports | Rajah Caruth | [Link](https://photos.app.goo.gl/AJnLRCEebaweHA9D6)
88 | JR Motorsports | Connor Zilisch | [Link](https://photos.app.goo.gl/Y3eTyVeYPwbLFf8QA)",2025-02-11
t3_1in40h5,[RFK] Cottonelle has always been there for Brad Keselowski. You just didn’t know it. 😳 #NASCAR #DAYTONA500 #BradKeselowski,https://www.reddit.com/r/nascar/comments/1in40h5/,/u/Equivalent_Dish_1990,2025-02-11 17:27:17+00:00,,2025-02-11
t3_1inve3g,Daytona 500 Betting Odds,https://www.reddit.com/r/nascar/comments/1inve3g/,/u/hawkfan100,2025-02-12 16:48:47+00:00,"I’m pumped for another Daytona 500 race and sharing the odds to win in 2025!

Who’s your favorite longshot driver to beat the odds?

Kyle Busch +1000   
Denny Hamlin +1100   
Joey Logano +1200   
Ryan Blaney +1200     
Chase Elliott +1300     
Brad Keselowski +1400   
Kyle Larson +1400   
William Byron +1900     
Chris Buescher +2200    
Christopher Bell +2300   
Bubba Wallace +2300   
Austin Cindric +2400   
Josh Berry +2400    
Ricky Stenhouse Jr. +2500     
Tyler Reddick +2800   
Ross Chastain +2800     
Alex Bowman +2900     
Chase Briscoe +3000   
Michael McDowell +3000   
Todd Gilliland +3200     
Ty Gibbs +3300   
Ryan Preece +3800   
Daniel Suarez +4000   
Erik Jones +4400   
Noah Gragson +4500   
Martin Truex Jr. +5000   
Austin Dillon +5000   
Carson Hocevar +5000   
Shane van Gisbergen +7000   
Corey Lajoie +8000

Odds take directly from BettorEdge at [Bettoredge.com/NASCAR](http://Bettoredge.com/NASCAR)",2025-02-12
t3_1inw748,The Most Notable Wreck for Each Driver,https://www.reddit.com/r/nascar/comments/1inw748/,/u/Icy-Consequence-4372,2025-02-12 17:20:30+00:00,"Each driver's much notable wreck. What do yall think?

Dale Jr: Fontana 2002

Jeff Gordon: Las Vegas 2008

Jimmie Johnson: Watkins Glen 2000

Kyle Busch: Daytona 2015

Kevin Harvick: Richmond 2003

Tony Stewart: Daytona 2001

Ryan Newman: Daytona 2020

Denny Hamlin: Fontana 2013

Joey Logano: Martinsville 2015

Carl Edwards: Talladega 2009

Mark Martin: Michigan 2012

Dale Jarrett: New Hampshire 2003

Geoffrey Bodine: Daytona 2000

Derrike Cope: Richmond 2002

Brad Keselowski: Atlanta 2010

Kurt Busch: Indy 2002

Juan Pablo Montoya: Daytona 2012

Austin Dillon: Daytona 2015

Elliott Sadler: Pocono 2010

Chase Elliott: Martinsville 2017

Bubba Wallace: Pocono 2018

Clint Bowyer: Daytona 2007

Cale Yarborough: Daytona 1979

Richard Petty: Daytona 1976

Kyle Petty: Bristol 2003

Davey Allison: Charlotte 1992

Darrell Waltrip: Richmond 1986

Michael Waltrip: Bristol 1990

Brian Vickers: Charlotte 2008

Kasey Kahne: Charlotte 2004

Sterling Marlin: Kansas 2002

Aric Almirola: Kansas 2017

Scott Riggs: Texas 2006

Dale Earnhardt: Daytona 2001",2025-02-12
t3_1iomji9,"[Brad Keselowski] Keselowski party of 6, coming soon!",https://www.reddit.com/r/nascar/comments/1iomji9/,/u/Altracing34,2025-02-13 16:10:29+00:00,,2025-02-13
t3_1ip16f9,Did Brad Keselowski not qualify for the 500?,https://www.reddit.com/r/nascar/comments/1ip16f9/,/u/MightTossMightKeep,2025-02-14 03:14:22+00:00,"Holy shit! As a Kez fan, I'm kind of crushed. That's a rough start to the season. I could be wrong but he finished last in the 2nd duel. Holy moly.",2025-02-14
t3_1ipmaq7,A funny Consumer Cellular Commercial featuring Brad Keselowski that will air during the Daytona 500,https://www.reddit.com/r/nascar/comments/1ipmaq7/,/u/Dmacthegoat,2025-02-14 22:03:59+00:00,,2025-02-14
t3_1ipng1o,2 Days Until the 67th Daytona 500: Homestead-Miami Speedway,https://www.reddit.com/r/nascar/comments/1ipng1o/,/u/bruhmoment2248,2025-02-14 22:56:12+00:00,"# Where the Championship Should Be Settled

Less than 48 hours until the 67th running of the Great American Race, so let's visit where the season SHOULD be ending before we arrive at the season's starting point: the Homestead-Miami Speedway.

[who decided this race should not be in the playoffs, let alone the finale?](https://preview.redd.it/f903eamso6je1.png?width=1349&format=png&auto=webp&s=d6a1b989de9c24a56636446213fc269430278fcc)

'

'

# Overview and History

Situated in the Miami-Dade area, the Homestead-Miami Speedway opened its doors for racing in 1995. Built as part of efforts to revitalize the Miami-Dade economy after the devastating winds and rains of Hurricane Andrew, the facility’s construction broke ground way 2 years earlier in 1993 and opened as the Homestead Motorsports Complex in early November, only 3 weeks before the release of the first Toy Story movie. The racetrack was originally designed like a smaller version of the Indianapolis Motor Speedway, in a rectangular shape with rectangular corners. This drew some criticism in the initial years, with a lot of drivers getting hurt and the unfortunate death of John Nemechek in a Truck race in 1997. The France family eventually bought into the speedway and the track was redesigned by 1998. 

'

It was an inevitability that the track would soon receive a NASCAR Winston Cup Series date, once NASCAR cleared its squabbles with the city of Homestead and the facility received much needed upgrades to host the series; thus, the speedway held its first Cup race in November 1999 which saw Tony Stewart winning his 3rd race of his rookie campaign after battling with his teammate Bobby Labonte for the win as Dale Jarrett became a Cup champion at long last. Stewart won again the following year in 2000 while Labonte clinched the championship; like the Chiefs this past Sunday, Stewart didn’t 3peat as Bill Elliott broke a 7-year winless streak and got Ray Evernham his first victory as a car owner in the 2001 Cup race, one race before the originally scheduled season finale at Atlanta.

[one of the greatest championship seasons we will ever see](https://preview.redd.it/f7997d8fp6je1.png?width=225&format=png&auto=webp&s=d12ca58a7a8b9754a7ec1057969af64e1009ebf7)

'

After the rescheduled 2001 New Hampshire race brought more intrigue to the possibility of future championships being decided on flat tracks, the track became the 2002 Winston Cup Series’ season finale. Stewart clinched another title for Gibbs at Homestead that year, a championship that seemingly no one wanted to win that year, the final one for Pontiac in NASCAR in their final race with the team. The track was reconfigured ahead of the 2003 race after complaints from drivers about the difficulty of passing, reminiscent of the old Atlanta configuration that had hosted many a season finale in the past; at 20 degrees of banking in the turns at the top of the track, Homestead retains this configuration to this very day and hosted the season finale from 2002 until 2019. The track has since been all over the calendar, migrating in and out of the playoffs but not returning to its place as the title-deciding race.

[one day Homestead... one day everything will be right again](https://preview.redd.it/yik3gbhuo6je1.png?width=1200&format=png&auto=webp&s=a101aa916f0692b0547888a1eff41f4a478bad3f)

'

# Did You Know?

\- The track at one time could hold upwards of 71,000, but reduced capacity down to around 43,000 by 2019.

\- The 1999 Homestead race was NBC’s first ever Winston Cup broadcast, ahead of a massive $2.4 billion deal signed for 2001.

\- Along with being in every NASCAR game since its construction, the track is immortalized in the most recent IndyCar Series game in its 1999-2003 configuration.

\- The speedway also bears an infield road course, used for the old Grand Am Series and many others.

\- Dale Jarrett, Bobby Labonte, Tony Stewart, Jimmie Johnson, Brad Keselowski, Kevin Harvick, Kyle Busch, Martin Truex Jr, and Joey Logano all clinched their first Cup Series titles at the Homestead-Miami Speedway.

\- Tony Stewart and Carl Edwards’ legendary 2011 title fight ended in a tie at Homestead in the damp finale, with Stewart getting the nod over Carl by winning the race and the title on a wins countback.

\- Jimmie Johnson clinched all 7 of his Cup championships at Homestead, all within the span of a decade as the pendulum swings.

[this is one of those \\""you remember exactly where you were when this happened\\"" moments](https://preview.redd.it/tjivduh6p6je1.png?width=2560&format=png&auto=webp&s=12d66b7a73cda83b0c1445396d36c177eff662d9)

'

# How Do You Win Here?

As alluded to above, Homestead-Miami is quite similar to how Atlanta used to be: 2 big sweeping corners where you could run anywhere connected by wide straightaways at 1.5 miles long. It’s a tried and true formula for a racetrack, and one that lends itself to drivers that can hold their car wide open through the turns in optimal conditions. When the conditions get rough, it comes down to who can maintain grip better around the racetrack like any other intermediate speedway. Many a race has been won and lost in Miami due to someone trying a daring pass where there is little grip and sticking it; just ask Tyler Reddick and Ryan Blaney.

[this is still one of the coolest last lap passes I'll ever see in my lifetime](https://preview.redd.it/wntmmab1p6je1.png?width=640&format=png&auto=webp&s=fcb617a3cc1639805f289c36e813a14391a530cd)

'

Homestead finds itself in the early part of the 2025 Cup Series calendar, with a late March date reminiscent of the early IndyCar races in the 2000s on FS1.

'

[and may we get to see more beautiful Miami sunsets on race day again...](https://preview.redd.it/etagt2slp6je1.png?width=1200&format=png&auto=webp&s=f44ebdee277969606fa0084b9aada7aecf858e37)

'

'

# On the next episode of 2025 Daytona 500 Countdown...

We're almost there, but to complete this journey we'll need to head to the greatest track of them all...",2025-02-14
t3_1iq2wcg,Xfinity Series Wins (w/o Buschwhacking),https://www.reddit.com/r/nascar/comments/1iq2wcg/,/u/Own-Situation-9206,2025-02-15 14:48:45+00:00,"List valid as of end of 2024 season.

Official Wins               Lost Wins                   Stolen Wins                Total

||
||
|Justin Allgaier|25|30|0|55|
|Elliott Sadler|13|25|0|38|
|Jack Ingram|31|7|0|38|
|Sam Ard|22|12|0|34|
|Jason Leffler|2|28|0|30|
|Ricky Stenhouse Jr.|8|22|0|30|
|Larry Pearson|15|15|0|30|
|Tommy Houston|24|6|0|30|
|Brad Keselowski|39|23|\-33|29|
|Jeff Green|16|12|\-2|26|
|Tommy Ellis|22|10|\-6|26|
|Randy LaJoie|15|8|0|23|
| Cole Custer |15|8|\-1|22|
| Dale Earnhardt Jr. |24|9|\-11|22|
|Sam Hornish Jr.|5|16|0|21|
|Christopher Bell|19|5|\-4|20|
|David Green|9|10|0|19|
|Todd Bodine|15|9|\-5|19|
|Greg Biffle|20|11|\-12|19|
|Scott Wimmer|6|11|0|17|
|Jason Keller|10|7|0|17|
|Mike Bliss|2|14|0|16|
|Reed Sorenson|4|13|\-1|16|
|Martin Truex Jr.|13|7|\-1|16|
|Kenny Wallace|9|9|\-2|16|
|A. J. Allmendinger|18|2|\-4|16|
|Robert Pressley|10|5|0|15|
|Jimmy Hensley|9|5|0|14|
|Noah Gragson|13|1|0|14|
|Regan Smith|6|9|\-1|14|
|Erik Jones|9|7|\-2|14|
|Chad Little|6|7|0|13|
|Chuck Bown|11|2|0|13|
|Austin Cindric|13|0|0|13|
|Johnny Sauter|3|9|0|12|
|Mike McLaughlin|6|6|0|12|
|Rick Mast|9|3|0|12|
|Austin Hill|10|2|0|12|
|Tyler Reddick|10|3|\-1|12|
|Daniel Suárez|3|8|0|11|
|L. D. Ottinger|3|8|0|11|
|Rob Moroso|6|5|0|11|
|Chase Briscoe|11|0|0|11|
|Ty Gibbs|12|0|\-1|11|
|Matt Kenseth|29|5|\-23|11|
|Kyle Busch|102|6|\-97|11|
|Ty Dillon|1|9|0|10|
|Trevor Bayne|2|8|0|10|
|Bobby Hamilton Jr.|5|5|0|10|
|Chase Elliott|6|6|\-2|10|
|John Hunter Nemechek|11|1|\-2|10|
|Bobby Labonte|10|5|\-5|10|
|Jamie McMurray|8|8|\-6|10|
|Sam Mayer|7|2|0|9|
|Paul Menard|3|8|\-2|9|
|Elton Sawyer|2|6|0|8|
|Scott Riggs|4|4|0|8|
|William Byron|4|4|0|8|
|Steve Grissom|11|0|\-3|8|
|Brian Scott|0|7|0|7|
| Daniel Hemric |1|6|0|7|
|Jeff Purvis|4|3|0|7|
|Tim Fedewa|4|3|0|7|
|Ward Burton|4|3|0|7|
|Butch Lindley|6|1|0|7|
|Clint Bowyer|8|5|\-6|7|
|Austin Dillon|9|5|\-7|7|
|Brandon Jones|5|1|0|6|
|David Stremme|0|6|0|6|
|Phil Parsons|2|4|0|6|
|Brian Vickers|3|3|0|6|
|Chris Buescher|3|3|0|6|
|Johnny Benson Jr.|3|3|0|6|
|Ricky Craven|4|2|0|6|
| Ron Hornaday Jr. |4|2|0|6|
|Aric Almirola|7|2|\-3|6|
|Ryan Blaney|7|4|\-5|6|
|Joe Nemechek|16|4|\-14|6|
|Stephen Leicht|1|4|0|5|
|Steve Park|3|2|0|5|
|Brett Bodine|5|0|0|5|
|Josh Berry|5|0|0|5|
| Jeff Gordon |5|2|\-2|5|
| Dale Jarrett |11|4|\-10|5|
|Joey Logano|30|4|\-29|5|
|Stacy Compton|0|4|0|4|
|Steve Wallace|0|4|0|4|
|Todd Kluever|0|4|0|4|
|Bobby Dotter|1|3|0|4|
|Brad Teague|1|3|0|4|
|Brendan Gaughan|2|2|0|4|
|Buckshot Jones|2|2|0|4|
|Hermie Sadler|2|2|0|4|
|Mike Alexander|2|2|0|4|
|Riley Herbst|3|1|0|4|
|Ryan Truex|3|1|0|4|
|Harrison Burton|4|0|0|4|
|Justin Haley|4|0|0|4|
|Mike Wallace|4|3|\-3|4|
|Ron Fellows|4|4|\-4|4|
|Jimmy Spencer|12|1|\-9|4|
|Kyle Larson|15|4|\-15|4|
|Jeff Burton|27|0|\-23|4|
| Kevin Harvick |47|1|\-44|4|
|Bobby Hamilton|1|2|0|3|
|Tracy Leslie|1|2|0|3|
|Casey Atwood|2|1|0|3|
|Jeb Burton #|2|1|0|3|
|Ryan Preece|2|1|0|3|
|Sammy Smith|2|1|0|3|
|Chandler Smith|3|0|0|3|
|Shane van Gisbergen|3|0|0|3|
|Marcos Ambrose|5|2|\-4|3|
|Kasey Kahne|8|2|\-7|3|
|Mark Martin|49|0|\-46|3|
|Bubba Wallace|0|2|0|2|
|Jay Sauter|0|2|0|2|
|Landon Cassill|0|2|0|2|
|Shane Hmiel|0|2|0|2|
|Shane Huffman|0|2|0|2|
|Sheldon Creed|0|2|0|2|
|Tom Peck|0|2|0|2|
|Tony Raines|0|2|0|2|
|Michael Annett|1|1|0|2|
|Ronald Cooper|1|1|0|2|
|Butch Miller|2|0|0|2|
|Dennis Setzer|2|0|0|2|
|Hank Parker Jr.|2|0|0|2|
|Jeremy Clements|2|0|0|2|
|Johnny Rumley|2|0|0|2|
|Ronnie Silver|2|0|0|2|
|Ryan Reed|2|0|0|2|
|Dave Blaney|1|2|\-1|2|
|Kevin Lepage|2|1|\-1|2|
|Alex Tagliani|0|1|0|1|
|Andrew Ranger|0|1|0|1|
|Ashton Lewis|0|1|0|1|
|Bosco Lowe|0|1|0|1|
|Brad Coleman|0|1|0|1|
|Bryan Clauson|0|1|0|1|
|Burney Lamar|0|1|0|1|
|Cole Whitt|0|1|0|1|
|Danny O' Quinn Jr.|0|1|0|1|
|Donnie Allison|0|1|0|1|
|Haskell Willingham|0|1|0|1|
|John Andretti|0|1|0|1|
|Jon Wood|0|1|0|1|
|Kelly Bires|0|1|0|1|
|Kerry Earnhardt|0|1|0|1|
|Kevin Grubb|0|1|0|1|
|Kyle Krisloff|0|1|0|1|
|Mark McFarland|0|1|0|1|
|Michael Jourdain Jr.|0|1|0|1|
|Parker Kligerman|0|1|0|1|
|Patrick Carpentier|0|1|0|1|
|Scott Pruett|0|1|0|1|
|Andy Santerre|1|0|0|1|
|Brandon Brown|1|0|0|1|
|Connor Zilisch|1|0|0|1|
|David Gilliland|1|0|0|1|
|Dick McCabe|1|0|0|1|
|Ed Berrier|1|0|0|1|
|Jack Sprague|1|0|0|1|
|Jamie Aube|1|0|0|1|
|Jeff Fuller|1|0|0|1|
|Jesse Love|1|0|0|1|
|Jimmie Johnson|1|0|0|1|
|Joe Bessey|1|0|0|1|
|John Settlemyre|1|0|0|1|
|Justin Labonte|1|0|0|1|
|Justin Marks|1|0|0|1|
|Larry Pollard|1|0|0|1|
|Myatt Snider|1|0|0|1|
|Nelson Piquet Jr.|1|0|0|1|
|Spencer Gallagher|1|0|0|1|
|Boris Said|1|1|\-1|1|
| Ross Chastain |2|0|\-1|1|
|Ryan Newman|7|0|\-6|1|
|Tony Stewart|11|1|\-11|1|",2025-02-15
t3_1iq33f1,Xfinity Series Wins w/o Buschwhacking,https://www.reddit.com/r/nascar/comments/1iq33f1/,/u/Own-Situation-9206,2025-02-15 14:58:26+00:00,"Results valid as of end of 2024 season.

||
||
|Justin Allgaier|25|30|0|55|
|Elliott Sadler|13|25|0|38|
|Jack Ingram|31|7|0|38|
|Sam Ard|22|12|0|34|
|Jason Leffler|2|28|0|30|
|Ricky Stenhouse Jr.|8|22|0|30|
|Larry Pearson|15|15|0|30|
|Tommy Houston|24|6|0|30|
|Brad Keselowski|39|23|\-33|29|
|Jeff Green|16|12|\-2|26|
|Tommy Ellis|22|10|\-6|26|
|Randy LaJoie|15|8|0|23|
| Cole Custer |15|8|\-1|22|
| Dale Earnhardt Jr. |24|9|\-11|22|
|Sam Hornish Jr.|5|16|0|21|
|Christopher Bell|19|5|\-4|20|
|David Green|9|10|0|19|
|Todd Bodine|15|9|\-5|19|
|Greg Biffle|20|11|\-12|19|
|Scott Wimmer|6|11|0|17|
|Jason Keller|10|7|0|17|
|Mike Bliss|2|14|0|16|
|Reed Sorenson|4|13|\-1|16|
|Martin Truex Jr.|13|7|\-1|16|
|Kenny Wallace|9|9|\-2|16|
|A. J. Allmendinger|18|2|\-4|16|
|Robert Pressley|10|5|0|15|
|Jimmy Hensley|9|5|0|14|
|Noah Gragson|13|1|0|14|
|Regan Smith|6|9|\-1|14|
|Erik Jones|9|7|\-2|14|
|Chad Little|6|7|0|13|
|Chuck Bown|11|2|0|13|
|Austin Cindric|13|0|0|13|
|Johnny Sauter|3|9|0|12|
|Mike McLaughlin|6|6|0|12|
|Rick Mast|9|3|0|12|
|Austin Hill|10|2|0|12|
|Tyler Reddick|10|3|\-1|12|
|Daniel Suárez|3|8|0|11|
|L. D. Ottinger|3|8|0|11|
|Rob Moroso|6|5|0|11|
|Chase Briscoe|11|0|0|11|
|Ty Gibbs|12|0|\-1|11|
|Matt Kenseth|29|5|\-23|11|
|Kyle Busch|102|6|\-97|11|
|Ty Dillon|1|9|0|10|
|Trevor Bayne|2|8|0|10|
|Bobby Hamilton Jr.|5|5|0|10|
|Chase Elliott|6|6|\-2|10|
|John Hunter Nemechek|11|1|\-2|10|
|Bobby Labonte|10|5|\-5|10|
|Jamie McMurray|8|8|\-6|10|
|Sam Mayer|7|2|0|9|
|Paul Menard|3|8|\-2|9|
|Elton Sawyer|2|6|0|8|
|Scott Riggs|4|4|0|8|
|William Byron|4|4|0|8|
|Steve Grissom|11|0|\-3|8|
|Brian Scott|0|7|0|7|
| Daniel Hemric |1|6|0|7|
|Jeff Purvis|4|3|0|7|
|Tim Fedewa|4|3|0|7|
|Ward Burton|4|3|0|7|
|Butch Lindley|6|1|0|7|
|Clint Bowyer|8|5|\-6|7|
|Austin Dillon|9|5|\-7|7|
|Brandon Jones|5|1|0|6|
|David Stremme|0|6|0|6|
|Phil Parsons|2|4|0|6|
|Brian Vickers|3|3|0|6|
|Chris Buescher|3|3|0|6|
|Johnny Benson Jr.|3|3|0|6|
|Ricky Craven|4|2|0|6|
| Ron Hornaday Jr. |4|2|0|6|
|Aric Almirola|7|2|\-3|6|
|Ryan Blaney|7|4|\-5|6|
|Joe Nemechek|16|4|\-14|6|
|Stephen Leicht|1|4|0|5|
|Steve Park|3|2|0|5|
|Brett Bodine|5|0|0|5|
|Josh Berry|5|0|0|5|
| Jeff Gordon |5|2|\-2|5|
| Dale Jarrett |11|4|\-10|5|
|Joey Logano|30|4|\-29|5|
|Stacy Compton|0|4|0|4|
|Steve Wallace|0|4|0|4|
|Todd Kluever|0|4|0|4|
|Bobby Dotter|1|3|0|4|
|Brad Teague|1|3|0|4|
|Brendan Gaughan|2|2|0|4|
|Buckshot Jones|2|2|0|4|
|Hermie Sadler|2|2|0|4|
|Mike Alexander|2|2|0|4|
|Riley Herbst|3|1|0|4|
|Ryan Truex|3|1|0|4|
|Harrison Burton|4|0|0|4|
|Justin Haley|4|0|0|4|
|Mike Wallace|4|3|\-3|4|
|Ron Fellows|4|4|\-4|4|
|Jimmy Spencer|12|1|\-9|4|
|Kyle Larson|15|4|\-15|4|
|Jeff Burton|27|0|\-23|4|
| Kevin Harvick |47|1|\-44|4|
|Bobby Hamilton|1|2|0|3|
|Tracy Leslie|1|2|0|3|
|Casey Atwood|2|1|0|3|
|Jeb Burton #|2|1|0|3|
|Ryan Preece|2|1|0|3|
|Sammy Smith|2|1|0|3|
|Chandler Smith|3|0|0|3|
|Shane van Gisbergen|3|0|0|3|
|Marcos Ambrose|5|2|\-4|3|
|Kasey Kahne|8|2|\-7|3|
|Mark Martin|49|0|\-46|3|
|Bubba Wallace|0|2|0|2|
|Jay Sauter|0|2|0|2|
|Landon Cassill|0|2|0|2|
|Shane Hmiel|0|2|0|2|
|Shane Huffman|0|2|0|2|
|Sheldon Creed|0|2|0|2|
|Tom Peck|0|2|0|2|
|Tony Raines|0|2|0|2|
|Michael Annett|1|1|0|2|
|Ronald Cooper|1|1|0|2|
|Butch Miller|2|0|0|2|
|Dennis Setzer|2|0|0|2|
|Hank Parker Jr.|2|0|0|2|
|Jeremy Clements|2|0|0|2|
|Johnny Rumley|2|0|0|2|
|Ronnie Silver|2|0|0|2|
|Ryan Reed|2|0|0|2|
|Dave Blaney|1|2|\-1|2|
|Kevin Lepage|2|1|\-1|2|
|Alex Tagliani|0|1|0|1|
|Andrew Ranger|0|1|0|1|
|Ashton Lewis|0|1|0|1|
|Bosco Lowe|0|1|0|1|
|Brad Coleman|0|1|0|1|
|Bryan Clauson|0|1|0|1|
|Burney Lamar|0|1|0|1|
|Cole Whitt|0|1|0|1|
|Danny O' Quinn Jr.|0|1|0|1|
|Donnie Allison|0|1|0|1|
|Haskell Willingham|0|1|0|1|
|John Andretti|0|1|0|1|
|Jon Wood|0|1|0|1|
|Kelly Bires|0|1|0|1|
|Kerry Earnhardt|0|1|0|1|
|Kevin Grubb|0|1|0|1|
|Kyle Krisloff|0|1|0|1|
|Mark McFarland|0|1|0|1|
|Michael Jourdain Jr.|0|1|0|1|
|Parker Kligerman|0|1|0|1|
|Patrick Carpentier|0|1|0|1|
|Scott Pruett|0|1|0|1|
|Andy Santerre|1|0|0|1|
|Brandon Brown|1|0|0|1|
|Connor Zilisch|1|0|0|1|
|David Gilliland|1|0|0|1|
|Dick McCabe|1|0|0|1|
|Ed Berrier|1|0|0|1|
|Jack Sprague|1|0|0|1|
|Jamie Aube|1|0|0|1|
|Jeff Fuller|1|0|0|1|
|Jesse Love|1|0|0|1|
|Jimmie Johnson|1|0|0|1|
|Joe Bessey|1|0|0|1|
|John Settlemyre|1|0|0|1|
|Justin Labonte|1|0|0|1|
|Justin Marks|1|0|0|1|
|Larry Pollard|1|0|0|1|
|Myatt Snider|1|0|0|1|
|Nelson Piquet Jr.|1|0|0|1|
|Spencer Gallagher|1|0|0|1|
|Boris Said|1|1|\-1|1|
| Ross Chastain |2|0|\-1|1|
|Ryan Newman|7|0|\-6|1|
|Tony Stewart|11|1|\-11|1|",2025-02-15
t3_1iq3lor,Xfinity Series Wins w/o Buschwhacking,https://www.reddit.com/r/nascar/comments/1iq3lor/,/u/Own-Situation-9206,2025-02-15 15:21:53+00:00,"Justin Allgaier	25	30	0	55  
Elliott Sadler	        13	25	0	38  
Jack Ingram	        31	7	0	38  
Sam Ard	                22	12	0	34  
Jason Leffler	        2	28	0	30  
Ricky Stenhouse    8	22	0	30  
Larry Pearson	15	15	0	30  
Tommy Houston	24	6	0	30  
Brad Keselowski	39	23	-33	29  
Jeff Green	        16	12	-2	26  
Tommy Ellis	        22	10	-6	26  
Randy LaJoie	        15	8	0	23  
Cole Custer 	        15	8	-1	22  
Dale Earnhardt Jr. 	24	9	-11	22  
Sam Hornish Jr.	5	16	0	21  
Christopher Bell	19	5	-4	20  
David Green	         9	10	0	19  
Todd Bodine	        15	9	-5	19  
Greg Biffle	        20	11	-12	19  
Scott Wimmer	6	11	0	17  
Jason Keller	        10	7	0	17  
Mike Bliss	         2	14	0	16  
Reed Sorenson	4	13	-1	16  
Martin Truex Jr.	13	7	-1	16  
Kenny Wallace	9	9	-2	16  
A. J. Allmendinger	18	2	-4	16  
Robert Pressley	10	5	0	15  
Jimmy Hensley	9	5	0	14  
Noah Gragson	13	1	0	14  
Regan Smith	        6	9	-1	14  
Erik Jones	        9	7	-2	14  
Chad Little	        6	7	0	13  
Chuck Bown	        11	2	0	13  
Austin Cindric	13	0	0	13  
Johnny Sauter	3	9	0	12  
Mike McLaughlin	6	6	0	12  
Rick Mast	        9	3	0	12  
Austin Hill	       10	2	0	12  
Tyler Reddick	       10	3	-1	12  
Daniel Suárez	        3	8	0	11  
L. D. Ottinger	        3	8	0	11  
Rob Moroso	        6	5	0	11  
Chase Briscoe.      11	0	0	11  
Ty Gibbs	               12	0	-1	11  
Matt Kenseth	       29	5	-23	11  
Kyle Busch	     102	6	-97	11  
Ty Dillon	                1	9	0	10  
Trevor Bayne	        2	8	0	10  
Bob Hamilton Jr.    5	5	0	10  
Chase Elliott	        6	6	-2	10  
J.H. Nemechek	11	1	-2	10  
Bobby Labonte	10	5	-5	10  
Jamie McMurray	8	8	-6	10  
Sam Mayer	        7	2	0	9  
Paul Menard	        3	8	-2	9  
Elton Sawyer	        2	6	0	8  
Scott Riggs	        4	4	0	8  
William Byron.   	4	4	0	8  
Steve Grissom	11	0	-3	8  
Brian Scott	        0	7	0	7  
Daniel Hemric 	1	6	0	7  
Jeff Purvis	        4	3	0	7  
Tim Fedewa	        4	3	0	7  
Ward Burton	        4	3	0	7  
Butch Lindley 	6	1	0	7  
Clint Bowyer	        8	5	-6	7  
Austin Dillon	        9	5	-7	7  
Brandon Jones	5	1	0	6  
David Stremme	0	6	0	6  
Phil Parsons	        2	4	0	6  
Brian Vickers	        3	3	0	6  
Chris Buescher	3	3	0	6  
Johnny Benson Jr.	3	3	0	6  
Ricky Craven	        4	2	0	6  
Ron Hornaday Jr. 	4	2	0	6  
Aric Almirola	        7	2	-3	6  
Ryan Blaney	        7	4	-5	6  
Joe Nemechek	16	4	-14	6  
Stephen Leicht	1	4	0	5  
Steve Park	        3	2	0	5  
Brett Bodine	        5	0	0	5  
Josh Berry	        5	0	0	5  
Jeff Gordon 	        5	2	-2	5  
Dale Jarrett 	       11	4	-10	5  
Joey Logano	      30	4	-29	5  
Stacy Compton	0	4	0	4  
Steve Wallace	0	4	0	4  
Todd Kluever	        0	4	0	4  
Bobby Dotter	        1	3	0	4  
Brad Teague	        1	3	0	4  
Brendan Gaughan	2	2	0	4  
Buckshot Jones	2	2	0	4  
Hermie Sadler	2	2	0	4  
Mike Alexander	2	2	0	4  
Riley Herbst	        3	1	0	4  
Ryan Truex	        3	1	0	4  
Harrison Burton	4	0	0	4  
Justin Haley	        4	0	0	4  
Mike Wallace	        4	3	-3	4  
Ron Fellows	        4	4	-4	4  
Jimmy Spencer	12	1	-9	4  
Kyle Larson	        15	4	-15	4  
Jeff Burton	        27	0	-23	4  
Kevin Harvick 	47	1	-44	4  
Bobby Hamilton	1	2	0	3  
Tracy Leslie	        1	2	0	3  
Casey Atwood	2	1	0	3  
Jeb Burton      	2	1	0	3  
Ryan Preece	        2	1	0	3  
Sammy Smith	        2	1	0	3  
Chandler Smith	3	0	0	3  
SVG.                       3	0	0	3  
Marcos Ambrose	5	2	-4	3  
Kasey Kahne	        8	2	-7	3  
Mark Martin	      49	0	-46	3  
Bubba Wallace	0	2	0	2  
Jay Sauter	        0	2	0	2  
Landon Cassill	0	2	0	2  
Shane Hmiel	        0	2	0	2  
Shane Huffman	0	2	0	2  
Sheldon Creed	0	2	0	2  
Tom Peck	        0	2	0	2  
Tony Raines	        0	2	0	2  
Michael Annett	1	1	0	2  
Ronald Cooper	1	1	0	2  
Butch Miller	        2	0	0	2  
Dennis Setzer	2	0	0	2  
Hank Parker Jr.	2	0	0	2  
Jeremy Clements	2	0	0	2  
Johnny Rumley	2	0	0	2  
Ronnie Silver	        2	0	0	2  
Ryan Reed	        2	0	0	2  
Dave Blaney	        1	2	-1	2  
Kevin Lepage	        2	1	-1	2  
Alex Tagliani	        0	1	0	1  
Andrew Ranger	0	1	0	1  
Ashton Lewis	        0	1	0	1  
Bosco Lowe	        0	1	0	1  
Brad Coleman	0	1	0	1  
Bryan Clauson	0	1	0	1  
Burney Lamar	0	1	0	1  
Cole Whitt	        0	1	0	1  
Danny O' Quinn     0	1	0	1  
Donnie Allison	0	1	0	1  
Haskell Willingham 0	1	0	1  
John Andretti	        0	1	0	1  
Jon Wood	        0	1	0	1  
Kelly Bires	        0	1	0	1  
Kerry Earnhardt	0	1	0	1  
Kevin Grubb	        0	1	0	1  
Kyle Krisloff	        0	1	0	1  
Mark McFarland	0	1	0	1  
Michael Jourdain  0	1	0	1  
Parker Kligerman	0	1	0	1  
Patrick Carpentier	0	1	0	1  
Scott Pruett	        0	1	0	1  
Andy Santerre	1	0	0	1  
Brandon Brown	1	0	0	1  
Connor Zilisch	1	0	0	1  
David Gilliland	1	0	0	1  
Dick McCabe	        1      0	0	1  
Ed Berrier	        1	0	0	1  
Jack Sprague	        1	0	0	1  
Jamie Aube	        1	0	0	1  
Jeff Fuller	        1	0	0	1  
Jesse Love	        1	0	0	1  
Jimmie Johnson	1	0	0	1  
Joe Bessey	        1	0	0	1  
John Settlemyre	1	0	0	1  
Justin Labonte	1	0	0	1  
Justin Marks	        1	0	0	1  
Larry Pollard	        1	0	0	1  
Myatt Snider	        1	0	0	1  
Nelson Piquet Jr.	1	0	0	1  
Spencer Gallagher	1	0	0	1  
Boris Said	        1	1	-1	1  
Ross Chastain 	2	0	-1	1  
Ryan Newman	7	0	-6	1  
Tony Stewart	       11	1	-11	1",2025-02-15
t3_1ird8sm,With Ryan Preece's flip Nascar has now had 19 consecutive years with at least one flip in the Cup series.,https://www.reddit.com/r/nascar/comments/1ird8sm/,/u/SensationalSaturdays,2025-02-17 06:08:58+00:00,"The last time Cup did not have a flip was 2006. That broke a 7 year stretch of flips dating back to 1999. 

Since then at least 1 driver has flipped per year. 

2007: Clint Bowyer (Daytona)

2008: Casey Mears (Fontana), Michael McDowell (Texas)

2009: Carl Edwards, Ryan Newman & Mark Martin (Talladega), Joey Logano (Dover)

2010: Brad Keselowski (Atlanta), AJ Allmendinger (Talladega)

2011: David Reutimann (Watkins Glen)

2012: Jeff Gordon (Daytona)

2013: Kurt Busch (Talladega)

2014: Clint Bowyer, & Kyle Busch (Daytona)

2015: Austin Dillon (Daytona)

2016: Chris Buescher & Matt Kenseth (Talladega)

2017: AJ Allmendinger (Talladega)

2018: Jamie McMurray (Talladega)

2019: Kyle Larson, & Brendan Gaughan (Talladega)

2020: Ryan Newman (Daytona)

2021: Joey Logano (Talladega)

2022: Harrison Burton (Daytona), Chris Buescher (Charlotte)

2023: Ryan Preece (Daytona)

2024: Corey Lajoie x2 (Talladega & Michigan), Josh Berry (Daytona), Tyler Reddick (Las Vegas)

2025: Ryan Preece (Daytona)

19 years is the modern day record for flips in cup, the second closest streak being 11 years: 1987-1997. 

It's actually been 39 years since a Nascar season without a flip in any series (1986), or at least no footage exists of any flips in 1986. 

This is also the 4th consecutive speedweeks with at least one flip. That is the second longest streak since the beginning of speedweeks, with the longest being 6 from 1996-2001. 




",2025-02-17
t3_1is50os,Does the NextGen car really have a flipping problem? Let's compare its first four years to the previous generations and find out,https://www.reddit.com/r/nascar/comments/1is50os/,/u/SensationalSaturdays,2025-02-18 05:06:49+00:00,"We are in year 4 of the next gen car, let's see how it's flip record stacks up to previous generations of car.

And for this I'll split flips into 3 categories: Blowovers (when a car gets air and flips), impact flips (when a car hits or is hit by something that causes it to flip), and push flips (when a car is pushed upside down by something)

So far the Gen 7 car has had 8 flips 

Harrison Burton and Chris Buescher in 2022

Ryan Preece in 2023

Corey Lajoie x2, Josh Berry, and Tyler Reddick in 2024

And so far Ryan Preece in 2025.

Of those flips:

5 have been blow overs (Burton, Preece, Berry, Lajoie (Michigan), Preece). Though arguably Preece's most recent flip was not a blowover per se, as the car got airborne via impact.

2 have been impact flips (Reddick and Buescher)

And 1 has been a push flip (Corey Lajoie at Talladega)

The flips have happened at a variety of tracks with Daytona being the worst offender at 4 flips. 

So how does that stack up to previous cars?

----------
Gen 6

The Gen 6 car had 7 flips in its first 4 years.

Kurt Busch 2013

Parker Kligerman, Clint Bowyer, and Kyle Busch in 2014

Austin Dillon in 2015

Chris Buescher and Matt Kenseth in 2016

Of those flips only 2 were blow overs (Bowyer and Kenseth). 4 were impact flips (Ku Busch, Kligerman, Buescher, & Dillon) and 1 was a push flip (Ky Busch)

All 7 of those flips happened at Daytona or Talladega with Daytona winning 4/3.

So those numbers are roughly the same, the difference being that the majority of early Gen 6 flips were impact flips not blowovers. 

----------
Gen 5

Because the original COT was on a split schedule in 2007, I decided to include 2011 stats to make up for the 20 races ran with the old Gen 4 car in 2007. 

The COT had 8 flips in its first 4 years.

Casey Mears, and Michael McDowell in 2008

Carl Edwards, Joey Logano, Ryan Newman, and Mark Martin in 2009

Brad Keselowski in 2010

David Reutimann in 2011

Of those 3 were blowovers (Edwards, Newman, and Keselowski), 3 were impact flips (McDowell, Martin, and Reutimann), and 2 were push flips (Mears & Logano).

The biggest offender in this era was Talladega with 4/8 flips occuring there.

But this time blowovers and impact flips were equally common.

----------
Gen 4

Gen 4 similarly had 8 flips in its first four years

Davey Allison and Greg Sacks in 1992

Rusty Wallace x2, Jimmy Horton, and Neil Bonnett in 1993

John Krebs in 1994 

Ken Schrader in 1995 

Of those 5 were blowovers (Allison, Wallace x2, Bonnett, and Schrader), 2 were impact flips (Horton and Krebs), and  1 is unknown because there is no footage of it (Sacks). 

This time the tracks were spread out with Talladega being the worst offender with 3 flips.

----------
Gen 3

The Gen 3 car had 11 flips in its first 4 years.

Connie Saylor, John Anderson, & Dave Marcis in 1981

Dale Earnhardt in 1982

Rusty Wallace, Cale Yarborough, Phil Parsons in 1983

Ricky Rudd, Randy Lajoie, Trevor Boys, and Jerry Bowman in 1984

Of those, 7 were blowovers (Saylor, Anderson, Wallace, Yarborough, Rudd, Lajoie, Boys), 3 were impact flips (Marcis, Earnhardt, Bowman (while no footage of the impact in Bowman's crash was captured it appears to be the result of his car hitting the outside wall)), and 1 was a push flip (Parsons - though that car kinda pushed itself over) 

The biggest offender in this era was again Daytona, accounting for 6/11 crashes. 

----------

So does the Gen 7 car have a flipping problem? Not anymore than any other generation of car did. It seems to blowover more than the last 2 generations, but it's in line with the Gen 3 and Gen 4 cars in that regard. Routine adjustments from Nascar over the lifespan of the car will probably reduce the blowovers like they did with the Gen 5 car. ",2025-02-18
t3_1itpnbu,Must see TV: Consumer Cellular has released 2 brand new spots with Brad Keselowski,https://www.reddit.com/r/nascar/comments/1itpnbu/,/u/vpat48,2025-02-20 04:04:37+00:00,,2025-02-20
t3_1itqxhm,"Since 1972, Ricky Stenhouse Jr. is only 1 out of 9 drivers to win all 4 superspeedway races in their career. (Daytona 500, Spring 'Dega, Summer Daytona, Summer/Fall 'Dega)",https://www.reddit.com/r/nascar/comments/1itqxhm/,/u/TheLaFlameEffect,2025-02-20 05:17:08+00:00,"Ricky Stenhouse Jr. wins

* 2023 - Daytona 500
* 2017 - Spring Talladega
* 2017 - Summer Daytona
* 2024 - Fall Talladega



The other 8 drivers are:

* Richard Petty ('73, '74, '79, '81 Daytona 500) ('83 Spring Talladega) ('75, '77, '84 Summer Daytona) ('74 Summer Talladega)

* Buddy Baker ('80 Daytona 500) ('75, '76, '80 Spring Talladega) ('83 Summer Daytona) ('75 Summer Talladega)
* Cale Yarborough ('77, '83, '84 Daytona 500) ('78, '84 Spring Talladega) ('76, '81 Summer Daytona) ('85 Summer Talladega)
* Bill Elliott ('85, '87 Daytona 500) ('85 Spring Talladega) ('88, '91 Summer Daytona) ('87 Summer Talladega)
* Ernie Irvan ('91 Daytona 500) ('93 Spring Talladega) ('92 Summer Daytona) ('92 Summer Talladega)
* Sterling Marlin ('94, '95 Daytona 500) ('96 Spring Talladega) ('96 Summer Daytona) ('95 Summer Talladega)
* Dale Earnhardt ('98 Daytona 500) ('90, '94, '99 Spring Talladega) ('90, '93 Summer Daytona) ('83, '84, '90, '91, '93, '99, '00 Summer / Fall Talladega)
* Jeff Gordon ('97, '99, '05 Daytona 500) ('00, '04, '05, '07 Spring Talladega) ('95, '98, '04 Summer Daytona) ('96, '07 Summer / Fall Talladega)
* Dale Earnhardt Jr. ('04, '14 Daytona 500) ('02, '03, '15 Spring Talladega) ('01, '15 Summer Daytona) ('01, '02, '04 Fall Talladega)

  
Current drivers who are one superspeedway win away from winning all 4 in their career.

* Brad Keselowski (Daytona 500)
* Denny Hamlin (Summer Daytona)
* Joey Logano (Summer Daytona)
* Ryan Blaney (Daytona 500)

",2025-02-20
t3_1iu7voa,"2025 LASTCAR Cup, Xfinity, and Truck Playoff standings (after Daytona I)",https://www.reddit.com/r/nascar/comments/1iu7voa/,/u/TIFUthebestSubreddit,2025-02-20 20:04:08+00:00,"Cup Series Playoff standings (Race 1/26)

1) AJ Allmendinger 1 Loss 61 (7 PP)

2) Zane Smith 59

3) Helio Castroneves 50

4) Josh Berry 46

5) Ross Chastain 43

6) Martin Truex Jr 41

7) Carson Hocevar 37

8) Shane van Gisbergen 34

9) Joey Logano 30

10) Noah Gragson 29

11) Brad Keselowski 29

12) Kyle Busch 29

13) Justin Haley 28

14) Ryan Preece 27

15) Christopher Bell 26

16) Cody Ware 26

_____________________________________________

17) Bubba Wallace 24

18) Todd Gilliland 22

19) Cole Custer 20

20) Denny Hamlin 19

21) Austin Dillon 18

22) Daniel Suarez 17

23) Corey LaJoie 17

24) Ty Dillon 16

25) Ricky Stenhouse Jr 16

26) Kyle Larson 15

27) Jimmie Johnson 15

28) Riley Herbst 12

29) Alex Bowman 11

30) Ty Gibbs 11


**___________________________**

Xfinity Playoff standings (Race 1/26)

1) Daniel Dye 1 Loss 60 (7 PP)

2) Brandon Jones 54

3) Kyle Sieg 49

4) Brennan Poole 43

5) Nick Sanchez 39

6) Garrett Smithley 36

7) Kris Wright 33

8) Blaine Perkins 32

9) Austin Hill 31

10) Parker Retzlaff 27

11) William Sawalich 26

12) Greg van Alst 26

_____________________________________________

13) Ryan Ellis 25

14) Connor Zilisch 25

15) Justin Bonsignore 23

16) Sammy Smith 22

17) Anthony Alfredo 20

18) Caesar Bacarella 20

19) Leland Honeyman 19

20) Josh Williams 18

21) Joey Gase 18

22) Ryan Sieg 17

23) Justin Allgaier 16

24) Ryan Truex 15

25) Jeb Burton 14

26) Josh Bilicki 12

27) Patrick Emerling 12

28) Christian Eckes 10

29) Mmatt DiBenedetto 9

30) Taylor Gray 8


**___________________________**

Truck series Playoff Standings (race 1/18

1) Parker Kligerman 1 Loss 60 (7 PP)

2) Kaden Honeycutt 52

3) Connor Mosack 50

4) Toni Briedinger 41

5) Matt Mills 36

6) Nathan Byrd 36

7) Tyler Ankrum 34

8) Matt Crafton 33

9) Clay Greenfield 33

10) Rajah Caruth 30

_____________________________________________

11) Michael McDowell 26

12) Dawson Sutton 25

13) Spencer Boyd 24

14) Jack Wood 24

15) Josh Reaume 23

16) Stewart Friesen 23

17) Tanner Gray 22

18) Norm Benning 21

19) Bayley Currey 21

20) Ben Rhodes 20

21) Mason Maggio 19

22) Johnny Sauter 17

23) Frankie Muniz 15

24) Andres Perez de Lara 15

25) Layne Riggs 13

26) Jake Garcia 12

27) Timmy Hill 11

28) William Sawalich 8

29) Jason White 8

30) Daniel Hemric 7",2025-02-20
t3_1ixx48f,You can now purchase your very own working Brad Keselowski flip phone,https://www.reddit.com/r/nascar/comments/1ixx48f/,/u/Unique_Salad6894,2025-02-25 15:06:44+00:00,,2025-02-25
t3_1iy7hb2,"2025 LASTCAR Cup, Xfinity, and Truck Playoff Standings (After Atlanta I)",https://www.reddit.com/r/nascar/comments/1iy7hb2/,/u/TIFUthebestSubreddit,2025-02-25 22:14:09+00:00,"Cup Series Playoff standings (Race 2/26)

1) Brad Keselowski 1 Loss 77 (5 PP)

2) AJ Allmendinger 1 Loss 72 (7 PP)

3) Josh Berry 68

4) Cody Ware 68

5) Zane Smith 67

6) Corey LaJoie 61

7) Noah Gragson 60

8) Cole Custer 58

9) Shane van Gisbergen 54

10) Daniel Suarez 53

11) Ty Dillon 52

12) Helio Castroneves 50

13) Justin Haley 49

14) JJ Yeley 49

15) Ross Chastain 48

16) Erik Jones 46 (1 PP)

_____________________________________________

17) Ryan Preece 43

18) Martin Truex Jr 41

19) Ty Gibbs 40

20) Joey Logano 39

21) Carson Hocevar 38

22) BJ McLeod 36

23) Austin Dillon 35

24) Chris Buescher 35

25) Todd Gilliland 34

26) Alex Bowman 34

27) Kyle Busch 33

28) Chase Elliott 33

29) Michael McDowell 31

30) Bubba Wallace 30


**___________________________**

Xfinity Playoff standings (Race 2/26)

1) Kyle Sieg 98

2) Kris Wright 68

3) Daniel Dye 1 Loss 65 (7 PP)

4) Garrett Smithley 65

5) Brandon Jones 65

6) Dean Thompson 58 (2 PP)

7) Brennan Poole 58

8) Connor Zilisch 57

9) Anthony Alfredo 55

10) Parker Retzlaff 52

11) Taylor Gray 1 Loss 48 (5 PP)

12) Blaine Perkins 48

_____________________________________________

13) Carson Ware 47

14) Joey Gase 43

15) Nick Sanchez 43

16) Mason Maggio 43

17) Ryan Ellis 42

18) Josh Bilicki 40

19) Christian Eckes 37

20) Ryan Sieg 35

21) Sam Mayer 35

22) William Sawalich 33

23) Austin Hill 32

24) Josh Williams 39

25) Mason Massey 29

26) Leland Honeyman 28

27) Nick Leitz 28

28) Greg van Alst 26

29) Carson Kvapil 25

30) Sammy Smith 24


**___________________________**

Truck series Playoff Standings (race 2/18)

1) Toni Briedinger 84 (1 PP)

2) Connor Mosack 79

3) Nathan Byrd 77

4) Matt Crafton 68

5) Rajah Caruth 63

6) Kaden Honeycutt 62

7) Parker Kligerman 1 Loss 60 (7 PP)

8) Matt Mills 59

9) Keith McGee 1 Loss 58 (6 PP)

10) Spencer Boyd 56

_____________________________________________


11) Josh Reaume 53

12) Jack Wood 49

13) Dawson Sutton 48

14) Frankie Muniz 48

15) Justin Carroll 48

16) Andres Perez de Lara 47

17) Layne Riggs 45

18) William Sawalich 43

19) Michael McDowell 42

20) Tanner Gray 41

21) Tyler Ankrum 41

22) Corey Heim 35

23) Clay Greenfield 33

24) Ben Rhodes 31

25) Bayley Currey 29

26) Stewart Friesen 29

27) Daniel Hemric 27

28) Jake Garcia 25

29) Norm Benning 21

30) Mason Maggio 19",2025-02-25
t3_1iyp8ic,"[nascarrumornostalgia] ""Well now Adam Stern has mentioned Honda looking at entering the sport, something that’s been talked about for years now but I heard the rumor within the last couple weeks. The crazy thing I heard is that Brad Keselowski was one of the people trying to lure Honda in.–",https://www.reddit.com/r/nascar/comments/1iyp8ic/,/u/RBF48,2025-02-26 14:50:48+00:00,"–Don’t worry I wouldn’t anticipate Roush to leave Ford. Sounds like BK was looking at other avenues to get Honda support in. With Honda possibly leaving Indycar soon, perhaps this could be their ticket into NASCAR. Also on the Ram front, sounds like NASCAR could be close to officially granting Ram to enter the Truck Series for 2026. If things went quickly and smoothly, apparently Dodge could enter Cup as soon as 2027 at the earliest.",2025-02-26
t3_1izqv0w,(Brad Keselowski) COTA prep with the boys,https://www.reddit.com/r/nascar/comments/1izqv0w/,/u/Joey_Logano,2025-02-27 21:22:03+00:00,,2025-02-27
t3_1j22zy2,[Gluck] Zilisch goes wheel to wheel with Brad Keselowski for P16 before passing him. Keselowski won the Cup championship when Zilisch was 6 years old.,https://www.reddit.com/r/nascar/comments/1j22zy2/,/u/Equivalent_Dish_1990,2025-03-02 22:12:08+00:00,And I was 16. Excuse me while I go and yell at some kids to get out of my yard.,2025-03-02
t3_1j26oip,Any Updates On Brad Keselowski?,https://www.reddit.com/r/nascar/comments/1j26oip/,/u/TheFastestSponge33,2025-03-03 01:03:23+00:00,Saw this on Reddit from half an hour ago and was wondering if anyone's heard any news or updates on his condition?,2025-03-03
t3_1j26rmw,"[RFK Racing] After his cool suit failed during today’s race, @keselowski went to the infield care center to get some IV fluids. Can confirm he is feeling much better now. 👍🏻",https://www.reddit.com/r/nascar/comments/1j26rmw/,/u/YankeeBarbary,2025-03-03 01:07:43+00:00,,2025-03-03
t3_1j3nmy0,2025 LASTCAR Cup & Xfinity Playoff standings (After COTA),https://www.reddit.com/r/nascar/comments/1j3nmy0/,/u/TIFUthebestSubreddit,2025-03-04 22:32:55+00:00,"Cup Series Playoff standings (Race 3/26)

1) AJ Allmendinger 1 Loss 101 (7 PP)

2) Brad Keselowski 1 Loss 95 (5 PP)

3) Connor Zilisch 1 Loss 44 (5 PP)

4) Zane Smith 110

5) Cody Ware 108

6l Josh Berry 105

7) Ty Dillon 91 (1 PP)

8) Erik Jones 89 (1 PP)

9) Daniel Suarez 88

10) Cole Custer 83

11) Noah Gragson 77

12) Ryan Preece 75

13) Ty Gibbs 74

14) Austin Dillon 69

15) Justin Haley 65

16) Joey Logano 65

_____________________________________________

17) Corey LaJoie 61

18) Ross Chastain 59

19) Shane van Gisbergen 59

20) Austin Cindric 58

21) Kyle Larson 57 (1 PP)

22) Carson Hocevar 50

23) Helio Castroneves 50

24) Bubba Wallace 49

25) JJ Yeley 49

26) Todd Gilliland 45

27) Denny Hamlin 42

28) Riley Herbst 42

29) Alex Bowman 42

30) Chris Buescher 41

**___________________________**

Xfinity Playoff standings (Race 3/26)

1) Daniel Dye 1 Loss 80 (7 PP)

2) Carson Hocevar 1 Loss 60.(7 PP)

3) Taylor Gray 1 Loss 53 (5 PP)

4) Kyle Sieg 123

5) Kris Wright 99

6) Brandon Jones 93

7) Dean Thompson 77 (2 PP)

8) Brennan Poole 76

9) Nick Sanchez 75

10) Anthony Alfredo 74

11) Ryan Ellis 66

12) Garrett Smithley 65

_____________________________________________

13) Josh Bilicki 63

14) Connor Zilisch 58

15) Blaine Perkins 56

16) Baltazar Leguizamon 54

17) Ryan Sieg 52

18) Parker Retzlaff 52

19) Justin Allgaier 51

20) Preston Pardus 50

21) Matt DiBenedetto 49

22) Carson Ware 47

23) Carson Kvapil 46

24) Harrison Burton 45

25) William Sawalich 45

26) Jeb Burton 44

27) Mason Maggio 43

28) Joey Gase 43

29) Josh Williams 43

30) Jeremy Clements 42",2025-03-04
t3_1j4xwcs,"[Brad Keselowski] This is really awesome... I can't pass up your offer. To say thank you, how about I send you the diecast of the @Consumer_Cell convertible that @RFKracing modified? It's a 1/1 and I'll sign it for you.",https://www.reddit.com/r/nascar/comments/1j4xwcs/,/u/BJRACINE21,2025-03-06 15:24:04+00:00,,2025-03-06
t3_1j5fs9a,2025 Darlington throwback schemes- what would you like to see?,https://www.reddit.com/r/nascar/comments/1j5fs9a/,/u/NJ_NASCAR_fan,2025-03-07 04:59:23+00:00,"As of when I'm posting this (3/6), we are now exactly 1 month away from the (Cup Series) Darlington race on 4/6! The race was taken off of Mother's Day weekend in this year's schedule and moved to the first weekend of April.

Austin Cindric's throwback to Dale Earnhardt's #2 car appears to be the first Cup Series throwback announced and Nick Leitz's throwback to Scott Riggs' #10 car appears to be the first Xfinity Series throwback announced. We'll definitely see more throwback schemes announced in the coming weeks leading up to the race, but what throwbacks do you want to see this year?

**Here's some of my ideas!**

I checked [this page on Jayski](https://www.jayski.com/cup-teams/) to see what sponsors the Cup Series teams will have in this race, so here's some ideas for each:  
\#6- Keselowski has Castrol: [Casey Atwood's 1999-2000 Castrol Busch Series #27 car](https://www.jayski.com/wp-content/uploads/sites/31/2019/05/1999-27bgn1.jpg)

\#8- Kyle Busch has Cheddar's: maybe [his old Combos car](https://www.jayski.com/wp-content/uploads/sites/31/2019/05/2008-18combos-hotpits-lside.jpg) since it's also orange like Cheddar's. Put the Cheddar's croissants in the same place the Combos pretzels are in the paint scheme.

\#9- Elliott has UniFirst: [L.W. Miller's 1995 UniFirst Busch Series #18 car](https://i.ebayimg.com/images/g/vekAAOSw0R9iz3eO/s-l1600.webp) (and L.W. is JRM co-owner Kelley Earnhardt-Miller's husband)

\#10- Ty Dillon has Sea Best: maybe a Ricky Rudd (more on him below) #10 car throwback but the colors don't match

\#11- Hamlin has Sport Clips:

\#19- Briscoe has Bass Pro Shops: maybe the Carl Edwards #19 ARRIS car (both sponsors have orange) or another previous MTJ Bass Pro Shops paint scheme if they still want to continue paying tribute to his retirement. Maybe his 2006-2009 #1 car paint scheme which hasn't been run yet?

\#24- Byron has Axalta: Hendrick has done plenty of Jeff Gordon throwback paint schemes but I don't think they've done his 2009 DuPont car yet. Maybe that one?

\#48- Bowman has Ally:

\#77- Hocevar has Zeigler Auto Group: the [Jasper Motorsports #77 car](https://www.jayski.com/wp-content/uploads/sites/31/2019/05/2003-77jasper-side-daytona.jpg). I know Ryan Blaney did do it but this time the number would match and both Jasper and Ziegler are automotive companies and even both end in ""er"". Hopefully Ziegler would be willing to switch their black to blue on the car for 1 race and maybe have ""Ziegler"" in the Jasper font

  
For a handful of the 10 years of Darlington throwback weekend, a few teams would run paint schemes of drivers and other people who were part of the year's NASCAR Hall of Fame class. I hope we see some teams throw back to Ricky Rudd, Carl Edwards and Ralph Moody! In particular, if Freeway Insurance is Daniel Suarez's sponsor at Darlington, [Edwards' Aflac scheme from 2008 would work great](https://www.jayski.com/wp-content/uploads/sites/31/2019/05/2008-99aflac-atlanta.jpg) as it's green and blue, also Freeway's colors! Ryan Preece could also run 1 of Edwards' Busch/Nationwide Series #60 car paint schemes ([the Fastenal paint scheme would be easiest](https://www.jayski.com/wp-content/uploads/sites/31/2019/06/2011n-11-mich-60.jpg) as they still sponsor Roush).

It'd be cool if Bubba Wallace ran a [Bill Lester 2006 Waste Management #23](https://www.jayski.com/wp-content/uploads/sites/31/2019/05/2006-Cup06WasteManagement23CalLF.jpg) throwback scheme but none of his sponsors are green and yellow but maybe whoever's on the car could be willing to change the colors for 1 race?

Legacy Motor Club could run old Dollar Tree and Family Dollar paint schemes from the 2000's- both stores previously were NASCAR sponsors: [2003 in the Cup Series for Dollar Tree](https://www.jayski.com/wp-content/uploads/sites/31/2019/05/2003-rir-02.jpg) and [2007 in the Xfinity Series for Family Dollar](https://www.jayski.com/wp-content/uploads/sites/31/2019/05/2007-22familydollar.jpg). JHN could also run his father Joe's #42 SABCO BellSouth paint scheme which was a popular idea last year but wasn't run.

**XFINITY SERIES:**

I'm especially curious to see what throwback Sammy Smith has given that he now has the DEI #8 font but also because sponsor Pilot Flying J has had some great throwback schemes over the years (Baby Ruth, Oreo and Gatorade) when they sponsored Michael Annett) and were able to get those old sponsors back due to them selling those brands in their travel stops. Maybe they can pick another brand which previously was a NASCAR sponsor and have them sponsor Sammy Smith's JRM #8 car at Darlington?

\#16- Eckes has Black's Tire: the RBR Enterprises #92 truck which also had Black's Tire/BTS as the sponsor ([this one](https://www.jayski.com/wp-content/uploads/sites/31/2019/06/2013t-92bts.jpg) or [this one](https://www.jayski.com/wp-content/uploads/sites/31/2019/06/2016t-daytona92.jpg))

\#19- Bell has Sport Clips:

Jeb Burton previously ran a throwback to his father Ward's 1992 car, also in what is now the Xfinity Series in the #27, but [Ward also drove a #27 car in the series part-time in 2007](https://www.jayski.com/wp-content/uploads/sites/31/2019/05/2007-27kleenex-1.jpg). Maybe he could run that paint scheme?

Kyle Sieg could run a Ricky Rudd #28 or Ralph Moody #28 paint scheme in the Xfinity Series, and RSS is a Ford team like Yates and Holman-Moody so that'd be great too!

If Austin Green is running this race in the #32 car, maybe he could throw back to [his father David's #37 Timber Wolf car from 2003-2004](https://www.jayski.com/wp-content/uploads/sites/31/2019/05/2004-37timberwolf.jpg) or [his uncle Jeff's #32 Kleenex car from 1999](https://i.ebayimg.com/images/g/7DgAAOSws7NlbkZs/s-l1200.png)?

The **Truck Series** race at Darlington was moved from the spring to Labor Day weekend, but if teams run throwback paint schemes that weekend (I hope they do, or they could run throwbacks at North Wilkesboro instead as a few teams did)...

Another famous Riggs scheme that hasn't been run as a throwback before is his [Nesquik Busch Series car](https://www.jayski.com/wp-content/uploads/sites/31/2019/05/2001-10atl.jpg) (Jeff Green also drove it and won the 2000 Busch Series championship in it). With Love's Travel Stops (also a yellow truck) being 1 of his son Layne's sponsors, maybe that could be his throwback? And like with Pilot Flying J and the old sponsors they brought back, do Love's Travel Stops sell Nesquik drinks? If so, maybe they could get Nesquik and the bunny on his truck- that'd be awesome!",2025-03-07
t3_1j5lb1l,2025 Winners,https://www.reddit.com/r/nascar/comments/1j5lb1l/,/u/joewazzard,2025-03-07 11:23:45+00:00,"So I figured it’d be fun to go to pick winners for each race this year then look back at years end and see how many I get right. I’m a little late but I will still add my winners for the first 3 races honestly.

Add ur predictions below I’m curious to see how you all think the season will play out. 

Daytona 500- Denny Hamlin (1)

Atlanta 1- Austin Cindric (1)

COTA- Tyler Reddick (1)

Phoenix 1- Christopher Bell (1)

Vegas 1- Kyle Larson (1)

Homestead Miami- William Byron (1)

Martinsville 1- Ryan Blaney (1)

Darlington 1- Kyle Larson (2)

Bristol 1- Chase Briscoe (1)

Talladega 1- William Byron (2)

Texas 1- Chase Briscoe (2)

Kansas 1- Ross Chastain (1)

Coke 600- Chase Elliott (1)

Nashville- Tyler Reddick (2)

Michigan- Ryan Blaney (2)

Autodromo- SVG (1)

Pocono- William Byron (3)

Atlanta 2- Joey Logano (1)

Chicago Street Race- Tyler Reddick (3)

Sonoma- Kyle Larson (3)

Dover- Chase Elliott (2)

Indy- Denny Hamlin (2)

Iowa- Ryan Blaney (3)

Watkins Glen- Christopher Bell (2)

Richmond- Kyle Busch (1)

Daytona 2- Brad Keselowski (1)

Darlington 2- Christopher Bell (3)

Gateway- Denny Hamlin (3)

Bristol 2- Chase Elliott (3)

Kansas 2- Ross Chastain (2)

Charlotte Roval- AJ Allmendinger (1)

Vegas 2- Christopher Bell (4)

Talladega 2- Todd Gilliland (1)

Martinsville 2- William Byron (4)

Championship- Kyle Larson (5)


Kyle Larson 5 Wins 
Ryan Blaney 4 Wins
Christopher Bell 4 Wins
William Byron 4 Wins
Chase Elliott 3 Wins
Tyler Reddick 3 Wins
Denny Hamlin 3 Wins
Chase Briscoe 2 Wins
Ross Chastain 2 Wins
Austin Cindric 1 Win
Brad Keselowski 1 Win
SVG 1 Win
Kyle Busch 1 Win
Todd Gilliland 1 Win
AJ Allmendinger 1 Win
Joey Logano 1 Win




",2025-03-07
t3_1j693zw,How do I get multiple flairs?,https://www.reddit.com/r/nascar/comments/1j693zw/,/u/NeatWrongdoer1309,2025-03-08 04:23:31+00:00,"I keep seeing people with multiple flairs, for example someone will have a Chase Elliott, Chase Briscoe, Brad Keselowski, and Joey Logano number flairs below their username how do I get that?",2025-03-08
t3_1j8qbuy,Christopher Bell and the 4-in-a-Row Club; can he beat the odds to make history in Vegas?,https://www.reddit.com/r/nascar/comments/1j8qbuy/,/u/Juventus7shop,2025-03-11 13:08:17+00:00,"**Introduction**

Winning 4 Cup races in a row has long been one of NASCAR's most elusive feats, rarefied air reached only by a handful of the sport's legends and arguably more difficult to achieve with each passing year. Even still, Christopher Bell's remarkable 3-week sweep at Atlanta, COTA, and Phoenix have him positioned on the cusp of history should he prevail once again this Sunday. If he does manage to take home yet another victory in Las Vegas, he would be only the 9th man in the modern era (since 1972, when the schedule was standardized) to go back-to-back-to-back-to-back; let's take a look at who his peers would be should he join the Club and their own stories of how, for a 4-race span, they were utterly untouchable.

**Cale Yarborough (1976, Richmond-Dover-Martinsville-North Wilkesboro)**

Cale Yarborough made his Cup series debut at only 18 years old in 1957, and he spent much of the '60s and '70s running part-time schedules and picking up occasional victories as he honed his racecraft. In 1974, he teamed up with legendary owner Junior Johnson and soon began pushing for his first championship. With just 8 races to go in the 1976 season, Yarborough was clinging to a narrow points lead over 6-time champ Richard Petty with a run of 4 consecutive short tracks up next on the schedule. He proceeded to win all 4, dominating by leading over 200 laps in each race to practically clinch the Winston Cup against the King himself. The run would catapult him into even arguably greater dominance as he would go on to become the first driver to win 3 titles in a row, but he would never again enjoy a stretch quite like his 4-race run in '76.

**Darrell Waltrip (1981, Martinsville-North Wilkesboro-Charlotte-Rockingham)**

The first man to match Cale's feat did so under remarkably similar circumstances. After spending a decade cutting his teeth and making a name for himself in the top division, Darrell Waltrip replaced Yarborough in 1981 driving Junior Johnson's famous #11 car. And just like Cale, Waltrip immediately set to work chasing his first Winston Cup, entering the final stretch of the season only 2 points to the good against a veteran Bobby Allison. With his back against the wall and Allison trying to mount a late-season charge, Waltrip took 4 races on the trot, 3 of which featured his rival for the title finishing right behind him in 2nd. While his streak would be broken with an oh-so-close 2nd place at Atlanta, he had done enough to secure the first of his 3 Winston Cup titles, again paralleling his fellow legend Yarborough.

**Dale Earnhardt (1987, Darlington-North Wilkesboro-Bristol-Martinsville)**

At this point, a couple patterns are beginning to emerge about the members of the 4x Club. First, membership tends to be reserved for drivers of championship caliber, and second, North Wilkesboro and Martinsville seem to crop up an awful lot in these streaks! Dale Earnhardt's dominant 1987 run was no different, though in a departure from both Yarborough and Waltrip, he was already a 2-time champ by the time he rattled off his 4-peat. Fresh off his first title with Richard Childress the previous year, Earnhardt had already announced his intentions to defend his crown with 2 victories in the first 4 races of the year. This early momentum snowballed into two routs at Darlington and North Wilkesboro before he pulled off late passes in back-to-back weeks to all but wrap up the title a mere 8 weeks into the season. The rest of the year was all Earnhardt, as he’d pull off his hallowed Pass in the Grass that summer and add another streak of 3 consecutive victories in the fall just for good measure. 

**Harry Gant (1991, Darlington-Richmond-Dover-Martinsville)**

Remember what I said a minute ago about 4-in-a-row being reserved for only Cup champs? Well, leave it to Harry Gant to defy the conventional wisdom, just as he did throughout a racing career that saw him net over half of his 18 career victories after turning 45. Even more impressively, before he captured lightning in a bottle in the fall of 1991, Handsome Harry had never before won 4 races *in a single season*, let alone consecutively. Adding to the incredulity of his streak was the fact that Gant won two of the races after being involved in incidents that either spun him out or left his car damaged, yet each time, he refused to be denied. Throw in two Busch Series victories during this stretch and it's easy to see how the 51-year-old earned both his nickname of Mr. September and membership in the illustrious 4-in-a-Row Club.

**Bill Elliott (1992, Rockingham-Richmond-Atlanta-Darlington)**

Only 6 races separated Gant's infamous run and Bill Elliott's early-season romp in 1992, the shortest ever period in between such streaks in the modern era. Just as Yarborough and Waltrip had done in decades prior, Elliott found his red-hot form shortly after being signed to drive the #11 machine for Junior Johnson, scoring 4 straight victories in just his second through fifth starts with his new team. Along the way, he managed to take each race in a different way, winning by over 10 seconds at Rockingham, staving off a last-lap pass attempt at Richmond, lucking out on pit strategy at Atlanta, and outdueling Mr. September himself to join the Club. Notably, if Bell is to do the same this weekend, he would also have started his streak in the second race of the year, though he'll hope to be able to do what Awesome Bill could not and convert that start into an eventual title-winning campaign.

**Mark Martin (1993, Watkins Glen-Michigan-Bristol-Darlington)**

Although the early part of Mark Martin's tenure with Roush Racing was not unsuccessful by any means (7 wins and a 2nd place points finish in 5.5 seasons), by mid-1993 he had yet to flash the kind of consistent winning speed that would make him so prolific in the latter half of the '90s. That would all change in the summer of that year, after a stirring comeback drive at Watkins Glen kickstarted the stretch that would catapult Martin into stardom. Unlike some of the streaks on this list, Mark got his wins at 4 very different racetracks, ranging from road course to superspeedway to short track, 3 of which he had never won at before (though one was shortened by a few laps due to rain). Ultimately, however, despite becoming the third driver to join the Club in as many years, Martin would also fail to capture the season's ultimate crown, just as Gant and Elliott had come up short. 

**Jeff Gordon (1998, Pocono-Indianapolis-Watkins Glen-Michigan)**

After fans were spoiled to a streak of streaks in the early part of the 1990s, it took another 5 years before the Club got its newest member. Jeff Gordon was already a two-time champ and had racked up 4 victories in his title defense bid by the summer of 1998, but he laid any doubts about a third title to rest by scoring 4 straight wins, the first such streak without a win at a track shorter than 2 miles. Among the more impressive streaks on this list, Gordon led 164 of 200 laps at Pocono, 97 of 160 laps at the Brickyard on his way to the No Bull 5 bonus, and 55 of 90 laps at the Glen to nab his first three wins, with fellow Club member Mark Martin finishing second each time. Then, in his bid for history, Gordon would pass Martin with less than 10 to go at Michigan to lead for the first time on the day and etch his name in the record books. It was a fitting encapsulation of the rest of the 1998 season, with Gordon somehow topping Martin's historic year with possibly the most dominant performance in the modern era; of Jeff's 13 wins that year, 7 came in a 9-race stretch sandwiched around his legendary streak.

**Jimmie Johnson (2007, Martinsville-Atlanta-Texas-Phoenix)**

The eighth and most recent instance of back-to-back-to-back-to-back victories came nearly 20 years ago, by far the longest gap we've had in between streaks. And, just as Gordon's streak came primarily at the expense of the most recent entrant before him in Mark Martin, so too would Jimmie Johnson's come at the expense of Gordon himself. With 5 races complete in the 2007 version of the Chase, Gordon was in command of the points standings and looked to be well on his way to a long-awaited 5th championship. However, Johnson, the defending champ and Jeff's protege, suddenly came to life and flipped the script, stunning the NASCAR world and sealing the second of 5 consecutive titles. Remarkably, Gordon recorded top 10s in all 4 events, yet still managed to have his 68-point lead turned into an 86-point deficit, a gap too big to overcome in the last race of the season. Even stranger, Jimmie was not the laps led leader in any of the 4 races of his streak, and in two of them he led fewer than 10 laps total, a perfect example of the clutch gene that defined much of his career. 

**Is the Club cursed?**

Since Johnson's memorable 2007 Chase, no driver has managed to close the deal on a quadfecta, though a few have been agonizingly close. In 2015, Kyle Busch came up one lap shy after running out of fuel while leading at the white flag at Pocono, and later that year, Joey Logano had his own bid cut short by, uh, *that* Matt Kenseth incident at Martinsville. Kevin Harvick started 2018 in similar fashion to Bell by winning races 2-4 before wrecking out at Auto Club, and neither Busch nor Brad Keselowski were able to make good on their bids for 4-in-a-row later that year. Most recently, Kyle Larson would put together two separate 3-race streaks in his dominant 2021 campaign, but he was ultimately unable to finish the job on either occasion, losing a tire while less than half a lap from history at Pocono and then spinning out at Martinsville in the fall (ironically, Alex Bowman would win both races). Do these failures point to a possible curse that Jimmie put a curse on the Club after his own streak, pulling up the ladder behind him? In an age of ever-increasing parity, you may be justified in wondering whether we’ll ever see another driver take over the NASCAR world and nab 4 straight checkered flags. However, with the way Bell has driven the last few weeks, if anyone is to beat the odds, where better for it to happen than in Las Vegas this Sunday?",2025-03-11
t3_1j8utpo,2025 LASTCAR Cup & xfinity playoff standings (After Phoenix I),https://www.reddit.com/r/nascar/comments/1j8utpo/,/u/TIFUthebestSubreddit,2025-03-11 16:27:10+00:00,"Cup Series Playoff standings (Race 4/26)

1) Brad Keselowski 1 Loss 129 (5 PP)

2) AJ Allmendinger 1 Loss 122 (7 PP)

3) Riley Herbst 1 Loss 95 (6 PP)

4) Cody Ware 140

5) Cole Custer 124

6) Zane Smith 118

7) Ty Dillon 114 (1 PP)

8) Daniel Suarez 111

9) Josh Berry 108

10) Erik Jones 106 (1 PP)

11) Justin Haley 105

12) Ty Gibbs 105

13) Noah Gragson 104

14) Shane van Gisbergen 99

15) Carson Hocevar 94

16) Ryan Preece 89

_____________________________________________

17) Chase Briscoe 81

18) Austin Dillon 80

19) Joey Logano 79

20) Bubba Wallace 77

21) Austin Cindric 76

22) Michael McDowell 70 (1 PP)

23) Ross Chastain 69

24) Todd Gilliland 61

25) Corey LaJoie 61

26) Kyle Larson 59 (1 PP)

27) Ricky Stenhouse Jr 55

28) John Hunter Nemechek 54

29) Helio Castroneves 50

30) JJ Yeley 49

_____________________________________________

Other Losers outside top 30 that most likely won't make multiple starts in the playoffs 

36) Connor Zilisch 1 Loss 44 (5 PP)

**___________________________**

Xfinity Playoff standings (Race 4/26)

1) Dean Thompson 1 Loss 127 (8 PP)

2) Daniel Dye 1 Loss 97 (7 PP)

3) Carson Hocevar 1 Loss 60 (7 PP)

4) Taylor Gray 1 Loss 57 (5 PP)

5) Kyle Sieg 139

6) Kris Wright 122

7) Anthony Alfredo 109

8) Ryan Ellis 107

9) Garrett Smithley 101

10) Brandon Jones 94

11) Brennan Poole 91

12) Josh Bilicki 89

_____________________________________________

13) Matt DiBenedetto 86

14) Nick Sanchez 83

15) Austin Hill 78

16) Blaine Perkins 78

17) Joey Gase 72

18) Connor Zilisch 72

19) Carson Kvapil 70

20) Greg Van Alst 68

21) Sheldon Creed 68

22) Harrison Burton 63

23) Nick Leitz 62

24) Parker Retzlaff 61

25) Jeremy Clements 61

26) Jeb Burton 57

27) William Sawalich 56

28) Justin Allgaier 54

29) Ryan Sieg 54

30) Baltazar Leguizamon 54",2025-03-11
t3_1jbgyva,FOX is bringing back the drivers-only broadcast for next week's truck series race at Miami,https://www.reddit.com/r/nascar/comments/1jbgyva/,/u/KentRead,2025-03-14 23:02:27+00:00,"Mentioned at the end of truck series qualifying today, FOX is bringing back the drivers-only broadcast, but with the truck series this time.

Booth:
Kevin Harvick 
Joey Logano
Brad Keselowski 

Pits:
Austin Cindric
Carson Hocevar",2025-03-14
t3_1jd2bn1,Inagural Winners,https://www.reddit.com/r/nascar/comments/1jd2bn1/,/u/gsizemo1,2025-03-17 02:22:11+00:00,"So with the recent win by Josh Berry as Las Vegas Motor Speedway, it becomes another track for a driver to get their inagural win at, at the 35th race of being on schedule.  The new data point got me curious as to what other tracks remain...

First the tracks with inagural winners, disclaimer the list below isn't all inclusive, it was just to check the box...

Daytona International Speedway - Trevor Bayne, Harrison Burton, Derrick Cope, Michael Waltrip, David Ragan, etc etc

Atlanta Motor Speedway - Kevin Harvick, Carl Edwards

Las Vegas Motor Speedway - Josh Berry

Phoenix Raceway - Alan Kulwicki, Chase Briscoe

Martinsville Speedway - Geoff Bodine, Ricky Craven

Darlington Raceway - Terry Labonte, Lake Speed, Regan Smith

Bristol Motor Speedway - Dale Earnhardt Sr., Rusty Wallace, Ernie Irvan, Elliot Sadler, Kurt Busch

Talladega Superspeedway - Richard Brickhouse, Brad Keselowski, Ricky Stenhouse Jr

Charlotte Motor Speedway - Jeff Gordon, Bobby Labonte, Austin Dillon, Jamie McMurray

Michigan International Speedway - Kyle Larson, Dale Jarrett

Pocono Raceway - Denny Hamlin, Jeremy Mayfield

Chicago Street Course - SVG

Sonoma Raceway - Juan Pablo Montoya, Robby Gordon

Dover Speedway - Martin Truex Jr

Indianapolis Motor Speedway - Paul Menard

Richmond Raceway - Tony Stewart

Texas Motor Speedway - Jeff Burton, Dale Earnhardt Jr.

Watkins Glen International - Steve Park

New Hampshire - Joe Nemecheck, Joey Logano

Tracks on the Cup circuit with no inagural winner yet...
*(x) being the number of races
Homestead (26), COTA (5), Kansas (38), Nashville (4), Gateway (3), Charlotte Roval (7)

Tracks that are on the Cup circuit and obviosly no inagural winners yet...
Iowa Raceway, Autódromo Hermanos Rodríguez

This means Homestead and Kansas remain the longest-standing tracks without a first-time Cup Series winner. Given their history, it’s surprising that no driver has earned their inaugural win at either.


",2025-03-17
t3_1jd8ngu,"Tyler Reddick, Chase Elliot, Denny Hamlin, Kyle Larson, and John H. Nemechek are the 5 remaining drivers to complete every lap through 5 Cup Series races",https://www.reddit.com/r/nascar/comments/1jd8ngu/,/u/thekekboi,2025-03-17 09:31:10+00:00,"These 5 drivers have completed all 1141 laps (1852.64 miles) so far this season. Alex Bowman and Ricky Stenhouse Jr. both barely miss the cut with 1140 laps completed. 

The full-time drivers with the least time on track this year:

36: A.J Allmendinger- 981 laps (1454.14 mi)

35: Brad Keselowski- 810 laps (1456.96 mi)

34: Cole Custer- 845 laps (1511.82 mi).",2025-03-17
t3_1jeiudf,"2025 LASTCAR Cup, Xfinity, and Truck Playoff Standings (After Las Vegas I)",https://www.reddit.com/r/nascar/comments/1jeiudf/,/u/TIFUthebestSubreddit,2025-03-18 23:11:38+00:00,"Cup Series Playoff standings (Race 5/26)

1) Cody Ware 1 Loss 196 (5 PP)

2) Brad Keselowski 1 Loss 142 (5 PP)

3) AJ Allmendinger 1 Loss 130 (7 PP)

4) Riley Herbst 1 Loss 118 (6 PP)

5) Cole Custer 152

6) Shane van Gisbergen 146

7) Zane Smith 141

8) Ty Dillon 140 (1 PP)

9) Noah Gragson 135

10) Ty Gibbs 133

11) Erik Jones 133 (1 PP)

12) Carson Hocevar 124

13) Justin Haley 119

14) Austin Dillon 118

15) Chase Briscoe 116 (1 PP)

16) Daniel Suarez 113

_____________________________________________

17) Josh Berry 109

18) Bubba Wallace 105

19) Joey Logano 94

20) Todd Gilliland 94

21) Ryan Preece 92

22) Michael McDowell 91 (1 PP)

23) Ryan Blaney 90

24) Kyle Busch 87 (1 PP)

25) Austin Cindric 82

26) Denny Hamlin 77

27) John Hunter Nemechek 77

28) Ross Chastain 74

29) Ricky Stenhouse Jr 73

30) Kyle Larson 68 (1 PP)

_____________________________________________

Other Losers that most likely won't make multiple starts in the playoffs 

38) Connor Zilisch 1 Loss 44 (5 PP)

**___________________________**

Xfinity Playoff standings (Race 5/26)

1) Dean Thompson 1 Loss 140 (8 PP)

2) William Sawalich 1 Loss 116 (7 PP)

3) Daniel Dye 1 Loss 107 (7 PP)

4) Taylor Gray 1 Loss 74 (5 PP)

5) Kyle Sieg 148

6) Kris Wright 147

7) Ryan Ellis 142

8) Garrett Smithley 132

9) Josh Bilicki 132

10) Anthony Alfredo 125

11) Greg Van Alst 118

12) Joey Gase 114

_____________________________________________

13) Brennan Poole 111

14) Blaine Perkins 102

15) Nick Sanchez 101

16) Matt DiBenedetto 100

17) Brandon Jones 98

18) Mason Massey

19) Carson Kvapil 85

20) Jeremy Clements 85

21) Josh Williams 84

22) Parker Retzlaff 80

23) Austin Hill 80

24) Austin Green 80

25) Connor Zilisch 79

26) Jeb Burton 78

27) Sheldon Creed 76

28) Dawson Cram 73

29) Harrison Burton 69

30) Leland Honeyman 64

_____________________________________________

Other Losers that most likely won't make multiple starts in the playoffs 

32) Carson Hocevar 1 Loss 60 (7 PP)

**___________________________**

Truck series Playoff Standings (race 3/18)

1) Stephen Mallozzi 1 Loss 61 (7 PP)

2) Parker Kligerman 1 Loss 60 (7 PP)

3) Keith McGee 1 Loss 58 (6 PP)

4) Nathan Byrd 128

5) Toni Briedinger 116 (1 PP)

6) Connor Mosack 104

7) Josh Reaume 98

8) Spencer Boyd 98

9) Frankie Muniz 91

10) Jack Wood 91

_____________________________________________

11) William Sawalich 87

12) Matt Mills 83

13) Matt Crafton 82

14) Kaden Honeycutt 79

15) Rajah Caruth 75

16) Dawson Sutton 74

17) Andres Perez de Lara 69

18) Jake Garcia 56

19) Tyler Ankrum 56

20) Layne Riggs 55

21) Bayley Currey 52

22) Ben Rhodes 50

23) Tanner Gray 49

24) Luke Fenhaus 48

25) Justin Carroll 48

26) Daniel Hemric 45

27) Michael McDowell 42

28) Corey Heim 41

29) Stewart Friesen 40

30) Gio Ruggerio 37",2025-03-18
t3_1jjv8kq,"2025 LASTCAR Cup,,Xfinity, and Truck Playoff Standings (after Homestead)",https://www.reddit.com/r/nascar/comments/1jjv8kq/,/u/TIFUthebestSubreddit,2025-03-25 21:42:18+00:00,"Cup Series Playoff standings (Race 6/26)

1) Cody Ware 1 Loss 247 (5 PP)

2) Carson Hocevar 1 Loss 171 (5 PP)

3) Brad Keselowski 1 Loss 167 (5 PP)

4) Riley Herbst 1 Loss 154 (6 PP)

5) AJ Allmendinger 1 Loss 136 (7 PP)

6) Shane van Gisbergen 187

7) Cole Custer 186

8) Ty Dillon 166 (1 PP)

9) Ty Gibbs 157

10) Zane Smith 153

11) Noah Gragson 150

12) Erik Jones 147 (1 PP)

13) Daniel Suarez 134

14) Todd Gilliland 131

15) Austin Dillon 130

16) Justin Haley 128

_____________________________________________

17) Ryan Blaney 125

18) Josh Berry 125

19) Kyle Busch 119 (1 PP)

20) Chase Briscoe 119 (1 PP)

21) Michael McDowell 110 (1 PP)

22) Joey Logano 109

23) Ross Chastain 107

24) Bubba Wallace 107

25) JJ Yeley 104 (2 PP)

26) Austin Cindric 100

27) Ryan Preece 100

28) John Hunter Nemechek 99

29) Ricky Stenhouse Jr 97

30) Christopher Bell 86

_____________________________________________

Other Losers that most likely won't make multiple starts in the playoffs 

40) Connor Zilisch 1 Loss 44 (5 PP)

**___________________________**

Xfinity Playoff standings (Race 6/26)

1) Dean Thompson 1 Loss 151 (8 PP)

2) William Sawalich 1 Loss 138 (7 PP)

3) Christian Eckes 1 Loss 117 (7 PP)

4) Daniel Dye 1 Loss 114 (7 PP)

5) Taylor Gray 1 Loss 95 (5 PP)

6) Kyle Sieg 190

7) Kris Wright 173

8) Garrett Smithley 170

9) Ryan Ellis 163

10) Joey Gase 145

11) Anthony Alfredo 141

_____________________________________________

13) Josh Bilicki 132

14) Blaine Perkins 125

15) Brennan Poole 123

16) Greg Van Alst 118

17) Jeremy Clements 109

18) Nick Sanchez 107

19) Parker Retzlaff 103

20) Brandon Jones 103

21) Josh Williams 101

22) Leland Honeyman 97

23) Carson Kvapil 93

24) Mason Massey 93

25) Jeb Burton 91

26) Connor Zilisch 89

27) Ryan Sieg 86

28) Mason Maggio 86

29) Austin Hill 81

30) Austin Green 80

_____________________________________________

Other Losers that most likely won't make multiple starts in the playoffs 

38) Carson Hocevar 1 Loss 60 (7 PP)

**___________________________**

Truck series Playoff Standings (race 4/18)

1) Stephen Mallozzi 2 Losses 122 (14 PP)

2) Keith McGee 1 Loss 104 (6 PP)

3) Parker Kligerman 1 Loss 60 (7 PP)

4) Nathan Byrd 162

5) Toni Briedinger 153 (1 PP)

6) Spencer Boyd 139

7) Connor Mosack 125

8) Frankie Muniz 120

9) Jack Wood 116

10) Ben Rhodes 103

_____________________________________________

11) Dawson Sutton 99

12) Matt Mills 99

13) Rajah Caruth 99

14) Josh Reaume 98

15) Matt Crafton 97

16) Andres Perez de Lara 96

17) Kaden Honeycutt 91

18) William Sawalich 87

19) Gio Ruggerio 73

20) Luke Fenhaus 70

21) Tanner Gray 68

22) Jake Garcia 65

23) Tyler Ankrum 62

24) Layne Riggs 59

25) Stewart Friesen 58

26) Daniel Hemric 52

27) Bayley Currey 52

28) Corey Day 49

29) Michael Disider 49

30) Justin Carroll 48",2025-03-25
t3_1jnxo01,Does it feel like more crew chiefs are on the hot seat than drivers this season?,https://www.reddit.com/r/nascar/comments/1jnxo01/,/u/Broad-Association206,2025-03-31 07:26:35+00:00,"I know it's only 7 weeks in, but does anyone else get the sense there are some crew chiefs already getting a very warm seat? Meanwhile, as a whole I don't really see a lot of drivers in trouble. 

Jeremy Bullins is the obvious one with a seat on fire, 30th in points with Brad Keselowski as the driver. Bullins is coming off a terrible year with the 21, he's always seemed to make his drivers look worse. At some point, he's just looking like the common denominator as the problem. 

From there, Phil Sturgeon has to be getting worried. Ross has proved he can do more, and the cars aren't there right now. At what point do they make a change? 

Tyler Allen and Ty Gibbs have been absolutely horrible. Obviously the driver isn't going anywhere. How long till someone at JGR Xfinity gets moved up?

Lastly and maybe worst of them all, Stephen Doran. He didn't do much with the 71 with Zane Smith as the driver last season. This season, SVG has regressed massively from last year. Martinsville with Kaulig last season he was extremely competitive. This season he was mediocre at both COTA and Martinsville, and the only explanation is the crew chief isn't bringing competitive cars to the track. ",2025-03-31
t3_1jo3zmd,"Brad Keselowski: The solution needs to come from the car owners not NASCAR. Until the car owners are willing to park their drivers for getting this out of control, very little will change.",https://www.reddit.com/r/nascar/comments/1jo3zmd/,/u/CompleteUnknown65,2025-03-31 14:05:24+00:00,,2025-03-31
t3_1jo40it,Brad Keselowski’s Castrol scheme for Darlington,https://www.reddit.com/r/nascar/comments/1jo40it/,/u/BuschWhackerReviews,2025-03-31 14:06:29+00:00,,2025-03-31
t3_1jo40mi,Brad Keselowski’s 2025 Castrol Paint Scheme for Darlington (Spring),https://www.reddit.com/r/nascar/comments/1jo40mi/,/u/Dmacthegoat,2025-03-31 14:06:36+00:00,,2025-03-31
t3_1jowdhe,2025 RFK Racing Paint Schemes for Spring Darlington,https://www.reddit.com/r/nascar/comments/1jowdhe/,/u/Dmacthegoat,2025-04-01 14:03:52+00:00,,2025-04-01
t3_1jp8r5v,"2025 LASTCAR Cup, Xfinity, and Truck Playoff Standings (After Martinsville I)",https://www.reddit.com/r/nascar/comments/1jp8r5v/,/u/TIFUthebestSubreddit,2025-04-01 22:25:18+00:00,"Cup Series Playoff standings (Race 7/26)

1) Cody Ware 1 Loss 286 (5 PP)

2) Erik Jones 1 Loss 207 (8 PP)

3) Brad Keselowski 1 Loss 191 (5 PP)

4) Carson Hocevar 1 Loss 188 (5 PP)

5) Riley Herbst 1 Loss 183 (6 PP)

6) AJ Allmendinger 1 Loss 157 (7 PP)

7) Shane van Gisbergen 230

8) Cole Custer 219

9) Ty Dillon 179 (1 PP)

10) Noah Gragson 177

11) Josh Berry 172

12) Zane Smith 168

13) Ty Gibbs 168

14) Justin Haley 154

15) Daniel Suarez 153

16) Austin Dillon 146

_____________________________________________

17) Todd Gilliland 139

18) Kyle Busch 137 (1 PP)

19) Austin Cindric 135

20) Ryan Blaney 134

21) Chase Briscoe 126 (1 PP)

22) John Hunter Nemechek 125

23) Ricky Stenhouse Jr 125

24) Michael McDowell 120 (1 PP)

25) Joey Logano 115

26) Ross Chastain 111

27) Bubba Wallace 108

28) Ryan Preece 105

29) JJ Yeley 104 (2 PP)

30) Chris Buescher 94

_____________________________________________

Other Losers that most likely won't make multiple starts in the playoffs 

42) Connor Zilisch 1 Loss 44 (5 PP)

**___________________________**

Xfinity Playoff standings (Race 7/26)

1) Anthony Alfredo 1 Loss 191 (6 PP)

2) William Sawalich 1 Loss 163 (7 PP)

3) Dean Thompson 1 Loss 155 (8 PP)

4) Christian Eckes 1 Loss 149 (7 PP)

5) Taylor Gray 1 Loss 122 (5 PP)

6) Daniel Dye 1 Loss 119 (7 PP)

7) Kyle Sieg 216

8) Kris Wright 197

9) Garrett Smithley 191

10) Ryan Ellis 188

11) Greg Van Alst 168

12) Matt DiBenedetto 158

_____________________________________________

13) Joey Gase 145

14) Blaine Perkins 142

15) Nick Sanchez 137

16) Josh Bilicki 132

17) Brennan Poole 125

18) Jeremy Clements 124

19) Brandon Jones 123

20) Mason Maggio 121

21) Josh Williams 116

22) Connor Zilisch 115

23) Parker Retzlaff 113

24) Carson Kvapil 111

25) Jeb Burton 102

26) Harrison Burton 100

27) Leland Honeyman 97

28) Mason Massey 93

29) Ryan Sieg 92

30) Carson Ware 89

_____________________________________________

Other Losers that most likely won't make multiple starts in the playoffs 

42) Carson Hocevar 1 Loss 60 (7 PP)

**___________________________**

Truck series Playoff Standings (race 5/18)

1) Stephen Mallozzi 2 Losses 122 (14 PP)

2) Keith McGee 1 Loss 104 (6 PP)

3) Parker Kligerman 1 Loss 60 (7 PP)

4) Ryan Roulette 1 Loss 57 (5 PP)

5) Nathan Byrd 203

6) Toni Briedinger 179 (1 PP)

7) Frankie Muniz 164

8) Spencer Boyd 162

9) Connor Mosack 151

10) Jack Wood 136

_____________________________________________

11) Matt Crafton 125

12) Kaden Honeycutt 118

13) Dawson Sutton 117

14) Matt Mills 115

15) Ben Rhodes 109

16) Rajah Caruth 108

17) Andres Perez de Lara 104

18) Josh Reaume 98

19) Tanner Gray 90

20) William Sawalich 87

21) Gio Ruggerio 86

22) Corey Day 82

23) Norm Benning 76 (2 PP)

24) Justin Carroll 76

25) Layne Riggs 71

26) Luke Fenhaus 70

27) Jake Garcia 69

28) Stewart Friesen 68

29) Grant Enfinger 66

30) Tyler Ankrum 65",2025-04-01
t3_1jq60sr,Writeup Wednesday Every Week Until the 2025 Championship Weekend #6: Some History Behind Throwback Paint Schemes in the 21st Century,https://www.reddit.com/r/nascar/comments/1jq60sr/,/u/bruhmoment2248,2025-04-03 01:42:18+00:00,"With a plethora of good throwback schemes and whatever the hell UniFirst drew up hitting the South Carolina asphalt this weekend at Darlington Raceway, it seems only right to explore how this new tradition came about. Let’s talk about it.

'

[if North Wilkesboro ever gets added as a points race, throwback weekend should move there for posterity's sake](https://preview.redd.it/l8igojh6yise1.png?width=2560&format=png&auto=webp&s=bb92b4c4d416778336d7efd57fb76ae9f085e077)

'

# Where Did The Idea For Modern Throwback Schemes Come From?

For the most part, tribute schemes in NASCAR were reserved for special occasions. Think the 1998 50th Anniversary paint jobs, the Iron Man record schemes we highlighted last week, or Mark Martin’s original retirement schemes in 2005 before quickly unretiring for ‘06. In the case of Martin in ‘05, the schemes he ran were inspired by some previous paintjobs he’d ran throughout his career, a template that served as the guide for how throwbacks would be handled a decade onward.

'

But for the most part, they remained a rarity given the longevity of paint schemes at this particular point in NASCAR’s history. The days of rotating sponsors and alternating liveries every week had not yet set in; cars were still recognizable by their paint schemes at this time, something not particularly poignant nowadays. Still, the number of special schemes run never really wavered in the 21st century.

'

[this car could have been a primary scheme on its own, that's the crazy part about early throwbacks](https://preview.redd.it/jf1jgyyvxise1.png?width=630&format=png&auto=webp&s=d73cd61f4a6e3c74ff68fe5108a35b8910cd7be3)

'

Even in ‘05 did another retiring driver run a throwback scheme: Rusty Wallace, who ran a tribute scheme to his Miller Genuine Draft car that dominated in the mid-90s before Miller Lite came aboard. Brad Keselowski took this idea and continued the cycle in 2012 in his defense of the Bristol Night Race trophy, doing a scheme in tribute to Wallace. And even within the Penske stables, throwbacks had been a thing before Wallace’s retirement tour was announced, with Ryan Newman running a tribute scheme to Donnie Allison’s AMC at Rockingham in fall 2003 and putting it on pole position.

'

[shame he and Ken Schrader came to blows late in the race to ruin both of their days](https://preview.redd.it/hh4stid0yise1.png?width=500&format=png&auto=webp&s=655d41ed6b1398c69660a9b6049c0047f97a2be0)

'

Perhaps the first high-profile individual throwback of NASCAR’s post-Gen 4 era was Dale Earnhardt Jr’s special scheme inspired by Buddy Baker’s famous Grey Ghost car, running it at Darlington in May 2008 not a week after being infamous spun by Kyle Busch at Richmond, who went on to win the Darlington race in a special Indiana Jones scheme of his own. Following up on 2 fantastic tributes to his father and grandfather in 2006, this tribute Grey Ghost, in collaboration with the band 3 Doors Down, stood out via the fact that the original scheme Baker ran to win the 1980 Daytona 500 was Junior’s favorite car of all time, another thing that helped with inspiration for future throwbacks.

'

[It’s worth noting that Jr has gone on the record to say that he’d have run this particular scheme as his primary if he had final say over it \(along with the chrome numbers the original had\)](https://preview.redd.it/u50694e7vise1.png?width=1200&format=png&auto=webp&s=90ebe473c6cf4a5d5df39dc52fbfb0e3a9e5dc2f)

'

Hendrick continued the trend in 2009, when Jeff Gordon ran a throwback scheme to Darrell Waltrip’s famous Pepsi Challenger from 1983 at Talladega in the spring. That foray didn’t last long, as he and Matt Kenseth made contact on lap 7 of 188 to set off the first of 2 major accidents, taking out Gordon and a plethora of others without even having gone to commercial break for the first time that afternoon.

'

[that car really got opened up like a can of Pepsi](https://preview.redd.it/eha44brevise1.png?width=1639&format=png&auto=webp&s=863b06abb15d98d0887bfcb5464fa8d6a2796fc1)

'

For the most part in this time, you’d see a tribute scheme of some kind every now and then, like Jamie McMurray’s Bass Pro Shops tribute to Dale Earnhardt in 2010 at Talladega, David Ragan’s UPS tribute to Ned Jarrett in the 2011 Brickyard 400, or Aric Almirola’s Richard Petty-inspired STP throwback in 2012 in a race sponsored by STP themselves at Kansas early in the season, just to name a few off of memory.

'

Notice a pattern here? They were all one-offs intended to just happen at some point. Granted, they were planned out carefully with respects to the original schemes, but for the most part they were random and few in-between. Then the schedule somehow benevolently changed in 2015…

'

# Return of the Lady in Black

[this race remains a fever dream in my memory](https://preview.redd.it/yhqde9qmvise1.png?width=800&format=png&auto=webp&s=ebde4535fd852bb58c7e3883e83fdb0237b114a8)

'

With the return of the Southern 500 to its rightful place on Labor Day weekend for the 2015 season, it also brought with it a new challenge for teams and their graphic design departments. In the works for nearly 18 months alongside the Herculean effort to undo one of modern NASCAR’s biggest mistakes of the modern era, the throwback weekend theme was a way to celebrate both the return of the race to early September and a way to drum up interest in it with tribute schemes to some of NASCAR’s past drivers and teams; the first weekend certainly did not disappoint.

'

[never forget this legendary celebration LMAO](https://preview.redd.it/3y24r4b7wise1.png?width=856&format=png&auto=webp&s=e40c7feaf727b0ad814fe5d47e5ff4977a983ece)

'

Ironically enough, the winner of that race did NOT run a throwback scheme that weekend; Carl Edwards’ Arris Toyota still had the normal scheme it had run throughout the season. And in another odd contradiction, the retiring Jeff Gordon didn’t run a throwback paint scheme either that weekend, instead having run a Rainbow Warriors tribute scheme the weekend prior at the Bristol Night Race. Still, the enthusiasm and buzz throughout the garage and even in the throwback broadcast booth with the return of Ken Squier and Ned Jarrett was more than enough for the concept to return the following year and every year after that. When Darlington officially got a second date in 2021, the throwback weekend moved there where it remains to this day. 

'

[Brad Keselowski is the most recent winner of the throwback race, winning in 2024 to break a 3+ year winless drought in a paint scheme of a 1997 Japanese race car made famous by Gran Turismo](https://preview.redd.it/wcpf1h0mxise1.png?width=1200&format=png&auto=webp&s=1b2427cf784c382c18c2630033baf77ef24ac80d)

'

But perhaps the greatest use of a throwback scheme came not in the top level of stock car racing, but in the one just below it. Cast your minds back to 2010, where the new Car of Tomorrow platform was set to debut on a superspeedway in what is now the Xfinity Series, but Dale Earnhardt Jr made sure the Nationwide Series crowd saw him in victory lane at Daytona that year after his horrifying flip in February. Running a blue and yellow Wrangler scheme in the #3 car for Richard Childress much like his dad used to in the 1980s, Earnhardt held off the field for a memorable victory in the 100 lap preliminary event and gave Allen Bestwick a convincing piece of highlight tape to help reinstate him as the play-by-play announcer for NASCAR races the following season with an equally memorable call of the finish.

'

[\\""An Earnhardt is gonna drive a #3 car to victory lane at Daytona again! Dale Earnhardt Jr. wins!\\""](https://preview.redd.it/0uvdrrfdwise1.png?width=990&format=png&auto=webp&s=5099a6461c9e0a24c9d220cf2876b8bbc008c784)

'

# Next week...

So many schemes to admire on a week-to-week basis, but how do we see them if most of the millions of fans aren't able to go to every track?...",2025-04-03
t3_1jsycx8,"Predicting the entire Darlington finishing order, using only paint schemes",https://www.reddit.com/r/nascar/comments/1jsycx8/,/u/NascarBozo,2025-04-06 16:41:14+00:00,"With my favorite track Darlington Raceway coming up on the schedule, and the much-celebrated throwback paint scheme weekend returning, I decided to predict the entire finishing order for all 38 cars in the 2025 Goodyear 400. But I’m not using a mathematical model, since finishing order in NASCAR often flies in the face of mathematics. I’m using pure Graphic Design Energy. Ugliest scheme finishes last, prettiest scheme wins.

Here’s where it gets difficult. Some very good cars have ugly schemes, and some very bad cars knocked their throwbacks out of the park. And in my hypothetical scenario, these cars all have to run in the exact same Goodyear 400 to finish where they do. So, ***in order to justify the paint scheme finishing order, I’ll need to create scenarios that could transpire and create this exact result in a way that’s believable for the drivers involved and at this track.***

Paint schemes here: [https://www.jayski.com/paint-schemes/cup-series-paint-schemes/2025-goodyear-400-at-darlington-raceway-paint-schemes/](https://www.jayski.com/paint-schemes/cup-series-paint-schemes/2025-goodyear-400-at-darlington-raceway-paint-schemes/)

# 38. Ryan Preece

THERE’S A BUTTER ON THE CAR. Normally I am against photographs in graphic design, but this? This will not be an exception. This is whatever the opposite of an exception is. I will use the corner butter as my forever example of why figurative images are forbidden. It is distracting, alienating, cheap, and gross looking. It even cuts off the bottom of the corner butter! This fails in every way, and that’s before you get to the rest of it.

Obviously all the colors clash and the hood logos are somehow both in the wrong place. The multiple different fonts and sizes on the side of the car look like those soulless computer generated Airbnb decorations, the grey cube on the dining table that says `AnÔthęR WINE? WINE ñ0T!` Almost fittingly, the car has the same overly-textured fake wood paneling that you often see in those same Airbnbs!

I love Preece, and I think he has upside this weekend, but sadly he is going to run over a bunch of tire spikes coming to the green flag and flip his car somehow. 0 laps completed in this jalopy.

# 37. Ty Gibbs

This is very boring. This is so boring that an identical boring car in this same race is made to look much better because of this one.

Ty Gibbs has had an abysmal stretch of races going back to the start of the 2024 playoffs. This time a year ago, he was a top 5 threat every week, and sharps were convinced that “this is the week to lay your bankroll on Ty, I know we said that last week but the first win is finally here!” Now, 6 starts away from the milestone 100th start, Ty looks further away from a win than he did on start number 6. So, while it’s becoming strange to see a driver/car combo with this much upside still winless, no one will be surprised when Ty wrecks out of Sunday’s race on lap 30 after attempting to clear himself in front of Austin Hill’s bumper trying to pass for 25th.

# 36. Austin Hill

Busy, yet forgettable. Austin Hill will be making one of his handful of starts in the part-time RCR #33, an entry that increasingly looks like a concession car, a “Please Don’t Leave” car that RCR uses to keep its two talented Xfinity Series drivers around while the team owner’s grandson putters around in 29th.[2](https://nasstack.substack.com/p/predicting-the-complete-results-of#footnote-2-160237876)

RCR can’t give their main cars anything better than C-tier speed on a regular basis, so their part-time entry is unlikely to be better. And though Austin is a veteran at the lower levels, the Cup Series is a different beast entirely, so I have him wrecking out early through little fault of his own.

# 35. AJ Allmendinger

AJ Allmendinger HATES Darlington. He has had the occasional decent run here over his 876 year career, but for the most part, he can’t figure out how to string four good corners in a row here (his words!) So I think he told Kaulig Racing to try even less than they normally do with the Action Industries paint scheme. The only time it will be on tv is when he spins it out just before the end of stage 1 and breaks a toe link when it hits the fence.

# 34. Chase Elliott

Originally I wanted to rank all the cars with throwback schemes ahead of all the cars who refused to do throwbacks, regardless of driver skill or how unlikely the finishing order would be. But some throwbacks deserve to be shunned. This is the worst throwback I’ve seen in years, particularly when you attempt to compare it to the actual car it’s referencing. This is a triumph of arbitrary brand guidelines over the evil forces of doing a good job and having fun.

Chase Elliott has never been a standout at Darlington, and I expect him to struggle, compounding his middling speed with slow pit stops, before getting collected in a larger crash on lap 91 just after the stage 2 restart.

# 33. Austin Cindric

Cindric’s throwback sucks. The black stroke on the number 2 and plain colors makes it look like a Me Doing Photoshop At My Old Office Job job. It’s the absolute bare minimum to not get fired, and maybe a bit less. So he’s going in the crash with Elliott. I call this crash on lap 91 the Bad Throwbacks crash; I’m putting them all in here. But this happens at Darlington. The track is pretty narrow, and a coming together on a restart can take out a lot of competitive cars.

# 32. Ty Dillon

If you are a casual/new NASCAR fan, you would be forgiven for thinking this is a throwback to a very famous and iconic car, otherwise, why would they do it? It’s not, and this is bad, and the name Beaver Street Fisheries is not fun to say. So Ty Dillon is going into the Bad Throwbacks crash, albeit from a little further back. He’ll be running 30th when the cars spin in front of him and will plow into the wreckage from 1000 feet back.

# 31. Carson Hocevar

Full disclosure: I think Carson Hocevar is going to be very fast in this race. He is knocking on the door of his first win. I also think he drives over his head, and he could very easily wreck himself trying to make a pass in the top 5 on lap 116. This is what he gets for driving an extremely boring, non-throwback scheme.

# 30. Riley Herbst

At least this has a better looking number than Ty Gibbs’s car. And green on the bottom. Herbst and Shane Van Gisbergen are both rookies, and both are running perilously behind on ovals. That’s why they’ll get caught up in the lap 123 Big One that wipes out half a dozen guys on the restart after the Hocevar spin.

# 29. Shane Van Gisbergen

This looks unfinished. The primary color stripes are ok, I guess. Another piece of flotsam and jetsam in the lap 123 Big One. SVG really needs to run higher than 30th on ovals soon, or win a road course, because I’m about to hit the panic button.

# 28. Brad Keselowski

Unfortunately this looks like pee. You know what else looks like pee? Brad Keselowski in 2025. I blame new crew chief Jeremy Bullins, who seems completely lost with the Gen 7 car if his 3 years running in the 30s with the 21 are anything to go by. But it could also be age; Keselowski is 41 and that’s pretty much been his average running position too. Keselowski won this race last year, but his car has been so genuinely slow this year that it’s easier to see him running 27th than leading laps. He’ll be running back with Herbst and SVG when the wreck happens.

# 27. Chase Briscoe

The Bass Pro Shops paint schemes just get grayer and grayer. More bad, vaguely fascist design trends. Why can’t we have fun? Why can’t we have ORANGE?

Another race winner at Darlington last year, Briscoe could easily set the pace early and lead laps, especially now that he’s in a top tier ride at JGR. But in this race, he’ll speed on pit road when the whole field pits after the Carson Hocevar caution, and have to start in the back on lap 121. And he’s a bit of a wrecking ball too, so on his way through the field, he makes a low percentage move that takes himself out, along with a few other backmarker cars in the lap 123 Big One. Briscoe is always causing some shit.

# 26. Justin Haley

Slightly boring but not offensively ugly scheme for the 7 here, this is the usual sponsor they run for most races. Justin Haley has shockingly good runs in bad cars in this race, and while I could see him contending for the win late, I could also see him running 30th. No idea. I’m going to wreck him out in stage 3 while racing back in the pack for 15th with Ross Chastain.

# 25. Kyle Busch

While this is a bad paint scheme, I do enjoy seeing the Tron Croissant every now and then. Kyle Busch needs a win bad, and when someone needs a win bad, they push too hard. I can vividly picture Kyle Busch either wrecking out or messing up on pit road while running in the top 3 with 35 laps to go. Let’s give him a loose wheel on the last round of green flag pit stops. Sorry Kyle, maybe you should have done a throwback.

# 24. JJ Yeley

JJ Yeley is not supposed to be up here. He’s driving a part-time entry for NY Racing, and they’re going to be more than a second per lap off the pace, guaranteed. However, he’s running a throwback, and while it’s not a particularly interesting one, it looks clean enough and accurate enough that it’s at least better than 14 other paint schemes here.

So we have an issue. This car that will get lapped on pure speed every 30 laps, but we have it finishing 24th. It’s not common that the 25th-38th place cars all wreck out in different crashes, but that’s what it’s going to take for a car that will finish at least 5 laps down to finish P24, if it finishes at all. These wrecks have to be big, so they’re going to involve 7-10 cars.

# 23. Cole Custer

I get what they were going for, and it’s an iconic scheme, but without the Target logo to incorporate into the design, there’s a lot of empty space on the car. Plus the number looks really weird. Custer will be another victim of the Bad Throwbacks wreck, but he’ll keep it going well enough to finish as the last car one lap down.

# 22. Austin Dillon

This has a lot going on, but I like the kind of corny futuristic stuff. I don’t know what Breztri is, but I’m sure it’s some evil pharmaceutical made by the Umbrella Corporation that turns people into zombies. Anyway, Dillon will get lapped early, and after all the wrecks, metriculate up to 22nd, where he’ll finish a lap down.

# 21. Michael McDowell

This looks alright, but there’s not enough of the white and red on it. It could be a good design, but it threw away the potential. Michael McDowell’s team also loves to throw away decent runs. There will be numerous times throughout the year where the entire field will pit during green flag racing to get fresh tires, and that’ll be the optimal strategy. Staying out until your fuel runs out on older, slower tires is an atrocious strategy at most tracks unless a caution comes out during the pit cycle. Then the guy who stayed out pins the entire field a lap down, and he can pit for free and still keep the lead.

McDowell tries this all the time and it *never* works. I really think they should stop this, but I think they’ll be a 15th place car at Darlington, which is exactly the type of situation where they’re incentivized to pull this crap. They’ll fall two laps down when their strategy doesn’t work, and only make it as far back as P21.

# 20. Ross Chastain

Normally I am against photographs in graphic design, but a big ass fish with a huge mouth makes me laugh. This is ok. Chastain will finish 1 lap down after getting some damage in his wreck with Justin Haley.

# 19. Ricky Stenhouse Jr

Get rid of the bottle! We’re so close to an all-time paint scheme, in fact Stenhouse has even driven some great Sunny D schemes in the past, but alas. In this coming race, Stenhouse will run poorly, outside the top 20, get lapped, but keep it clean enough that he’ll be the first car one lap down by the end. Like we said before, this race is going to be a wreckfest, so weird things will happen.

# 18. Tyler Reddick

Points for trying, but I don’t like that the (way too close up) sesame seed bun is seemingly floating in a sea of ketchup. Ketchup grosses me out, especially when there’s way too much of it. I’ve had a funny feeling that Tyler Reddick is going to win this race since before the season started, but just like at this race last year, he could have a serious problem late. I predict a close quarters battle for the win with Reddick and our eventual winner that sees Reddick spinning out on the final lap, leaving him finishing as the last car on the lead lap.

# 17. Zane Smith

Long John Silver’s! Look at the little guy! And the parrot! Why the hell not? Zane Smith will get some damage in the Big One but keep it pointed straight enough for a lead lap finish.

# 16. Todd Gilliland

Very little going on here, but it uses fonts I like. Todd Gilliland will get some damage in the Big One but keep it pointed straight enough for a lead lap finish. Front Row Motorsports is banking on you not ever really noticing or knowing the difference between Todd Gilliland and Zane Smith, and I think they’re right.

# 15. Cody Ware

Oh dear. This car is not supposed to be up here. We can get JJ Yeley to 24th with a lot of wrecks, but it’s genuinely impossible for me to envisage Cody Ware having a legit top 15 finish at a track like Darlington. But his throwback car is very clean and accurate! Quandary.

The only way I can think of that this will happen: Cody Ware gets a very bad stomach virus eating at the Shoney’s a few miles down the road from Darlington. This means they will need to do a last minute driver swap, and Corey Lajoie has run a couple of races for Rick Ware Racing in their part time 01 car this year. He lost his full-time ride last year for being kind of a bum, but he’s pretty good at Darlington. So he gets in this last place car and survives the wrecks well enough to be on the lead lap in the final stint.

# 14. Christopher Bell

I have no idea what’s going on here. It’s a throwback to a really old dirt sprint car I guess? Sure, it looks very bad, but I’m giving Bell a lead lap finish because the 0 in the 20 has quotation marks on it. He’ll be a top 10 car until he speeds on pit road during a stage 3 round of green flag pit stops, get the free pass on the final caution, and finish towards the back of the lead lap.

# 13. Alex Bowman

This is boring, but in an ominous way. It’s a throwback to peak era Jimmie Johnson, who was himself ominous and boring. Bowman will lose track position early and slowly inch his way up through the field. This is not one of Bowman’s better tracks.

# 12. Noah Gragson

BEEF A ROO! That’s all.

# 11. Denny Hamlin

This is the best of the Boring Good throwback schemes. It looks exactly like Carl Edwards’s Office Depot cars from the 2000s, and I fully expect Hamlin to put on Edwards-style dominance at one of Hamlin’s best tracks. But, in typical Hamlin/Edwards fashion, something will go wrong late. They’ll get trapped a lap down when Kyle Busch loses his wheel on the final round of pit stops, and this is as far back up as they’ll get.

# 10. John Hunter Nemechek

Slight demerits for being based on his father’s old ride but using [much less cool colors](https://x.com/NascarPaint/status/1686539934297948160/photo/1). This still has a lot going for it; it’s a fun design and the number thing is different. We are now left with the unenviable task of figuring out how to get John Hunter Nemechek a top 10 at Darlington. Not that he’s bad at Darlington - he has lower series wins here - but Legacy Motor Club is so off on speed that it’s hard to envisage. But if he can have a good run early on in the race and keep himself from going a lap down, I am forced to believe in him.

# 9. Joey Logano

It’s not my favorite weird, antiquated scheme (the different yellows and reds clash too much,) but there are some old fonts that make it look extra historic. Plus it says Supreme Quality Safe Lubrication. Logano could be a survivor, working the attrition to be there at the end like he did when he won in 2022, or he could run outside the top 20. I lean towards the latter, with him using pit strategy to steal some track position late, but ultimately he’ll fade to ninth with a car as slow as he’s been most of the last 24 months.

# 8. Ryan Blaney

Ryan Blaney has been the fastest car all year, and he’ll likely be the fastest car again at Darlington. But he’s been snakebit this year, and at Darlington throughout his career. One can so easily see him winning or crashing out and finishing in last. So with that in mind, I’m giving him a boring 8th place run.

As for his paint scheme, I don’t think I’m going to get a lot of people to go with me on this one. This doesn’t look “good,” but it does look like what I picture when I picture a race car. It’s good appropriately garish racecar-esque colors. Plus, the slashes make the car go faster!

# 7. Chris Buescher

I don’t know, do I have boring taste? The pattern is intriguing but not busy, and the gradient works well with it. It’s corporate but not plain. This is the car I picture when I picture when I think about Chris Buescher’s dominant runs in the Gen 7 car. It’s a throwback to 2023. Let’s say Chris Buescher runs top 10 all day, and if he’d only have been better at restarts he’d have contended for the win.

# 6. Bubba Wallace

Colors, obviously we love them. Fake paint splatters, obviously not as much, but they are extremely retro even if this isn’t a real throwback scheme. Bubba has been qualifying up front and mostly maintained his track position at Darlington lately, and has the most laps run in the top 5 so far this season. He can keep it around sixth all day.

# 5. Daniel Suarez

Huh. I didn’t think I liked this paint scheme *that* much, but I guess I do. It wasn’t on my radar, but I love the little bits of primary colors against some pleasing greens and golds. Likewise, we have to figure out how in the world to get Daniel Suarez a top 5 at Darlington, something that seems very unlikely. I guess they’re going to have to try the Michael McDowell play and stay out during green flag pit stop in stage 3. And when Kyle Busch loses a wheel, Suarez will be the major beneficiary, trapping better cars a lap down. Still, he’ll have to hold on to his lead late, and that will take a miracle. But what did I say about slashes?

# 4. Erik Jones

Erik Jones is super elite at Darlington, as long as his equipment allows him to be. He has two wins here, while he’s mostly struggled and remained winless at other tracks. It’s not often that a car that runs 30th most weeks has genuine winning upside, but if Jones can find a shred of competency in the Legacy Motor Club Toyotas, he will lead laps here. I’ve put both Legacy cars in the top 10, since they’ve brought the best paint schemes as an organization this week. They’re probably going to have the slowest cars though. But that red and blue 43 is up there with the Jeff Gordon 24 in terms of iconic paint schemes.

# 3. William Byron

Speaking of the 24, this is a carbon copy of the car Jeff Gordon drove in his final Cup Series start. It gets accuracy points, shiny points, and flames points. Byron is absolutely lethal at tracks like Darlington when he gets track position early. He doesn’t run out to a 10 second lead, but he has enough short run speed and precision on pit road to always make up spots and never fall out of the Top 5. He’ll do the same in our hypothetical race.

# 2. Kyle Larson

I hate having the clear race favorite this far up, but that scheme is just perfect. It’s a dead ringer for the Terry Labonte 2003 Darlington-winning Frosted Flakes car, and those colors just scream peak NASCAR. Kyle Larson is either going to lead 100 laps, get mired in the pack somehow and wreck going through traffic, or both. But as much as I love this scheme, I’m so relieved to give another car the winning drive.

# 1. Josh Berry

British Racing Green. Ahhhhh. What a beautiful color. The Wood Brothers were faced with the difficult task of making a very old Indy 500 paint scheme translate to a Gen 7 stock car, and they smashed it. They have a main color we never see in NASCAR, a couple of Old Fonts (and you know how much we love those), and a number inside a white circle that just screams vintage racing.

Berry was one of the biggest question marks going into the season. Was he someone who didn’t win enough in the Xfinity Series to prove he belonged here, or is he an above average driver who made terrible Stewart Haas Racing equipment in 2024 look better than it was as a rookie? Is the Wood Brothers 21 a true Penske car, or does it belong in last where Harrison Burton had it? Seven races in, Berry has a win at Las Vegas and multiple strong runs where he’s run as good as or better than some of his Penske “team”mates. He’s not setting the world on fire, but he’s proving a lot of doubters wrong, and if he wins Darlington, no one will be shocked.",2025-04-06
t3_1jtyl8h,I’m beaming.. I never beam.,https://www.reddit.com/r/nascar/comments/1jtyl8h/,/u/LandofMyAncestors,2025-04-07 22:45:47+00:00,"I don’t have any friends that watch NASCAR but I have to share bc I’m so dam excited. Met these superstars and The King at the National Motorsport Coalition Reception in DC.

Tony Breidinger makes you feel like you’ve been friends forever. Legit like a homie that will chop it up with you for hours. 

The King… nuff said…. coolest mfer this side of the Mississippi.

Brad Keselowski took the time to talk to me about how to get new fans invested in the sport and dam dude is cut irl! 

Rajah Caruth.. the next goat… he has IT…. chill… personable… down to earth… a future superstar.
",2025-04-07
t3_1juecbj,Brad Keselowski’s 2025 Kroger/Oscar Mayer/ Rustin Oven Paint Scheme,https://www.reddit.com/r/nascar/comments/1juecbj/,/u/Dmacthegoat,2025-04-08 14:03:46+00:00,,2025-04-08
t3_1jui3xw,2025 RFK Racing Paint Schemes for the Spring Bristol Race,https://www.reddit.com/r/nascar/comments/1jui3xw/,/u/Dmacthegoat,2025-04-08 16:41:19+00:00,,2025-04-08
t3_1jupyae,2025 LASTCAR Cup & Xfinity Playoff standings (After Darlington I),https://www.reddit.com/r/nascar/comments/1jupyae/,/u/TIFUthebestSubreddit,2025-04-08 22:04:28+00:00,"Cup Series Playoff standings (Race 8/26)

1) Cody Ware 1 Loss 321 (5 PP)

2) Carson Hocevar 1 Loss 234 (5 PP)

3) Brad Keselowski 1 Loss 229 (5 PP)

4) Erik Jones 1 Loss 229 (8 PP)

5) Riley Herbst 1 Loss 222 (6 PP)

6) AJ Allmendinger 1 Loss 173 (7 PP)

7) JJ Yeley 1 Loss 163 (7 PP)

8) Shane van Gisbergen 250

9) Cole Custer 23910) Josh Berry 206

11) Ty Dillon 196 (1 PP)

12) Noah Gragson 194

13) Ty Gibbs 180

14) Zane Smith 178

15) Justin Haley 176

16) Daniel Suarez 169

_____________________________________________

17) Austin Dillon 167

18) John Hunter Nemechek 157

19) Ricky Stenhouse Jr 153

20) Chase Briscoe 152 (1 PP)

21) Todd Gilliland 151

22) Michael McDowell 148 (1 PP)

23) Kyle Busch 145 (1 PP)

24) Austin Cindric 144

25) Ryan Blaney 137

26) Ryan Preece 129

27) Kyle Larson 127 (2 PP)

28) Bubba Wallace 127

29) Joey Logano 126

30) Ross Chastain 116

_____________________________________________

Other Losers outside top 30 that most likely won't make multiple starts in the playoffs 

42) Connor Zilisch 1 Loss 44 (5 PP)

**___________________________**

Xfinity Playoff standings (Race 8/26)

1) Kris Wright 1 Loss 257 (7 PP)

2) Anthony Alfredo 1 Loss 220 (6 PP)

3) William Sawalich 1 Loss 196 (7 PP)

4) Dean Thompson 1 Loss 171 (8 PP)

5) Christian Eckes 1 Loss 154 (7 PP)

6) Taylor Gray 1 Loss 153 (5 PP)

7) Daniel Dye 1 Loss 134 (7 PP)

8) Kyle Sieg 244

9) Garrett Smithley 231

10) Greg Van Alst 217

11) Ryan Ellis 214

12) Matt DiBenedetto 179

_____________________________________________

13) Blaine Perkins 175

14) Josh Williams 157

15) Josh Bilicki 154

16) Joey Gase 145

17) Jeremy Clements 144

18) Nick Sanchez 143

19) Brennan Poole 142

20) Leland Honeyman 132

21) Parker Retzlaff 131

22) Brandon Jones 124

23) Jeb Burton 123

24) Mason Massey 122

25) Mason Maggio 121

26) Connor Zilisch 119

27) Carson Kvapil 114

28) Harrison Burton 111

29) Ryan Sieg 102

30) Nick Leitz 101

_____________________________________________

Other Losers that most likely won't make multiple starts in the playoffs 

42) Carson Hocevar 1 Loss 60 (7 PP)",2025-04-08
t3_1k097m9,"2025 LASTCAR Cup Xfinity, and Truck Playoff Standings (After Bristol I)",https://www.reddit.com/r/nascar/comments/1k097m9/,/u/TIFUthebestSubreddit,2025-04-16 01:57:39+00:00,"Cup Series Playoff standings (Race 9/26)

1) Cody Ware 1 Loss 371 (5 PP)

2) Erik Jones 1 Loss 252 (8 PP)

3) Riley Herbst 1 Loss 250 (6 PP)

4) Carson Hocevar 1 Loss 242 (5 PP)

5) Brad Keselowski 1 Loss 242 (5 PP)

6) AJ Allmendinger 1 Loss 179 (7 PP)

7) JJ Yeley 1 Loss 163 (7 PP)

8) Shane van Gisbergen 303 (1 PP)

9) Cole Custer 277

10) Ty Dillon 225 (1 PP)

11) Josh Berry 215

12) Noah Gragson 214

13) Daniel Suarez 205

14) Zane Smith 202

15) Justin Haley 186

16) Todd Gilliland 186

_____________________________________________

17) Michael McDowell 182 (1 PP)

18) Ty Gibbs 181

19) John Hunter Nemechek 178

20) Austin Dillon 174

21) Ricky Stenhouse Jr 172

22) Austin Cindric 158

23) Kyle Busch 156 (1 PP)

24) Chase Briscoe 153 (1 PP)

25) Alex Bowman 148

26) Joey Logano 147

27) Ryan Preece 146

28) Bubba Wallace 143

29) Ryan Blaney 139

30) Kyle Larson 128 (3 PP)

_____________________________________________

Other Losers that most likely won't make multiple starts in the playoffs 

39) Josh Bilicki 1 Loss 60 (6 PP)

43) Connor Zilisch 1 Loss 44 (5 PP)

**___________________________**

Xfinity Playoff standings (Race 9/26)

1) Kris Wright 1 Loss 294 (7 PP)

2) Anthony Alfredo 1 Loss 233 (6 PP)

3) William Sawalich 1 Loss 228 (7 PP)

4) Mason Maggio 1 Loss 182 (7 PP)

5) Dean Thompson 1 Loss 179 (8 PP)

6) Taylor Gray 1 Loss 170 (5 PP)

7) Christian Eckes 1 Loss 161 (7 PP)

8) Daniel Dye 1 Loss 145 (7 PP)

9) Kyle Sieg 264

10) Garrett Smithley 262

11) Greg Van Alst 258

12) Ryan Ellis 242

_____________________________________________

13) Blaine Perkins 205

14) Matt DiBenedetto 200

15) Brennan Poole 192

16) Josh Williams 169

17) Jeremy Clements 162

18) Nick Sanchez 157

19) Josh Bilicki 154

20) Parker Retzlaff 147

21) Mason Massey 145

22) Joey Gase 145

23) Jeb Burton 142

24) Sheldon Creed 141

25) Harrison Burton 138

26) Leland Honeyman 132

27) Connor Zilisch 129

28) Brandon Jones 127

29) Austin Hill 118

30) Carson Kvapil 115

_____________________________________________

Other Losers that most likely won't make multiple starts in the playoffs 

45) Carson Hocevar 1 Loss 60 (7 PP)

**___________________________**

Truck series Playoff Standings (race 6/18)

1) Stephen Mallozzi 3 Losses 183 (21 PP)

2) Keith McGee 1 Loss 104 (6 PP)

3) Parker Kligerman 1 Loss 75 (7 PP)

4) Nathan Byrd 239

5) Spencer Boyd 208

6) Toni Briedinger 205 (1 PP)

7) Frankie Muniz 204

8) Connor Mosack 176

9) Jack Wood 148

10) Matt Crafton 142

_____________________________________________

11) Matt Mills 136

12) Dawson Sutton 135

13) Norm Benning 129 (2 PP)

14) Kaden Honeycutt 127

15) Andres Perez de Lara 124

16) Rajah Caruth 118

17) Ben Rhodes 115

18) Justin Carroll 114

19) Tanner Gray 109

20) Ty Majeski 99

21) Corey Day 98

22) Stewart Friesen 98

23) Josh Reaume 98

24) Gio Ruggerio 97

25) Luke Fenhaus 95

26) William Sawalich 87

27) Grant Enfinger 79

28) Layne Riggs 78

29) Jake Garcia 77

30) Bayley Currey 76

_____________________________________________

Other Losers that most likely won't make multiple starts in the playoffs 

36) Ryan Roulette 1 Loss 57 (5 PP)",2025-04-16
t3_1k105ob,Writeup Wednesday Every Week Until the 2025 Championship Weekend #8: The History of Off Weeks in NASCAR,https://www.reddit.com/r/nascar/comments/1k105ob/,/u/bruhmoment2248,2025-04-17 00:42:48+00:00,"Seeing as the Cup Series is observing an off week this weekend in place of the Rock’s return to top flight stock car racing, it only seems like the perfect opportunity to delve into them as a concept. Let’s talk about it.

'

[empty racetracks are quite eerie](https://preview.redd.it/g2gr0z8ikave1.png?width=612&format=png&auto=webp&s=47d089886ea3f46576eac63bf39910ab805953eb)

'

# What Are Off Weeks?

Before the shortening of the Cup Series calendar in 1972, the concept of off weeks as a term in the garage area mainly served as a euphemism for a lack of funds to continue racing. But outside of the former January season opener at Riverside and races held in December such as Texas World Speedway’s 1971 season finale date that ended the pre-modern era of NASCAR, off weeks as we know them weren’t really a thing when the schedule was as dense as it was before 1972. Once tracks were whittled off the calendar and midweek racing went away outside of the Firecracker 400, only then did off weeks become a consideration to fill in the newfound blanks.

'

1972 saw multiple off weeks in the beginning of the season, one after the 5th race at Rockingham in mid-March, and a 3 week break between Talladega and the World 600 at Charlotte in May. None more were present until a 3 week break before the season finale in College Station in the early half of November. Future seasons saw off weeks commonly placed in the season’s first quarter or third, one typically to account for Easter weekend as is the case currently. Other times, off weeks were placed with the knowledge of long travel for the next race, such as in 1974 for example where Riverside in California followed 2 weeks after the World 600 all the way across the country in Charlotte, and the finale race in Ontario happened a month after the penultimate race in Rockingham.

'

[you could not FATHOM a gap like this between races in today's era](https://preview.redd.it/8e2grscqjave1.png?width=362&format=png&auto=webp&s=91ddaae450dada50ac7fcbd6115865f2fad73e2f)

'

In fact, these gaps between the penultimate and final race of the season persisted into the modern era and well into the generation after. Not until 1998 when the series expanded to 33 races did the season finale come directly a week after the 2nd to last event of the season. By this time, the only off weeks remaining on the calendar were the strange early March off week, one before the All-Star Race weekend for Mother's Day, and one in the summer usually in either June or July. By the time the series expanded to its currently 36-race slate in 2001, the early off week had been moved accordingly to the middle of April and the summer “break” had been moved to the weekend before the Pepsi 400 at Daytona. It was a change and a decision that ended up sparking one of the greatest moments in NASCAR history.

[\\""I just wanted to get there and check it out... make my peace with it or whatever\\""](https://preview.redd.it/wunu7zmdhave1.png?width=853&format=png&auto=webp&s=5da3ab5de8d9c136f16b2eb1013f1baa1e51229b)

'

As detailed in the 2016 NBCSN mini-documentary surrounding the 2001 season, Dale Earnhardt Jr noted how a trip to Daytona during that off week before the July night race there helped him deal with the passing of his father 4 months earlier. Had this happened with 2000’s schedule, it’s unlikely he would have had the time to help himself process the events of Black Sunday, and it’s further unlikely that the now-iconic scenes from July 7th would have happened had that off week not been scheduled in such a way that would have allowed Dale that moment of catharsis on his own accord. It certainly wouldn’t have happened mid-week after a grueling race in Sonoma all the way across the country, with the looming task of pre-2011 Daytona over his shoulder.

'

[The extra week certainly HAD to help in one way or another](https://preview.redd.it/5mn13qhmhave1.png?width=1733&format=png&auto=webp&s=56073c7f30093f3ccf4c586a5545959fb5156d1d)

'

Of course, off weeks can give both moments of clarity and moments of burning confusion. Sticking with Dale Jr and the summer off week, it was moved back to its place in mid-July for 2004; this allowed Earnhardt to follow up on his exploits in sports car racing years prior and contest a round of the American Le Mans Series in a factory Corvette with Boris Said. It went up in flames quickly though, in the very literal sense, as he crashed in the morning warm-up session and suffered severe burns, enough to keep him from fully contesting the next few rounds of the Cup Series and allowed Martin Truex Jr. to make his first appearance at the highest level of stock car racing in New Hampshire the following week.

'

[still the most applauded mid-race driver change I can remember seeing](https://preview.redd.it/xmtoub5uhave1.png?width=363&format=png&auto=webp&s=f8bc6ca0f8a0dbbb8b370f0601eadaca350ec2f6)

'

However you slice it, off weeks are an opportunity for drivers to take some time to themselves to pursue their own interests outside of racing. Some may go to different places on vacation, attend sporting events, or even just stay at home and watch them in bed. In the case of the last item in that list, and as recently as last season, entire season schedules have been shifted for reasons outside of NASCAR. Cast your minds back to the summer of 2016…

'

[crazy how people are ALREADY nostalgic for this time period](https://preview.redd.it/exvtb44yhave1.png?width=4061&format=png&auto=webp&s=ad31ce8e7d67da4622dc4876ce84a34e4b532c7c)

'

When NBC got the rights for NASCAR again in 2015, they’d need to now account for shifting schedules to make sure their Olympics broadcasts weren’t interrupted. In the case of 2016, only one race needed to be moved to an alternate network due to the volume of networks needed in Rio that August, that being the Watkins Glen race on August 7th. With an off week scheduled between then and the Bristol Night Race (which was supposed to precede the final day of the Olympics by a night before getting rained out), it marked the first instance of Olympic reshuffling.

'

An even more extreme case happened the following Olympic cycle, which was supposed to be for 2020 that ended up getting postponed to 2021 as a result of the coronavirus pandemic. Before the world shut down, in  order to accommodate NBC’s handling of Olympic broadcasts in the summer, NASCAR agreed to schedule an “Olympic break” for 2 weeks in the middle of the Games to allow NBC the time and resources to fully cover the competitions. 

'

[I imagine the 2 week break helped calm Kyle Busch's nerves after the botched rain call in Loudon](https://preview.redd.it/tvmv0ibaiave1.png?width=768&format=png&auto=webp&s=8fd89f1aba23a3270ea163400ced60f70af2a3fe)

'

The postponement of the Tokyo Games to the following year allowed a particular feat to pass the 30 year mark. People didn’t know it at the time when Harry Gant took the checkered flag for his first win of 1991, but the gap from Talladega to Charlotte that May was the last time the Cup Series had scheduled consecutive off weeks until July 2021 at New Hampshire. 

[Racing Reference doesn't account for the All-Star Race weekend, but we do here](https://preview.redd.it/6ryz38b2kave1.png?width=357&format=png&auto=webp&s=6153903d6656725769d1b340210e7e29193850ff)

'

The same concept was repeated in 2024 for the Paris edition of the Olympics last summer, with some drivers even flying across the ocean to attend the Games. Fans may have been left insatiable by the prospect of no stock car racing for 2 straight weekends, but drivers found the longer pause to be quite beneficial. Brad Keselowski in particular had a lot of praise for the informal summer break in 2024, calling for NASCAR to make it a permanent fixture on the calendar to help alleviate burnout amongst drivers and crews.



So with support from the garage area, naturally you’d think that more off weeks is a good thing, right?

'

[Even in off weeks, we still manage to make history](https://preview.redd.it/yah2wdxtiave1.png?width=672&format=png&auto=webp&s=a279bacce7343de291f611f603ac8b00bbf2ef81)

'

This upcoming weekend marks the only off week for the Cup Series in the entire 2025 season. From late April until the championship weekend at the beginning of November, it will be 27 straight weeks of travel and competition for every team and driver to close out the season, of which is only a quarter of the way completed at the moment. How fitting that both the Xfinity and Truck Series will still run a race this weekend, the return of a track that habitually found itself on the preceding end of long gaps between events at the end of a long season.

'

Of course, this whole discussion kind of overlooks both of those series in particular, who run less races per season than the Cup guys do. Before the 2001 television deal, both the Xfinity and Truck series adhered to their own unique schedules and only floated around with the Cup cars as preliminary events for around half a season’s worth of races. But with an interest in keeping schedules aligned for TV purposes, schedules were streamlined to make the lower series closer in proximity and timeframe to the Cup guys, often scheduling standalone events to be on at least the same side of the country as the Cup race that weekend. 

'

And when they did crossover for the weekend? That’s a story for a week that isn’t an off one.

'

[If there's anyone that doesn't believe in the concept of off weeks, it's this guy](https://preview.redd.it/nekueo3jiave1.png?width=1200&format=png&auto=webp&s=e647feb3f22631fb73fb8b2fd8007ddb2572b65c)

'

# Next Week...

Feels like I need an off week too, I've got a lot on my plate recently...",2025-04-17
t3_1k2ieu8,"I'm buying signed helmet for a friend, but I need advice on pricing and authenticity!",https://www.reddit.com/r/nascar/comments/1k2ieu8/,/u/Mr_olive3,2025-04-18 23:13:50+00:00,"Hello, I'm new to this, so please bear with me. Some friends of mine and I are trying to buy a friend a NASCAR helmet that was apparently signed by Brad Keselowski, and I have tried to do research if they are legit.   
Furthermore, there are 2 listings with different prices, and I don't know why they are different.  
I also don't know if they are legit?   
Can someone pls educate me on why there are different prices? Are these legit? If so, which one is better? 

[1st listing](https://preview.redd.it/z08ratfzdove1.png?width=1477&format=png&auto=webp&s=737b43373d33d69dd1e7aaa174923d9f8576ce56)

[2nd listing](https://preview.redd.it/h2ncncx1eove1.png?width=1696&format=png&auto=webp&s=177b57ed72f467b1e0c5d876f661511743b04e4a)

",2025-04-18
t3_1k2iezh,"I'm buying signed helmet for a friend, but I need advice on pricing and authenticity!",https://www.reddit.com/r/nascar/comments/1k2iezh/,/u/Mr_olive3,2025-04-18 23:14:01+00:00,"Hello, I'm new to this, so please bear with me. Some friends of mine and I are trying to buy a friend a NASCAR helmet that was apparently signed by Brad Keselowski, and I have tried to do research if they are legit.   
Furthermore, there are 2 listings with different prices, and I don't know why they are different.  
I also don't know if they are legit?   
Can someone pls educate me on why there are different prices? Are these legit? If so, which one is better? 

[1st listing](https://preview.redd.it/z08ratfzdove1.png?width=1477&format=png&auto=webp&s=737b43373d33d69dd1e7aaa174923d9f8576ce56)

[2nd listing](https://preview.redd.it/h2ncncx1eove1.png?width=1696&format=png&auto=webp&s=177b57ed72f467b1e0c5d876f661511743b04e4a)

",2025-04-18
t3_1k6c6e7,"I’m not a personality fan in NASCAR, and all of Motorsports…",https://www.reddit.com/r/nascar/comments/1k6c6e7/,/u/ASRO-Alexander,2025-04-23 22:20:45+00:00,"Hey everyone,

I wanna approach this topic as respectfully as possible while also being able to be as honest and open as possible I need to be.

I hear this topic regularly that NASCAR Drivers “Need more personality”. The way I view it, is the fans want drivers to be funny, goofy, charismatic, or talk smack. And as I’ll mention more specifically later, I cringe when people talk like that in the broadcast. I guess I’m more used to the status quo of drivers like the ones on my favorite team, Hendrick Motorsports being more polished and professional, especially current and former HMS Drivers like; Jimmie Johnson, Chase Elliott, and William Byron who most fans deem “Boring” or “Vanilla”.

As for the broadcast partners, FOX has always rubbed me the wrong way for nearly a decade. I can’t stand the constant joking, laughing and smack talking that comes from: Chris Myers, Clint Bowyer, and Kevin Harvick. Everything has to be funny, and it isn’t. I find it annoying. Then Michael Waltrip would’ve been shown the door for some of his antics during the grid walk.  Just because you’re talking to a Mexican driver like Daniel Suarez, doesn’t make it okay under any circumstances to mock the Latin accent. Not to mention the failed dab with “The Migos” and spelling a soft Taco on Denny Hamlins car was ultra unprofessional in my view. 

Personally, I’ve been an NBC fan since they broadcasted races originally in 2001. They present all the Cup and Grand National(Busch, Nationwide, Xfinity) Series races in a more serious and meaningful manner. NBC has done a magnificent job in making the race you’re watching feel important to broad scope of the season, and the challenges the driver will face that day. They don’t treat it like a party where a race breaks out. While I and many would love to see a day NBC got all 36 Cup Races, I’m grateful we have them for the Final 13.

The reason I feel this way is because I used to be a super goofy and rambunctious person myself when I was in middle school and high school. Now at age 29, I continue to mature in a way where I want to come off more professional in my own life and like up to the Hendrick drivers like Larson or Byron for how to do so in order to obtain a positive reputation. I get there’s an audience for drivers who are more fun like the Penske Drivers, Noah Gragson, and Brad Keselowski, but I view racing in a way that the entertainment is the cars, and the racing the cars produce. I can watch Comedy Central if I wanna hear jokes and laugh.

I’d look forward to hearing everyone’s feedback, and have a good day.",2025-04-23
t3_1k6wtom,"nine races into the year, who are the biggest surprises and disappointments for you this year so far?",https://www.reddit.com/r/nascar/comments/1k6wtom/,/u/Hihey9989,2025-04-24 16:38:31+00:00,"For me, my overall biggest surprise is Kaulig. I certainly did not expect them to be a fringe playoff contender in the Cup series with AJ, and certainly didn't expect that with two rookie drivers, especially not Daniel Dye, in Xfinity. Daniel has 4 top 10s this year so far and is 13th in points.

Ryan Sieg is also currently working on his statistical best season right now. He's running up front, he's contending for wins, he's a factor the whole time. I can't say this is a huge surprise though, given that he has been trending upwards for a long time. 

and, of course, Brennan Poole is giving Alpha Prime their best run ever. I would not be surprised to see him sneak in a win.

But the absolute biggest surprise this year so far to me has been Ryan Preece. The guy has speed, he's been leading laps, he's been getting stage points, I would not be surprised to see him point his way into the playoffs with how elite he has been looking. He's not quite a championship threat, but long shot deep playoff run looks in the cards for him if his performance keeps improving throughout the year.

My biggest disappointment in the cup series I could argue is Riley Herbst, but he's not wrecking cars as much as he's just slow as molasses. I did say he would probably struggle the first half of the year though and maybe come alive a little bit in the second half. not competing for wins or anything, but certainly starting to compete for top 10s and maybe a top five, but still not making a good case for keeping that ride long term unfortunately, and I do like Riley.

I could also argue that a few of the current Xfinity prospects are definitely underperforming, especially William Sawalich. like, I didn't expect him to be as good as Jesse Love or anything, but I certainly did not expect him to be the second coming of Kevin Conway if we're talking about abysmal JGR performance.

You could also make a very good case for SVG as being one of the biggest disappointments, but did anybody really expect him to do well on the ovals? he didn't start competing for top 15s on them regularly until the end of the Xfinity season last year.

but I think ultimately there's only one driver I can say has been a horrible disappointment so far this year, and that's Brad Keselowski. Ironic that everybody thought Denny would be washed this year and it ends up being Brad instead. I don't see him looking like he has one foot out the door yet, but I would not be at all shocked to hear him announce his retirement this year. He's just off, and the entire remainder of the team has been pretty fast. It's not very Brad to finish multiple laps down on speed. I do hope he can sneak in a victory, because based on the way things look right now, it might be his last :(

 ",2025-04-24
t3_1k8nvs5,Behind the Scenes: David Smith Shares How Data Analysis Shapes RFK Racing’s Strategy in Exclusive Interview,https://www.reddit.com/r/nascar/comments/1k8nvs5/,/u/hata39,2025-04-26 21:36:24+00:00,,2025-04-26
t3_1k9w38a,Plate Racing,https://www.reddit.com/r/nascar/comments/1k9w38a/,/u/automan224,2025-04-28 13:53:15+00:00,"If theirs one strategy I’m not crazy about in modern superspeedway racing is OEMs having their cars all pit at the exact same time 

I get the benefits of having 10+ cars all come down to pit at the same time but the risk seems WAY to high for the benefits

For example when Brad Keselowski slowed up to try and make it to pit road with the other ford’s and causing a crash wouldn’t have happened if Brad decided to go another lap before pitting 

Theirs also what happened during the final pit stops when the Toyotas got screwed out of competing for the win because they pitted so soon compared to everyone else 

And that’s just this year’s example. Their has also been guys Flat-spotting the tires, Chase Briscoe popping his tires in 23, and several accidents over the years involving drivers spinning out coming into the pits ",2025-04-28
t3_1ka6nkr,RFK Racing statement on Preece's disqualification,https://www.reddit.com/r/nascar/comments/1ka6nkr/,/u/Altracing34,2025-04-28 21:08:17+00:00,,2025-04-28
t3_1kacy3l,Future NASCAR Championship Format (if it were up to me),https://www.reddit.com/r/nascar/comments/1kacy3l/,/u/bodenator2,2025-04-29 02:06:26+00:00,"This points format is designed to balance consistency with a strong emphasis on winning races and running up front, ensuring drivers who run up front are rewarded while steady performers remain competitive.

**Points Structure**:

* **Position Points**: Points are awarded from 1st to 40th, with a steep drop-off to prioritize top finishes:
   * 1st: 100 points
   * 2nd: 65 points
   * 3rd: 60 points
   * 4th: 55 points
   * 5th: 50 points
   * 6th–10th: 45, 42, 39, 36, 33 points
   * 11th–20th: 30 to 21 points (decreasing by 1)
   * 21st–30th: 20 to 11 points
   * 31st–40th: 10 to 1 point
* **Bonus Points**:
   * **Pole Position**: 5 points for starting first, rewarding qualifying excellence.
   * **Leading a Lap**: 5 points for leading at least one lap, encouraging aggressive racing.
   * **Most Laps Led**: 10 points for leading the most laps, recognizing race dominance.
   * **Fastest Lap**: 5 points for the quickest lap, highlighting speed and car setup.

**Purpose and Balance**: This points system aims to reward drivers who consistently finish well while placing a premium on victories and front-running performances. The significant gap between 1st (100 points) and 2nd (65 points) underscores the importance of winning, making race victories pivotal for championship contention. Bonus points for pole, leading laps, most laps led, and fastest lap further incentivize drivers to compete aggressively at the front, even if they don’t secure the win. For instance, a driver who wins, leads the most laps, and sets the fastest lap could earn up to 125 points, far outpacing a second-place finisher’s maximum of 70 points. .

However, the gradual points decline from 6th to 40th supports consistency, allowing drivers who regularly finish in the top 10 or top 20 to accumulate competitive points totals. For example, Tyler Reddick’s consistent top-10 finishes keep him near the top despite no wins. This balance prevents a single poor result from ruining a season while ensuring that drivers who frequently win or lead, like William Byron or Kyle Larson, have a clear advantage. The format thus creates a dynamic championship where both race-day dominance and season-long reliability are critical for success. 

I have put the results of the 2025 NASCAR Cup Series races into an AI model to calculate how the point standings would look under this format. There may be errors in the calculations that I may have missed, if you see these errors, I will attempt to correct them. I have not included penalties or points lost to disqualifications(such as bonuses) that have incurred over 2025, I can recalculate with these penalties included if there's interest.

# NASCAR Standings After Talladega Superspeedway (Apr 27, 2025)

|Position|Points|Behind|Driver|Wins|Top 5|Top 10|Races|Poles|Average Finish|Laps Led|Most Laps Led|Fastest Lap|
|:-|:-|:-|:-|:-|:-|:-|:-|:-|:-|:-|:-|:-|
|1|562|\--|William Byron|1|5|7|10|2|8.5|364|1|1|
|2|556|\-6|Christopher Bell|3|5|6|10|1|12.3|139|1|0|
|3|555|\-7|Kyle Larson|2|5|6|10|0|11.3|506|2|1|
|4|543|\-19|Denny Hamlin|2|6|6|10|0|10.8|315|1|1|
|5|381|\-181|Tyler Reddick|0|3|4|10|1|12.6|85|0|1|
|6|376|\-186|Chase Elliott|0|3|6|10|0|10.9|45|0|0|
|7|350|\-212|Alex Bowman|0|2|6|10|2|16.4|107|0|0|
|8|349|\-213|Austin Cindric|1|2|4|10|0|17.2|166|1|0|
|9|337|\-225|Chase Briscoe|0|3|4|10|1|15.1|29|0|0|
|10|325|\-237|Bubba Wallace|0|3|4|10|0|16.9|103|0|1|
|11|324|\-238|Ross Chastain|0|1|5|10|0|14.7|50|0|0|
|12|317|\-245|Ryan Blaney|0|3|4|10|1|18.7|198|1|0|
|13|298|\-264|Chris Buescher|0|1|4|10|0|16.1|2|0|0|
|14|296|\-266|Josh Berry|1|2|2|10|0|21.7|128|0|0|
|15|294|\-268|Kyle Busch|0|2|4|10|0|17.6|61|1|0|
|16|270|\-292|Michael McDowell|0|0|1|10|1|18.0|22|0|3|
|17|263|\-299|Ryan Preece|0|1|3|10|0|20.1|49|0|0|
|18|259|\-303|Joey Logano|0|0|1|10|0|19.7|284|1|0|
|19|255|\-307|Ty Gibbs|0|2|3|10|0|19.6|32|1|0|
|20|250|\-312|Carson Hocevar|0|2|3|10|0|21.6|10|0|0|
|21|248|\-314|A.J. Allmendinger|0|0|3|10|0|19.6|2|0|2|
|22|243|\-319|Daniel Suarez|0|1|1|10|0|20.7|14|0|0|
|23|241|\-321|Ricky Stenhouse Jr.|0|1|2|10|0|18.3|0|0|0|
|24|236|\-326|Zane Smith|0|0|1|10|1|19.3|8|0|0|
|25|230|\-332|John H. Nemechek|0|1|2|10|0|20.1|1|0|0|
|26|222|\-340|Austin Dillon|0|0|2|10|0|19.2|0|0|0|
|27|220|\-342|Noah Gragson|0|1|2|10|0|21.9|2|0|0|
|28|216|\-346|Todd Gilliland|0|0|3|10|0|20.3|7|0|0|
|29|204|\-358|Justin Haley|0|0|1|10|0|20.8|0|0|0|
|30|200|\-362|Erik Jones|0|0|0|10|0|21.5|1|0|0|
|31|199|\-363|Ty Dillon|0|0|0|10|0|22.1|4|0|0|
|32|154|\-408|Riley Herbst|0|0|0|10|0|25.6|0|0|0|
|33|151|\-411|Cole Custer|0|0|1|10|0|26.4|2|0|0|
|34|149|\-413|Shane van Gisbergen|0|1|1|10|0|28.1|25|0|0|
|35|148|\-414|Brad Keselowski|0|0|0|10|0|26.2|0|0|0|
|36|60|\-502|Jimmie Johnson|0|1|1|1|0|3.0|0|0|0|
|37|36|\-526|Justin Allgaier|0|0|1|1|0|9.0|0|0|0|
|38|34|\-528|Corey LaJoie|0|0|0|3|0|31.3|10|0|0|
|39|32|\-530|BJ McLeod|0|0|0|2|0|27.5|1|0|0|
|40|27|\-535|J.J. Yeley|0|0|0|4|0|35.5|2|0|0|
|41|18|\-544|Anthony Alfredo|0|0|0|1|0|28.0|19|0|0|
|42|11|\-551|Katherine Legge|0|0|0|1|0|30.0|0|0|0|
|43|10|\-552|Austin Hill|0|0|0|1|0|31.0|0|0|0|
|44|10|\-552|Jesse Love|0|0|0|1|0|31.0|0|0|0|
|45|5|\-557|Casey Mears|0|0|0|1|0|36.0|0|0|0|
|46|4|\-558|Burt Myers|0|0|0|1|0|37.0|0|0|0|
|47|4|\-558|Connor Zilisch|0|0|0|1|0|37.0|0|0|0|
|48|3|\-559|Martin Truex Jr.|0|0|0|1|0|38.0|0|0|0|
|49|2|\-560|Josh Bilicki|0|0|0|1|0|39.0|0|0|0|
|50|2|\-560|Helio Castroneves|0|0|0|1|0|39.0|0|0|0|

# 

# ",2025-04-29
t3_1kaorpb,RFK Racing Paint Schemes for the 2025 Texas Race,https://www.reddit.com/r/nascar/comments/1kaorpb/,/u/Dmacthegoat,2025-04-29 14:05:01+00:00,,2025-04-29
t3_1kazma9,2025 LASTCAR Cup & Xfinity Playoff standings (After Talladega I),https://www.reddit.com/r/nascar/comments/1kazma9/,/u/TIFUthebestSubreddit,2025-04-29 21:32:55+00:00,"Cup Series Playoff standings (Race 10/26)

1) Cody Ware 1 Loss 399 (5 PP)

2) Brad Keselowski 1 Loss 289 (5 PP)

3) Riley Herbst 1 Loss 269 (6 PP)

4) Erik Jones 1 Loss 267 (8 PP)

5) Carson Hocevar 1 Loss 245 (5 PP)

6) Joey Logano 1 Loss 207 (7 PP)

7) AJ Allmendinger 1 Loss 200 (7 PP)

8) JJ Yeley 1 Loss 193 (7 PP)

9) Shane van Gisbergen 331 (1 PP)

10) Cole Custer 287

11) Ty Dillon 245 (1 PP)

12) Josh Berry 238

13) Zane Smith 218

14) Noah Gragson 215

15) Daniel Suarez 212

16) Justin Haley 208

_____________________________________________

17) John Hunter Nemechek 208

18) Todd Gilliland 199

19) Ryan Preece 199

20) Ty Gibbs 195

21) Michael McDowell 190 (1 PP)

22) Ryan Blaney 189

23) Kyle Busch 182 (1 PP)

24) Austin Dillon 181

25) Ricky Stenhouse Jr 181

26) Chris Buescher 169

27) Chase Briscoe 165 (1 PP)

28) Austin Cindric 159

29) Alex Bowman 152

30) Bubba Wallace 148

_____________________________________________

Other Losers outside top 30 that most likely won't make multiple starts in the playoffs 

40) Josh Bilicki 1 Loss 60 (6 PP)

44) Connor Zilisch 1 Loss 44 (5 PP)

**___________________________**

Xfinity Playoff standings (Race 11/26)

1) Kris Wright 1 Loss 342 (7 PP)

2) William Sawalich 1 Loss 290 (7 PP)

3) Anthony Alfredo 1 Loss 259 (6 PP)

4) Mason Maggio 1 Loss 213 (7 PP)

5) Parker Retzlaff 1 Loss 208 (7 PP)

6) Christian Eckes 1 Loss 205 (7 PP)

7) Dean Thompson 1 Loss 204 (8 PP)

8) Taylor Gray 1 Loss 182 (5 PP)

9) Daniel Dye 1 Loss 160 (7 PP)

10) Greg Van Alst 351

11) Kyle Sieg 307

12) Ryan Ellis 290

_____________________________________________

13) Garrett Smithley 286

14) Blaine Perkins 240

15) Matt DiBenedetto 228

16) Brennan Poole 214

17) Josh Williams 201

18) Nick Sanchez 199

19) Jeremy Clements 194

20) Sheldon Creed 188

21) Connor Zilisch 169

22) Josh Bilicki 169

23) Joey Gase 164

24) Brandon Jones 163

25) Ryan Sieg 159

26) Jeb Burton 149

27) Mason Massey 145

28) Carson Kvapil 144

29) Leland Honeyman 144

30) Harrison Burton 143

_____________________________________________

Other Losers that most likely won't make multiple starts in the playoffs 

35) Justin Bonsignore 1 Loss 121 (7 PP)

48) Carson Hocevar 1 Loss 60 (7 PP)",2025-04-29
t3_1kbnygw,Are You a Fan of Drivers that are Rivals/Feud with Each Other?,https://www.reddit.com/r/nascar/comments/1kbnygw/,/u/NakedEyeComic,2025-04-30 18:40:09+00:00,"I preface a lot of my posts that I am a relatively recent motorsports fan, who got into it through Drive to Survive and (for NASCAR) Full Speed.

Since Full Speed was my real entry into the sport (as well as the Bubba documentary, also on Netflix) as a ""hardcore"" fan, I was drawn to Denny Hamlin as the season 1 ""protagonist"" and made him ""my driver."" I've since decided I've liked other drivers more (Bell, Reddick), but I still root for him and am an avid listener of his podcast.

I went down a YouTube rabbit hole of old Denny races and interviews a while ago, and there was apparently a part of his career where he and Brad Keselowski REALLY didn't like each other, so I was like, ""oh, so I guess I need to root against Brad."" However, as I've watched and learned more about the sport I've grown to really like Brad as well - he seems like a really nice, funny, fan-friendly guy and his drunken post-2012 Cup win interview on SportsCenter (someone posted a link to it here recently) was really endearing. I also appreciate that he's one of the drivers who took on team ownership to help grow the sport. So I root for Brad now as well.

I'm also well aware that Denny and Joey Logano have never gotten along, but despite his on-track reputation, Joey's off-track reputation is also one of the nicest guys in NASCAR, and he shares a home town with one of my wife's close friends, so I root for him also.

I've read this board long enough to know that there's definitely some heavy tribalism in NASCAR and strong feelings about certain drivers, but I'm wondering how prevalent it is for fans to support multiple drivers who have beef with each other.

Also, one thing that's interesting to me is that the newer generation of drivers (Bell, Blaney, Byron, etc.) don't seem to have the deep-seated personal rivalries with each other that drivers in years past had - part of me thinks that's a better, more mature approach to racing, but another side thinks it hurts NASCAR's marketability. The exception to this rule seems to be that everyone develops an issue with Ross Chastain at some point.  
",2025-04-30
t3_1kfk1vh,A Surface Level Statistic Analysis of Cup Rookies,https://www.reddit.com/r/nascar/comments/1kfk1vh/,/u/YankeeBarbary,2025-05-05 19:09:51+00:00,"*TLDR because this post is massive: Rookies in the current era win less than the golden years, but finish better on average.*

Hi. I'm Barbary. Part time NASCAR addict, full time asshole.

Recent controversy has been kicked up the past few weeks in NASCAR for several reasons. One of them being the latest quotes by known **GAMER** Kyle Larson, talking about how one of his primary motivators to race in the lower National level series is to embarrass both the points earning competitors and the sanctioning body themselves.

Due to my full time occupation, I'll admit I found this amusing. Because y'know, fuck'em.

But due to my the part time occupation, it made me wonder some things. Does him going down a few rungs actually help improve the abilities of up and comers? Has the lack of big names in the lower series directly correlated with new drivers being less capable? Will my father ever say he loves me?

In order to avoid another night of existential familial dread, I decided to do something I swore to never do again after I left college; actual source based research.

It was horrible. I had traumatic flashbacks to when an APA manual demanded I create a functioning works cited sheet before it gave me a swirly and called me an Austin Dillon fan.

OK enough shitposting.

---

These past few seasons, seeing many NASCAR drivers come up to Cup and hit a hard wall has made me ponder this issue in earnest.

Back in the day you had the likes of Jamie Mac and Carl Edwards beating out the best and claiming their first trophy in short order. Now a days, the Second Coming known as Ty Gibbs still hasn't even finished higher than 15th at season's end. While there's a crapton of factors that feed into the abilities of drivers in the pipeline, I wanted to take a look at defined metrics in relation to which era of Grand National/Trucks series racing they occurred in.

So let's sus out how new drivers do in a way that while not conclusive on it's own, provides a lens to look at the broader trends. 

The data I decided to look over was the performance of the rookie classes from 2000 to 2024, with specific focus on that season's Rookie of the Year. I chose this time period because it provides an ample sample size, while covering a lot of variables we can take into account (Cup driver eligibility, Cup teams racing in lower series, points formats, differences in cars raced between GN/Trucks and Cup). I'll be splitting the data into eras based on the car raced in Cup (Gen 4, CoT, Gen 6, NextGen). I'll also being laying out all of the data independently so that people can draw their own conclusions independent of my sterling color commentary.

Data shown will be individual rookies of that year's average finish, points finish for that season, and if they won a race. All stats pulled from Racing Reference. I'll be posting the data first, then my personal conclusions after the numbers.

---

***GEN 4 ERA***

(Premier Buschwhacking, also known as 'Harvick is Inevitable')

*--Year 2000--*

Rookie Class: Matt Kenseth, Dale Earnhardt Jr., Dave Blaney, Scott Pruett, Stacy Compton, Mike Bliss, Ed Berrier, Jeff Fuller (Not being counted due to not qualifying for ROTY)

ROTY Class Cup Mean Stats: Wins: .43 | Rank (Points Finishing Position): 31.70 | AVFN (Average Finishing Position): 27.86

Grand National Champion: Jeff Green

Trucks Champion: Greg Biffle

Rookie of the Year: Matt Kenseth

ROTY Cup stats: Wins: 1 | Rank (Points position): 14 | AVFN (Average Finish): 18.9

ROTY's Grand National stats: Wins: 4 | Rank: 3 | AVFN: 12.3 


*--Year 2001--*

Rookie Class: Kevin Harvick, Kurt Busch, Casey Atwood, Jason Leffler, Ron Hornaday Jr., Andy Houston

ROTY Class Cup Mean Stats: Wins: .33 | Rank: 27.17 | AVFN: 25.83

Grand National Champion: Kevin Harvick

Trucks Champion: Jack Sprague

Rookie of the Year: Kevin Harvick

ROTY Cup stats: Wins: 2 | Rank : 9 | AVFN : 14.1

ROTY's Grand National stats: Wins: 5 | Rank: 1 | AVFN: 9.6

*--Year 2002--*

Rookie Class: Ryan Newman, Jimmie Johnson, Shawna Robinson, Carl Long (Last two not being counted due to not qualifying for ROTY)

ROTY Class Cup Mean Stats: Wins: 2 | Rank: 5.5 | AVFN: 14

Grand National Champion: Greg Biffle

Trucks Champion: Mike Bliss

Rookie of the Year: Ryan Newman

ROTY Cup stats: Wins: 1 | Rank : 6 | AVFN : 14.5

ROTY's Grand National stats: N/A (Newman didn't run in a lower series again until 2005)

*--Year 2003--*

Rookie Class: Jamie McMurray, Greg Biffle, Tony Raines, Casey Mears, Jack Sprague, Larry Foyt

ROTY Class Cup Mean Stats: Wins: .17 | Rank: 27.00 | AVFN: 26.83

Grand National Champion: Brian Vickers

Trucks Champion: Travis Kvapil

Rookie of the Year: Jamie McMurray

ROTY Cup stats: Wins: 0 | Rank : 13 | AVFN : 18.6

ROTY's Grand National stats: Wins: 2 | Rank : 20 | AVFN : 12.9

*--Year 2004--*

Rookie Class: Kasey Kahne, Brendan Gaughan, Brian Vickers, Scott Wimmer, Scott Riggs, Johnny Sauter, Carl Edwards

ROTY Class Cup Mean Stats: Wins: 0 | Rank: 27.86 | AVFN: 22.39

Grand National Champion: Martin Truex Jr

Trucks Champion: Bobby Hamilton Sr

Rookie of the Year: Kasey Kahne

ROTY Cup stats: Wins: 0 | Rank : 13 | AVFN : 16.7

ROTY's Grand National stats: Wins: 0 | Rank : 11 | AVFN : 14.7

*--Year 2005--*

Rookie Class: Kyle Busch, Travis Kvapil, Mike Garvey, Stanton Barrett

ROTY Class Cup Mean Stats: Wins: 0.50 | Rank: 38.00 | AVFN: 30.40

Grand National Champion: Martin Truex Jr

Trucks Champion: Ted Musgrave

Rookie of the Year: Kyle Busch

ROTY Cup stats: Wins: 2 | Rank : 20 | AVFN : 21

ROTY's Grand National stats: Wins: 1 | Rank : 44 | AVFN : 24.9

*--Year 2006--*

Rookie Class: Denny Hamlin, Clint Bowyer, Martin Truex Jr., Reed Sorenson, J. J. Yeley, David Stremme, Brent Sherman (Not being counted due to not qualifying for ROTY)

ROTY Class Cup Mean Stats: Wins: 0.33 | Rank: 19.17 | AVFN: 21.25

Grand National Champion: Kevin Harvick

Trucks Champion: Todd Bodine

Rookie of the Year: Denny Hamlin

ROTY Cup stats: Wins: 2 | Rank : 3 | AVFN : 12.5

ROTY's Grand National stats: Wins: 2 | Rank : 4 | AVFN : 12.4

*--Year 2007--*

Rookie Class: Juan Pablo Montoya, David Ragan, Paul Menard, David Reutimann, A. J. Allmendinger, Brandon Whitt (Not being counted due to not qualifying for ROTY)

ROTY Class Cup Mean Stats: Wins: 0.2 | Rank: 31.8 | AVFN: 27.2

Grand National Champion: Carl Edwards

Trucks Champion: Ron Hornaday Jr.

Rookie of the Year: Juan Pablo Montoya

ROTY Cup stats: Wins: 1 | Rank : 20 | AVFN : 22.7

ROTY's Grand National stats: Wins: 1 | Rank : 36 | AVFN : 22.2

**Era ROTY Class Average Stats: Wins: 0.50  | Rank: 26.03 | AVFN: 24.47**

***COT ERA***

(Late Stage Buschwhacking, AKA the rise of the Pay Rookies)

*--Year 2008--*

Rookie Class: Regan Smith, Sam Hornish Jr., Patrick Carpentier, Michael McDowell, Dario Franchitti, Jacques Villeneuve (Not being counted due to not qualifying for ROTY)

ROTY Class Cup Mean Stats: Wins: 0.00 | Rank: 37.2 | AVFN: 30.38

Grand National Champion: Clint Bowyer

Trucks Champion: Johnny Benson Jr.

Rookie of the Year: Regan Smith

ROTY Cup stats: Wins: 0 | Rank : 34 | AVFN : 28.2

ROTY's Grand National stats: N/A (No GN races, only 1 Trucks race where he finished 17th)

*--Year 2009--*

Rookie Class: Joey Logano, Scott Speed, Max Papis, Dexter Bean (Not being counted due to not qualifying for ROTY)

ROTY Class Cup Mean Stats: Wins: 0.33 | Rank: 32.67| AVFN: 26.70

Grand National Champion: Kyle Busch

Trucks Champion: Ron Hornaday Jr.

Rookie of the Year: Joey Logano

ROTY Cup stats: Wins: 1 | Rank : 20 | AVFN : 20.00

ROTY's Grand National stats: Wins: 5 | Rank : 14 | AVFN : 7.6

*--Year 2010--*

Rookie Class: Kevin Conway, Terry Cook (Not being counted due to not qualifying for ROTY)

ROTY Class Cup Mean Stats: Wins: 0 | Rank : 25 | AVFN : 32.60

Grand National Champion: Brad Keselowski

Trucks Champion: Todd Bodine

Rookie of the Year: Kevin Conway

ROTY Cup stats: Wins: 0 | Rank : 25 | AVFN : 32.6

ROTY's Grand National stats: N/A (No GN or Trucks races)

*--Year 2011--*

Rookie Class: Andy Lally, T. J. Bell, Brian Keselowski (Last two didn't qualify for ROTY contention)

ROTY Class Cup Mean Stats: Wins: 0 | Rank : 33.00 | AVFN : 30.80

Grand National Champion: Ricky Stenhouse Jr.

Trucks Champion: Austin Dillon

Rookie of the Year: Andy Lally

ROTY Cup stats: Wins: 0 | Rank : 33.00 | AVFN : 30.80

ROTY's Grand National stats: N/A (No GN or Trucks races)

*--Year 2012--*

Rookie Class: Stephen Leicht, Josh Wise

ROTY Class Cup Mean Stats: Wins: 0 | Rank : 35.00 | AVFN : 37.35

Grand National Champion: Ricky Stenhouse Jr.

Trucks Champion: James Buescher

Rookie of the Year: Stephen Leicht

ROTY Cup stats: Wins: 0 | Rank : 41 | AVFN : 25.6

ROTY's Grand National stats: Wins: 0 | Rank : N/A | AVFN : 42.0

**Era ROTY Class Average Stats: Wins: 0.07  | Rank: 32.57 | AVFN: 31.57**

***GEN6 ERA***

(The end of Buschwacking, and the age of the Slow Burn rookie)

*--Year 2013--*

Rookie Class: Ricky Stenhouse Jr., Danica Patrick, Timmy Hill

ROTY Class Cup Mean Stats: Wins: 0 | Rank : 28.00 | AVFN : 26.33

Grand National Champion: Austin Dillon

Trucks Champion: Matt Crafton

Rookie of the Year: Ricky Stenhouse Jr.

ROTY Cup stats: Wins: 0 | Rank : 19 | AVFN : 18.9

ROTY's Grand National stats: Wins: 0 | Rank : N/A | AVFN : 17.0

*--Year 2014--*

Rookie Class: Kyle Larson, Austin Dillon, Justin Allgaier, Cole Whitt, Michael Annett, Alex Bowman, Ryan Truex, Parker Kligerman

ROTY Class Cup Mean Stats: Wins: 0 | Rank : 37.36 | AVFN : 27.73

Grand National Champion: Chase Elliott

Trucks Champion: Matt Crafton

Rookie of the Year: Kyle Larson

ROTY Cup stats: Wins: 0 | Rank : 17 | AVFN : 14.2

ROTY's Grand National stats: Wins: 2 | Rank : N/A | AVFN : 8.4

*--Year 2015--*

Rookie Class: Brett Moffitt, Matt DiBenedetto, Jeb Burton, Alex Kennedy, Tanner Berryhill* (Not being counted due to not qualifying for ROTY)

ROTY Class Cup Mean Stats: Wins: 0 | Rank : 36.75 | AVFN : 33.40

Grand National Champion: Chris Buescher

Trucks Champion: Erik Jones

Rookie of the Year: Brett Moffit

ROTY Cup stats: Wins: 0 | Rank : 34 | AVFN : 30.5

ROTY's Grand National stats: Wins: 0 | Rank : N/A | AVFN : 21

*--Year 2016--*

Rookie Class: Chase Elliott, Chris Buescher, Ryan Blaney, Brian Scott, Jeffrey Earnhardt

ROTY Class Cup Mean Stats: Wins: 0.2 | Rank : 18.20 | AVFN : 24.14

Grand National Champion: Daniel Suarez

Trucks Champion: Johnny Sauter

Rookie of the Year: Chase Elliott

ROTY Cup stats: Wins: 0 | Rank : 10 | AVFN : 14.6

ROTY's Grand National stats: Wins: 1 | Rank : N/A | AVFN : 5.3

*--Year 2017--*

Rookie Class: Erik Jones, Daniel Suárez, Ty Dillon, Corey LaJoie, Gray Gaulding

ROTY Class Cup Mean Stats: Wins: 0.0 | Rank: 26.22 | AVFN: 23.10

Grand National Champion: William Byron

Trucks Champion: Christopher Bell

Rookie of the Year: Erik Jones

ROTY Cup stats: Wins: 0 | Rank : 19 | AVFN : 17.1

ROTY's Grand National stats: Wins: 3 | Rank : N/A | AVFN : 12.5

*--Year 2018--*

Rookie Class: William Byron, Bubba Wallace

ROTY Class Cup Mean Stats: Wins: 0.0 | Rank: 25.5 | AVFN: 23.30

Grand National Champion: Tyler Reddick

Trucks Champion: Brett Moffitt

Rookie of the Year: William Byron

ROTY Cup stats: Wins: 0 | Rank : 23 | AVFN : 22.1

ROTY's Grand National stats: N/A (Didn't race in GN or Trucks in 2018, wouldn't go back to the lower series until 2021 in Trucks)

*--Year 2019--*

Rookie Class: Daniel Hemric, Ryan Preece, Matt Tifft

ROTY Class Cup Mean Stats: Wins: 0.0 | Rank: 27.33 | AVFN: 23.87

Grand National Champion: Tyler Reddick

Trucks Champion: Matt Crafton

Rookie of the Year: Daniel Hemric

ROTY Cup stats: Wins: 0 | Rank : 25 | AVFN : 22.5

ROTY's Grand National stats: N/A (Didn't race in GN or Trucks)

*--Year 2020--*

Rookie Class: Cole Custer, Tyler Reddick, Christopher Bell, John Hunter Nemechek, Brennan Poole, Quin Houff

ROTY Class Cup Mean Stats: Wins: 0.17 | Rank: 24.5 | AVFN: 23.37

Grand National Champion: Austin Cindric

Trucks Champion: Sheldon Creed

Rookie of the Year: Cole Custer

ROTY Cup stats: Wins: 1 | Rank : 16 | AVFN : 19.2

ROTY's Grand National stats: N/A (Didn't race in GN or Trucks)

*--Year 2021--*

Rookie Class: Chase Briscoe, Anthony Alfredo

ROTY Class Cup Mean Stats: Wins: 0.00 | Rank: 26.5 | AVFN: 23.55

Grand National Champion: Daniel Hemric

Trucks Champion: Ben Rhodes

Rookie of the Year: Chase Briscoe

ROTY Cup stats: Wins: 0 | Rank : 23 | AVFN : 19.6

ROTY's Grand National stats: Wins: 0 | Rank : N/A | AVFN : 12.5

**Era ROTY Class Average Stats: Wins: 0.04  | Rank: 27.82 | AVFN: 25.42**

***NEXTGEN ERA***

(Contemporary history and where we are now)

*--Year 2022--*

Rookie Class: Austin Cindric, Harrison Burton, Todd Gilliland

ROTY Class Cup Mean Stats: Wins: 0.33 | Rank: 22.33 | AVFN: 20.77

Grand National Champion: Ty Gibbs

Trucks Champion: Zane Smith

Rookie of the Year: Austin Cindric

ROTY Cup stats: Wins: 1 | Rank : 12 | AVFN : 16.3

ROTY's Grand National stats: N/A (Didn't race in GN or Trucks)

*--Year 2023--*

Rookie Class: Ty Gibbs, Noah Gragson

ROTY Class Cup Mean Stats: Wins: 0.00 | Rank: 25.5 | AVFN: 23.3

Grand National Champion: Cole Custer

Trucks Champion: Ben Rhodes

Rookie of the Year: Ty Gibbs

ROTY Cup stats: Wins: 0 | Rank : 18 | AVFN : 18.4

ROTY's Grand National stats: Wins: 1 | Rank : N/A | AVFN : 9.6

*--Year 2024--*

Rookie Class: Carson Hocevar, Josh Berry, Zane Smith, Kaz Grala

ROTY Class Cup Mean Stats: Wins: 0.00 | Rank: 25.75 | AVFN: 23.18

Grand National Champion: Justin Allgaier

Trucks Champion: Ty Majeski

Rookie of the Year: Carson Hocevar

ROTY Cup stats: Wins: 0 | Rank : 21 | AVFN : 18.3

ROTY's Grand National stats: N/A (Didn't race in GN or Trucks)

**Era ROTY Class Average Stats: Wins: 0.11  | Rank: 24.53 | AVFN: 22.42**

---

Wow. That was a lot of numbers. That took me two days of sifting through records. Why did I do this?

So in that mess of data, the highlight I wanted to point out is the change in mean stat between eras. Wins and average finishing position are the most stable metrics, because as we all know the point system has changed too many times over the past 20 years.

Let's start with wins. As we can see, there is a MASSIVE drop-off in rookies winning races from Gen 4 onwards. We go from 0.5, to 0.07, to .04. The mean does jump up once we hit the NextGen, but that's entirely carried by Austin Cindric's 2022 Daytona 500 win (Before someone asks, I didn't include either SVG's Chicago upset or Jamie Mac's 2002 Lowes win because they're both the definition of statistical outliers). Fundamentally speaking, the ability for a rookie class to beat their seniors has gotten worse and worse over time. Even with the severe limits on drivers heading down to lower series, there hasn't been much change.

That being said, there has been SIGNIFICANT improvement in rookies' average finishing position. The CoT era had the worst average by far, but as things are going now NextGen rookies are doing even better than their Gen4 counterparts.

As for points finish average, it's actually stayed in line with average finishing position through the eras. Even with the changes in format, it usually hangs 1 or 2 spots behind the classes' average finishing position.

But then leaves the question; if Buschwhacking was so effective at smothering talent in the cradle, then how did the early 2000s still pump out so many extremely talented rookie classes? Series regulars beating up the kids was a thing all the way into the early 90s, but that didn't stop Hall of Famers like Matt Kenseth or Jimmie Johnson or Martin Truex Jr from making their way onto the scene.

Well there's a ton of variables in that, a lot of which these statistics (Or any statistics) won't be able to tell you. But from what I saw, the reason why things got so bad in in the CoT era is fairly clear.

The competitive Cup teams already had the drivers they needed.

Seriously. The lineup from the early 2000s lasted deep into the 2010s, which meant that the teams could lock in exceptionally talented drivers early. If the drivers didn't stay locked down, they just swapped positions between the already strong teams (See Kyle Busch going from HMS to JGR). This mean the only teams taking on rookies were mid-pack and backmarkers, and these teams needed something important

**MONEY.** Or well, connections.

Front Row Motorsports needed sponsors, Kevin Conway provided (well, not really). Andy Lally was a sports car ace, TRG was just the Cup branch of an existing IMSA team. Circle Sport Racing was a mess from start to finish, and Stephen Leicht brought the car back to the garage intact so they could save cash on repairs and parts.

Fact of the matter was the good Cup teams weren't looking for new talent, so they didn't really bother *fostering* new talent. Why would Penske invest in driver development when you've got prime Brad Keselowski winning championships? Oh what's that, Kurt Busch didn't work out? Just grab Joey Logano after JGR fired him, he's talented and needs a ride.

We see echoes of this now, still. Ford's development pipeline isn't all that, because they can rely on either elevating high end talent from Trucks or snatching eager newcomers from Chevy or Toyota. We see genuinely talented drivers win multiple championships in the lower series, but they never even sniff a Cup contract (Reminder that Ben Rhodes is only **28**).

**But what does this say about Buschwhacking? Does Kyle Larson doing what he does actually embarrass anyone, and show the absolute state of up-and-coming drivers?**

No. Not really. All it does prove is that Cup drivers are absolutely GOATed, and they always have been. Kyle Larson isn't better than Xfinity regulars because they're trash, he's better than them because he's *Kyle Larson.*

I mean for God's sake Aric Amirola is the dictionary definition of average when it comes to Cup drivers, and whenever he races Xfinity he's a constant threat. Why? Because Cup drivers are just that good!

Overall what the data shows is pretty straight-forwards; the contemporary Cup rookie isn't as flashy as the legends of yore, but they can still hang with the veterans. They won't win, but they'll get good finishes. Finishes that they build on and use to reach their full potential.

On top of that, once they get their bearings, they start hitting well above their weight. Sometimes that means they have to drop back down, but that's good for the sport too. Xfinity and Trucks needs their veterans. Ty Majeski as a Trucks lifer makes their races better, not worse.

Anyway, I'm going back to pretending to do my job and re-watching Justified. You all take care out there.",2025-05-05
t3_1kflrmb,Joey Logano two wins away from tying Rusty Wallace for most wins by Penske driver,https://www.reddit.com/r/nascar/comments/1kflrmb/,/u/PenskeFiles,2025-05-05 20:17:50+00:00,"Most wins by a Team Penske driver

Rusty Wallace — 37
Joey Logano — 35
Brad Keselowski — 34 

Joey passed Brad with his win at Texas. Crazy he’s only 2 away from tying Rusty Wallace.  ",2025-05-05
t3_1kg5c2x,RFK Racing Paint Schemes for the 2025 Spring Kansas Race,https://www.reddit.com/r/nascar/comments/1kg5c2x/,/u/Dmacthegoat,2025-05-06 14:05:29+00:00,,2025-05-06
t3_1kgewqr,Jeremy Bullins is performing consistently to last year,https://www.reddit.com/r/nascar/comments/1kgewqr/,/u/curiosity6648,2025-05-06 20:31:37+00:00,"Last season, Jeremy Bullins was crew chief of Harrison Burton on the Wood Brothers 21 car. In a season full of struggles, they scored the 34th most points at just 439 points over the full season. Luckily for them, they won Daytona and made the playoffs. 

This year, Jeremy Bullins has moved to crew chief former Cup Champion Brad Keselowski. Currently, they are 32nd in points with 142 points after 11 races. 0 top 10s this year. They are on pace for 464 points over the full season. 

Harrison Burton in 2025 is currently having an extremely solid season at AM Racing sitting 10th in points with 1 top 5 and 6 top 10s in a car that even with Joey Logano behind the wheel at times last season didn't look this good. 

Maybe the common denominator is the problem... For some reason I don't think Brad Keselowski forgot how to drive in a single off-season, I don't think Harrison Burton suddenly remembered how to drive, and I don't think the Wood Brothers magically improved to being a legit 4th Penske car just from a driver change. ",2025-05-06
t3_1kh1da7,Brad Keselowski 2025 Coke 600 Scheme Reveal,https://www.reddit.com/r/nascar/comments/1kh1da7/,/u/JRob1998,2025-05-07 16:15:21+00:00,https://x.com/rfkracing/status/1920131648999338416?s=46&t=o8Tfrzb9FyLR9MVzGxM0qQ,2025-05-07
t3_1khdcfm,Writeup Wednesday Every Week Until the 2025 Championship Weekend #11: Owner-Drivers and Superteams in NASCAR,https://www.reddit.com/r/nascar/comments/1khdcfm/,/u/bruhmoment2248,2025-05-08 00:42:51+00:00,"When you look up and down the NASCAR garage today and who owns each car you see on the racetrack, it’s a hodge-podge of private investors and legacy teams propped up by nostalgia. So where did the types of owners and drivers that started NASCAR go? Let’s talk about it.

'

[drivers owning teams may be the new meta again...](https://preview.redd.it/72r01qabfgze1.png?width=1070&format=png&auto=webp&s=c29f46a84b2b517449cc4dbc68247d4eba9ec3f4)

'

# Where Did The Owner-Driver Originate?

The era of superteam organizations and multi-car teams is still a relatively new concept considering the timeline of motorsports in America beginning with the Chicago-Evanston race in 1895. When racing began en masse, you basically ran what you bought and built to race that fit within the posted rules. Far and away were the days of corporate sponsors and multiple team cars in one stable that weren’t backups to the main car. In this time, almost EVERYONE was an owner-driver, and that’s how it remained even into the crossover point to the modern era. 

'

But as more money started flowing in and more eyes started descending upon the regional sport that had found itself underneath a national spotlight, the days of owner-drivers suddenly merged with the new trend of former drivers opening teams themselves. Guys like Junior Johnson, Rick Hendrick, Richard Childress, and quite a few others saw their operations climb to the top of the food chain. Alongside them, the Petty operation was still as big as ever as one of the first ""superteams"" in NASCAR, even with the King in the twilight of his career. Even still, some guys still took the solo approach, to varying degrees of success that was now starting to get out of reach for some. As solitary operations were slowly getting phased out, one man set out to defy those around him.

'

# Underbird's Place in History

'

[I wonder if he kept that comb somewhere safe, that thing's probably worth millions now](https://preview.redd.it/4r3bzr1vcgze1.png?width=692&format=png&auto=webp&s=42e0df8c8e6c37db851d78f65c764809155843ec)

'

When Alan Kulwicki burst onto the Winston Cup scene in the mid-80s having come off of racing in the midwest, he very quickly found his stock car racing hopes in peril when his team owner Bill Terry abruptly stopped his support of the team, forcing Kulwicki to buy the team for himself having already sold off most of his things to race in Cup to begin with. But with a degree’s worth of knowledge and a point to prove, he won Rookie of the Year in 1986 and managed to keep the team afloat for a few years until he got his break with Hooters in 1991, eventually leading to his famous championship the following season in 1992.

'

Alan’s momentous feat inspired a wave that ultimately changed the course of stock car racing history. Becoming an owner-driver suddenly became the hot new fad, and some gobbled at the opportunity of trying to win it like Alan. There was Bill Elliott, the man that Kulwicki beat for the title in 1992 that jumped ship from Junior Johnson after 1994 to run his own fleet of Fords, of which he never won in any of them. Ricky Rudd followed in Darrell Waltrip’s footsteps and became an owner-driver after departing from Hendrick, and Waltrip himself took inspiration from Kulwicki and decided to start building his own motors for 1993; it went SO well. 

'

[this was quite the common sight throughout the 90s once he stopped using Hendrick's motors, a sad end to what should have been an even more legendary career for Jaws](https://preview.redd.it/ykytr188dgze1.png?width=570&format=png&auto=webp&s=ad15d28895310dd0cfb29238da7fabea5e3d6d75)

'

And of course, there was Geoff Bodine who ended up buying Kulwicki’s team after his tragic passing in 1993 and ran it for a few years onward, albeit not to the level that Alan had. But apart from Rudd winning at the Brickyard, none of these guys had any major success as an owner-driver, and not one of them won a championship or a crown jewel race in this time, though Darrell HAD won a rain-shortened Southern 500 for his final career victory. In other words, they all spent varying degrees of money and effort into trying to best someone that had already achieved the seemingly unthinkable. And it certainly wasn’t going to get any easier with the new millennium on the horizon, unless you had the pull of someone like Dale Earnhardt.

'

[all 3 of them could have been champions, what could have been :\(](https://preview.redd.it/byhrvz2rdgze1.png?width=424&format=png&auto=webp&s=a58a61c818c7a4e8087a1cbf0734f5bb4afda34d)

'

# The Superteam

The 2000s saw more expansion within teams than ever before, with all of Hendrick, Gibbs, Childress, Penske, Ganassi, DEI, and Roush all adding one or multiple new teams in this time. Roush in particular became a powerhouse of their own by the mid-2000s, with multiple champions in Matt Kenseth and Kurt Busch and all 5 cars making the 10-car Chase in 2005. Following that, Hendrick’s own superteam dominated for the remainder of the decade, with the superstar additions of Dale Earnhardt Jr. and Mark Martin, and Jimmie Johnson rattling off 5 championships in a row like it was no big deal. Clearly, the future was consolidation of power amongst the top teams with the most money and sponsors, but one man didn’t quite see it that way.

'

[Even being on a superteam with Denny Hamlin and Kyle Busch, Tony had to do it on his path](https://preview.redd.it/9r4b89jydgze1.png?width=300&format=png&auto=webp&s=dc9e12c3ce3b9fd8f23541d9021a9f6f76bba677)

'

In 2008, Tony Stewart decided to leave Joe Gibbs Racing after a decade with Coach Gibbs and invested into Haas CNC Racing, renaming it Stewart-Haas Racing for 2009 and beyond. He saw instant success in year one, winning the All-Star Race and 4 points races across the season to make the Chase and finish 6th? in the standings at season’s end. The following year saw Tony win a few more races and solidify his new team as contenders for wins week in and week out. But it was 2011 where Stewart achieved what he calls one of the 2 greatest accomplishments of his career, the other being his 1995 USAC Triple Crown. 

'

Tony became the first since Kulwicki to not only pull off a late season comeback to win the Cup championship in the final race of the season where the top 2 in the standings finished in the top 2 positions, but also win the Cup title as an owner-driver. Not in nearly 20 years had this feat been accomplished, but Stewart pulled it off having not won a single race before the start of the Chase, then pulled off 5 victories in the final 10 races to win on a tiebreaker over Carl Edwards, who’d been a crucial part of the Roush superteam that dominated the 2000s.

'

[if they don't make a movie about the 1992 season, they need to make one about 2011](https://preview.redd.it/6bcvbvrdegze1.png?width=1200&format=png&auto=webp&s=f84af1f1eed544b40be6ac040e4f4f2aee70994b)

'

And yet, there are people who question if Stewart’s title was TRULY an owner-driver effort, as he didn’t fully own the team himself; he only owned 50% whereas Gene Haas owned the other 50% controlling interest. Still, it is the closest we’ve come to seeing an owner-driver winning it all in the modern era, and it’s a feat that may not be replicated anytime soon. Even when Stewart first formed SHR, owner-drivers were essentially relegated to becoming start-and-parkers once the Great Recession hit. The rich got richer, and the less fortunate got screwed over.

'

# So Who's Left?

These days, the true owner-driver is as rare as it’s ever been; you’d be hard-pressed to find drivers emulating how it was done in the formative times of stock car racing, considering how much money and influence is needed to race competitively nowadays than back then. There certainly aren’t many competing at the top level of their series nowadays compared to back then, but with drivers like Denny Hamlin and Brad Keselowski investing into race teams within the last few years, it’s possible that the trend may shift in the other direction.

'

Whether or not it does, we shall wait and see.

'

[it took awhile, but Keselowski finally got his win for his team and is the most recent owner-driver \(on his own team\) to win a Cup race](https://preview.redd.it/yxzqaeqkegze1.png?width=1000&format=png&auto=webp&s=da0654e42c6f7b40ea27b4478abf9593d12f81ca)

'

# Next Week...

Y'all know what race is on before the World 600...",2025-05-08
t3_1khqs6m,Odd Ricky Stenhouse Fact that ranks him with the legends of the sport.,https://www.reddit.com/r/nascar/comments/1khqs6m/,/u/ITMAKESSENSE72,2025-05-08 13:58:17+00:00,"He's won all 4 of the ""plate"" races, spring and summer versions at Talladega and Daytona.  

Jamie McMurray is close, he has not won the spring Talladega race but won the others.  Others that were close, Jimmie never won Fall Talladega but won the others, Michael Waltrip is a spring Talladega win away from it, Kevin Harvick never won the fall Talladega race, Kyle Busch is a Daytona 500 AND fall Talladega away, Brad Keselowski needs a Daytona 500, Denny Hamlin needs the summer Daytona race, as does Joey Logano.  Lastly, Dale Jarrett was close, he needed a spring Talladega win (which, in the right year, could have won him the Winston Million as well, he finished 2nd the year he was up for the million).  

Jeff Gordon completed this as well in an odd way, he technically won the fall Talladega race in 1996 but it swapped with the spring race (as far as the million dollar race and the designated crown jewel status) at one point, he did eventually win the current fall Talladega race in 2007 though to officially complete the sweep.

Dale Jr of course did this, he completed the task winning the 2004 Daytona 500, he actually did it twice, once with DEI and almost once with HMS!  But he won each race at least two times in his career.  Of course, Dale Sr completed his, finally, with the 1998 Daytona 500 and like Jeff Gordon, he had won both versions of the Talladega fall race.  

Ricky Stenhouse, among the legends of plate racing....",2025-05-08
t3_1ki0zs8,"2025 LASTCAR Cup, Xfinity, and Truck Playoff Standings (after Texas)",https://www.reddit.com/r/nascar/comments/1ki0zs8/,/u/TIFUthebestSubreddit,2025-05-08 20:55:24+00:00,"Cup Series Playoff standings (Race 11/26)

1) Cody Ware 1 Loss 439 (5 PP)

2) Brad Keselowski 1 Loss 315 (5 PP)

3) Riley Herbst 1 Loss 283 (6 PP)

4) Erik Jones 1 Loss 270 (8 PP)

5) Carson Hocevar 1 Loss 267 (5 PP)

6) AJ Allmendinger 1 Loss 235 (7 PP)

7) Joey Logano 1 Loss 208 (7 PP)

8) JJ Yeley 1 Loss 193 (7 PP)

9) Denny Hamlin 1 Loss 162 (7 PP)

10) Shane van Gisbergen 358 (1 PP)

11) Cole Custer 304

12) Josh Berry 277

13) Ty Dillon 259 (1 PP)

14) Noah Gragson 247

15) Zane Smith 236

16) Ryan Preece 226

_____________________________________________

17) Daniel Suarez 225

18) Justin Haley 221

19) John Hunter Nemechek 216

20) Ty Gibbs 216

21) Michael McDowell 214 (1 PP)

22) Todd Gilliland 211

23) Kyle Busch 200 (1 PP)

24) Chase Briscoe 198 (1 PP)

25) Chris Buescher 191

26) Ryan Blaney 190

27) Austin Dillon 186

28) Ricky Stenhouse Jr 185

29) Alex Bowman 185

30) Austin Cindric 182

_____________________________________________

Other Losers outside top 30 that most likely won't make multiple starts in the playoffs)

41) Josh Bilicki 1 Loss 60 (6 PP)

46) Connor Zilisch 1 Loss 44 (5 PP)

**___________________________**

Xfinity Playoff standings (Race 12/26) (somehow all 30 drivers that were in the top 30 last week stayed in the top 30, probably because Thomas Annunziata was 31st, and he wasn't in the 70 this week lol)

1) Christian Eckes 2 Losses 263 (13 PP)

2) Kris Wright 1 Loss 375 (7 PP)

3) William Sawalich 1 Loss 301 (7 PP)

4) Anthony Alfredo 1 Loss 269 (6 PP)

5) Mason Maggio 1 Loss 247 (7 PP)

6) Dean Thompson 1 Loss 229 (8 PP)

7) Parker Retzlaff 1 Loss 220 (7 PP)

8) Taylor Gray 1 Loss 183 (5 PP)

9) Daniel Dye 1 Loss 169 (7 PP)

10) Greg Van Alst 351

11) Kyle Sieg 332

12) Garrett Smithley 316

_____________________________________________

13) Ryan Ellis 315

14) Blaine Perkins 264

15) Matt DiBenedetto 241

16) Josh Williams 236

17) Brennan Poole 229

18) Jeremy Clements 223

19) Sheldon Creed 222

20) Nick Sanchez 217

21) Josh Bilicki 214 (1 PP)

22) Joey Gase 200

23) Leland Honeyman 176

24) Brandon Jones 170

25) Connor Zilisch 169

26) Mason Massey 167

27) Ryan Sieg 165

28) Carson Kvapil 161

29) Jeb Burton 157

30) Harrison Burton 147

_____________________________________________

Other Losers that most likely won't make multiple starts in the playoffs 

37) Justin Bonsignore 1 Loss 121 (7 PP)

48) Carson Hocevar 1 Loss 60 (7 PP)

**___________________________**

Truck series Playoff Standings (race 8/18)

1) Stephen Mallozzi 3 Losses 235 (21 PP)

2) Kaden Honeycutt 1 Loss 194 (7 PP)

3) Norm Benning 1 Loss 188 (8 PP)

4) Nathan Byrd 275

5) Frankie Muniz 270

6) Toni Briedinger 269 (1 PP)

7) Spencer Boyd 250

8) Connor Mosack 215

9) Matt Mills 191

10) Matt Crafton 184

_____________________________________________

11) Andres Perez de Lara 177

12) Jack Wood 171

13) Dawson Sutton 168

14) Ben Rhodes 165

15) Justin Carroll 163

16) Gio Ruggerio 161

17) Luke Fenhaus 158

18) Stewart Friesen 156

19) Tanner Gray 147

20) Ty Majeski 145

21) Rajah Caruth 130

22) Corey Day 129

23) Josh Reaume 128

24) Layne Riggs 128

25) Brandon Jones 125

26) Bayley Currey 117

27) Cody Dennison 115

28) Grant Enfinger 112

29) Jake Garcia 105

30) Keith McGee 1 Loss 104 (6 PP)

_____________________________________________

Other Losers that most likely won't make multiple starts in the playoffs 

31) Parker Kligerman 1 Loss 101 (7 PP)

38) Ryan Roulette 1 Loss 57 (5 PP)",2025-05-08
t3_1kkdiv7,"[Replay from Fox: NASCAR on X] It took the booth a full 5 seconds to realize Brad Keselowski was in the wall, even with the camera trained on him the entire time.",https://www.reddit.com/r/nascar/comments/1kkdiv7/,/u/CCM284,2025-05-11 22:45:29+00:00,,2025-05-11
t3_1kkrvct,Brad Keselowski's rough 2025 so far,https://www.reddit.com/r/nascar/comments/1kkrvct/,/u/Clear-Mouse-8473,2025-05-12 12:58:21+00:00,"data from u/XFile345. 

",2025-05-12
t3_1klkr5d,NASCAR on FOX 25: Greatest Race of Each Year,https://www.reddit.com/r/nascar/comments/1klkr5d/,/u/Altracing34,2025-05-13 12:33:09+00:00,"So, I know that NASCAR on FOX has not been very popular on this sub for a long time I thought for the sake of celebrating its 25 years of covering NASCAR I'd try and make a list of its greatest races in every year that it's covered NASCAR since 2001. Some of these races I've chosen were on my ""Greatest/Most Important NASCAR Cup Race of Each Year"" that I had done to celebrate 75 years of NASCAR with the rest being races I thought were significant enough to be included on this list. If anyone has any objection to any of the races chosen and has a better race for a particular year please let me know and I will change it so that this list is as accurate as fans deem it to be. 

**2001 Cracker Barrel Old Country Store 500** (In just his third race since taking over Dale Earnhardt’s car after his untimely death Kevin Harvick edge Jeff Gordon by six one thousandths of a second for his first career win)

**2002 Food City 500** (After giving a bump and run to Jimmy Spencer late in the race which would then lead to a long rivalry between the two Kurt Busch scores his first career win in the Cup Series)

**2003 Carolina Dodge Dealers 400** (Ricky Craven and Kurt Busch battle side by side with both cars stuck together as Craven edges out Kurt Busch for the win in what was at the time the closest finish in NASCAR history at 0.002 seconds)

**2004 Subway 400** (Rockingham Speedway’s last Cup Series race as of today sees Carl Long flipping down the backstretch and Kasey Kahne in his second career start just barely lose out to Matt Kenseth by one one hundredth of a second)  

**2005 Golden Corral 500** (After winning his first Busch Series race the day before Carl Edwards barely passes Jimmie Johnson on the final lap to claim his first victory in the Cup Series becoming the first driver to get his first career win in two series in the same weekend)

**2006 Food City 500** (Kurt Busch bumps former teammate Matt Kenseth out of the lead and holds off Kevin Harvick to win his first race for Roger Penske while Kenseth gets into a physical confrontation with Jeff Gordon after spinning him out on the final lap)

**2007 Daytona 500** (While the field wrecks behind them Kevin Harvick and Mark Martin race side by side to the finish line with Harvick edging out Martin in a last lap pass to win the Daytona 500 while Harvick’s teammate Clint Bowyer finishes 18th upside down)

**2008 Crown Royal Presents the Dan Lowry 400** (While battling for the lead of the race late Kyle Busch gets into the back of Dale Earnhardt Jr and sends him around much to the ire of the race fans and allows Clint Bowyer to take the lead and hold off Busch for the win)

**2009 Aaron’s 499** (In just his fifth career start Brad Keselowski makes a late move on Carl Edwards and a late block by Edwards sends him into the catch fence while Keselowski pulls of the upset to win his first career race in the Cup Series)

**2010 Aaron’s 499** (In a race that saw a record 87 lead changes and three overtime finishes Kevin Harvick edges out Jaime McMurray on the last lap of the race to win his first Cup race in over three years)

**2011 Daytona 500** (In a race that saw a record number of lead changes and cautions rookie driver Trevor Bayne in just his second career start pulls off the upset becoming the youngest Daytona 500 winner ever just one day after his 20th birthday)

**2012 Daytona 500** (The first Daytona 500 held on a Monday sees a bizarre incident where Juan Pablo Montoya crashes into a jet dryer leading to a long red flag leading to the race ending past 1 in the morning and Matt Kenseth winning his second Daytona 500)

**2013 Auto Club 400** (After getting into a confrontation with one another in the previous race Denny Hamlin and Joey Logano race for the win but get together on the final lap and wreck allowing Kyle Busch to squeak by for the win. Hamlin is left with a back injury after the crash while Logano gets into a physical altercation with Tony Stewart after Stewart felt Logano gave him a bad block on the final restart)

**2014 Daytona 500** (In the first race that sees his father’s famous #3 return to the Cup Series for the first time since his death Dale Earnhardt Jr. holds off the pack on an overtime restart to win his second Daytona 500)

**2015 Food City 500 In Support of Steve Byrnes** (Matt Kenseth breaks a 51 race winless streak in a race that honored long time FOX pit reporter Steve Byrnes' battle with cancer. Byrnes would pass away two days later with his last tweet saying “I went the distance”)

**2016 Toyota/Save Mart 350** (After a timely caution put him in front of the field Tony Stewart battled Denny Hamlin for the win with Hamlin passing Stewart with half a lap to go and then Stewart dive bombing the last corner to get back around Hamlin to score his 49th and final career win in his final season)

**2017 Daytona 500** (NASCAR’s first race with stage racing sees the 500 come down to a fuel mileage race with Kurt Busch able to stretch his fuel and in his seventeenth attempt finally win his first Daytona 500)

**2018 STP 500** (A race that got pushed back to Monday due to snow sees Clint Bowyer breaking a 190-race winless streak scoring his first win since joining Stewart-Haas Racing the previous year)

**2019 Daytona 500** (After going winless for the first time in his career the previous season Denny Hamlin leads a Joe Gibbs Racing 1-2-3 finish for his second Daytona 500 win one month after team owner Joe Gibbs son J.D. Gibbs passed away after a long battle with a neurological brain disease)

**2020 The Real Heroes 400** (NASCAR becomes the first major sport in the United States to return to action after the start of the COVID-19 Pandemic and in an empty race track Kevin Harvick claims the win)

**2021 Food City Dirt Race** (Joey Logano wins the first ever dirt race at Bristol Motor Speedway in a race that marked the Cup Series’ return to dirt for the first since 1970)

**2022 EchoPark Texas Grand Prix** (A frantic three car battle for the lead between Ross Chastain, AJ Allmendinger and Alex Bowman sees Chastain give a bump to Allmendinger which sends him into Bowman and gives Chastain and Trackhouse Racing it’s first career win in the Cup Series)

**2023 Advent Health 400** (Denny Hamlin gets the better of Kyle Larson in a last lap battle for the lead to get the win while an argument between Ross Chastain and Noah Gragson after an earlier race incident leads to a fight between the two drivers)

**2024 Ambetter Health 400** (A race that sees a record number of lead changes sees a three-finish for the lead between Daniel Suarez, Ryan Blaney and Kyle Busch with Suarez edging out Blaney by .003 seconds and the top 3 being separated by less than a hundredth of a second)

**2025 EchoPark Texas Grand Prix** (A new layout for NASCAR at the Circuit of the Americas sees Christopher Bell pass Kyle Busch late for the lead and hold off both William Byron and Tyler Reddick to win)

",2025-05-13
t3_1klmxv5,RFK Racing Paint Schemes for the 2025 All Star Open and All Star Race,https://www.reddit.com/r/nascar/comments/1klmxv5/,/u/Dmacthegoat,2025-05-13 14:11:39+00:00,,2025-05-13
t3_1kmktbp,RFK Racing’s Fan Day is officially on May 23rd that will also include a major partnership announcement,https://www.reddit.com/r/nascar/comments/1kmktbp/,/u/Dmacthegoat,2025-05-14 17:17:05+00:00,,2025-05-14
t3_1kmsvx0,2025 LASTCAR Cup & Truck Playoff Standings (after Kansas I),https://www.reddit.com/r/nascar/comments/1kmsvx0/,/u/TIFUthebestSubreddit,2025-05-14 22:47:30+00:00,"Cup Series Playoff standings (Race 12/26)

1) AJ Allmendinger 2 Losses 296 (14 PP)

2) Cody Ware 1 Loss 484 (5 PP)

3) Brad Keselowski 1 Loss 350 (5 PP)

4) Riley Herbst 1 Loss 323 (6 PP)

5) Erik Jones 1 Loss 300 (8 PP)

6) Carson Hocevar 1 Loss 291 (5 PP)

7) Joey Logano 1 Loss 215 (7 PP)

8) Denny Hamlin 1 Loss 196 (7 PP)

9) Shane van Gisbergen 379 (1 PP)

10) Cole Custer 331

11) Ty Dillon 305 (1 PP)

12) Josh Berry 281

13) Noah Gragson 259

14) Daniel Suarez 257

15) Ty Gibbs 251

16) Justin Haley 250

_____________________________________________

17) Zane Smith 250

18) Michael McDowell 235 (1 PP)

19) Ryan Preece 231

20) John Hunter Nemechek 226

21) Todd Gilliland 221

22) Kyle Busch 219 (1 PP)

23) Bubba Wallace 213

24) Ricky Stenhouse Jr 208

25) Austin Dillon 206

26) Chase Briscoe 200 (1 PP)

27) Chris Buescher 197

28) JJ Yeley 1 Loss 193 (7 PP)

29) Austin Cindric 191

30) Ryan Blaney 191

_____________________________________________

Other Losers outside top 30 that most likely won't make multiple starts in the playoffs 

41) Josh Bilicki 1 Loss 60 (6 PP)

46) Connor Zilisch 1 Loss 44 (5 PP)

**___________________________**

Truck series Playoff Standings (race 9/18)

1) Stephen Mallozzi 3 Losses 235 (21 PP)

2) Kaden Honeycutt 1 Loss 207 (7 PP)

3) Layne Riggs 1 Loss 188 (7 PP)

4) Nathan Byrd 322

5) Frankie Muniz 313

6) Toni Briedinger 294 (1 PP)

7) Spencer Boyd 289

8) Connor Mosack 238

9) Matt Mills 209

10) Dawson Sutton 202

_____________________________________________

11) Matt Crafton 202

12) Jack Wood 202

13) Andres Perez de Lara 201

14) Norm Benning 1 Loss 188 (8 PP)

15) Ben Rhodes 181

16) Tanner Gray 179

17) Gio Ruggerio 171

18) Stewart Friesen 165

19) Ty Majeski 164

20) Justin Carroll 163

21) Luke Fenhaus 158

22) Rajah Caruth 156

23) Cody Dennison 152

24) Bayley Currey 148

25) Brandon Jones 136

26) Corey Day 129

27) Josh Reaume 128

28) Grant Enfinger 126

29) Jake Garcia 117

30) Keith McGee 1 Loss 104 (6 PP)

_____________________________________________

Other Losers that most likely won't make multiple starts in the playoffs 

33) Parker Kligerman 1 Loss 101 (7 PP)

39) Ryan Roulette 1 Loss 57 (5 PP",2025-05-14
t3_1kn8kby,No. 17 RFK Racing team hit with L1-level penalty post-Kansas,https://www.reddit.com/r/nascar/comments/1kn8kby/,/u/MississippiBulldawg,2025-05-15 13:43:58+00:00,https://www.nascar.com/news-media/2025/05/15/no-17-rfk-racing-team-hit-with-l1-level-penalty-post-kansas/,2025-05-15
t3_1knaknx,RFK Racing Statement Regarding Penalty and Possible Appeal,https://www.reddit.com/r/nascar/comments/1knaknx/,/u/Dmacthegoat,2025-05-15 15:07:54+00:00,,2025-05-15
t3_1ko8bbw,Update from RFK Racing:,https://www.reddit.com/r/nascar/comments/1ko8bbw/,/u/Equivalent_Dish_1990,2025-05-16 18:35:52+00:00,,2025-05-16
t3_1kolqq8,Predicting Final NASCAR Career Win Totals for Active Drivers,https://www.reddit.com/r/nascar/comments/1kolqq8/,/u/Yeetawaythesecond,2025-05-17 05:44:42+00:00,"Over the decades, NASCAR’s generational or sub-generational talents have almost always crossed the 30-win threshold. For some, their greatness was obvious from the start.. think Jeff Gordon, Dale Earnhardt, or Tony Stewart. Others took longer to hit their stride, like Martin Truex Jr. and Kevin Harvick, who racked up the bulk of their wins in the latter half of their careers.

With that in mind, I’ve put together my projections for where I think each currently active full-time driver will end up in terms of total NASCAR Cup Series wins. These predictions are based on current performance, team trajectory, age, and historical patterns.

Driver,Projected Career Wins
Kyle Larson, 55
Denny Hamlin, 68
Kyle Busch, 65
Joey Logano, 40
William Byron, 36
Chase Elliott, 28
Ryan Blaney, 22
Christopher Bell, 42
Tyler Reddick, 35
Ross Chastain, 15
Alex Bowman, 18
Brad Keselowski, 36
Austin Cindric, 7
Chase Briscoe, 32
Josh Berry, 3
Bubba Wallace, 5
Chris Buescher, 7
Erik Jones, 4
Ty Gibbs, 41
Noah Gragson, 2
Justin Haley, 2
Michael McDowell, 4
Austin Dillon, 5
AJ Allmendinger, 3
Zane Smith, 0
Todd Gilliland, 0
Ricky Stenhouse Jr, 6
Riley Herbst, 1
Cole Custer, 1
Ryan Preece, 1
Cody Ware, 0
Ty Dillon, 0
John Hunter Nemechek, 2
Shane van Gisbergen, 3

Major Points:
	•	Kyle Larson, William Byron, Christopher Bell, Tyler Reddick are projected to have generational careers with multiple multi-win seasons and championship contention well into the 2030s.
	•	Chase Elliott, Ross Chastain, Ryan Blaney, will remain solid winners but won’t hit the prolific pace of the sport’s upper tier.
	•	Ty Gibbs and Chase Briscoe are poised for late-career breakouts and could mirror the upward arcs of Harvick and Truex.
	•	Denny Hamlin still has gas in the tank and could break 65 wins before he retires, while Kyle Busch and Brad Keselowski may only add 1-2  wins at most.
	•	Alex Bowman, Michael McDowell  Austin Cindric, Bubba Wallace, and Chris Buescher, Ricky Stenhouse Jr will stay competitive and win occasionally, but aren’t projected to break out into consistent multi-win seasons.
	•	Drivers like Noah Gragson, Ryan Preece, and John Hunter Nemechek are still question marks if  talent is there, but team and timing will determine if they break through. I predict Ware, both Dillons, Todd Gilliland, Zane Smith, AJ Allmendinger will not visit victory lane ever / for the remainder of their careers.",2025-05-17
t3_1kqmoab,RFK Racing will appeal the Buescher penalty,https://www.reddit.com/r/nascar/comments/1kqmoab/,/u/ChaseTheFalcon,2025-05-19 20:44:20+00:00,,2025-05-19
t3_1kqmq77,RFK Racing (@RFKracing) on X RFK to Appeal Buescher Penalty,https://www.reddit.com/r/nascar/comments/1kqmq77/,/u/[deleted],2025-05-19 20:46:23+00:00,[deleted],2025-05-19
t3_1kr5obe,RFK Racing Paint Schemes for the 2025 Coca Cola 600,https://www.reddit.com/r/nascar/comments/1kr5obe/,/u/Dmacthegoat,2025-05-20 14:03:58+00:00,,2025-05-20
t3_1ksrn3d,RFK Racing Teasing a New Paint Scheme that will be revealed tomorrow at Noon,https://www.reddit.com/r/nascar/comments/1ksrn3d/,/u/Dmacthegoat,2025-05-22 14:08:22+00:00,,2025-05-22
t3_1ksu760,The 2009 season is pretty overlooked,https://www.reddit.com/r/nascar/comments/1ksu760/,/u/MisterCCL,2025-05-22 15:53:10+00:00,"Given that it was the fourth of five consecutive Jimmie Johnson championships, and he once again cranked it up to an 11 during the Chase, I can understand why people overlook this season. That said, while it wasn’t absolute cinema like 1992, 2011, or 2024, I honestly think it was a really underrated season that was defined by just having solid racing.

2009 was a really solid picture of the good side of the winged COT era. The superspeedways and short tracks were amazing, and the road courses and intermediates, while hit or miss, were still usually pretty solid. I haven’t watched every race that season, so I’m sure I missed some duds, but overall, I’ve enjoyed every race that I’ve watched.

Big picture, even if the championship storyline was all too familiar by this point, there was still some good intrigue. Most notably, there was Mark Martin’s resurgence, which was thrilling to watch. There was also the storyline of if Kyle Busch would make the Chase or not (if he had, he would have started the Chase 1st in points on wins). We got to see future champions Joey Logano and Brad Keselowski get their first wins (Brad wasn’t even full-time yet). Juan Pablo Montoya really came into his own this year, too. Even in the context of the championship fight, Tony Stewart, Jeff Gordon, and Mark Martin all looked like they could give Jimmie a run for his money for a while.

There were some down moments, such as both the Daytona 500 and Coca-Cola 600 being rain-shortened, but overall, I think 2009 was a pretty solid season. I wasn’t really watching NASCAR at the time, so all of my exposure to this era has been in retrospect, but I’ve mostly found it really good. No one really disputes that 2011 was the best COT season, but I am glad to see that it seems like more people are realizing that even the early COT put on a lot of good races. Curious if y’all have any thoughts on the 2009 season.  ",2025-05-22
t3_1kvvk7x,A change is needed to the points system (and I'm not talking about the playoffs).,https://www.reddit.com/r/nascar/comments/1kvvk7x/,/u/allthingsmustpass9,2025-05-26 14:20:19+00:00,"Forgive me as I go on this rant, but I wanted to see what other opinions are out there regarding the points system itself, not the playoffs. I'm talking about how the points are tallied race to race. Every position is only one point higher than the next from last all the way to 2nd, and the winner only gets 5 bonus points. It creates situations where the winner of a race may not score the most points in the race, and this is a common occurrence.

I know Charlotte has the extra stage so it makes the disparity even more egregious, but William Byron outscored Chastain by 15 points. Tyler Reddick, who finished  26th, scored more points than Brad Keselowski who finished 5th. I'm sure examples like this can be found in almost every race. 

I have no problem with stage points, but I think a race winner should score the most points, period. There needs to be more of a tiered system similar to IndyCar or Formula 1, where say the winner gets 75 points, 2nd is 60, 3rd is 55, etc and then maybe it goes down to one point per position outside of the Top 10.

There's always a lot of talk about changes to the playoffs, but I think the most important change that's needed is in the points system itself.",2025-05-26
t3_1kwo3og,RFK Racing Paint Schemes for the 2025 Nashville Cup Series Race,https://www.reddit.com/r/nascar/comments/1kwo3og/,/u/Dmacthegoat,2025-05-27 14:04:10+00:00,,2025-05-27
t3_1kxsuwc,"2025 LASTCAR Cup, Xfinity, and Truck Playoff Standings (After Charlotte Oval)",https://www.reddit.com/r/nascar/comments/1kxsuwc/,/u/TIFUthebestSubreddit,2025-05-28 21:17:35+00:00,"Cup Series Playoff standings (Race 13/26)

1) AJ Allmendinger 2 Losses 297 (14 PP)

2) Cody Ware 1 Loss 515 (5 PP)

3) Riley Herbst 1 Loss 362 (6 PP)

4) Brad Keselowski 1 Loss 355 (5 PP)

5) Carson Hocevar 1 Loss 321 (5 PP)

6) Erik Jones 1 Loss 309 (8 PP)

7) Joey Logano 1 Loss 230 (7 PP)

8) Denny Hamlin 1 Loss 208 (7 PP)

9) Shane van Gisbergen 389 (1 PP)

10) Cole Custer 350

11) Ty Dillon 320 (1 PP)

12) Daniel Suarez 296

13) Zane Smith 294

14) Josh Berry 292

15) Justin Haley 276

16) Ty Gibbs 271

_____________________________________________

17) Noah Gragson 265

18) John Hunter Nemechek 249

19) Bubba Wallace 244

20) Michael McDowell 238 (1 PP)

21) Ryan Preece 236

22) Todd Gilliland 235

23) Ryan Blaney 231

24) Kyle Busch 230 (1 PP)

25) Alex Bowman 228

26) Austin Cindric 226

27) Austin Dillon 222

28) Chris Buescher 215

29) Ricky Stenhouse Jr 215

30) Chase Briscoe 201 (1 PP)

_____________________________________________

Other Losers outside top 30 that most likely won't make multiple starts in the playoffs 

31) JJ Yeley 1 Loss 193 (7 PP)

38) Josh Bilicki 1 Loss 114 (6 PP)

41) Jimmie Johnson 1 Loss 80 (7 PP)

43) Connor Zilisch 1 Loss 68 (5 PP)

**___________________________**

Xfinity Playoff standings (Race 13/26)

1) Christian Eckes 2 Losses 270 (13 PP)

2) Kris Wright 1 Loss 400 (7 PP)

3) William Sawalich 1 Loss 314 (7 PP)

4) Anthony Alfredo 1 Loss 292 (6 PP)

5) Parker Retzlaff 1 Loss 271 (7 PP)

6) Mason Maggio 1 Loss 247 (7 PP)

7) Dean Thompson 1 Loss 232 (8 PP)

8) Taylor Gray 1 Loss 211 (5 PP)

9) Sammy Smith 1 Loss 203 (7 PP)

10) Daniel Dye 1 Loss 198 (7 PP)

11) Kyle Sieg 364

12) Greg Van Alst 351

_____________________________________________

13) Garrett Smithley 343

14) Ryan Ellis 321

15) Matt DiBenedetto 292

16) Blaine Perkins 286

17) Brennan Poole 249

18) Josh Williams 240

19) Jeremy Clements 237

20) Sheldon Creed 230

21) Nick Sanchez 218

22) Josh Bilicki 214 (1 PP)

23) Leland Honeyman 206

24) Joey Gase 200

25) Brandon Jones 187

26) Nick Leitz 180

27) Katherine Legge 177

28) Ryan Sieg 177

29) Carson Kvapil 176

30) Jeb Burton 175

_____________________________________________

Other Losers that most likely won't make multiple starts in the playoffs 

38) Justin Bonsignore 1 Loss 121 (7 PP)

49) Carson Hocevar 1 Loss 60 (7 PP)

**___________________________**

Truck series Playoff Standings (race 11/18)

1) Kaden Honeycutt 1 Loss 222 (7 PP)

2) Layne Riggs 1 Loss 198 (7 PP)

3) Chandler Smith 1 Loss 144 (5 PP)

4) Frankie Muniz 399

5) Toni Briedinger 395 (2 PP)

6) Spencer Boyd 358

7) Nathan Byrd 322

8) Connor Mosack 281

9) Dawson Sutton 266

10) Jack Wood 254

_____________________________________________

11) Andres Perez de Lara 251

12) Norm Benning 2 Losses 249 (8 PP)

13) Matt Mills 247

14) Matt Crafton 244

15) Stephen Mallozzi 3 Losses 235 (21 PP)

16) Ben Rhodes 225

17) Tanner Gray 223

18) Justin Carroll 218 (1 PP)

19) Ty Majeski 206

20) Gio Ruggerio 203

21) Stewart Friesen 199

22) Cody Dennison 197

23) Rajah Caruth 184

24) Luke Fenhaus 182

25) Bayley Currey 148

26) Brandon Jones 148

27) Jake Garcia 144

28) Grant Enfinger 141

29) Corey Day 129

30) Josh Reaume 128

_____________________________________________

Other Losers that most likely won't make multiple starts in the playoffs 

32) Parker Kligerman 1 Loss 117 (7 PP)

34) Keith McGee 1 Loss 104 (6 PP)

35) Ryan Roulette 1 Loss 103 (5 PP)",2025-05-28
t3_1kzxtp1,Could we be have the exact same 36 drivers in cup next year? (And No Rookies),https://www.reddit.com/r/nascar/comments/1kzxtp1/,/u/InflatibleOrange,2025-05-31 14:02:16+00:00,"After reading Jordan Bianchi's article about how it could be a ""boring"" silly season yesterday, I got to thinking about just how few seats are even in question:

  
Teams with All Drivers Signed (HMS - 4, JGR - 4, Penske - 3, 23XI - 3, RCR - 2, Wood Bros - 1, HYAK - 1) - 18 cars total

Teams with some Drivers signed (Spire - 2, RFK - 1, Legacy - 1, FRM - 1, Kaulig - 1, Trackhouse - 1) - 7 cars total



That only leaves the following:

Brad Keselowski - will almost certainly be back unless he makes a surprise retirement

Justin Haley - Would be surprised if he doesn't get a second year

Ty Dillon - Probably the most likely to get replaced, but still running decent enough and none of Kaulig's xfinity drivers are exactly lighting the world on fire (only real scenario I see is Suarez goes here if he gets the boot)

Todd Gilliland - Has been with team for multiple years and is their best driver, would be shocked if he leaves

Zane Smith - like Haley, is only in first year with team

Cole Custer - like Haley and smith, is only in first year with team

John Hunter Nemechek - Don't see a better opportunity for him or the team

Cody Ware - Dad owns the team - back unless Legacy gets his charter

Ryan Preece - Back unless Legacy gets his charter in the Rick Ware Lawsuit

Shane Van Gisbergen - like Haley, Custer, and Smith, only in first year with team

Daniel Suarez - back unless Zilisch is ready, he's been good but not good enough to throw him in cup after just 1 year in my opinion



So really, the only 2 even remotely likely are if Legacy gets a third charter at Rick Ware's expense and if Zilisch moves up, and the former sounds much more likely than the latter, which would still mean no rookies in 2026, which to my knowledge has never happened (and potentially set up an epic 2027 rookie fight between Heim and Zilisch, maybe Love or A. Hill too if Austin Dillon retires or KB moves to a new team)",2025-05-31
t3_1l2rh38,[Brad Keselowski on X] Live look at every insurance broker if we tried to do [220 MPH at Michigan] this today.,https://www.reddit.com/r/nascar/comments/1l2rh38/,/u/CNASFan1992,2025-06-04 00:01:53+00:00,,2025-06-04
t3_1l3h3y3,"2025 LASTCAR Cup, Xfinity, and Truck Playoff Standings (after Nashville)",https://www.reddit.com/r/nascar/comments/1l3h3y3/,/u/TIFUthebestSubreddit,2025-06-04 21:06:35+00:00,"Cup Series Playoff standings (Race 14/26)

1) AJ Allmendinger 2 Losses 321 (14 PP)

2) Cody Ware 1 Loss 557 (5 PP)

3) Riley Herbst 1 Loss 385 (6 PP)

4) Brad Keselowski 1 Loss 378 (5 PP)

5) Carson Hocevar 1 Loss 322 (5 PP)

6) Erik Jones 1 Loss 313 (8 PP)

7) Ricky Stenhouse Jr 1 Loss 265 (6 PP)

8) Joey Logano 1 Loss 231 (7 PP)

9) Denny Hamlin 1 Loss 209 (7 PP)

10) Shane van Gisbergen 411 (1 PP)

11) Cole Custer 367

12) Ty Dillon 347 (1 PP)

13) Josh Berry 319

14) Daniel Suarez 312

15) Justin Haley 310

16) Noah Gragson 309

_____________________________________________

17) Zane Smith 304

18) Ty Gibbs 299

19) John Hunter Nemechek 279

20) Alex Bowman 270

21) Ryan Preece 261

22) Todd Gilliland 257

23) Michael McDowell 256 (1 PP)

24) Austin Dillon 248

25) Bubba Wallace 247

26) Austin Cindric 241

27) Kyle Busch 239 (1 PP)

28) JJ Yeley 1 Loss 238 (7 PP)

29) Ryan Blaney 232

30) Chris Buescher 226

_____________________________________________

Other Losers outside top 30 that most likely won't make multiple starts in the playoffs 

38) Josh Bilicki 1 Loss 114 (6 PP)

42) Jimmie Johnson 1 Loss 80 (7 PP)

44) Connor Zilisch 1 Loss 68 (5 PP)

**___________________________**

Xfinity Playoff standings (Race 14/26)

1) Christian Eckes 2 Losses 303 (13 PP)

2) Daniel Dye 2 Losses 258 (14 PP)

3) Kris Wright 1 Loss 439 (7 PP)

4) William Sawalich 1 Loss 346 (7 PP)

5) Parker Retzlaff 1 Loss 324 (7 PP)

6) Anthony Alfredo 1 Loss 322 (6 PP)

7) Mason Maggio 1 Loss 280 (7 PP)

8) Dean Thompson 1 Loss 263 (8 PP)

9) Taylor Gray 1 Loss 234 (5 PP)

10) Sammy Smith 1 Loss 211 (7 PP)

11) Kyle Sieg 389

12) Ryan Ellis 355

_____________________________________________

13) Greg Van Alst 351

14) Garrett Smithley 343

15) Blaine Perkins 324

16) Matt DiBenedetto 322

17) Brennan Poole 263

18) Josh Williams 255

19) Jeremy Clements 254

20) Sheldon Creed 232

21) Nick Sanchez 230

22) Josh Bilicki 214 (1 PP)

23) Nick Leitz 212

24) Leland Honeyman 206

25) Joey Gase 200

26) Brandon Jones 198

27) Mason Massey 197

28) Ryan Sieg 196

29) Jeb Burton 188

30) Carson Kvapil 183

_____________________________________________

Other Losers that most likely won't make multiple starts in the playoffs 

38) Justin Bonsignore 1 Loss 121 (7 PP)

50) Carson Hocevar 1 Loss 60 (7 PP)

**___________________________**

Truck series Playoff Standings (race 12/18)

**1) Frankie Muniz 1 Loss 460 (7 PP)**

**2) Kaden Honeycutt 1 Loss 232 (7 PP)

**3) Layne Riggs 1 Loss 205 (7 PP)**

**4) Chandler Smith 1 Loss 155 (5 PP)**

5) Toni Briedinger 444 (2 PP)

6) Spencer Boyd 397

7) Nathan Byrd 367

8) Connor Mosack 308

9) Dawson Sutton 281

10) Jack Wood 280

_____________________________________________

11) Matt Crafton 278

12) Matt Mills 275

13) Andres Perez de Lara 274

14) Norm Benning 2 Losses 249 (8 PP)

15) Tanner Gray 243

16) Ben Rhodes 243

17) Stephen Mallozzi 3 Losses 235 (21 PP)

18) Stewart Friesen 224

19) Gio Ruggerio 220

20) Ty Majeski 218

21) Justin Carroll 218 (1 PP)

22) Luke Fenhaus 204

23) Cody Dennison 197

24) Rajah Caruth 189

25) Bayley Currey 161

26) Jake Garcia 160

27) Grant Enfinger 155

28) Brandon Jones 148

29) Tyler Ankrum 141

30) Corey Day 129

_____________________________________________

Other Losers that most likely won't make multiple starts in the playoffs 

34) Parker Kligerman 1 Loss 117 (7 PP)

37) Keith McGee 1 Loss 104 (6 PP)

38) Ryan Roulette 1 Loss 103 (5 PP)",2025-06-04
t3_1l3m5f4,Writeup Wednesday Every Week Until the 2025 Championship Weekend #15: Buschwhacking and its Effects on Modern-Day NASCAR,https://www.reddit.com/r/nascar/comments/1l3m5f4/,/u/bruhmoment2248,2025-06-05 00:52:01+00:00,"If you work in the landscaping business, you’re probably familiar with the concept of bushwhacking. If you’re familiar with the Xfinity Series’ history, you’re probably familiar with the concept of Buschwhacking. In some way, they are one and the same… let’s talk about it.

'

[vibrant paint schemes on the racetrack is always a plus, no matter what series](https://preview.redd.it/32d7rf8h805f1.png?width=1300&format=png&auto=webp&s=dc4481c2e690fb335e8b1c1869c50c86058006a9)

'

# Where Did Buschwhacking Come From?

In its most literal sense, the term Buschwhacking refers to the practice of Cup Series drivers contesting races in the lower tiers of national touring series, particularly the NASCAR Busch Series in the 90s and 2000s (hence the name). The act itself, however, predates the formation of the Xfinity Series from the old Sportsman division, and isn’t exclusive to NASCAR yet somewhat exclusive to motorsports. But in most other sports, once you play at a professional level you can’t really go back and hop down into amateur or collegiate play even if you never participate as a professional ever again.

'

This is where racing is a little different; while there are amateur leagues meant for driver development or for the local scene simply by way of scheduling and rulebooks, it wasn’t generally frowned upon for drivers in the top tiers to occasionally drop down a few pegs on the ladder and go for a Saturday cruise before the big race on Sunday. Key word: occasionally.

'

[ah yes, the original Buschwhacker](https://preview.redd.it/lqifgc8k805f1.png?width=3000&format=png&auto=webp&s=f630127e59da4488f75456706cb9c34e4d65c778)

'

The practice was respected for a long time throughout the 20th century. Even so, the worst offenders in this time like Mark Martin and Dale Earnhardt (who won the very first Busch Series race in 1982 having already become a Winston Cup champion) only ever ran about half the races in the lower tier series, which allowed for drivers to still be able to make careers for themselves in said series. But, like most things in NASCAR following the turn of the millennium, the latter’s death threw a wrench into everything. Once again, enter one Happy Harvick.

'

# Happy Harvick's Historic Task

[would Harvick still be as good if Rick Mast took up the Goodwrench ride? I guess we'll never know](https://preview.redd.it/p7odr06o805f1.png?width=1024&format=png&auto=webp&s=0ee5341a2e875c396a7df8a3b89832962f55e31f)

'

When Harvick got the call 3 nights after the 500 in 2001 to drive the former #3 car, Harvick was in the midst of his second full-time season in the Busch Series, and he was under contract until the end of that season. So not only was the weight of expectation and the gaze of the stock car racing world fully on the Bakersfield native, he was basically tasked to run 2 full series at the same time. In any other year before 2001, this would have been logistically impossible; if not for the fact that the Busch Series schedule was realigned for 2001 to be more travel-compatible with the Winston Cup Series, Harvick wouldn’t have been able to take the 2001 Busch title and do as well as he did in his rookie year in Cup.

'

But by pulling this off, he accidentally put everyone onto a new method: race as much as possible.

'

[all-star cars became a thing en masse at this time, and it became painful to watch at times](https://preview.redd.it/1yd6w1fz805f1.png?width=600&format=png&auto=webp&s=eda332f1634a8a77e213dca3e8593d29a2c534b6)

'

But to say the drivers are the ones that made the decision to start buschwhacking is lacking a bit of context. To understand how buschwhacking came to be, we must look at the teams fielding these Buschwhackers: major Cup teams that saw the benefit in driver development in the lower tier series by smaller family-owned teams that had made the category what it was. In fact, Harvick himself became RCR’s first Xfinity Series driver in the fall of 1999, and his success in the following years proved to team owners that fielding cars in the lower tier series was better for their drivers’ performances. And who else would bite first but Kevin Harvick.

'

[how Harvick wasn't put in the 21 car in NASCAR 07 is still beyond me years later](https://preview.redd.it/sauca532905f1.png?width=2560&format=png&auto=webp&s=0f3848dd2714a0d11d322ee0455b2578fb2eb603)

'

By 2006, Harvick had all but made the Busch Series his playground, winning the 2006 title by more than 800 points at season’s end. It was this particular season that proved to be the pinnacle of buschwhacking, in that the top 5 in points were all Cup drivers that ran the full 35-race slate of Busch races that year, and the highest non-Cup driver in 8th-placed Johnny Sauter ended up going into a full-time Cup gig the following year in the Haas #70. 

'

Like a choir of weed wackers on a Saturday morning, the sounds of Cup drivers’ dominating the Busch series for the rest of the decade and into the 2010s drowned out the potential new voices of drivers looking to work their way up the ladder, leading to 5 straight years of Cup drivers winning the title. All of Carl Edwards, Clint Bowyer, Kyle Busch, and Brad Keselowski (this last one is debatable, given it was his rookie year in Cup) won the Busch Series title in this time, and the overabundance of Cup drivers in it stifled driver development pipelines and froze out a lot of talent in the lower tiers. NASCAR finally had to put its foot down.

'

# Revenge of the Young Guns

[that July 2010 race is the only example of Buschwhacking that absolutely no one should frown upon, mind you](https://preview.redd.it/f7nxz4xb905f1.png?width=3000&format=png&auto=webp&s=9fbc9978ae5946f9fcd0684637d4dfa380d4d78c)

'

For 2011, drivers were required to declare for points in one series and one series only, to prevent Cup guys from snatching up titles like they had been for half a decade. However, there weren’t any restrictions on how many races they could run, so while to a lesser extent than before the Cup guys still contested a lot of Busch and Truck races and still dominated like they had been, leading to the first winless champion in 2013 in the form of Austin Dillon. This continued on for a few more years before NASCAR finally imposed start limits for Cup drivers in the lower series, limiting them to 7 per year at first in 2017 before another revision to 5 in 2020.

'

With these new rules in place, the lower tier series finally became a proving ground for younger talent and journeymen again, just as the racing gods intended. So how do we know that these changes work? We can see it in the list of Cup Series Rookie of the Year award winners in the years directly after the buschwhacking of the late 2000s and winners as of recent; you go from nobodies that got their rides from questionable places like boner pill money laundering to absolute stars that are dominating the Cup Series week in and week out today. Scratch that, THAT’S how you can tell the changes work: new talent is flowing like never before throughout the garages.

'

[I don't know that we'd have guys like Byron and Chastain in Cup now if not for the 2011 rules changes](https://preview.redd.it/g15ja7ti905f1.png?width=1000&format=png&auto=webp&s=e141bc9bbabc6c8731d6a9a103ac46c3fcdb9551)

'

And yes, the occasional Buschwhacker will still roll up to race on Saturdays and may put a spanking on the field like they’re supposed to, but for the most part each series now has its own identity in its driver lineups. Even still, there’s no better time than now to watch the preliminary events before the main event on Sunday; just make sure you do a little bushwhacking of your own before the green flag drops.

'

[in fact, some might say it's a better product to watch than the Cup series... imagine that](https://preview.redd.it/tph3l3eo905f1.png?width=1200&format=png&auto=webp&s=327e6df92446a311802cc70765c608ab9ecd0ba4)

'

# Next week...

Arrrrrrrrrrrrrrrrrrriba!",2025-06-05
t3_1l60w3k,[JAYSKI] Steve Phelps still optimistic about adding manufacturer to NASCAR UPDATES,https://www.reddit.com/r/nascar/comments/1l60w3k/,/u/hamburgerSteamedHams,2025-06-08 01:49:13+00:00,Breaking News Ryan Preece to RFK Racing!,2025-06-08
t3_1l69fpz,Tailgating Tent,https://www.reddit.com/r/nascar/comments/1l69fpz/,/u/Usual-Ad2237,2025-06-08 10:57:05+00:00,"I hope this is ok to ask here. 

Unfortunately, in March my father passed away. 

He was a big NASCAR fan and in January had a canopy tent made with RFK Racing on it. It has a Ford logo, says RFK Racing and has the teams race numbers on it. It’s white and blue 10 x 10 steel with a ‘sublimated’ canopy. He paid $1500 CAD for it. 

I was going to try to sell it, but I’m not convinced of the interest in something so specific? I was wondering if anyone could suggest to me a price that should be asked for it or confirm whether there would be any interest on buy and sell groups for something like this? 

The rest of my family is not as into NASCAR as he was so unfortunately there’s no real use of the tent/flagpoles for us here. 

Thanks in advance. ",2025-06-08
t3_1l758zv,[NASCAR Insights] RFK Racing placed 3 cars in the Top 10 today at Michigan. This is the first time they've had 3 cars finish in the Top 10 since Daytona in July of 2016.,https://www.reddit.com/r/nascar/comments/1l758zv/,/u/Altracing34,2025-06-09 13:47:16+00:00,,2025-06-09
t3_1l7d3bt,Nascar Cup Series stats since 2021 when Kyle Larson joined Hendrick Motosports.,https://www.reddit.com/r/nascar/comments/1l7d3bt/,/u/Fangio_The_Master,2025-06-09 18:54:31+00:00,"
Wins in Nascar Cup since 2021:

26 Kyle Larson

13 William Byron

13 Denny Hamlin

12 Christopher Bell

11 Joey Logano

10 Ryan Blaney

8 Chase Elliott

8 Tyler Reddick

7 Martin Truex Jr

6 Alex Bowman

6 Kyle Busch

6 Ross Chastain

5 Chris Buescher

3 Austin Cindric

2 AJ Allmendinger

2 Chase Briscoe

2 Kurt Busch

2 Austin Dillon

2 Brad Keselowski

2 Kevin Harvick

2 Ricky Stenhouse Jr

2 Michael McDowell

2 Daniel Suarez

2 Bubba Wallace

1 Aric Almirolla

1 Josh Berry

1 Harrison Burton

1 Erik Jones

1 Shane Van Gisbergen






Poles in Nascar Cup since 2021:

14 Christopher Bell

14 Kyle Larson

10 William Byron

10 Denny Hamlin

10 Tyler Reddick

9 Joey Logano

7 Michael McDowell

7 Chase Briscoe

6 Martin Truex Jr

5 Ryan Blaney

5 Alex Bowman

3 Bubba Wallace

3 Chase Elliott

2 Kyle Busch

2 Ross Chastain

2 Ty Gibbs

1 Chris Buescher

1 Austin Cindric

1 Cole Custer

1 Carson Hocevar

1 Brad Keselowski

1 Ryan Preece

1 Zane Smith

1 Daniel Suarez

1 Shane Van Gisbergen





Races Led Most Laps in Nascar Cup since 2021:

30 Kyle Larson

15 Denny Hamlin

15 William Byron

11 Joey Logano

11 Christopher Bell

10 Tyler Reddick

9 Ross Chastain

8 Chase Elliott

8 Martin Truex Jr

8 Ryan Blaney

7 Kyle Busch

5 Brad Keselowski

3 Kevin Harvick

3 Michael McDowell

2 Kurt Busch

2 Chris Buescher

2 Ty Gibbs

2 Austin Cindric

1 Daniel Suarez

1 Alex Bowman

1 Bubba Wallace

1 AJ Allmendiger

1 Aric Almirola

1 Ryan Preece

1 Chase Briscoe

1 Todd Gilliland





Stage Wins in Nascar Cup since 2021:

52 Kyle Larson

33 Denny Hamlin

27 Ryan Blaney

26 William Byron

23 Martin Truex Jr

20 Christopher Bell

19 Joey Logano

17 Tyler Reddick

16 Chase Elliott

13 Kyle Busch

12 Ross Chastain

8 Austin Cindric

8 Chris Buescher

6 Bubba Wallace

5 Kurt Busch

4 Chase Briscoe

4 Brad Keselowski

3 Kurt Busch

3 Daniel Suarez

3 Alex Bowman

3 Michael McDowell

2 Ty Gibbs

2 Ryan Preece

2 Josh Berry

1 Matt DiBenedetto

1 Aric Almirola

1 Kevin Harvick

1 Ryan Preece

1 Josh Berry

1 Joey Hand

1 Shane Van Gisbergen

1 AJ Allmendinger





Top 20 most Laps led since 2021:

6894 Kyle Larson

4522 Dennis Hamlin

3312 William Byron

2891 Martin Truex Jr

2566 Christopher Bell

2534 Ryan Blaney

2530 Chase Elliott

2261 Joey Logano

1763 Ross Chastain

1707 Tyler Reddick

1494 Kyle Busch

1222 Brad Keselowski

765 Chris Buescher

739 Bubba Wallace

625 Daniel Suarez

621 Austin Cindric

617 Chase Briscoe

569 Ty Gibbs

564 Alex Bowman

493 Kevin Harvick





Mile and a Half Track wins in Nascar Cup since 2021:

10 Kyle Larson

3 William Byron

3 Denny Hamlin

3 Joey Logano

3 Tyler Reddick

2 Christopher Bell

2 Ryan Blaney

2 Kurt Busch

2 Ross Chastain

1 Josh Berry

1 Alex Bowman

1 Kyle Busch

1 Bubba Wallace

1 Chase Elliott





Short Track(under a mile) wins in Nascar Cup since 2021:

5 Denny Hamlin

5 Kyle Larson

3 Ryan Blaney

2 Alex Bowman

2 Chris Buescher

2 William Byron

2 Martin Truex Jr

1 Christopher Bell

1 Kevin Harvick

1 Austin Dillon





Road-Course/Street Circuit wins in Nascar Cup since 2021:

6 Kyle Larson

3 Tyler Reddick

3 Christopher Bell

2 William Byron

2 Chase Elliott

2 AJ Allmendinger

1 Alex Bowman

1 Shane Van Gisbergen

1 Ross Chastain

1 Chris Buescher

1 Michael McDowell

1 Martin Truex Jr

1 Daniel Suarez





Restrictor Plate(Drafting) wins in Nascar Cup since 2021:

4 William Byron

2 Ryan Blaney

2 Ricky Stenhouse Jr

2 Austin Cindric

2 Chase Elliott

2 Joey Logano

1 Daniel Suarez

1 Ross Chastain

1 Bubba Wallace

1 Michael McDowell

1 Chris Buescher

1 Kyle Busch

1 Austin Dillon

1 Brad Keselowski

1 Tyler Reddick

1 Harrison Burton

1 Christopher Bell





Darlington, Phoenix, Indianapolis, Dover, Michigan, Nashville, New Hampshire
Pocono, Gateway and ×California× wins since 2021:

5 Kyle Larson

5 Joey Logano

5 Denny Hamlin

4 Martin Truex Jr

4 Christopher Bell

3 Chase Elliott

3 Kyle Busch

3 Ryan Blaney

2 William Byron

2 Alex Bowman

2 Chase Briscoe

2 Ross Chastain

1 Aric Almirola

1 Kevin Harvick

1 Erik Jones

1 Chris Buescher

1 Brad Keselowski

1 Austin Cindric

1 Tyler Reddick





Wins in the Playoffs since 2021:

10 Kyle Larson

5 Joey Logano

3 Denny Hamlin

3 Christopher Bell

3 Tyler Reddick

3 Ryan Blaney

2 Bubba Wallace

2 Ross Chastain

2 Chris Buescher

1 Martin Truex Jr

1 Alex Bowman

1 Erik Jones

1 Chase Elliott

1 William Byron

1 A.J. Allmendinger

1 Ricky Stenhouse Jr


",2025-06-09
t3_1l8coqy,2025 LASTCAR Cup & Truck Playoff Standings (after Michigan),https://www.reddit.com/r/nascar/comments/1l8coqy/,/u/TIFUthebestSubreddit,2025-06-10 22:40:46+00:00,"Cup Series Playoff standings (Race 15/26)

1) AJ Allmendinger 2 Losses 338 (14 PP)

2) Cody Ware 1 Loss 596 (5 PP)

3) Riley Herbst 1 Loss 419 (6 PP)

4) Brad Keselowski 1 Loss 388 (5 PP)

5) Carson Hocevar 1 Loss 351 (5 PP)

6) Alex Bowman 1 Loss 326 (6 PP)

7) Erik Jones 1 Loss 324 (8 PP)

8) Ricky Stenhouse Jr 1 Loss 287 (6 PP)

9) Joey Logano 1 Loss 253 (7 PP)

10) Denny Hamlin 1 Loss 210 (7 PP)

11) Shane van Gisbergen 430 (1 PP)

12) Cole Custer 414

13) Ty Dillon 347 (1 PP)

14) Noah Gragson 338

15) Justin Haley 338

16) Daniel Suarez 336 (1 PP)

_____________________________________________

17) Josh Berry 331

18) John Hunter Nemechek 321

19) Zane Smith 311

20 Ty Gibbs 302

21) Todd Gilliland 295

22) Michael McDowell 294 (1 PP)

23) Austin Cindric 272

24) Ryan Blaney 271

25) Ryan Preece 271

26) Austin Dillon 267

27) Bubba Wallace 251

28) Kyle Busch 247 (1 PP)

29) Chase Briscoe 244 (1 PP)

30) JJ Yeley 1 Loss 238 (7 PP)

_____________________________________________

Other Losers outside top 30 that most likely won't make multiple starts in the playoffs 

39) Josh Bilicki 1 Loss 114 (6 PP)

42) Jimmie Johnson 1 Loss 80 (7 PP)

44) Connor Zilisch 1 Loss 68 (5 PP)

**___________________________**

Truck series Playoff Standings (race 13/18)

1) Frankie Muniz 1 Loss 484 (7 PP)

2) Kaden Honeycutt 1 Loss 257 (7 PP)

3) Layne Riggs 1 Loss 219 (7 PP)

4) Chandler Smith 1 Loss 167 (5 PP)

5) Toni Briedinger 486 (2 PP)

6) Spencer Boyd 433

7) Nathan Byrd 408

8) Connor Mosack 331

9) Matt Mills 304

10) Jack Wood 304

_____________________________________________

11) Norm Benning 3 Losses 309 (22 PP)

12) Dawson Sutton 298

13) Matt Crafton 288

14) Andres Perez de Lara 287

15) Tanner Gray 264

16) Ben Rhodes 256

17) Ty Majeski 237

18) Gio Ruggerio 236

19) Rajah Caruth 236

20) Stephen Mallozzi 3 Losses 235 (21 PP)

21) Stewart Friesen 229

22) Justin Carroll 218 (1 PP)

23) Luke Fenhaus 211

24) Cody Dennison 197

25) Josh Reaume 173

26) Jake Garcia 171

27) Tyler Ankrum 169

28) Grant Enfinger 161

29) Bayley Currey 161

30) Daniel Hemric 148

_____________________________________________

Other Losers that most likely won't make multiple starts in the playoffs 

35) Parker Kligerman 1 Loss 117 (7 PP)

37) Keith McGee 1 Loss 104 (6 PP)

38) Ryan Roulette 1 Loss 103 (5 PP)",2025-06-10
t3_1l90yf2,If NASCAR came out tomorrow and said this was the 2026 Schedule how would you feel?,https://www.reddit.com/r/nascar/comments/1l90yf2/,/u/OkContribution1759,2025-06-11 18:56:47+00:00,"No Chase, races shortened outside of marquee races, and no stages. AI generated sponsor names   


But genuinely how would you feel if this was real?   
  
**1. Daytona 500**  
Feb 15 – Daytona International Speedway 

**2. Homestead-Miami Speedway**  
Feb 22 – Mobil 1 Homestead 200

**3. Rockingham Speedway**  
Mar 1 – Quaker State Rockingham 300

**4. Las Vegas Motor Speedway**  
Mar 8 – Monster Energy Las Vegas 300

**5. North Wilkesboro Speedway**  
Mar 15 – Old No. 7 North Wilkesboro 250

**6. Circuit of the Americas**  
Mar 22 – Heineken COTA Grand Prix

**7. Martinsville Speedway**  
Mar 29 – Blue-Emu Martinsville 300

**8. Sonoma Raceway**  
Apr 5 – Corona Sonoma Grand Prix

**OFF WEEK (Easter Break)**  
Apr 12

**9. Atlanta Motor Speedway**  
Apr 19 – FedEx Atlanta 300

**10. Richmond Raceway (Night)**  
Apr 26 – Virginia Lottery Richmond 250

**11. Texas Motor Speedway**  
May 3 – Valero Texas 300

**12. Kansas Speedway**  
May 10 – Sonic Kansas 300

**13. South Boston Speedway (All Star Race)**  
May 17 – NASCAR All Star Race Presented by Busch

**14. Charlotte Motor Speedway**   
May 24 – Coca-Cola 600

**15. Talladega Superspeedway**  
May 31 – GEICO Talladega 300

**16. Watkins Glen International**  
Jun 7 – Napa Auto Parts Watkins Glen Grand Prix

**17. Gateway (WWT Raceway)**  
Jun 21 – O'Reilly Auto Parts Gateway 200

**🌞 OFF WEEK (Summer Break)**  
Jun 28

**18. Daytona International Speedway**   
Jul 4 – Pepsi Presents the Firecracker 400

**19. Road America**  
Jul 12 – Jägermeister Road America Grand Prix

**20. Nashville Superspeedway**  
Jul 19 – Jack Daniel's Nashville 300

**21. Iowa Speedway**  
Jul 26 – Caterpillar Iowa 250

**22. Michigan International Speedway**  
Aug 2 – Snap-on Tools Michigan 300

**23. Bristol Motor Speedway (Night)**  
Aug 9 – Food City Bristol Night Race

**24. Pocono Raceway**  
Aug 16 – Pennzoil Pocono 300

**25. Dover Motor Speedway**  
Aug 23 – AAA Dover 300

**(Off Weekend)**  
Aug 30

**26. Darlington Raceway – Southern 500**  
Sep 6 – South Carolina Lottery Presents the Southern 500

**27. New Hampshire Motor Speedway**  
Sep 13 – Laconia Savings New Hampshire 200

**28. Talladega Superspeedway**   
Sep 20 – Bass Pro Shops Talladega 300

**29. Charlotte Motor Speedway**   
Sep 27 – Bank of America 300

**30. Indianapolis Motor Speedway Road Course**  
Oct 4 – Gainbridge Indy Road Grand Prix

**31. Indianapolis Motor Speedway Oval**   
Oct 11 – NASCAR Hall of Fame Brickyard 400

**32. Phoenix Raceway**  
Oct 18 – TicketGuardian Phoenix 321

**33. Atlanta Motor Speedway**   
Oct 25 – Xfinity Atlanta 300

**34. Homestead-Miami Speedway**   
Nov 1 – Castrol Homestead 200

**35. Martinsville Speedway**   
Nov 8 – 3M Martinsville 400

**36. Rockingham Speedway**   
Nov 15 – Sunoco Rockingham 300",2025-06-11
t3_1lcxmmr,Predicting career win totals for full time cup drivers,https://www.reddit.com/r/nascar/comments/1lcxmmr/,/u/AwkwardAd9233,2025-06-16 16:37:19+00:00,"Ross Chastain 24
Austin Cindric 21
Austin Dillon 7
Noah Gragson 15
Kyle Larson 55
Brad Keselowski 39
Justin Haley 4
Kyle Busch 69
Chase Elliott 24
Ty Dillon 1
Denny Hamlin 65
Ryan Blaney 37
AJ Allmendinger 6
Chris Buescher 22
Chase Briscoe 28
Christopher Bell 49
Josh Berry 9
Joey Logano 59
Bubba Wallace 19
William Byron 64
Todd Gilliland 5
Riley Herbst 3
Zane Smith 4
Cole Custer 6
John Hunter 13
Erik Jones 16
Tyler Reddick 59
Ricky Stenhouse 5
Alex Bowman 27
Cody Ware 0
Ty Gibbs 22
Ryan Preece 22
Michael McDowell 3
Carson Hocevar 31
Shane Van Gisbergen 5
Daniel Suarez 3",2025-06-16
t3_1ldnyhq,2025 RFK Racing Paint Schemes for Pocono,https://www.reddit.com/r/nascar/comments/1ldnyhq/,/u/Dmacthegoat,2025-06-17 14:03:10+00:00,,2025-06-17
t3_1leyo7q,"Writeup Wednesday Every Week Until the 2025 Championship Weekend #17: ""Boys, Have At It""",https://www.reddit.com/r/nascar/comments/1leyo7q/,/u/bruhmoment2248,2025-06-19 01:43:12+00:00,"We’ve all heard the audio of Ricky Stenhouse Jr. pathetically threatening a guy almost a foot taller than him thousands of miles away from home by now, but where did this sort of thing come from? Let’s talk about it.

'

[also how about that Mexico weekend, eh?](https://preview.redd.it/ec1ntaymes7f1.png?width=1300&format=png&auto=webp&s=386d1b3cf51649a44ab7c124fdb29d335662be50)

'

# Checkers or Wreckers

If you know anything about NASCAR, you’ll know it’s much more of a contact-based motorsport than other more delicate forms of racing where hard racing is guarded behind the veil of posh. But down in the rough and tumble short tracks that NASCAR and its fanbase grew up on, tempers are always bound to flare and fill the air with tension. But the focus of this particular discussion isn’t to exclusively focus on the tempers that have always presented themselves at the racetrack; rather, it is a singular focus on a singular era of tempered racing that influenced a generation of newer race fans and drivers who grew up watching it, and it proceeded to influence stock car racing as we know it today.

'

Before the 2010 season, NASCAR Vice President of Competition Robin Pemberton delivered a declaration to the drivers looking to mix it up with other drivers, wrapped in a 4 letter sentence that still rings in the minds of fans who were around to see it: “boys, have at it”. Initially an update to the temporary restriction on bump drafting at superspeedways, this new doctrine seemed to suggest that the sanctioning body would be more hands off with how drivers conducted themselves on the track, allowing more “self-policing” of etiquette in races and not handing out as many penalties for aggressive driving. This proclamation saw an early test only a few races into the season: a rehash of one the previous year’s biggest headlines early in the season: Bad Brad vs Cousin Carl 2.



# The Boys Start Having At It

[this was the final nail in the coffin for the wing in NASCAR](https://preview.redd.it/ruy6tiwids7f1.png?width=918&format=png&auto=webp&s=991c08120f14a6632be2bc25213b8a0b36c4bb94)

'

In what appeared like a walking contradiction of the doctrine laid out before the season started, Carl Edwards got parked after spinning Brad Keselowski out with 4 laps to go at Atlanta, having already had an incident with the Michigan driver earlier in the contest. Of course, Edwards deserved to be parked for nearly making Brad’s forehead touch the A-post at high speed, but this was the sort of incident that NASCAR’s higher ups seemingly encouraged with that January press conference even if they weren't meaning to; Edwards was the first to test the limits. He tested them again later in the year at Gateway, this time winning the race and sending Keselowski’s dad into an understandable fury.

'

A far tamer set of incidents went down races later between 4-time champion-winning teammates in Jeff Gordon and Jimmie Johnson, with the former growing tired of how his teammate was seemingly racing him throughout both of the April 2010 Texas and Talladega races, both of which saw Gordon wreck out 90% of the way into the race. It marked a more positive interpretation of the phrase, in that there was still respect to be had amongst those who feuded with each other on the racetrack, but that was definitely attributed to the fact that they were teammates, and that Gordon effectively helped make Johnson’s career what it was.

[\\""It takes a lot to get me mad, an-and I am pissed right now\\"" - Gordon after Talladega](https://preview.redd.it/1abmnxvpds7f1.png?width=600&format=png&auto=webp&s=2881a1aa0537474825267a36f1e02e9e7ae354b6)

'

One far more notable case from 2010 sparked a less respectful, but still competitive rivalry that continued throughout the balance of the decade, beginning at Pocono later that June when Kevin Harvick spun Joey Logano out of a top 5 finish just as the white flag was about to wave on Denny Hamlin in 1st, setting up an overtime restart that saw Kasey Kahne get launched into the trees and the young Connecticut driver to confront Harvick on pit road after the race, along with delivering one of the greatest soundbites of the 21st century so far.

[\\""it's probably not \[Kevin's\] fault, his wife wears the firesuit in the family\\""](https://preview.redd.it/feulskfvds7f1.png?width=1023&format=png&auto=webp&s=9e9796b68b365ebb3e7b2f6db9cc2530db48e399)

'

Harvick then proceeded to beef with Kyle Busch for the balance of the 2011 season, the most memorable spat between the 2 occurring at Darlington after a late race battle ended in sparks and waved yellow flags after Busch turned Harvick unnecessarily, prompting a confrontation with cars on pit road after the race. The feud continued through the talk shows and the rest of the regular season, but the focus then turned to Busch in the second half. In quite possibly the most egregious misinterpretation of “Boys, Have At It”, Busch most definitely decided a championship fight before it was able to decide itself.

[this image still doesn't feel real honestly, childhood me still hasn't processed the hilarity of this night in full](https://preview.redd.it/yjattfd0es7f1.png?width=1280&format=png&auto=webp&s=eae7b3ab911c1cbe98e07ec3007f33ebfa03ed8a)

'

After boiling of tensions throughout Truck races in October, Kyle Busch and championship contender Ron Hornaday (who drove for Harvick’s truck team) got into a battle early into the fall Truck race in Texas with the latter entrenched in an attempt to come back from more than a races worth of points behind to contend for the title. Until Ron slightly moved Kyle up the racetrack and Busch saw a darker hue of red than the faint pigments of it on his Traxxas Toyota Tundra. In what felt like the last gasp for the era of “Boys, have at it”, Busch hooked Hornaday straight into the turn 4 wall and ended his championship hopes. 

'

[if this was done in an era without SAFER barriers and other safety advancements... man-](https://preview.redd.it/tx12ep06es7f1.png?width=600&format=png&auto=webp&s=92183251296166e437e4089466ce0fb7e0983fde)

'

Clearly, there was a major misunderstanding of the term “self-policing” because intentional wrecks were popping up left and right. That’s not to say they just increased out of nowhere, but it was becoming far more common of a broadcasted occurrence. And nowhere did the higher ups allow tolerance for actions that put people in danger. The move was frowned up across not just the Truck garage, but all of NASCAR. The sanctioning body parked Kyle for the remainder of the weekend, effectively ending his own championship hopes in the Cup Series having to sit out a Chase race. Sometimes, you get what you dish out; that part hasn’t changed since February 1948.

'

[yes, this was a real image published on SB Nation back in the day](https://preview.redd.it/4qnb5jeycs7f1.png?width=376&format=png&auto=webp&s=b41b2b2c292d5587352439d9a4b103164d85f5b9)



The concept of “Boys, Have At It” was thought to have been left behind after this row, but in what seemed like a repeat of Texas, it was another fall race the following year in Phoenix that saw Jeff Gordon do virtually the same thing to Clint Bowyer by taking him out with 2 laps to go, effectively giving Brad Keselowski a leg up on the championship going into the finale the following week (which Jeff Gordon won with Bowyer in 2nd place). Pemberton’s doctrine seemed entrenched in the garage, as both sets of crews duked it out there in a fit of pride and rage. Yet, further incidents of the kind saw stringent penalties laid down to deter this sort of thing from happening again.

'

# How Does It Matter Now?

[bold strategy to go up to a guy with his helmet on, let's see how it works out for ol' Ricky](https://preview.redd.it/elupmnqfes7f1.png?width=590&format=png&auto=webp&s=a5d4622eb382ef541892361afa71edc3a6e68e34)

'

So how does it translate to today? We’ve seen it embedded in the driving styles of the newest iterations of stock car driver. You can quite literally point to Carson Hocevar’s highlight tape from this season as proof, hence why I brought up Stenhouse at the beginning of this piece. Whatever you may think of either driver, the mentality remains the same into the present day and has always persisted throughout the history of stock car racing. If you put hotheaded drivers in a tight and confined space and let them duke it out, tensions are bound to boil over. But the “issue” goes a lot further than simply a 6’4” dude from Portage, Michigan.

'

So wherein lies the line in the sand? And what drew that line to begin with? The answer: respect. In older times, it was quite frowned upon to be driving aggressively; ask any fan from the 90s how they saw Dale Earnhardt if they weren’t a fan of his. Driving styles like his were seen as brash and turned a bunch of fans away from the Intimidator, particularly those adjacent to the Elliott or Gordon camps in the 90s. Yet, the doctrine had always been that you got what came to you, so if you raced someone aggressively you had to expect them to give back what you dished out.

'

[that mantra continued into the 21st century, this image being a prime example of such as it worked out](https://preview.redd.it/i0bg1f3qfs7f1.png?width=1199&format=png&auto=webp&s=3978d3033f6200be8be6a67fac72585c7e9c6fb2)

'

This line of thinking worked well in an era of single-file restarts and the absence of gimmicks in the championship format that encouraged aggressive driving. Add to the fact that more and more drivers from richer backgrounds today are paying their way to rides that other talented drivers could have been up for, and you get both drivers who don’t have the exigence of taking care of their equipment like drivers from the past, and you get fans who perceive the newer generations as lacking of the ethos needed to be as aggressive and dirty as they drive, at least in a lot of fans’ minds who grew up watching drivers they claimed were grittier than the drivers of today. 

'

You can see it in the lower levels of racing, particularly the Truck Series that have seen some of the most egregious incidents as of recent. Even still, there remains those drivers that hold themselves to race as respectfully as possible, a clear sign that the ways of the old guard had not been completely corrupted by silver spoons and hotheads pouring into the top rides without care. You can essentially look at it in one of two ways: either you can see it as the new generation not having respect for the ideals of those that came before them with their aggressive driving styles, or you can see it as a continuation of the spirit of those that had aggressive driving styles that came before them. Whichever way you look at it remains up to your own interpretation. 

'

So let this be a lesson between generations of not just race car driver or racing fan, but as people: it is up to us to determine what standard and example we set for the generations that come after us, and it is up to us whether or not we choose to absorb everything from the generations that came before. This goes well beyond simply saying “Boys, have at it.”

'

[we await to see if Stenhouse chooses to take action on Carson or not](https://preview.redd.it/xzu3l53dfs7f1.png?width=678&format=png&auto=webp&s=d7ef6859acf0c88fa17a3df24ee91bc96f031c38)

'

# Next Week...

We welcome the return of an old friend to NASCAR, one that saw both the popularity rise and decline of stock car racing as we know it...",2025-06-19
t3_1li2kfm,Brad Keselowski won this race,https://www.reddit.com/r/nascar/comments/1li2kfm/,/u/pizzaguy7712,2025-06-23 00:05:17+00:00,Is it because I’m Asian?,2025-06-23
t3_1li54um,"Brad Keselowski (@keselowski) on X ""Most all of the drivers are still sick and dehydrated from last week.""",https://www.reddit.com/r/nascar/comments/1li54um/,/u/WhoDat824,2025-06-23 02:17:26+00:00,,2025-06-23
t3_1ljbzr9,2025 RFK Racing Paint Schemes for The Atlanta Summer Race,https://www.reddit.com/r/nascar/comments/1ljbzr9/,/u/Dmacthegoat,2025-06-24 14:05:03+00:00,,2025-06-24
t3_1ljh1bx,NASCAR “fantasy” team advice,https://www.reddit.com/r/nascar/comments/1ljh1bx/,/u/btaylorsae,2025-06-24 17:18:10+00:00,"My friends and I have a NASCAR fantasy group where we each picked 3 drivers a couple years abo and track wins and points annually to determine season champion. I originally had MTJ, Kyle Busch and Suarez. MTJ retired and I added SVG. Kyle has been in such an insane slump and RFK equipment doesn’t seem to be improving. He also doesn’t really have a teammate to run with him, since Austin Dillon is average P30. 
Given the chance, would you drop KB for Brad Keselowski. While Brad’s also in a slump, teammate Buescher has been running average P10 and Brad seems to be gaining momentum. 
Feels crazy dropping someone like KB, who used to be so dominant. Thoughts? ",2025-06-24
t3_1ljme3p,Help with autograph ID if possible,https://www.reddit.com/r/nascar/comments/1ljme3p/,/u/ElectricalCricket894,2025-06-24 20:41:32+00:00,"My son and I went to the Poconos race this weekend and he was able to grab some driver autographs. I’ve been able to semi-confidently identify some by cross posting to the collectors Reddit and also through Live Photos we too and google.  If anyone can help I’d appreciate it so when he asks when he’s older I can reference who is who

Ty Dillon
Austin Dillon
Ross Chastain 
Ryan Blaney
Ricky Stenhouse Jr
Chase Briscoe
Chris Buescher

The one by Austin Dillon might be Brad Keselowski possibly
",2025-06-24
t3_1ljty9u,Nascar Convertible Series?,https://www.reddit.com/r/nascar/comments/1ljty9u/,/u/Conscious-Lab-7827,2025-06-25 02:18:02+00:00,"Recently, I've been thinking ever since I saw Brad Keselowski's Consumer Cellular commercial, should there be a mini NASCAR tournament with Convertibles? Of course, they wouldn't look like this one, and would have some serious safety equipment. Back in the past, NASCAR had a convertible division, but it was canned because it was deemed too dangerous. It's true that even though they had a safety cage in the past, with no roof, flying debris is an extreme risk. In topless racecars like in Formula 1 and IndyCar, drivers have been hit by flying debris. Many have died from getting hit in the head. That's why Formula 1 cars and IndyCars now have those protective cages around them. Maybe the only thing that could be done to improve safety is to extend the roof back a little, so that it hangs over the driver, and put roof flaps on the top. This is probably a terrible idea, but it's merely speculation. But I don't think it's gonna happen.",2025-06-25
t3_1lkfuvw,Questions following Pocono,https://www.reddit.com/r/nascar/comments/1lkfuvw/,/u/Stew0177,2025-06-25 19:59:44+00:00,"1. I've heard from many ppl that they did not like the Pocono race because there were few passing opportunities. What causes this?

2. I don't question the comments RE: passing, but I also noticed Brad Keselowski gain back quite a few positions after the pit incident. Can someone explain this?

  
Thanks in advance!",2025-06-25
t3_1lkg9kq,Leaked Brad Keselowski Paint Scheme in The RFK Racing Shop,https://www.reddit.com/r/nascar/comments/1lkg9kq/,/u/Dmacthegoat,2025-06-25 20:15:39+00:00,"https://x.com/RFKracing/status/1937949100298617107

Earlier today, RFK Racing posted an image of the name rail of Chris Buescher's Cinnamon Toast Crunch Car for this weekend. But they actually had a video of it and there happened to be another car being worked on for Brad Keselowski ",2025-06-25
t3_1lkgoyb,"2025 LASTCAR Cup, Xfinity, and Truck Playoff Standings (after Pocono)",https://www.reddit.com/r/nascar/comments/1lkgoyb/,/u/TIFUthebestSubreddit,2025-06-25 20:32:16+00:00,"Cup Series Playoff standings (Race 17/26)

**1) Riley Herbst 2 Losses 490 (13 PP)**

**2) AJ Allmendinger 2 Losses 371 (14 PP)**

3) Cody Ware 1 Loss 636 (5 PP)

4) Brad Keselowski 1 Loss 424 (5 PP)

5) Carson Hocevar 1 Loss 375 (5 PP)

6) Alex Bowman 1 Loss 362 (6 PP)

7) Erik Jones 1 Loss 348 (8 PP)

8) Ricky Stenhouse Jr 1 Loss 338 (6 PP)

9) Kyle Busch 1 Loss 327 (8 PP)

10) Joey Logano 1 Loss 294 (7 PP)

11) Denny Hamlin 1 Loss 211 (7 PP)

12) Shane van Gisbergen 491 (1 PP)

13) Cole Custer 490

14) Ty Dillon 442 (1 PP)

15 Noah Gragson 397

16) Justin Haley 393

_____________________________________________

17) Zane Smith 363

18) Daniel Suarez 359

19) Ty Gibbs 358

20) Michael McDowell 350 (1 PP)

21) Josh Berry 343

22) John Hunter Nemechek 343

23) Todd Gilliland 331

24) Austin Dillon 319

25) Bubba Wallace 317

26) Austin Cindric 298

27) Ryan Blaney 295

28) Ryan Preece 288

29) Chase Briscoe 256 (1 PP)

30) Kyle Larson 243

_____________________________________________

Other Losers outside top 30 that most likely won't make multiple starts in the playoffs 

32) JJ Yeley 1 Loss 238 (7 PP)

39) Josh Bilicki 1 Loss 114 (6 PP)

42) Jimmie Johnson 1 Loss 80 (7 PP)

45) Connor Zilisch 1 Loss 68 (5 PP)

**___________________________**

Xfinity Playoff standings (Race 16/26)

**1) Daniel Dye 2 Losses 310 (14 PP)**

**2) Christian Eckes 2 Losses 305 (13 PP)**

3) Kris Wright 1 Loss 488 (7 PP)

4) Parker Retzlaff 1 Loss 384 (7 PP)

5) William Sawalich 1 Loss 370 (7 PP)

6) Anthony Alfredo 1 Loss 357 (6 PP)

7) Dean Thompson 1 Loss 291 (8 PP)

8) Taylor Gray 1 Loss 249 (5 PP)

9) Sammy Smith 1 Loss 224 (7 PP)

10) Kyle Sieg 437

11) Ryan Ellis 416

12) Blaine Perkins 375

_____________________________________________

13) Garrett Smithley 371

14) Matt DiBenedetto 352

15) Greg Van Alst 351

16) Jeremy Clements 317

17) Brennan Poole 316

18) Josh Williams 287

19) Nick Sanchez 284

20) Mason Maggio 1 Loss 280 (7 PP)

21) Sheldon Creed 274

22) Josh Bilicki 256 (1 PP)

23) Brandon Jones 236

24) Leland Honeyman 229

25) Ryan Sieg 225

26) Mason Massey 215

27) Nick Leitz 212

28) Carson Kvapil 203

29) Jeb Burton 202

30) Joey Gase 200

_____________________________________________

Other Losers that most likely won't make multiple starts in the playoffs 

33) Justin Bonsignore 2 Losses 181 (14 PP)

48) Christopher Bell 1 Loss 70 (5 PP)

54) Carson Hocevar 1 Loss 60 (7 PP)

**___________________________**

Truck series Playoff Standings (race 14/18)

**1) Frankie Muniz 1 Loss 507 (7 PP)**

**2) Kaden Honeycutt 1 Loss 261 (7 PP)**

**3) Layne Riggs 1 Loss 221 (7 PP)**

**4) Chandler Smith 1 Loss 179 (5 PP)**

**5) Toni Briedinger 512 (2 PP) (clinched on points)**

6) Spencer Boyd 462

7) Nathan Byrd 430

8) Connor Mosack 338

9) Dawson Sutton 328

10) Matt Mills 325

_____________________________________________

11) Norm Benning 3 Losses 362 (22 PP)

12) Jack Wood 319

13) Matt Crafton 316

14) Andres Perez de Lara 304

15) Ben Rhodes 275

16) Tanner Gray 268

17) Gio Ruggerio 253

18) Rajah Caruth 251

19) Ty Majeski 247

20) Cody Dennison 246

21) Stewart Friesen 243

22) Stephen Mallozzi 3 Losses 235 (21 PP)

23) Justin Carroll 218 (1 PP)

24) Luke Fenhaus 211

25) Jake Garcia 200

26) Tyler Ankrum 196

27) Grant Enfinger 191

28) Josh Reaume 173

29) Bayley Currey 161

30) Daniel Hemric 154

_____________________________________________

Other Losers that most likely won't make multiple starts in the playoffs 

35) Parker Kligerman 1 Loss 117 (7 PP)

37) Keith McGee 1 Loss 104 (6 PP)

39) Ryan Roulette 1 Loss 103 (5 PP)

45) Bryan Dauzat 1 Loss 60 (7 PP)",2025-06-25
t3_1lm3g0b,Toby Christie: “Brad Keselowski says TBD on whether the potential sale of Rick Ware Racing will impact RFK Racing's ability to obtain a third Charter.”,https://www.reddit.com/r/nascar/comments/1lm3g0b/,/u/Dmacthegoat,2025-06-27 19:56:13+00:00,,2025-06-27
t3_1lmc651,Beginners Guide to Every NASCAR Cup Series Charter Driver.,https://www.reddit.com/r/nascar/comments/1lmc651/,/u/JoeRogan016,2025-06-28 02:41:57+00:00,"There's been a lot of new/returning fans coming to this sub lately, so I've put together a short introduction for all the current drivers to give all the new people a starting point to jump off from. I've done my best to keep everything neutral regardless of my own bias, but it's not perfect lol.

1 car is Ross Chastain, the current best performing Trackhouse driver. He's a watermelon farmer from Florida who became famous for riding the wall at Martinsville in order to make it into the playoffs. His old car team (not the team itself) was shut down after it's sponsor got raided by the FBI, which eventually led to him landing at Trackhouse.

2 car is Austin Cindric, third best performing Penske car and occasional plate track winner. His dad recently got fired from Penske after a cheating scandal and now people are speculating on how that might affect him.

3 car is Austin Dillon. Richard Childress Racing (RCR) brought back the number for him after years of not running it after Dale Earnhardt died in 2001. Not a terrible driver, he can win on occasion, but he's not good enough to make up for the cars middling performance.

4 Car is Noah Gragson, who moved to Front Row Motorsports (FRM) after Stewart Hass Racing sold most of its assets to FRM and rebranded to Haas Factory Team. Another middling car/driver combo.

5 Car is Kyle Larson. Hendricks star driver, 2021 champion, and frequently called the greatest driver in the world by his fans after his 10 victory championship season. He's famous for pushing his cars to the edge and either dominating or wrecking out completely. There isn't much in-between for him.

6 Car is Brad Keselowski. 2012 champion, former Penske driver, and current co-owner of Roush Fenway Keselowski Racing (RFK). Used to be infamous as an on track terrorist, but now days has gained a reputation for sacrificing elements of his own success for the sake of his team.

7 Car is Justin Haley, driving for Spire Motorsports. A younger driver who was speculated to be a potential star, but so far hasn't lived up to that potential. At the moment another mid driver/car combo.

8 Car is Kyle Busch. Former Joe Gibbs driver, 2015 and 2019 champion, and current driver for RCR. A total hothead, but also a very very good driver who has struggled due to certain rule changes and the current car design. He has lately developed a reputation for pushing his midpack cars far beyond their limits and paying the price for it.

9 Car is Chase Elliott. Current Hendrick driver, 2020 champion, and son of 1988 champion Bill Elliott. His defining traits are his near unrivaled consistency, mellow personality, and a fan base that is going absolutely insane waiting for his next win.

10 Car is Ty Dillon, Kaulig Racing driver, and brother of Austin Dillon. Has yet to make his mark, but is relatively clean and keeps himself out of trouble. Mid car/driver combo.

11 Car is Denny Hamlin, Joe Gibbs star driver, and NASCAR'S winningest driver without a championship. Currently one of the most experienced drivers still on the field and so far that hasn't slowed him down much. Known for his adversarial relationship with fans and NASCAR itself. Also co-founder of NASCAR team 23XI.

12 Car is Ryan Blaney, second most senior Penske driver and 2023 champion. His father is former NASCAR driver Dave Blaney. Like Elliot he's known for his consistency,

16 car is AJ Allmendinger, Kaulig driver and another veteran of the sport. One of the so called ""Road course ringers"" for their skill on said tracks, which keeps them relevant despite their lack of speed on ovals.

17 car is Chris Beuscher, RFK driver who's mostly known for finding his pace in the second half of the season, and being a solid all-rounder. Gaid a lot of notoriety for out-dueling SVG at Watkins Glen last year.

19 car is Chase Briscoe. Joe Gibbs newest cup driver, taking over for former champion Martin Truex Jr since he retired. Has a reputation for being a monster in qualifying, but not always translating it into good finishes. You might see him around here on Reddit.

20 car is Christopher Bell. Another young Joe Gibbs driver who might also be one of cleanest in the series. One of the drivers people are expecting to win a championship soon, barring something crazy he'll have a very successful career.

21 car is Josh Berry. Driver of the Wood Brothers sole cup car, replacing Harrison Burton. He just got his first win this year at Las Vegas, and is so far proving to be a positive aspect to the revival of one of NASCARs oldest teams.

22 car is Joey Logano. Penske's veteran driver and three time champion (2018, 2022, 2024). A very strong driver known for aggressive racing and late season comebacks.

23 car is Darrell ""Bubba"" Wallace Jr. Driving for 23XI. A solid driver with a handful of wins under his belt, and a temper that doesn't often show itself, but when it does it comes out strong.

24 Car is William Byron. Hendrick driver, current Daytona 500 winner, and holding the points lead this season. Almost always running up front and competing for wins, but has recently developed a reputation for faltering at the last moment.

34 car is Todd Gilliland, son of former driver David Gilliland. Currently driving for FRM as a midpack performer.

35 car is Riley Herbst, driving for 23XI. A young driver in his rookie season this year, though is currently struggling to find speed.

38 car is Zane Smith. The final FRM driver, and as things stand the one most likely to win of the three, despite this being his second full time season.

41 car is Cole Custer, driving the HAAS Factory Team's sole car with what remains of the old SHR team. A slow car with a mediocre driver.

42 car is John Hunter Nemechek, driving for Legacy Motor Club which is owned by 7 time champion Jimmie Johnson. Despite driving for a backmarker team Nemechek has shown surprising speed, and might be a candidate to get his first win soon. He is the son of former driver Joe Nemechek.

43 car is another LMC car driven by Eric Jones, a well established driver who has managed a handful of wins in the cup series, and with his teams sudden boost in performance it's possible he might net a few more.

45 car is driven by 23XI's star driver Tyler Reddick, who managed to win 3 races in just his third season with RCR, and has won many more since switching teams. Another championship contender if they can put together the playoff season.

47 car is HYAK Motorsports only car, driven by Ricky Stenhouse Jr. Well known for not only his hot temper but also getting into fistfights with other drivers (granted he didn't start all of them). He's another driver who tends to overdrive his midpack cars and sometimes suffers for it. But he's won before and it's entirely possible he will again. Lately he's been feuding with Carson Hocevar.

48 car is the final Hendrick car, driven by Alex Bowman. While he's a very solid driver and has multiple wins, it's a tall order to keep up with his incredibly talented teammates. It hasn't helped that he's been involved in multiple very hard crashes resulting in various injuries, with the most recent one being at Michigan this year. Without a doubt their most scrappy driver.

51 car is represented by Cody Ware for his father's team, Rick Ware racing (which has recently obtained a co owner who wants to expand the team? Sorry this information is very new). I'm just going to be blunt, this team is a pure backmarker who's driver has never completed a full season and has only a single top five. If there was ever a driver to write off, it's Cody Ware.

54 car is the final Joe Gibbs car, driven by the owners grandson, Ty Gibbs. He's currently one of the youngest drivers (just 22 years old!) at the cup level in his third full time season. Despite driving for a top tier team he's has no victories, and only very recently begun to show race winning pace. But he likely has a long career ahead of him should he continue to improve.

60 car is RFK's most recent addition, Ryan Preece. Another former SHR driver on the hunt for his first win, and he's come very close multiple times this season. It's likely only a matter of time before he pulls it off.

71 car is driven by Michael McDowell, Spire Motorsports' resident road course ringer. He's a well established veteran and outspoken Christian. He's won before, with some luck and the right track he probably will again.

77 car is driven by Spire's star driver, Carson Hocevar. He's the same age as Gibbs, but has shown race winning pace much sooner despite driving in a midpack car. However this speed has also come with aggression which has cost several other drivers, most notably Ricky Stenhouse. Still, it's only a matter of time before he wins.

88 car is driven by Trackhouse's Shane van Gisbergen. The current most dominant road course specialist, and considered by most teams as the one to beat whenever one comes up. He's won the most recent road course at Mexico City, and his very first cup race at the Chicago street circuit. He is the second (and only other) rookie this year.

99 car is the third Trackhouse entry and final charter car, driven by Daniel Suarez. Currently their most senior driver, his performance is usually midpack.


This took way longer than I thought it would lol",2025-06-28
t3_1lmof9n,In season tournament,https://www.reddit.com/r/nascar/comments/1lmof9n/,/u/Wild-Pain4498,2025-06-28 14:41:21+00:00,"

Hey r/NASCAR, let’s talk about this week’s Cup Series race at EchoPark Speedway (June 28, 2025, 7 p.m. ET, TNT Sports) and the kickoff of the In-Season Challenge. The race itself is shaping up to be a wild one—Atlanta’s hybrid superspeedway always brings chaos, and with Joey Logano on pole and matchups like Chase Briscoe vs. Noah Gragson or Kyle Busch vs. Brad Keselowski in the tournament, there’s plenty to watch for. The track’s unpredictable nature means we could see some big upsets, especially with the Round of 32 starting here. I’m curious to hear your predictions—will a lower seed like Bubba Wallace shake things up, or will top dogs like Denny Hamlin dominate?[](https://www.nascar.com/)[](https://www.nascar.com/news/nascar-cup-series/)

That said, I’ve got to vent about this In-Season Challenge. I know NASCAR’s trying to spice things up with this $1M bracket-style tournament, but it feels like another gimmick that’s more flash than substance. Here’s why I think it’s a bad idea:

1. **It Dilutes the Season’s Focus**: We’re already juggling a 36-race schedule, stage points, and the playoffs. Adding a mid-season tournament just makes things feel cluttered. Fans and drivers are already stretched thin—do we really need another layer of competition that doesn’t count toward the championship? A Reddit user put it well: “It’s one of the dumbest ideas they’ve had in a while. Sports don’t need ‘in-season tournaments’ that mean nothing.”[](https://www.reddit.com/r/NASCAR/comments/1i5e7pl/did_everyone_forget_about_the_in_season_tournament/)

2. **The Payout Isn’t Game-Changing**: $1M sounds nice, but in 2025, it’s not enough to make teams or drivers rethink their strategies. As one Redditor said, “$3 million is the bare minimum to pique the interest/strategy of teams.” The Xfinity and Truck series have had similar concepts like Dash 4 Cash and Triple Truck Challenge, but those feel more integrated. This just feels tacked on.[](https://www.reddit.com/r/NASCAR/comments/1knnvxc/lets_talk_about_the_2025_nascar_inseason_challenge/)

3. **Seeding Is a Mess**: Using the best finish from three wildly different tracks (Michigan, Mexico City, Pocono) to seed the tournament is a head-scratcher. Why not just use the points standings? As Jeff Gluck pointed out on X, “It’s not even points. Lmaooo WHY WOULD THEY DO THIS???” Atlanta’s randomness could knock out strong drivers early, which feels more like a crapshoot than a fair fight.

4. **Fan Fatigue and Lack of Hype**: The tournament was barely mentioned until recently—FOX didn’t promote it, and even NASCAR, Amazon, and TNT haven’t done much to build excitement. A Reddit thread from January noted, “Was hyped for like a week and no one has mentioned it lately.” If the sanctioning body and broadcasters can’t get behind it, why should we?[](https://www.reddit.com/r/NASCAR/comments/1i5e7pl/did_everyone_forget_about_the_in_season_tournament/)[](https://www.reddit.com/r/NASCAR/comments/1knnvxc/lets_talk_about_the_2025_nascar_inseason_challenge/)

5. **It’s Another Gimmick in a Sport Full of Them**: Between the playoffs, stage racing, and now this, NASCAR’s obsession with artificial drama is pushing fans away. One Redditor summed it up: “I’m so tired of the gimmicks. Just give me a season-long racing series like we used to have.” The tournament feels like it’s trying to copy the NBA or NFL, but motorsports isn’t stick-and-ball. We don’t need manufactured brackets to care about racing.[](https://www.reddit.com/r/NASCAR/comments/12xz10v/mid_season_tournament/)

I get that NASCAR wants to draw in casual fans and add betting angles, but this feels like a solution looking for a problem. The sport’s at its best when it’s about raw competition, not bracketology. What do you all think? Are you excited for the tournament, or does it feel like a swing and a miss? And who’s your pick to win at Atlanta this weekend?",2025-06-28
t3_1lnnyjy,What Round 1 of the In-Season Challenge would have looked like if you didnt seed and took the standings after Pocono.,https://www.reddit.com/r/nascar/comments/1lnnyjy/,/u/Weathergeekal,2025-06-29 19:57:25+00:00,"  
Round 1:  
**(1) William Byron** vs (32) Noah Gragson  
(16) Josh Berry vs **(17) AJ Allmendinger**  
(8) Ross Chastain vs **(25) Zane Smith**  
(9) Chase Briscoe vs **(24) Ricky Stenhouse Jr.**  
(4) Christopher Bell vs **(29) Justin Haley**  
**(13) Alex Bowman** vs (20) Carson Hocevar  
**(5) Chase Elliott** vs (28) Todd Gilliland  
(12) Bubba Wallace vs **(21) Michael McDowell**  
**(2) Kyle Larson** vs (31) Shane Van Gisbergen  
(15) Austin Cindric vs **(18) Erik Jones**  
**(7) Tyler Reddick** vs (26) Austin Dillon  
(10) Joey Logano vs **(23) Ty Gibbs**  
(3) Denny Hamlin vs **(30) Brad Keselowski**  
**(14) Ryan Preece** vs (19) Kyle Busch  
(6) Ryan Blaney vs **(27) Daniel Suarez**  
**(11) Chris Buescher** vs (22) John Hunter Nemechek

Round 2:  
(32) Noah Gragson vs (17) AJ Allmendinger  
(25) Zane Smith vs (24) Ricky Stenhouse Jr.  
(29) Justin Haley vs (13) Alex Bowman  
(5) Chase Elliott vs (21) Michael McDowell  
(2) Kyle Larson vs (18) Erik Jones  
(7) Tyler Reddick vs (23) Ty Gibbs  
(30) Brad Keselowski vs (14) Ryan Preece  
(27) Daniel Suarez vs (11) Chris Buescher



I saw some people prior to the race talk about there issues with how NASCAR decided to seed this tournament. (I also didnt like it) So I just decided to see what last night would have looked like if they did it how alot of people said and just took the standings after Pocono. 

Still alot of upsets as expected with how the race went last night. Biggest change I noticed was Larson advancing. 

Do you think NASCAR should have done it this way or do you like how they had recency bias towards the last few races?

",2025-06-29
t3_1lp1765,"[OT] UNC-Chapel Hill hires RFK Racing President Steve Newmark as executive associate, athletic director successor",https://www.reddit.com/r/nascar/comments/1lp1765/,/u/TheLibertarianThomas,2025-07-01 13:06:49+00:00,,2025-07-01
t3_1lp5ite,RFK Racing Paint Schemes for The 2025 Chicago Street Race,https://www.reddit.com/r/nascar/comments/1lp5ite/,/u/Dmacthegoat,2025-07-01 16:02:31+00:00,,2025-07-01
t3_1lph0dx,Throwback moment: Carl Edwards wrecks Brad Keselowski at Gateway - 2010 Nationwide Series,https://www.reddit.com/r/nascar/comments/1lph0dx/,/u/NeatWrongdoer1309,2025-07-01 23:38:14+00:00,,2025-07-01
t3_1lqjdyl,Which Drivers have been the biggest disappointments or success stories of this season across all 3 series?,https://www.reddit.com/r/nascar/comments/1lqjdyl/,/u/TakeDemPills,2025-07-03 07:23:28+00:00,"I’m gonna list my biggest disappointments and successes across the 3 series with a little explanation


Disappointments:

Connor Mosack: For a driver who I felt for a while deserved that good ride opportunity, he was finally given the chance and hasn’t really done anything this season

Tanner Gray: Honestly idk how this guy is still in trucks, his teammate is dominating the season while his rookie teammate is ahead of him in points

ThorSport: This team as a whole has just looked pathetic. When the defending champion can only barely hold on to a playoff spot, being hounded by Jake Garcia of all drivers, it’s clear big changes need to be brought to the team if they want to get back to their form last season.

Sheldon Creed: For a guy still looking for his first win, it’s feeling like the question is becoming if he will win, not when. Especially considering his teammate has run top 3 in points all year

Josh Williams: I’m not surprised he’s running poorly, I just wonder why Kaulig kept him on after last season

William Sawalich: Moved up to Xfinity way too fast especially considering he struggles to run top 10 consistently in trucks. Just another example of JGR rushing guys and then acting like it’s their fault when they struggle to perform (Logano, Suarez, Gibbs)

Kyle Busch: After looking stellar at COTA, he’s fallen off a cliff and is probably looking to go for back to back winless seasons

Ty Gibbs: Jesus what a let down after looking promising his first two seasons. I hope he can return to form because honestly, he’s shown he can run up front in cup.

Brad Keselowski: He’s finally starting to return to form but he needs to get Bullins off the box if he wants to compete again, it’s been clear since his days with Cindric that Bullins is not a good next-gen crew chief, and even then he was mid in the gen 6 era.

Todd Gilliland: For a guy who many thought took a big step up in 2024, he’s just shown no growth and has regressed in about every statistic

Justin Haley: It’s been a year to forget for Haley, getting his team stripped entirely by Hendrick and then having his crew chief leave, I’d be surprised if he isn’t trying to find his way out of the 7 car.

Noah Gragson: I really don’t think Gragson is this bad but he just cannot string consistent runs together. His best year was no doubt with SHR but it feels like he would be doing a lot better in a car that wasn’t the gen 7, I just don’t think the car is suited to his driving style.



Successes:

Bayley Currey: Once again Currey is proving in his limited starts that he can be rapid and he deserves a full season shot

Gio Ruggiero: I honestly think Tricon have found their future star with Gio, who’s been extremely impressive at points this season, and will only improve with time

Kaden Honeycutt: I honestly keep forgetting this guy is a rookie for how well he’s running. He’s fifth in points as a rookie and constantly will have these runs that surprise many. I think he’s another guy who will only improve with time and could be a real title contender in 2026

Layne Riggs: I knew I saw potential when I started backing him after the Bristol race last season. He is consistently the only driver able to bring the fight to Heim, and I personally think he could very well be a dark horse title pick once Phoenix comes around

Sam Mayer: He’s finally found the consistency his career has so desperately lacked, hopefully he can keep it up throughout the year and make himself a potential Championship 4 contender

Connor Zilisch: Is anyone surprised he’s been this rapid, He showed out at Kansas last year and has only improved since then oval-wise

Carson Kvapil: Quietly having a great rookie campaign, racing well and getting that consistency many drivers struggle to find

Taylor Gray: Running 8th in points as a Gibbs car may seem like it should be disappointing, but considering that team as a whole seems to be down this year in Xfinity, he’s had some real standout runs, especially considering his would-be first career win at martinsville if Sammy Smith hadn’t become a terrorist

Nick Sanchez: Has had several fantastic races where he drives well above his pay grade, I think he’s absolutely has potential and will no doubt be considered for RCR once Hill or Love get a call up to cup

Daniel Dye: Somehow always finds a way to finish 8th - 20th, I just want to see him raise his ceiling a little higher

Ross Chastain: My king somehow always finds a way to drive the wheels off those Trackhouse cars. He deserves a better ride because there is no way in hell anyone else could get one of those Trackhouse cars to a top 10 in points

Ryan Preece: I’ve been a homer for Preece since before the season started and I got flamed hard for it. Many people were saying that he was going to be 23rd - 30th in points. Clearly he’s out driven the opinions of the masses and continues to find ways to finish strong and score good points

Austin Cindric: Cindric has really improved his pace at many tracks and is finally looking like he deserves that Penske ride

LMC: Legacy as a whole gets a shout out, as not only has John Hunter Nemechek had several stand out runs, but Erik Jones has been on a tear of consistency, bringing himself back into the fringes of the points conversation for the playoffs

Josh Berry: Although his season as a whole has been up and down, he’s been far and away a massive improvement over Harrison Burton and finally is doing justice for the historic WBR. 

Ricky Stenhouse Jr: For a driver everyone thought would be one of the last in points this season, Ricky has really punched above his weight and kept his team around the top 20 all season.

Zane Smith: Zane has quietly become the sole bright spot for FRM in 2025. While the whole team struggles to find pace, he can pretty frequently find himself running top 20 and has kept himself out of many incidents he got into his rookie campaign



If you manage to read all of this, tell me what you think of my picks, and tell me if there are any drivers you’d add to this list




",2025-07-03
t3_1lrtynb,What are your top 3 favorite finishes across all three series so far this season?,https://www.reddit.com/r/nascar/comments/1lrtynb/,/u/realflags,2025-07-04 21:32:47+00:00,"My Top 3: No order

 Kyle Busch Truck Atlanta WIn

\- In the final stage it was amazing to see how every lap someone would cycle pass Busch, only for him to regain the lead one lap later. To have on the final lap Stewart Friesen take the lead and put Busch at the disadvantage for Busch to side draft him at the Start-Finish line was Amazing.

  
Kyle Larson Homestead Truck win

Some may put his cup win in this category, but if you watched all three races that weekend, you would know that his truck win was the most impressive. After playing second all night to Cory Heim, then spining out after contract with Layne Riggs and starting in the back with 30 to go was crazy. At the end of it he passed Riggs with less then 3 laps to go truely ripping the wall and making up time like it was easy mode on a video game. As well Harvick was at his best in the booth, elevating the race above other truck broadcasts.

  
Chase Elliott Atlanta Win

After counting him out, then watching him link up with Bowman and pass Brad KKeselowskiwith less then two to go was crazy. As much as Brad Keselowski was the sentimental favoritie to win, Chase made it better. 

  
Honorable Mentions:

Michigan Truck Race:

Had this race not ended under two GWC attempts it would have made the list, but watching Heim, Hoecver and Chastain battle it out in the last 40 laps after taking tires made it worth while. With 10-15 to go they were racing like it was the last lap to go, until the rubber band SNAPPED! With Hoecver having a tire rub issue after Chastain saved it. Which opened us up to two GWC attempts which saw Stewart Friesen steal the will.

Larson Cup Homestead win:

Watching Larson run less then stellar all day, getting ran into on pit road, lossing track position evey restart, only to chase down Bowman in the final laps made this finish better then anticipated, especially with the cool aesthetics him and Bowman riding the wall until one of them made a mistake in the form of a classic duel. ",2025-07-04
t3_1ltcubw,[Inevitable] joins an elite group of two other drivers that have won 3 races in their first 36 cup starts within the modern era.,https://www.reddit.com/r/nascar/comments/1ltcubw/,/u/DukeItOut64,2025-07-06 21:38:57+00:00,"With this victory, Shane van Gisbergen joins Jimmie Johnson (31 starts) and ties with Tony Stewart (33 starts) for hitting 3 victories, the oldest of the three to do so. Like JJ, Shane too repeated at a track that he previously won at in order to do so. He also now solely has the record for most wins by a foreign-born driver in the cup level.

Some other notable drivers who debuted over 8 years after the start of the cup series and how many starts it took to get them to get to 3 wins:

A.J. Foyt: 35 starts

Bobby Allison: 38 starts

David Pearson: 40 starts

Dale Earnhardt: 42 starts

Davey Allison: 49 starts

Kevin Harvick: 52 starts

Dale Earnhardt Jr.: 56 starts

Ryan Newman: 57 starts

Denny Hamlin: 60 starts

Kyle Busch: 61 starts

Jeff Gordon: 64 starts

Richard Petty: 65 starts

Brad Keselowski: 74 starts

Kurt Busch: 75 starts

Darrell Waltrip: 77 starts",2025-07-06
t3_1lupdq8,2025 RFK Racing Paint Schemes for Sonoma,https://www.reddit.com/r/nascar/comments/1lupdq8/,/u/Dmacthegoat,2025-07-08 14:02:50+00:00,,2025-07-08
t3_1lvzjoa,What if NASCAR Used Eric Estepp’s Playoff format in 2024?,https://www.reddit.com/r/nascar/comments/1lvzjoa/,/u/Odd-Tell-5702,2025-07-10 00:55:36+00:00,"https://www.youtube.com/watch?v=bR4UrhUvdrY

Final standings

1. Kyle Larson  5161pts
2. William Byron 5156pts
3. Christopher Bell 5147pts
4. Denny Hamlin 5142pts
Championship Round Cutoff
5. Ryan Blaney 2471pts
6. Tyler Reddick 2364pts
7. Joey Logano 2354pts
8. Alex Bowman 2353pts
9. Chase Elliott 2250pts
10. Ross Chastain 2234pts
11. Kyle Busch 2231pts
12. Ty Gibbs 2227pts
13. Brad Keselowski 2208pts
14. Bubba Wallace 2109pts
15. Martin Truex Jr. 2108pts
16. Chris Buescher 2103pts

I have linked Eric’s original video for more information. ",2025-07-10
t3_1lwf1tm,"Brad Keselowski: “We went from 2 to 6 Road course races, Possibly 7 next year. NASCAR was successfully built as a primarily oval racing series. IMSA was built as the primary road course series in North America. IMSA will always do road racing better than NASCAR and that’s ok. Yes, TOO Many…”",https://www.reddit.com/r/nascar/comments/1lwf1tm/,/u/Dmacthegoat,2025-07-10 15:05:12+00:00,,2025-07-10
t3_1lxklyb,Getting Really sick and Tired of Denny Hamlin's Comments,https://www.reddit.com/r/nascar/comments/1lxklyb/,/u/Arkhamkong,2025-07-11 22:40:23+00:00,"Brad Keselowski and Denny Hamlin claim NASCAR has ""too many road courses"" https://www.motorsport.com/nascar-cup/news/two-nascar-veterans-say-nascar-has-too-many-road-courses/10741121/


Whenever he speaks, NASCAR somehow takes it as law, & changes whatever he's complaining about back to the way it was.",2025-07-11
t3_1m0ka6u,Ryan Preece’s 2025 Castrol/Alyssa Thomas Paint Scheme for Dover & Indianapolis,https://www.reddit.com/r/nascar/comments/1m0ka6u/,/u/Dmacthegoat,2025-07-15 15:08:39+00:00,,2025-07-15
t3_1m0nbjp,2025 RFK Racing Paint Schemes For Dover,https://www.reddit.com/r/nascar/comments/1m0nbjp/,/u/Dmacthegoat,2025-07-15 17:02:24+00:00,,2025-07-15
t3_1m32f0s,2025 Master List Of Nascar Podcasts,https://www.reddit.com/r/nascar/comments/1m32f0s/,/u/Fast-Loud,2025-07-18 13:31:23+00:00,"I wanted to put one of these together, I'll start off with the few that I know and I'll add anything that you guys comment.

___

*Active*:

**Dale Jr. Download** // Dale Earnhardt Jr (former Cup driver and Hall Of Famer, current Jr. Motorsports Xfinity Series team owner), TJ Majors (Brad Keselowski's spotter), Dalton Greco (Dirty Mo Media Social Media), Andrew Kurland (Dirty Mo Media Content Creator)

**Actions Detrimental With Denny Hamlin** // Denny Hamlin (Cup driver for the #11 car), Jared Allen (Digital Media Specialist at PROSPORT Management), Dalton Greco (Dirty Mo Media Social Media)

**The Teardown** // Jeff Gluck and Jordan Bianchi (sports writers for The Athletic)

**Door Bumper Clear** // Freddie Kraft (Bubba Wallace's spotter), Tommy Baldwin Jr (Rick Ware Racing's competition director), Karsyn Elledge (Cars Tour's Content Marketing and Partnership Director

**Kevin Harvick's Happy Hour** // Kevin Harvick (former Cup champion driver and current Fox commentator), Kaitlyn Vincie (Fox Sports reporter), Dylan ""Mamba"" Smith (Nascar analyst, former Nascar mechanic)

___

**Inactive**:

**Glass Case Of Emotion** // Ryan Blaney (Cup driver), Kim Coon (Pit Reporter), Chuck Bush (Media Producer for Nascar)",2025-07-18
t3_1m3bnu7,"After watching Shane Gillis kill it hosting the ESPYs, the NASCAR Awards Banquet should have a Jay Mohr-type comedian host EVERY year",https://www.reddit.com/r/nascar/comments/1m3bnu7/,/u/Leuel48Fan,2025-07-18 19:31:40+00:00,"Jay Mohr's 2013 and 2014 Banquet monologue's remain iconic a decade later due to well-written *actually relevant* to the respective season jokes that weren't afraid to poke fun at the drivers and industry. We are partly in the entertainment business after all, and watching (some) of the folks who are a bit too tight to laugh at themselves is hilarious. It's also great to see the drivers that are able to be loose and laugh at themselves.


Some iconic lines from those shows (paraphrasing) include

* ""Clint, how's the poison oak treating you? Looks like I'm not the only bad actor up here! ... You'll be good at marriage since you already know how to apologize for things you may or may not have done!"" - Referencing Spin Gate 

* ""You can't have a Sprint Cup Chase without Jeff Gordon... apparently! *pans to Mike Helton* - Referencing NASCAR adding JG as 13th Chase Member instead of penalizing pre-seeding naturally leading to that outcome

* ""Let me explain the new Playoff Format, every 3 races 4 drivers get eliminated and then 1 of those drivers fights Brad Keselowski!"" - Referencing Brad's insane 2014 Playoffs where he got into a fight with multiple drivers and teams

* ""... or do what Jeff Gordon did, win 4 and then quit!"" - Referencing Jimmie Johnson winning too much (6th title)


And of course the iconic:

* ""Danica I hope you're not too uncomfortable tonight, I know you're not used to being this close to the front!"" - Self explanatory

Followed up by next year:

* ""We're gonna make fun of everyone because you guys have shown you know how to take a joke... well, you GUYS!"" - Danica was not a fan of her joke the previous year


These are just from memory, but this type of well-written niche-specific comedy is so rare for us since we're not a mainstream. And there will always be enough material from our long seasons every year!",2025-07-18
t3_1m48ol6,"Checking in from Riverside Speedway AKA the Canadian Bristol for the IWK 250, featuring Bubba Pollard & Dave Moody",https://www.reddit.com/r/nascar/comments/1m48ol6/,/u/theGTAking101,2025-07-19 22:18:21+00:00,"The annual event in support of the IWK children's hospital in Halifax, and always features a NASCAR guest driver. 

Past guests include Regan Smith, Kenny Wallace, Mike Skinner, Mark Martin, Matt Crafton, Marcos Ambrose, Brad Keselowski, Joey Logano, David Reuitimann, Aric Almirola, & Ricky Craven.

On a side note, it's always interesting to see the paint schemes at these local short tracks, as many of them draw inspiration from Cup & Xfinity schemes. Such as the 31 which is inspired by Dale Jr's Busch Series car, the 52's gold textured number similar to Dale's 2014 car, as well as the many familiar number fonts across the field. ",2025-07-19
t3_1m52j2a,After a break since 2019…,https://www.reddit.com/r/nascar/comments/1m52j2a/,/u/Dapper-Guarantee3382,2025-07-20 22:49:26+00:00,"Hey, old nascar fan here, I used to be a huge nascar fan from 09-2019, I was born 05’ and now I want to get back into the sport but I don’t know who to root for. I used to be a huge Matt kenseth, Carl Edwards, and somehow when he was near the peak of hatred for him by fans, Kyle Busch, but now, they are all retired, bat Kyle but he might as well be, and many other racers I liked like Kevin Harvick retired and SHR is gone? Even Truex retired and now Joey Logano has the equal amount championships than my three favorite drivers!? I also hear Denny has been dominant and still no championship either, and my favorite racing team which was RFR is now under Brad keselowski? So after a 6 year hiatus of not watching nascar, I want to get back into it and I want to know who you guys root for so that I can determine who I want to as well, also, WHY DID JOE GIBBS RETIRE THE 18 IN FAVOR OF THE 54!? Anyways leave your thoughts below and help me out.",2025-07-20
t3_1m5lc4a,"This one’s all about the fans, we’re making a video with Brad Keselowski and using questions and moments straight from fans.",https://www.reddit.com/r/nascar/comments/1m5lc4a/,/u/bureazy,2025-07-21 15:04:40+00:00,Got a question you’ve always wanted to ask? A hilarious meme or moment? Drop it all below 👇 We’ll be picking some of the top replies to include in the shoot. ,2025-07-21
t3_1m6i12e,RFK Racing Paint Schemes For The 2025 Brickyard 400 At Indianapolis,https://www.reddit.com/r/nascar/comments/1m6i12e/,/u/Dmacthegoat,2025-07-22 16:01:38+00:00,,2025-07-22
t3_1m7rlzq,Writeup Wednesday Every Week Until the 2025 Championship Weekend #22: Ty vs Ty For A Place in History,https://www.reddit.com/r/nascar/comments/1m7rlzq/,/u/bruhmoment2248,2025-07-24 01:43:18+00:00,"Originally, I was gonna write about NASCAR’s crown jewel events given that it’s Brickyard 400 week. But then I thought to myself, “people who happen to read this stuff every week knows what they are, let’s talk about something else for a change”. And oh boy do we have the showdown of a generation on our hands this weekend in Indianapolis. Let’s talk about it.

'

[no don't pinch yourselves, these really are the final 2 left for the ISC trophy](https://preview.redd.it/854xu6tm6qef1.png?width=1280&format=png&auto=webp&s=16c99e8a439d022ea9b93d5abb31b9234f8e2bad)

'

# It All Comes Down to This

If you placed a bracket for the In-Season Challenge about a month ago, you might remember that it exists this weekend when all interested eyes gaze upon the final round matchup that will net either Matt Kaulig or Joe Gibbs a million dollars: Ty Dillon vs Ty Gibbs. 2 drivers that are on opposite ends of the playoff cutoff and of the bracket will have a chance to proclaim themselves the first champion of NASCAR’s version of a knockout tournament.

'

So let’s take a look at our remaining contestants and their paths to the Brickyard, shall we?

'

# Tyrone Dillon

[honestly, who had Ty Dillon even making it out of the FIRST round?](https://preview.redd.it/anz8i00t6qef1.png?width=2560&format=png&auto=webp&s=cc7700450d7c18cacf7b4ac908feedb29b1e87de)

'

The name “Dillon” understandably brings up instant feelings of anger in some NASCAR fans, but for the most part that sentiment’s been shared about elder brother Austin. In reality, the younger of the two grandsons of Childress has taken a different route than what people thought he would. Yes, he took rides in the lower series with his grandfather’s team in both the Xfinity and Truck Series, leading many to file Ty Dillon in the same ranks of nepotism with Austin.

'

However, this is where brothers differ; while Austin got a cushy ride with Kevin Harvick’s old team and a number once thought to be gone forever from the highest level of stock car racing, Ty chose to go the underdog route with Germain Racing in their final years. While he didn’t do much of note in that car compared to his predecessors (then again, WHO did in that car?), Dillon did nab a few stage wins here and there, one of them on the Charlotte ROVAL on pure pace.

'

[\\""That damn Ty Dillon looks like Lewis Hamilton out there!\\""](https://preview.redd.it/kvar4cr37qef1.png?width=2048&format=png&auto=webp&s=5854e6d72986c0c3ccc5e8b0a2ee00b21f24a028)

'

It was this sleeper road course talent flashing for a brief few moments and his career-long commitment to racing in not-heavily funded cars that’d be the precursor to the underdog run Tyrone’s been on in the last month or so.

'

Having just barely qualified for the In-Season tournament by way of points and SVG not having won a road course race yet, Ty was slotted as the 32nd seed: dead last. That meant he’d be matched up with the outright #1 seed in Denny Hamlin, who everyone (including me) expected to have a cupcake walk into the final. Most didn’t even bother to write him off because there wasn’t anything TO write off about Ty this season, considering he’d been pretty quiet in the Kaulig #10 car all season long and had only put up a best finish of 12th at Texas before race 18 at Atlanta. Then, the big one struck on lap 69 of 260. 

'

[#1 seed upsets happen in most other sports, but for this to happen in the FIRST race is just the epitome of the run Hamlin's had with trophies in his career](https://preview.redd.it/09qe2bb87qef1.png?width=1200&format=png&auto=webp&s=b24e381bfa21f1dfd72baa645c5186e75a5e577d)

'

Hamlin got collected in the big one and had no chance of repairing his car enough to beat Ty's 8th place finish at Atlanta. Ty’s next opponent Brad Keselowski got caught up in the early Carson Hocevar wreck at Chicago, while Dillon got 20th. A hail mary for 17th place to get past Alex Bowman in the final corners at Sonoma put Dillon through to the final 4 to face John Hunter Nemechek. Ty needed the rains to dissipate in Dover to have a chance to get past JHN, and when the skies cleared, Dillon got past the Legacy driver to set himself up for a matchup with his younger namesake: the reincarnation of the Lord.

'

# Jesus Christ Himself

[does he regret those 2022 comments? I wonder...](https://preview.redd.it/ij6hlaeo7qef1.png?width=1200&format=png&auto=webp&s=656e149b3eb6255e5130b88b8ed2b80981a8da12)

'

Much like with Dillon’s brother, the newest generation of Gibbs has certainly ruffled a lot of feathers in his brief time in professional stock cars. Considering who his grandfather is, the negative sentiments of nepotism are sure to seep throughout the minds of many race fans, and it certainly has since his debut. But make no mistake about it, Ty Gibbs put the extra advantages to good use, winning in almost everything he’d stepped into prior to making the Cup Series including his first ever Xfinity Series start on the Daytona 24 hour course in 2021 at just 18 years old.

'

[don't let the Cup Series return to the Daytona road course either, Gibbs has a good shot at victory in NASCAR's next outing on that layout](https://preview.redd.it/b62op6gu7qef1.png?width=970&format=png&auto=webp&s=053d992c835da74173db857c8d553e969bef92af)

'

The domination continued in his further part-time starts, and with the kind of winning he was doing at that young age against drivers who work for sometimes entire careers to get even ONE win brings about criticism from the highest and lowest places. As Gibbs continued to keep blowing the doors off his competition and continually drew ire from said competition on the track, it seemed as though nothing could stop the third-generation driver from absolutely conquering the Cup Series when he got the seat from Kyle Busch’s bizarre departure from JGR.

'

And then… tragedy at the worst time.

'

[he didn't realize yet, but Ty peaked at this moment \(as of now\) celebrating the title](https://preview.redd.it/4mih7ug38qef1.png?width=640&format=png&auto=webp&s=6a20ad9caab47b5afa39a30a716233f786ee73a6)

'

Not even 12 hours after winning the Xfinity Series championship in 2022, Gibbs’ father Coy passed away in his sleep to the shock of everyone in Phoenix and the stock car world. Naturally, Ty was the hardest hit by this and withdrew from his substitute role for 23XI in the 2022 Cup Series’ season finale. Of course, he’d come back as a full-time rookie for 2023, but something seemed different about Ty as a Cup Series driver. Perhaps it was the full-time adjustment to what are essentially sports cars with open wheel underbodies compared to driving the Xfinity cars, but his 2023 season was disappointing considering expectations from the lower series at his pace.

'

While he made the playoffs in 2024 and seemed to run better compared to his first season, that elusive first win has still not come to fruition. However, Gibbs’ run through the In-Season tournament mirrors Dillon’s in that his run of form throughout the seeding races and the ISC go against his run of results from the first half of the season, of which Gibbs posted a best of 9th at Darlington. A 3rd place finish at Mexico City and 2 subsequent top 15s at Michigan and Pocono put him as the 6th seed on the right side of the bracket, matched up with 27th seeded Justin Haley.

'

[it was at this juncture that the younger Ty proceeded to lock in...](https://preview.redd.it/s6ggafme8qef1.png?width=1600&format=png&auto=webp&s=de053ae658e001bbedcf82e08c974d787bc5519d)

'

Gibbs managed to avoid the big wreck AND finish on the lead lap, the latter of which Haley could not, and Gibbs finished 14th; it’d be his worst finish of the 4 ISC races run so far. A runner-up finish to the dominant SVG in Grant Park got him past noted road course ace AJ Allmendinger. A 7th place finish at Sonoma put Gibbs ahead of the late-race spins that Zane Smith couldn’t avoid, and a 5th place result at Dover over Tyler Reddick’s 12th place effort saw Gibbs on the TNT post-race panel with Dillon as the 2 finalists for the inaugural In-Season Challenge. 

'

[yeah I didn't have Gibbs going far on my unsubmitted bracket either, I'll admit](https://preview.redd.it/tamalz326qef1.png?width=1024&format=png&auto=webp&s=6dbcfde29dd8d59563b5988fc2c0e0a395c696b6)

'

# The Brickyard Awaits

But in the end, what will this all mean? The In-Season Challenge lost a lot of hype after that big wreck in Hampton, but it’s allowed stories to be told that wouldn’t normally see the light of day compared to storylines like the playoffs that we constantly hear about at this point in the schedule. 

'

In the case of Dillon, he’s been a direct beneficiary of the in-season tournament in terms of exposure (that’s a real quote from today’s 12 Questions article btw, great timing Gluck). The midfield in NASCAR has never been livelier than in the Next Gen era, and more teams are able to squeak out decent runs on pace than ever before, with almost NONE of the coverage that the big teams and perennial front-runners get. 

'

In the case of Gibbs, while a first race win would absolutely be a MUCH better morale boost after a rough initial 2.5 years in Cup, winning the In-Season tournament could absolutely galvanize the #54 team for a deeper playoff push than their disappointing round of 16 exit from a year ago yielded, along with a first major trophy since the Xfinity Series one he only got to celebrate for a few hours.

'

No matter what way you look at it, history will be made at Indianapolis on Sunday. And no matter what, the trophy will have “Ty” inscribed on it. Whether it’s of youth or experience that gets to hoist the cup after 400 miles… remains to be seen.

'

[we will be there.](https://preview.redd.it/oho9er9h6qef1.png?width=201&format=png&auto=webp&s=3b2d0da35e84baf1111a12da7cb41662c93e15f4)

'

# Next Week...

Speaking of that Athletic article, Dillon mentioned something interesting about how tracks should keep their place on the schedule...",2025-07-24
t3_1m9j18g,"In light of Chase's comments, we have truly lost so many fun season long battles and storylines that would have generated more interest than the playoffs. Here is a look at what could have been...",https://www.reddit.com/r/nascar/comments/1m9j18g/,/u/LowLocation2588,2025-07-26 03:22:03+00:00,"Yeah yeah yeah different system creates different scenarios but doesn't change the speed these guys would have in a season, meaning they all would still be relatively close for a full season to allow these storylines to develop, even if one guy pulled away late. Also, most of these would have been tossups in a season long format.


*2004*

Maybe the biggest of them all. Jeff Gordon, Jimmie Johnson, and Dale Jr all traded the points lead in 2004. It would have been a legendary season long battle throughout the Summer with these 3, with it all coming down to Gordon and Johnson in the end. Master vs Student. Gordon vs Earnhardt one more time. The sports 2 biggest stars and the sports next big thing all battling it out would have been epic.

*2005*

Stewart dominates as others struggle. 


*2006*

Jimmie Johnson and Matt Kenseth were evenly matched all year. It came down to the final race in the Chase and likely would have come down to the final race in a season long format. Johnson beat Kenseth by 56 points in the Chase and 4 points in season long

*2007*

While it might not have been such a big battle points wise (with Gordon having a commanding 400+ point lead at the start of the Chase and a 350 point lead by the end despite Johnson winning 4 in a row) the storyline would have once again been Gordon vs Johnson in another epic duel with Gordon once again prevailing over his protege. 

*2008*

A three horse battle with Johnson vs Edwards vs Busch, Chevy vs Ford vs Toyota, would have been NASCARs dream with each manufacturer being represented. These three combined for 24 wins. Despite Busch fading late, Johnson and Edwards would have battled to the very end, with Edwards having a mere 16 points over Johnson. 

*2009*

This was the year of HMS (and Tony Stewart) as Johnson, Martin, and Gordon all were the class of the field week in and week out. The storylines would have wrote themselves. Can Mark Martin finally win a title? If Johnson failed to win in years past, could he finally claim a cup championship? Can Jeff Gordon win a potential 5th/6th/7th title? Could Tony Stewart finally dethrone the years of HMS dominance? 

*2010*

The arrival of Kevin Harvick that we know today and return of RCR. While not an intriguing points battle, it would have been nice to see RCR return to the mountain top essentially 10 years from Dale's passing and also set's up next years storyline...

*2011*

While nothing could replace the best Chase/Playoff in NASCAR history, the 2011 season long battle would have been great. Many don't remember that this season wasn't just Edwards vs Stewart, but a host of drivers battling for the points lead throughout the Summer. Johnson, Busch, Edwards, Harvick, Jeff Gordon, Matt Kenseth, and a hard charging Tony Stewart late. All these guys were at one point within 34 points of one another. It was a true up in the air battle all season long. 

*2012*

20 years since the epic 1992 points battle, this could have been the same. Brad Keselowski, Greg Biffle, Jimmie Johnson, Matt Kenseth, Clint Bowyer, Dale Jr all made charges for the title, with 5 of them being right there at the end within 46 points of another. Would have been great to see play out with underdogs and superstars alike battling for it, just like in 92.

*2013*

Johnson vs Harvick once again battling it out as they did in 2010.

*2014*

Perhaps the greatest story never told, Jeff Gordon chasing down Dale and Petty for his 7th title would have dominated the entire season. Despite hard charges from Brad, Harvick, Dale Jr, it would have been Joey Logano who gave Gordon the most fits, with Jeff holding off by 37 points for a potential 7th title. 

*2015*

Kevin Harvick and Joey Logano were the class of the field, with Harvick barely beating Logano by ironically 22 points. Does Logano/Kenseth feud happen in this timeline? Who knows, but Harvick/Logano would have been a season long battle.

*2016*

See above. Once again Harvick vs Logano, with a bit of Kyle Busch and Brad Keselowski. This would be the 3rd year in a row Logano finishes 2nd in season long points battle, with Harvick claiming his 3rd title.

*2017*

Martin Truex Jr puts on one of the most dominating seasons of all time.

*2018*

Kyle Busch vs Kevin Harvick. The class of the field, Kyle Busch finally breaks through for his first title and stops Harvick from getting his 4th. 

*2019*

5 drivers finished within 37 points of one another. Busch, Harvick, Logano, MTJ, and Hamlin. The five guys that defined the mid10s all battling it out amongst each other.

*2020*

Kevin Harvick and Denny Hamlin replay 1998 with Harvick as Jeff Gordon and Hamlin as Mark Martin. In any other season Hamlin does enough for a title, but Harvick was historic with a 7.3 average finish. 

*2021*

Denny Hamlin is once again the bridesmaid. Despite an insane 8.4 average finish and chasing Kyle Larson all year long, Larson's 10 wins puts him on top. 

*2022* 

Chase Elliott holds off the Penske Boys Blaney and Logano, and his own teammate Kyle Larson, and puts together a strong title season with pure consistency. 

*2023*

Byron beats Hamlin by 8 points in a season long format but these two would have battled all year long. Would Hamlin FINALLY capture his title? Would the 24 find its way on top yet again with anyother young phenom? Hamlin's chase would have generated a lot of buzz and interest.

*2024*

Larson/Chase/Byron HMS trio against Bell, all finishing within 51 points of one another. Each HMS guy would have been going for their 2nd title each, and 4th in a row for HMS, would have been major headlines of Bell trying to play spoiler.",2025-07-26
t3_1mbr0na,NASCAR 25’ Driver Ratings Predictions,https://www.reddit.com/r/nascar/comments/1mbr0na/,/u/22jburns,2025-07-28 20:14:15+00:00,"These are overall ratings like many sports games possess.

Kyle Larson: 94
Denny Hamlin: 94
Christopher Bell: 91
Ryan Blaney: 90
William Byron: 88
Joey Logano: 88
Tyler Reddick: 87
Chase Elliott: 86
Ross Chastain: 85
Chris Buescher: 84
Brad Keselowski: 83
Kyle Busch: 83
Chase Briscoe: 80
Alex Bowman: 80
Erik Jones: 79
Bubba Wallace: 77
Carson Hocevar: 77
Ryan Preece: 77
Ty Gibbs: 77
Austin Cindric: 77
Ricky Stenhouse Jr: 76
Aj Allmendinger: 76
Michael McDowell: 76
Josh Berry: 75
John Hunter Nemechek: 75
Daniel Suarez: 75
Zane Smith: 74
Todd Gilliland:74
Noah Gragson: 74
Shane Van Gisbergen: 73
Justin Haley: 73
Austin Dillon: 73 
Cole Custer: 73
Ty Dillon: 72
Riley Herbst: 70
Cody Ware: 67



Thoughts? Who is too high or too low? What do you agree with or disagree with? ",2025-07-28
t3_1mcc9sc,2025 RFK Racing Paint Schemes For Iowa,https://www.reddit.com/r/nascar/comments/1mcc9sc/,/u/Dmacthegoat,2025-07-29 14:02:25+00:00,https://x.com/RFKracing/status/1950194787933413378,2025-07-29
t3_1mcmywx,RFK Racing shared an image from NASCAR 25,https://www.reddit.com/r/nascar/comments/1mcmywx/,/u/Primatech2006,2025-07-29 20:43:31+00:00,,2025-07-29
t3_1mf32i6,Show me your NASCAR  collection!,https://www.reddit.com/r/nascar/comments/1mf32i6/,/u/NefariousnessLimp429,2025-08-01 17:43:15+00:00,"I want to view your diecast setups! Part of my collection includes Kyle Larson's Richmond win, Denny Hamlin's Bristol win, Alex Bowman’s Chicago Street Course win, Buescher’s 2023 Castrol scheme, Blaney’s 2023 BodyArmor, Alex Bowman 2024 Throwback, and Chastain’s 2023 peach car.. I also ordered the 2002 primary scheme, 1997 Terry Labonte Universal Monsters die cast and Kyle Larson Funko pop, so I will be getting that eventually. What about your collection?

",2025-08-01
t3_1mh5ffn,Feast or Famine: Why do we see more guys blatantly running each over more then ever on restarts likes its a LCQ or the stereotypical desperate Truck or Xfinity race,https://www.reddit.com/r/nascar/comments/1mh5ffn/,/u/realflags,2025-08-04 05:50:54+00:00,"After watching todays race and other prior races in both the cup and xfinity series, it seems that Kyle Busch quote from a few years ago that drivers *""have completely lost respect in the garage""* might have actually aged well. 

Looking back on  memorable incidents watching the cup series since 2014, I remember how admonished guys like Brad Keselowski were from the fans after accidentally cutting Gordon's tire in the playoff Texas race 2014, and how looking back on that compared to many the many incidents we have seen since, that action if comitted today wouldn't be as big of a deal as it was back in that era, given how conditioned we are as fans to chaos and every driver is for themselves type of mentality. 

Seeing how once we get a caution at hard to pass tracks this year, we have often seen 2-4 cautions immediately follow up until it goes green, after all the Usual Suspects either lose their track position or blatantly get wrecked out. Whether it was Nashville last year, Las Vegas, Texas, Kansas, and now Iowa I think we have seen the most aggression ever on restarts, once 1 caution breaks out, it would go green until several attempts. As the last 50 laps at texas were literally caution after caution until the last few laps.  

Its ironic to see guys like Kyle Busch, Larson and others more recently complain about the disrespect on the race track, as they in the past were not known to be saints on this issue either. 

The question is why? 

Why have we seen this behavior amoung ""top tier"" drivers in the last two year specifically? Is it because all the guys from the Trucks and Xfinity are now in Cup and have carried this mentality over, since the lower series weren't policed so much until recently

Is it purely the parity of the next gen car, making normal passes impossible, thus promoting gutsy moves? 



",2025-08-04
t3_1mhab38,"The Day After the Races - August 4, 2025",https://www.reddit.com/r/nascar/comments/1mhab38/,/u/NASCARThreadBot,2025-08-04 11:00:07+00:00,"Welcome to this week's Day After the Races thread! The dust has settled, the track has cooled, and the confetti's been swept.  With this weekend's activities over, what are your thoughts?  Here's a summary of the previous week's race(s):

---

[NCS](#theNCS)[](#trackIowa) ***Iowa Corn 350 at Iowa Speedway***

**Elapsed Time**: 3:17:47 for 350 laps (306.25&nbsp;mi / 492.86&nbsp;km)

**Cautions**: 12 cautions for 72 laps

**Leaders**: 10 lead changes among 6 leaders (William Byron led most with 141)

**Stage 1**: Brad Keselowski at 70 Laps

**Stage 2**: Brad Keselowski at 210 Laps

**Race Winner**: William Byron at 350 Laps

[Current Standings at NASCAR.com](http://www.nascar.com/standings/nascar-cup-series)

**Race Threads**: [[Pre](/r/NASCAR/comments/1mgleh5/prerace_discussion_thread_ncs_iowa_corn_350_at/)]:[[Race](/r/NASCAR/comments/1mgqna3/race_thread_ncs_iowa_corn_350_at_iowa_speedway/)]:[[Post](/r/NASCAR/comments/1mgx9o7/postrace_discussion_thread_ncs_iowa_corn_350_at/)]

---

[NXS](#theNXS)[](#trackIowa) ***HyVee Perks 250 at Iowa Speedway***

**Elapsed Time**: 2:29:26 for 250 laps (218.75&nbsp;mi / 352.04&nbsp;km)

**Cautions**: 9 cautions for 61 laps

**Leaders**: 13 lead changes among 8 leaders (Ross Chastain led most with 120)

**Stage 1**: Connor Zilisch at 60 Laps

**Stage 2**: Ross Chastain at 120 Laps

**Race Winner**: Sam Mayer at 250 Laps

[Current Standings at NASCAR.com](http://www.nascar.com/standings/xfinity-series)

**Race Threads**: [[Race](/r/NASCAR/comments/1mfz308/race_thread_nxs_hyvee_perks_250_at_iowa_speedway/)]:[[Post](/r/NASCAR/comments/1mg4d6r/postrace_discussion_thread_nxs_hyvee_perks_250_at/)]",2025-08-04
t3_1mhge9x,"Likely too little, too late, but Brad Keselowski and the 6 team have pulled an incredible comeback in points.",https://www.reddit.com/r/nascar/comments/1mhge9x/,/u/Particular-Ant-2837,2025-08-04 15:22:23+00:00,"With 3 races to go, can the #6 make the playoffs?",2025-08-04
t3_1mhn02n,NASCAR Insight: The Last Time RFK Racing Had Multiple Cars Finish In The Top-5 In Back To Back Races Was Texas And Kansas In Spring 2012,https://www.reddit.com/r/nascar/comments/1mhn02n/,/u/AlexMotorsports0,2025-08-04 19:22:13+00:00,"Nuts stat by NASCAR Insights yesterday I mean... RFK Racing is killing it right now, they might even get a win in the final 3 races at this point",2025-08-04
t3_1mhxunb,[Brad Keselowski] Single Biggest change I’ve seen in the cup series drivers over last 10 years- Complete willingness to semi-intentionally wreck each other running 15th or worse. I see it almost every week and none worse than this week in Iowa. Not sure what to make of it…,https://www.reddit.com/r/nascar/comments/1mhxunb/,/u/LBHMS,2025-08-05 02:56:12+00:00,,2025-08-05
t3_1miaoep,2025 RFK Racing Paint Schemes For Watkins Glen,https://www.reddit.com/r/nascar/comments/1miaoep/,/u/Dmacthegoat,2025-08-05 14:26:37+00:00,https://x.com/rfkracing/status/1952731500014694853?s=46,2025-08-05
t3_1mkg1pv,"Which drivers do you think have benefited the most & have been set back the most from the ""Next"" Gen-7 car since 2022?",https://www.reddit.com/r/nascar/comments/1mkg1pv/,/u/realflags,2025-08-07 23:51:55+00:00,"My pick for who I think has benefited the most since the introduction of the next gen car in 2022 is no doubt William Byron. This car alone, with the timing of Byron approaching his prime, has elevated Byron Out of the shadow of Eliott and Larson in the last few years, as he has the second most wins in this car and has mastered probably being the best around team in terms of mastering every track style and finds creative ways to take advantage of the natural chaos of this car unlike his teammates can ironically.

He somehow won 2 of the 4 next gen Daytona 500s by mastering wreck avoidance, he has won multiple Road courses, mile and a halfs, and a couple short tracks. I believe he might be the only driver since 2022 to  do all of it and I think its all apart of his mentality in terms of being as consistent as Elliott at times, in accordance with the raw speed of Kyle Larson. *And he might have inherited Jimmy's Golden Horseshoe?* 

Plus it sounds like in the last few years Nobody has been better in terms of translating simulator step-ups to saturday practice and qualfying better then William Byron, which is cruical considering how track position and controlling the dirty air matters more then anything and we have only 1/8th-1/4 the practice time we use to see. 

In terms of who has been set back the most its really a coin flip.

It seems like guys like Harvick and Truex Jr were set to retire soon after 2021 anyways.

 Busch is questable whether it's just the equipment, natural career/age fall off, all combined with the hard to drive next gen car.

Same can be said about Brad Keselowski, more so with his RFK setups being inconsistent throughout the year. 

Even a wildcard could be Kyle Larson and Chase Elliott. 

With how we thought Larson's career trajectory would be since 2021 winning 10 races a year, now somewhere between 3-6 every year and has lost the most races on late race restarts then anybody. Plus he has the 2nd most DNFs in the Next Gen, despite currently having the most wins in this car too. 

Who are your Picks?",2025-08-07
t3_1mmwq9h,Fastest laps this season,https://www.reddit.com/r/nascar/comments/1mmwq9h/,/u/Inevitable_Catch_566,2025-08-10 22:55:29+00:00,"
Trucks: 

- Corey Heim: 6 (Martinsville, Rockingham, Charlotte, Nashville, Lime Rock Park, IRP)

- Layne Riggs: 3 (Daytona, Kansas, Pocono)

- Carson Hocevar: 2 (Texas, Kansas)

- Tanner Gray: 1 (Atlanta)

- Ty Majeski: 1 (Las Vegas)

- Ross Chastain: 1 (Homestead)

- Kyle Larson: 1 (Bristol)

- Chandler Smith: 1 (North Wilkesboro)

- Kaden Honeycutt: 1 (Michigan) 

- Andres Perez: 1 (Watkins Glen)

Xfinity: 

- Justin Allgaier: 5 (Phoenix, Homestead, Texas Charlotte, Nashville)

- Jeremy Clements: 2 (Daytona, Talladega)

- Connor Zilisch: 2 (Las Vegas, Watkins Glen)

- Shane Van Gisbergen: 2 (Chicago, Sonoma)

- Christian Eckes: 1 (Atlanta)

- Carson Kvapil: 1 (COTA)

- Sammy Smith: 1 (Martinsville)

- Taylor Gray: 1 (Darlington)

- Kyle Larson: 1 (Bristol)

- Ryan Sieg: 1 (Rockingham)

- Ty Gibbs: 1 (Mexico City)

- Chase Elliott: 1 (Pocono)

- Austin Hill: 1 (Atlanta 2)

- Brandon Jones: 1 (Dover)

- Sam Mayer: 1 (Indy)

- Ross Chastain: 1 (Iowa) 

Cup: 

- Denny Hamlin: 6 (Martinsville, Charlotte, Nashville, Pocono, Dover, Indy)

- Kyle Larson: 4 (COTA, Kansas, Mexico City, Watkins Glen)

- Michael McDowell: 3 (Daytona, Phoenix Talladega, 

- Aj Allmendinger: 2 (Atlanta, Bristol)

- Tyler Reddick: 2 (Las Vegas, Chicago)

- William Byron: 2 (Darlington, Michigan)

- Bubba Wallace: 1 (Homestead)

- Carson Hocevar: 1 (Texas)

- John Hunter Nemechek: 1 (Atlanta 2)

- Justin Haley: 1 (Sonoma) 

- Brad Keselowski: 1 (Iowa)",2025-08-10
t3_1mnqjwn,"2025 LASTCAR Cup, Xfinity, and Truck Playoff Standings (after Watkins Glen)",https://www.reddit.com/r/nascar/comments/1mnqjwn/,/u/TIFUthebestSubreddit,2025-08-11 21:58:36+00:00,"Cup Series Playoff standings (Race 24/26)

1) AJ Allmendinger 3 Losses 496 (19 PP)

2) Riley Herbst 2 Losses 674 (13 PP)

3) Cody Ware 1 Loss 880 (5 PP)

4) Noah Gragson 1 Loss 627 (5 PP)

5) Carson Hocevar 1 Loss 548 (5 PP)

6) Ricky Stenhouse Jr 1 Loss 536 (6 PP)

7) Brad Keselowski 1 Loss 523 (5 PP)

8) Erik Jones 1 Loss 500 (8 PP)

9) Kyle Busch 1 Loss 433 (8 PP)

10) Alex Bowman 1 Loss 417 (6 PP)

11) Joey Logano 1 Loss 416 (7 PP)

12) Ryan Blaney 1 Loss 415 (7 PP)

13) Kyle Larson 1 Loss 394 (10 PP)

14) Ross Chastain 1 Loss 378 (7 PP)

15) Denny Hamlin 1 Loss 331 (7 PP)

16) William Byron 1 Loss 326 (7 PP)

_____________________________________________

17) Cole Custer 673

18) Ty Dillon 614 (1 PP)

19) Shane van Gisbergen 613 (1 PP)

20) Todd Gilliland 537

21) Josh Berry 525

22) Daniel Suarez 521

23) Zane Smith 520

24) Justin Haley 518

25) Michael McDowell 493 (1 PP)

26) Austin Dillon 489

27) John Hunter Nemechek 487

28) Ty Gibbs 447

29) Austin Cindric 445

30) Bubba Wallace 401

_____________________________________________

Other Losers outside top 30 that most likely won't make multiple starts in the playoffs 

33) JJ Yeley 1 Loss 330 (7 PP)

38) Josh Bilicki 1 Loss 216 (6 PP)

44) Connor Zilisch 1 Loss 82 (5 PP)

45) Jimmie Johnson 1 Loss 80 (7 PP)

46) Joey Gase 1 Loss 61 (7 PP)

**___________________________**

Xfinity Playoff standings (Race 23/26)

1) Daniel Dye 2 Losses 450 (14 PP)

2) Christian Eckes 2 Losses 426 (13 PP)

3) Garrett Smithley 1 Loss 568 (7 PP)

4) Anthony Alfredo 1 Loss 556 (6 PP)

5) Parker Retzlaff 1 Loss 548 (7 PP)

6) William Sawalich 1 Loss 518 (7 PP)

7) Dean Thompson 1 Loss 391 (8 PP)

8) Ryan Sieg 1 Loss 388 (7 PP)

9) Taylor Gray 1 Loss 336 (5 PP)

10) Sammy Smith 1 Loss 317 (7 PP)

11) Jesse Love 1 Loss 243 (7 PP)

12) Ryan Ellis 603

_____________________________________________

13) Kyle Sieg 584

14) Blaine Perkins 563

15) Kris Wright 1 Loss 538 (7 PP)

16) Matt DiBenedetto 505

17) Josh Bilicki 453 (1 PP)

18) Jeremy Clements 449

19) Brennan Poole 429

20) Josh Williams 1 Loss 426 (7 PP)

21) Nick Sanchez 404

22) Sheldon Creed 379

23) Greg Van Alst 351

24) Jeb Burton 349

25) Brandon Jones 344

26) Mason Maggio 1 Loss 306 (7 PP)

27) Mason Massey 300

28) Leland Honeyman 296

29) Thomas Annunziata 295

30) Justin Allgaier 291

_____________________________________________

Other Losers that most likely won't make multiple starts in the playoffs 

37) Dawson Cram 1 Loss 217 (7 PP)

40) Justin Bonsignore 2 Losses 191 (14 PP)

48) Logan Bearden 1 Loss 122 (7 PP)

56) Christopher Bell 1 Loss 70 (5 PP)

58) Carson Hocevar 1 Loss 64 (7 PP)

63) Ross Chastain 1 Loss 52 (5 PP)

**___________________________**

Truck series Playoff Standings (race 17/18)

**1) Frankie Muniz 1 Loss 610 (7 PP)**

**2) Kaden Honeycutt 1 Loss 331 (7 PP)**

**3) Layne Riggs 1 Loss 248 (7 PP)**

**4) Chandler Smith 1 Loss 223 (5 PP)**

**5) Toni Briedinger 612 (2 PP)**

**6) Spencer Boyd 565**

7) Jack Wood 413

8) Dawson Sutton 394

9) Connor Mosack 390

10) Matt Mills 384

_____________________________________________

11) Matt Crafton 369

12) Andres Perez de Lara 367

13) Rajah Caruth 337

14) Nathan Byrd 430

15) Norm Benning 3 Losses 407 (22 PP)

16) Stewart Friesen 1 Loss 329 (7 PP)

17) Tanner Gray 327

18) Ben Rhodes 319

19) Cody Dennison 299

20) Gio Ruggerio 289

21) Ty Majeski 264

22) Jake Garcia 256

23) Stephen Mallozzi 3 Losses 235 (21 PP)

24) Grant Enfinger 232

25) Luke Fenhaus 225

26) Tyler Ankrum 222

27) Justin Carroll 218 (1 PP)

28) Daniel Hemric 178

29) Josh Reaume 173

30) Corey Heim 162

_____________________________________________

Other Losers that most likely won't make multiple starts in the playoffs 

33) Parker Kligerman 1 Loss 148 (7 PP)

38) Keith McGee 1 Loss 104 (6 PP)

40) Ryan Roulette 1 Loss 103 (5 PP)

41) Kyle Busch 1 Loss 102 (5 PP)

53) Bryan Dauzat 1 Loss 60 (7 PP)

54) Alex Labbe 1 Loss 59 (6 PP)",2025-08-11
t3_1mo8zoc,According to his podcast it’s sounds like Corey LaJoie is the reserve driver for Brad Keselowski,https://www.reddit.com/r/nascar/comments/1mo8zoc/,/u/POV_Morde_Ult,2025-08-12 13:38:26+00:00,In yesterdays episode of Stacking Pennies Corey LaJoies podcast (at the ~1:30 minute mark) he mentioned he could potentially be driving triple duty at Richmond if Paige Keselowski has her baby this weekend. He also mentioned get fit for a BuildSubmarines.Com firesuit and working with Jeremy Bullins. I thought this was an interesting tidbit that I hadn’t seen others talking about yet. ,2025-08-12
t3_1mo9mox,2025 RFK Racing Paint Schemes For Richmond,https://www.reddit.com/r/nascar/comments/1mo9mox/,/u/Dmacthegoat,2025-08-12 14:04:06+00:00,https://x.com/RFKracing/status/1955268183302062345,2025-08-12
t3_1mq6g83,"[Bob] From a media zoom yesterday, Carson Hocevar on the brouhaha with Brad Keselowski during qualifying at The Glen:",https://www.reddit.com/r/nascar/comments/1mq6g83/,/u/Jrnation8988,2025-08-14 17:02:38+00:00,"https://x.com/bobpockrass/status/1956022917507993786?s=46&t=tWR0I3AdDMohu86kIKzz3Q

No denying that the kid’s got talent, but cmon man…
You “don’t know why” Brad was mad at you? You literally admitted to fucking up his qualifying lap because he fucked yours up. ",2025-08-14
t3_1mrdjuc,"[Crandall] Brad Keselowski says ""we're in trouble"" and that ""the math ain't mathing"" as far as how many sets of tires Cup Series teams have for Saturday night at Richmond and how far it seems a set of tires can go during a run.",https://www.reddit.com/r/nascar/comments/1mrdjuc/,/u/Equivalent_Dish_1990,2025-08-15 23:08:26+00:00,,2025-08-15
t3_1mrhfyo,Brad Keselowski Questionable?,https://www.reddit.com/r/nascar/comments/1mrhfyo/,/u/Stutturbug,2025-08-16 01:56:27+00:00,"Setting my fantasy lineup, and saw that Brad was questionable, but a quick search and I found nothing.  Anyone know whats going on?",2025-08-16
t3_1msg69f,Fastest laps this season,https://www.reddit.com/r/nascar/comments/1msg69f/,/u/Inevitable_Catch_566,2025-08-17 03:19:46+00:00,"Trucks: 

- Corey Heim: 6 (Martinsville, Rockingham, Charlotte, Nashville, Lime Rock Park, IRP)

- Layne Riggs: 3 (Daytona, Kansas, Pocono)

- Carson Hocevar: 2 (Texas, Kansas)

- Tanner Gray: 1 (Atlanta)

- Ty Majeski: 1 (Las Vegas)

- Ross Chastain: 1 (Homestead)

- Kyle Larson: 1 (Bristol)

- Chandler Smith: 1 (North Wilkesboro)

- Kaden Honeycutt: 1 (Michigan) 

- Andres Perez: 1 (Watkins Glen)

- Daniel Hemric: 1 (Richmond)

Xfinity: 

- Justin Allgaier: 5 (Phoenix, Homestead, Texas Charlotte, Nashville)

- Jeremy Clements: 2 (Daytona, Talladega)

- Connor Zilisch: 2 (Las Vegas, Watkins Glen)

- Shane Van Gisbergen: 2 (Chicago, Sonoma)

- Christian Eckes: 1 (Atlanta)

- Carson Kvapil: 1 (COTA)

- Sammy Smith: 1 (Martinsville)

- Taylor Gray: 1 (Darlington)

- Kyle Larson: 1 (Bristol)

- Ryan Sieg: 1 (Rockingham)

- Ty Gibbs: 1 (Mexico City)

- Chase Elliott: 1 (Pocono)

- Austin Hill: 1 (Atlanta 2)

- Brandon Jones: 1 (Dover)

- Sam Mayer: 1 (Indy)

- Ross Chastain: 1 (Iowa) 

Cup: 

- Denny Hamlin: 6 (Martinsville, Charlotte, Nashville, Pocono, Dover, Indy)

- Kyle Larson: 4 (COTA, Kansas, Mexico City, Watkins Glen)

- Michael McDowell: 3 (Daytona, Phoenix Talladega, 

- Aj Allmendinger: 2 (Atlanta, Bristol)

- Tyler Reddick: 2 (Las Vegas, Chicago)

- Bubba Wallace: 2 (Homestead, Richmond)

- William Byron: 2 (Darlington, Michigan)

- Carson Hocevar: 1 (Texas)

- John Hunter Nemechek: 1 (Atlanta 2)

- Justin Haley: 1 (Sonoma) 

- Brad Keselowski: 1 (Iowa)",2025-08-17
t3_1msi95u,Fastest laps this season,https://www.reddit.com/r/nascar/comments/1msi95u/,/u/Inevitable_Catch_566,2025-08-17 05:13:15+00:00,"Trucks: 

- Corey Heim: 6 (Martinsville, Rockingham, Charlotte, Nashville, Lime Rock Park, IRP)

- Layne Riggs: 3 (Daytona, Kansas, Pocono)

- Carson Hocevar: 2 (Texas, Kansas)

- Tanner Gray: 1 (Atlanta)

- Ty Majeski: 1 (Las Vegas)

- Ross Chastain: 1 (Homestead)

- Kyle Larson: 1 (Bristol)

- Chandler Smith: 1 (North Wilkesboro)

- Kaden Honeycutt: 1 (Michigan) 

- Andres Perez: 1 (Watkins Glen)

- Daniel Hemric: 1 (Richmond)

Xfinity: 

- Justin Allgaier: 5 (Phoenix, Homestead, Texas Charlotte, Nashville)

- Jeremy Clements: 2 (Daytona, Talladega)

- Connor Zilisch: 2 (Las Vegas, Watkins Glen)

- Shane Van Gisbergen: 2 (Chicago, Sonoma)

- Christian Eckes: 1 (Atlanta)

- Carson Kvapil: 1 (COTA)

- Sammy Smith: 1 (Martinsville)

- Taylor Gray: 1 (Darlington)

- Kyle Larson: 1 (Bristol)

- Ryan Sieg: 1 (Rockingham)

- Ty Gibbs: 1 (Mexico City)

- Chase Elliott: 1 (Pocono)

- Austin Hill: 1 (Atlanta 2)

- Brandon Jones: 1 (Dover)

- Sam Mayer: 1 (Indy)

- Ross Chastain: 1 (Iowa) 

Cup: 

- Denny Hamlin: 6 (Martinsville, Charlotte, Nashville, Pocono, Dover, Indy)

- Kyle Larson: 4 (COTA, Kansas, Mexico City, Watkins Glen)

- Michael McDowell: 3 (Daytona, Phoenix Talladega, 

- Aj Allmendinger: 2 (Atlanta, Bristol)

- Tyler Reddick: 2 (Las Vegas, Chicago)

- Bubba Wallace: 2 (Homestead, Richmond)

- William Byron: 2 (Darlington, Michigan)

- Carson Hocevar: 1 (Texas)

- John Hunter Nemechek: 1 (Atlanta 2)

- Justin Haley: 1 (Sonoma) 

- Brad Keselowski: 1 (Iowa)",2025-08-17
t3_1mtyt8r,2025 LASTCAR Cup Playoff standings & Truck Playoff Grid (After Richmond),https://www.reddit.com/r/nascar/comments/1mtyt8r/,/u/TIFUthebestSubreddit,2025-08-18 21:15:51+00:00,"Cup Series Playoff standings (Race 25/26)

1) AJ Allmendinger 3 Losses 517 (19 PP)

2) Riley Herbst 2 Losses 707 (12 PP)

3) Cody Ware 1 Loss 927 (6 PP)

4) Noah Gragson 1 Loss 654 (5 PP)

5) Ricky Stenhouse Jr 1 Loss 567 (6 PP)

6) Carson Hocevar 1 Loss 561 (5 PP)

7) Brad Keselowski 1 Loss 530 (5 PP)

8) Erik Jones 1 Loss 524 (8 PP)

9) Kyle Busch 1 Loss 450 (8 PP)

10) Joey Logano 1 Loss 418 (7 PP)

11) Alex Bowman 1 Loss 418 (6 PP)

12) Ryan Blaney 1 Loss 416 (7 PP)

13) Kyle Larson 1 Loss 398 (10 PP)

14) Ross Chastain 1 Loss 395 (7 PP)

15) Denny Hamlin 1 Loss 339 (7 PP)

16) William Byron 1 Loss 336 (7 PP)

_____________________________________________

17) Cole Custer 695

18) Ty Dillon 640 (1 PP)

19) Shane van Gisbergen 625 (2 PP)

20) Justin Haley 569

21) Todd Gilliland 562

22) Josh Berry 531

23) Zane Smith 529

24) Daniel Suarez 526

25) John Hunter Nemechek 525

26) Michael McDowell 508 (1 PP)

27) Austin Dillon 490

28) Ty Gibbs 472

29) Austin Cindric 448

30) Bubba Wallace 427

31) Chase Elliott 1 Loss 272 (5 PP) (since it's impossible for Chase Elliott to pass William byron to be the 16th loser, he's eliminated from making the lastcar playoffs

_____________________________________________

Other Losers outside top 30 that most likely won't make multiple starts in the playoffs 

36) JJ Yeley 1 Loss 330 (7 PP)

38) Josh Bilicki 1 Loss 216 (6 PP)

45) Connor Zilisch 1 Loss 82 (5 PP)

46) Jimmie Johnson 1 Loss 80 (7 PP)

47) Joey Gase 1 Loss 61 (7 PP)

**___________________________**

Truck series Playoff Grid (race 18/18)

1) Frankie Muniz 1 Loss 2022 (22 PP) (Regular Season champion)

2) Toni Briedinger 2012 (12 PP)

6) Spencer Boyd 2009 (9 PP)

4) Kaden Honeycutt 1 Loss 2007 (7 PP)

5) Layne Riggs 1 Loss 2007 (7 PP)

6) Dawson Sutton 2007 (7 PP)

7) Chandler Smith 1 Loss 2005 (5 PP)

8) Jack Wood 2005 (5 PP)

_____________________________________________

9) Connor Mosack 2004 (4 PP)

10) Matt Mills 2002 (2 PP)",2025-08-18
t3_1muj6fw,2025 RFK Racing Paint Schemes For The Daytona Summer Race (Regular Season Finale),https://www.reddit.com/r/nascar/comments/1muj6fw/,/u/Dmacthegoat,2025-08-19 13:57:05+00:00,https://www.instagram.com/p/DNifRNut6g9/?utm_source=ig_web_copy_link,2025-08-19
t3_1mwn5jc,Reddit Asks Brad Keselowski WILD Questions | NASCAR,https://www.reddit.com/r/nascar/comments/1mwn5jc/,/u/NeatWrongdoer1309,2025-08-21 21:02:15+00:00,,2025-08-21
t3_1mxna2o,"[Brad Keselowski on X] ""Trying to explain to my family why cars weren’t on track today-""",https://www.reddit.com/r/nascar/comments/1mxna2o/,/u/CNASFan1992,2025-08-23 00:30:44+00:00,,2025-08-23
t3_1mzxe56,[Céspedes] Regular Season Point Comparison of 2024 vs. 2025 Most Improved 📈 Ryan Preece: +227 Chase Briscoe: +148 John Hunter Nemechek: +131 Most Regressed 📉 Brad Keselowski: -227 Ty Gibbs: -159 Tyler Reddick: - 130,https://www.reddit.com/r/nascar/comments/1mzxe56/,/u/ChaseTheFalcon,2025-08-25 17:46:56+00:00,,2025-08-25
t3_1n02r3d,2025 LASTCAR cup Playoff Grid * Xfinity Playoff standings (after Daytona II),https://www.reddit.com/r/nascar/comments/1n02r3d/,/u/TIFUthebestSubreddit,2025-08-25 21:08:54+00:00,"
Cup Series Playoff Grid (Race 26/26)

1) Riley Herbst 3 Losses 2029 (29 PP)

2) Cody Ware 1 Loss 2021 (21 PP) (Regular Season champion)

3) AJ Allmendinger 3 Losses 2019 (19 PP)

4) Noah Gragson 1 Loss 2013 (13 PP)

5) Ricky Stenhouse Jr 1 Loss 2010 (10 PP)

6) Carson Hocevar 1 Loss 2010 (10 PP)

7) Kyle Larson 1 Loss 2010 (10 PP)

8) Erik Jones 1 Loss 2008 (8 PP)

9) Kyle Busch 1 Loss 2008 (8 PP)

10) Joey Logano 1 Loss 2007 (7 PP)

11) Ryan Blaney 1 Loss 2007 (7 PP)

12) Ross Chastain 1 Loss 2007 (7 PP)

_____________________________________________

13) Denny Hamlin 1 Loss 2007 (7 PP)

14) William Byron 1 Loss 2007 (7 PP)

15) Alex Bowman 1 Loss 2006 (6 PP)

16) Brad Keselowski 1 Loss 2005 (5 PP)

**___________________________**

Xfinity Playoff standings (Race 24/26)

1) Parker Retzlaff 2 Losses 608 (14 PP)

2) Daniel Dye 2 Losses 483 (14 PP)

3) Christian Eckes 2 Losses 456 (13 PP)

4) Anthony Alfredo 1 Loss 591 (6 PP)

5) Garrett Smithley 1 Loss 577 (7 PP)

6) William Sawalich 1 Loss 528 (7 PP)

7) Josh Williams 1 Loss 458 (7 PP)

8) Ryan Sieg 1 Loss 417 (7 PP)

9) Dean Thompson 1 Loss 396 (8 PP)

10) Taylor Gray 1 Loss 364 (5 PP)

11) Sammy Smith 1 Loss 318 (7 PP)

12) Ryan Ellis 617 (Regular Season Points leader)

_____________________________________________

13) Kyle Sieg 609

14) Blaine Perkins 583

15) Kris Wright 1 Loss 538 (7 PP)

16) Matt DiBenedetto 536

17) Jeremy Clements 485

18) Josh Bilicki 472 (1 PP)

19) Brennan Poole 437

20) Nick Sanchez 425

21) Sheldon Creed 394

22) Jeb Burton 367

23) Greg Van Alst 351

24) Brandon Jones 348

25) Mason Maggio 1 Loss 329 (7 PP)

26) Leland Honeyman 320

27) Joey Gase 316

28) Harrison Burton 304

29) Mason Massey 300

30) Jesse Love 1 Loss 268 (7 PP) (Needs Retzlaff to take points lead to be back in LASTCAR playoffs)

_____________________________________________

Other Losers that most likely won't make multiple starts in the playoffs 

37) Dawson Cram 1 Loss 217 (7 PP)

40) Justin Bonsignore 2 Losses 191 (14 PP)

48) Logan Bearden 1 Loss 122 (7 PP)

57) Christopher Bell 1 Loss 70 (5 PP)

59) Carson Hocevar 1 Loss 64 (7 PP)

63) Ross Chastain 1 Loss 52 (5 PP)",2025-08-25
t3_1n0btwu,Fastest Lap of the Race,https://www.reddit.com/r/nascar/comments/1n0btwu/,/u/miangro,2025-08-26 03:55:00+00:00,"I saw the standings for fastest lap points and decided I wanted a little more info.  I wanted to see when in the race these fastest laps happened and what position the driver was in at the time.  There are some strong trends.

1) AJ Allmendinger and Michael McDowell figured out how to pull fastest laps at the drafting tracks.  Mid-to-late pack and use the draft.  I don't know whether it means anything that those tended to come later in the race.  But it makes sense that these two teams would be fighting for every point and saw this as an opportunity.

2) Everyone noticed Cliff Daniels going for fasted lap at COTA and Watkins Glen, but the 7 car did the same thing at Sonoma.  SVG was just too fast in Mexico City.  But I bet everybody in the garage has noticed in case they fall out of a road course early.

3) Other than that, you basically needed to be leading to set the fastest lap.  I'm obligated to point out that correlation does not prove causation and this might be because the fastest cars are most likely to be out front at some point in the race.  But we also know dirty air behind the leader plays a factor. 

4) I was somewhat surprised at how late many of these occurred and I don't know what's different about Kansas or Texas.

|**+**|Race|Driver|Lap|Position|
|:-|:-|:-|:-|:-|:-|
|**1**|Daytona|Michael McDowell|178|26|
|**2**|Atlanta|AJ Allmendinger|111|26|
|**3**|COTA|Kyle Larson|87|34|
|**4**|Phoenix|Joey Logano|196|1|
|**5**|Las Vegas|Tyler Reddick|202|1|
|**6**|Homestead-Miami|Bubba Wallace|218|1|
|**7**|Martinsville|Denny Hamlin|195|1|
|**8**|Darlington|William Byron|297|2|
|**9**|Bristol|AJ Allmendinger|396|17|
|**10**|Talladega|Michael McDowell|120|18|
|**11**|Texas|Carson Hocevar|2|1|
|**12**|Kansas|Kyle Larson|2|1|
|**13**|Charlotte|Denny Hamlin|210|1|
|**14**|Nashville|Denny Hamlin|126|1|
|**15**|Michigan|William Byron|154|2|
|**16**|Autódromo Hermanos Rodríguez|Shane Van Gisbergen|54|1|
|**17**|Pocono|Denny Hamlin|122|15|
|**18**|Atlanta|John Hunter Nemechek|179|6|
|**19**|Chicago Street Race|Tyler Reddick|10|2|
|**20**|Sonoma|Justin Haley|95|34|
|**21**|Dover|Denny Hamlin|345|1|
|**22**|Indianapolis|Bubba Wallace|168|1|
|**23**|Iowa|Brad Keselowski|197|1|
|**24**|Watkins Glen|Kyle Larson|11|39|
|**25**|Richmond|Bubba Wallace|81|1|
|**26**|Daytona|AJ Allmendinger|17|35|

Thanks to Lap Raptor for having these data.",2025-08-26
t3_1n0busy,Fastest Lap of the Race Stats and Analysis,https://www.reddit.com/r/nascar/comments/1n0busy/,/u/miangro,2025-08-26 03:56:26+00:00,"I saw the standings for fastest lap points and decided I wanted a little more info.  I wanted to see when in the race these fastest laps happened and what position the driver was in at the time.  There are some strong trends.

1) AJ Allmendinger and Michael McDowell figured out how to pull fastest laps at the drafting tracks.  Mid-to-late pack and use the draft.  I don't know whether it means anything that those tended to come later in the race.  But it makes sense that these two teams would be fighting for every point and saw this as an opportunity.

2) Everyone noticed Cliff Daniels going for fasted lap at COTA and Watkins Glen, but the 7 car did the same thing at Sonoma.  SVG was just too fast in Mexico City.  But I bet everybody in the garage has noticed in case they fall out of a road course early.

3) Other than that, you basically needed to be leading to set the fastest lap.  I'm obligated to point out that correlation does not prove causation and this might be because the fastest cars are most likely to be out front at some point in the race.  But we also know dirty air behind the leader plays a factor. 

4) I was somewhat surprised at how late many of these occurred and I don't know what's different about Kansas or Texas.

|**+**|Race|Driver|Lap|Position|
|:-|:-|:-|:-|:-|:-|
|**1**|Daytona|Michael McDowell|178|26|
|**2**|Atlanta|AJ Allmendinger|111|26|
|**3**|COTA|Kyle Larson|87|34|
|**4**|Phoenix|Joey Logano|196|1|
|**5**|Las Vegas|Tyler Reddick|202|1|
|**6**|Homestead-Miami|Bubba Wallace|218|1|
|**7**|Martinsville|Denny Hamlin|195|1|
|**8**|Darlington|William Byron|297|2|
|**9**|Bristol|AJ Allmendinger|396|17|
|**10**|Talladega|Michael McDowell|120|18|
|**11**|Texas|Carson Hocevar|2|1|
|**12**|Kansas|Kyle Larson|2|1|
|**13**|Charlotte|Denny Hamlin|210|1|
|**14**|Nashville|Denny Hamlin|126|1|
|**15**|Michigan|William Byron|154|2|
|**16**|Autódromo Hermanos Rodríguez|Shane Van Gisbergen|54|1|
|**17**|Pocono|Denny Hamlin|122|15|
|**18**|Atlanta|John Hunter Nemechek|179|6|
|**19**|Chicago Street Race|Tyler Reddick|10|2|
|**20**|Sonoma|Justin Haley|95|34|
|**21**|Dover|Denny Hamlin|345|1|
|**22**|Indianapolis|Bubba Wallace|168|1|
|**23**|Iowa|Brad Keselowski|197|1|
|**24**|Watkins Glen|Kyle Larson|11|39|
|**25**|Richmond|Bubba Wallace|81|1|
|**26**|Daytona|AJ Allmendinger|17|35|

Thanks to Lap Raptor for having these data.",2025-08-26
t3_1n110k5,2025 RFK Racing Paint Schemes For The Southern 500,https://www.reddit.com/r/nascar/comments/1n110k5/,/u/Dmacthegoat,2025-08-26 23:13:34+00:00,https://x.com/RFKracing/status/1960371870458433705,2025-08-26
t3_1n1sl36,RFK racing to honor Zach Yeager with decal on cars this weekend,https://www.reddit.com/r/nascar/comments/1n1sl36/,/u/Dry-Membership3867,2025-08-27 20:44:15+00:00,,2025-08-27
t3_1n1sm4j,RFK racing to honor Zach Yeager with decal on car this weekend,https://www.reddit.com/r/nascar/comments/1n1sm4j/,/u/Dry-Membership3867,2025-08-27 20:45:27+00:00,,2025-08-27
t3_1n3fxk9,I did some basic statistical analysis of pit stops during the 2025 regular season.,https://www.reddit.com/r/nascar/comments/1n3fxk9/,/u/caffine90,2025-08-29 18:54:19+00:00,"Hello Everyone. I decided to do some data analysis on all the nascar pit stops over the 2025 regular season. I did this by querying the NASCAR pit data API endpoint provided in the [github from this post](https://www.reddit.com/r/NASCAR/comments/1bpw8cb/ot_nascar_api/).  

I flattened the json in pandas, then filtered by pit stops that had a time greater than 0 and less than 60 seconds (some pit stops have a time of -1, I assume these are when they first roll off pit road to start the race and when they serve penalties) and are not categorized as ""OTHER"". The basic idea is to look at pit stops where the crews had to do something (change tires etc) but not fix damage that would fall outside the duties of a normal pit stop, if that makes sense, to see what the data looked like.

I believe I have done this correctly. if anyone wants to double check my data feel free. I did this between classes in college and peer review/double checking is welcome. If I messed something up I'd love to find where and refine the data. Also if NASCAR doesn't want me using the API they can let me know, I'll stop. I didn't do a million queries, I pulled the race ID's of the regular season races then looped through them to pull the pit stop data so I only have to hit each API endpoint once (it was slightly more than this but now that it's refined I can do this easily).  

If anyone has any other breakdowns they want to see I can probably put them together. I am definitely doing breakdowns by type of stop in the next week.
  
[Data charts can be found here](https://imgur.com/a/UGIcweD)  
  
Some interesting findings, all data in seconds:  
  
Fastest Average Pit Stops:
- Brad Keselowski: 7.35
- Kyle Busch: 7.64
- Chase Briscoe: 8.34  
  
Lowest Standard Deviation:
- Joey Logano: 0.124
- Tyler Reddick: 0.37
- Ryan Blaney: 0.544  
  
Fastest Average Pit Stop Duration (entering Pit Road To Leaving)
- Justin Allgaier: 38.998
- Helio Castroneves: 39.8375
- Brad Keselowski: 40.663  

Fastest Average Pit Stop By Manufacturer:
- Toyota: 12.8142
- Chevy: 13.7428
- Ford: 14.094

Total Average Pit Stop Entering To Exiting by Manufacturer:
- Toyota: 44.7959
- Chevy: 46.8352
- Ford: 47.6021  

Standard Deviation Of Pit Stop Duration (time in the box) by Manufacturer.
- Toyota: 7.7593
- Chevy: 8.6919
- Ford: 8.7132

Total Spots Gained/Lost During Pits:
- Chase Bricoe: +4
- Brad Keselowski: +1
- Ryan Truex: 0",2025-08-29
t3_1n6khm2,2025 RFK Racing Paint Schemes For Gateway (WWT Raceway),https://www.reddit.com/r/nascar/comments/1n6khm2/,/u/Dmacthegoat,2025-09-02 14:08:21+00:00,https://x.com/RFKracing/status/1962878704763162699,2025-09-02
t3_1n7r2xh,2025 LASTCAR Cup.& Truck Playoff Grid & Xfinity Playoff standings (after Datlington/Portland),https://www.reddit.com/r/nascar/comments/1n7r2xh/,/u/TIFUthebestSubreddit,2025-09-03 21:09:23+00:00,"Cup Series Playoff standings (Race 1/3 of round of 16)

1) Cody Ware 2067 (21 PP)

2) Riley Herbst 2055 (29 PP)

3) Alex Bowman 2046 (6 PP)

4) Ricky Stenhouse Jr 2042 (10 PP)

5) Kyle Larson 2027 (10 PP)

6) Ryan Blaney 2026 (7 PP)

7) William Byron 2026 (7 PP)

8) Noah Gragson 2025 (13 PP)

9) Joey Logano 2025 (7 PP)

10) Brad Keselowski 2023 (5 PP)

11) AJ Allmendinger 2022 (19 PP)

12) Carson Hocevar 2017 (10 PP)

_____________________________________________

13) Ross Chastain 2016 (7 PP)

14) Kyle Busch 2014 (8 PP)

15) Denny Hamlin 2012 (7 PP)

16) Erik Jones 2009 (8 PP)

**___________________________**

Xfinity Playoff standings (Race 25/26)

1) Parker Retzlaff 2 Losses 640 (14 PP)

2) Daniel Dye 2 Losses 493 (14 PP)

3) Christian Eckes 2 Losses 459 (13 PP)

4) Anthony Alfredo 1 Loss 623 (6 PP)

5) Garrett Smithley 1 Loss 613 (7 PP)

6) William Sawalich 1 Loss 529 (7 PP)

7) Josh Williams 1 Loss 484 (7 PP)

8) Dean Thompson 1 Loss 445 (8 PP)

9) Ryan Sieg 1 Loss 440 (7 PP)

10) Taylor Gray 1 Loss 377 (5 PP)

11) Sammy Smith 1 Loss 339 (7 PP)

12) Kyle Sieg 643 (Regular Season Points leader)

_____________________________________________

13) Ryan Ellis 637

14) Blaine Perkins 591

15) Matt DiBenedetto 586

16) Kris Wright 1 Loss 538 (7 PP)

17) Jeremy Clements 501

18) Josh Bilicki 472 (1 PP)

19) Brennan Poole 449

20) Nick Sanchez 427

21) Sheldon Creed 420

22) Jeb Burton 373

23) Brandon Jones 365

24) Greg Van Alst 351

25) Mason Maggio 1 Loss 329 (7 PP)

26) Thomas Annunziata 323

27) Leland Honeyman 320

28) Harrison Burton 317

29) Joey Gase 316

30) Jesse Love 1 Loss 277 (7 PP) (Needs Retzlaff to take points lead to be back in LASTCAR playoffs)

_____________________________________________

Other Losers that most likely won't make multiple starts in the playoffs 

37) Dawson Cram 1 Loss 217 (7 PP)

40) Justin Bonsignore 2 Losses 191 (14 PP)

48) Logan Bearden 1 Loss 122 (7 PP)

54) Vicente Salas 1 Loss 90 (6 PP)

59) Christopher Bell 1 Loss 70 (5 PP)

61) Carson Hocevar 1 Loss 64 (7 PP)

65) Ross Chastain 1 Loss 52 (5 PP)

**___________________________**

Truck series Playoff Grid (race 1/3 of Round of 10)

1) Chandler Smith 2055 (5 PP)

2) Toni Briedinger 2048 (12 PP)

3) Matt Mills 2047 (2 PP)

4) Spencer Boyd 2039 (9 PP)

5) Kaden Honeycutt 2031 (7 PP)

6) Dawson Sutton 2030 (7 PP)

7) Layne Riggs 2028 (7 PP)

8) Jack Wood 2023 (5 PP)

_____________________________________________

9) Frankie Muniz 2022 (22 PP)

10) Connor Mosack 2021 (4 PP)",2025-09-03
t3_1n7zk2a,Writeup Wednesday Every Week Until the 2025 Championship Weekend #28: The Crashes That Have Changed NASCAR,https://www.reddit.com/r/nascar/comments/1n7zk2a/,/u/bruhmoment2248,2025-09-04 03:28:23+00:00,"If the internet username MarkED912 rings a bell to you, firstly I’ll see you in the retirement home in a few years; secondly, their most lasting impact on NASCAR content on YouTube is a 10 minute long video surrounding the crashes that have shaped NASCAR as we know it. But that video is now more than 15 years old, and needs a bit of a refresh after quite some time… let’s talk about it.

'

[those end of year videos always went hard :'\(](https://preview.redd.it/sc66zkt8h2nf1.png?width=1600&format=png&auto=webp&s=2a0520cffab0d90e83c16d0dba1983f51b9b8cf6)

'

# Safety-Making Crashes

The most recent major crash alluded to in that video is the Michael McDowell qualifying crash from Texas in early 2008. From then on, NASCAR’s seen a number of wrecks that have forced change to its cars and tracks. And even then, there’s a few wrecks that WEREN’T mentioned then that are important to how safety has changed and improved this century. So let’s start with a crash that personally scared me for about 15 seconds when it happened.

'

# Carl Edwards

One year after McDowell’s flips at Texas, Carl Edwards found himself with a whale of a push past Talladega fan favorite Dale Jr from Dale Jr’s protege Brad Keselowski at Talladega, courtesy of the then-newfangled 2 car tandem style of bump drafting. By the time Edwards came around to the tri-oval again, he was faced with a tough decision after Brad behind him fakes high only to turn left underneath the Claritin Ford: either stay on the high side and lose the race, or block Keselowski once more in an attempt to win it.

'

[of course Newman had to be caught up in it](https://preview.redd.it/ts6a9wrme2nf1.png?width=3105&format=png&auto=webp&s=b9ed66dc3dd912700fd04afa65291e1ea6da606b)

'

Edwards’ car flew into the catchfence after getting hit a second time by the onrushing Ryan Newman, tore out a complete section of the grandstand much like Bobby Allison did in 1987, and came to rest not more than 500 feet from the finish line after doing a full aerial barrel role. Curiously, as Keselowski got accidentally spun out by Kyle Busch on the cooldown lap, Edwards jumped out of his burning racecar and jogged to the start/finish line on his own two feet to “finish” the race. This, along with Newman and Mark Martin’s respective flips in the fall weekend at Talladega led to the reversal of the baffling decision to put a GT-style wing on the Car of Tomorrow, and brought about the return of the universal loved rear spoiler.

'

[why NASCAR thought it was a good idea to put a WING on a stock car... I have no idea even to this day](https://preview.redd.it/voyhscuyg2nf1.png?width=1024&format=png&auto=webp&s=159a4b15bd35d2f040705086d2f489411025012f)

'

# Kyle Larson

Before failing upwards into one of the best rides in racing in 2020, Kyle Larson started out driving for the now-defunct Turner/H-Scott Motorsports in 2013 in the then-Nationwide Series, and found himself on the doorstep of potential victory in the first race of his only full-time Xfinity season. As Regan Smith got turned off the front bumper of Keselowski (shocker), Larson found himself with an avenue through the carnage. Unfortunately, the back half of his car could not escape with the front half, sending the whole car flying front half-first into the fencing just before the starter’s stand.

'

[yea a \~3500 lb car is NOT supposed to be flying like that, especially towards people](https://preview.redd.it/mrt4lscmg2nf1.png?width=2308&format=png&auto=webp&s=41536c2f622e5448c0e7e75bc60fb3dfeedf8465)

'

Like Edwards’ wreck 4 years prior, Larson’s escapade into the catchfence sparked discussions about developing and installing stronger catchfences. Then again, when nearly 30 people get injured as a result of being sprayed by a shower of sparks and shrapnel, conversations are going to be had about making the experience not only safer for the drivers and teams, but for the people paying money to see those drivers and teams compete. The results from those talks showed 2 and a half years later when Austin Dillon had his own catchfence crash in Daytona; amazingly, no one was seriously injured, and Dillon walked away unharmed.

'

[you look at this car and tell me that the driver inside would be fine if not for the advancements made since 2001... I dare you](https://preview.redd.it/47931eifg2nf1.png?width=800&format=png&auto=webp&s=b9ba48d7450b7ea968a45bccbe151d9e354aa6f0)

'

# Kyle Busch

This crash was briefly mentioned in the article about grass from 2 months ago, but Kyle Busch’s wreck in the 2015 Xfinity Series opener at Daytona led more and more tracks to start paving over parts of the infield still inhabited by grass. What people sometimes forget about that particular wreck is the fact that Kyle crashed head-on into a solid concrete wall while sliding sideways at more than 100 mph. 

'

[no foam to be found anywhere nearby :\/](https://preview.redd.it/azqtv08de2nf1.png?width=1920&format=png&auto=webp&s=353d7d815c5534ec67c1aa4192bdc041b09a34ba)

'

It came as no surprise that Busch suffered significant injuries to his legs, and it shouldn’t have been a surprise that something of the sort could happen considering there weren’t even SAFER barriers around the ENTIRE length of the outside retaining wall, with none on the straightaways.

'

[the barrier jutted out into the track WORSE at first than how it's pictured here](https://preview.redd.it/lh0e87tky1nf1.png?width=1331&format=png&auto=webp&s=94f1de2e126fd811ec190745e54eebd256ec96d4)

'

But the struggle has always been to keep them on the ground. Roof flaps have been around since 1994, after Rusty Wallace’s pair of sidewinder episodes in the first 2 restrictor plate races of 1993 brought them about. The concept of keeping a racecar planted to the racetrack at high speeds is still one NASCAR is fighting to this very day. As recently as this season has NASCAR had major incidents regarding airborne racecars, but none remain all too familiar with what it's like to fly in a stock car than the Rocketman himself.

'

# Ryan Newman

The South Bend, Indiana racer has certainly had his fair share of horrifying wrecks, none more heart-stopping than his scary crash on the final lap of the 2020 Daytona 500 that sent him flying into the air and had everyone convinced that lightning had unfortunately struck twice at Daytona. But it’s the wreck from the commencement of his surreal sophomore season that gave more to NASCAR at a crucial time, when in 2003 Newman went flipping in the tri-oval grass on lap 57 of that year’s 500.

'

[one of 8 DNFs that made NASCAR screw up the points system](https://preview.redd.it/zhdfjyt8f2nf1.png?width=900&format=png&auto=webp&s=e6524171303ba8ef4b923b84b05d44a2f0fe104b)

'

It wasn’t until years later that the impact of that wreck reached the racecars in a positive light, when in 2009 Newman lobbied NASCAR to make a secondary impact-absorbing bar inside the roll cage mandatory for all cars. This “Newman bar” as it was later coined likely saved Ryan in that 2020 wreck, as there was extra frame to absorb the impact of an onrushing Corey Lajoie.

'

[these added bars have likely staved off many more serious injuries in wrecks that other drivers have](https://preview.redd.it/tkidy6ycf2nf1.png?width=600&format=png&auto=webp&s=d7685e0aaf99078f90859ca09280964e303714ae)

'

While the fight against the laws of aerodynamics continues, making the interiors of the cars safer has been paramount since 2001. Many attribute the implementation of the HANS and Hutchens devices to the tragedy of Earnhardt, but it’s what happened 8 months later that often gets overlooked in discussions about the support systems that have saved numerous lives since they were made mandatory.

'

# Blaise Alexander

By October 2001, the country was reeling and stock car racing’s calendar was set to wind down in a month, having processed their own major tragedy for nearly 8 of them to that point. When the series returned to Charlotte for a hometown weekend, the ARCA cars were first to head out on track for a Thursday night contest before the major races later on. In the final laps of the 100-mile race, Kerry Earnhardt and Blaise Alexander were fighting for the win when Earnhardt ended up hooking Blaise’s Pontiac into the outside quad-oval concrete wall, turning Kerry’s car upside down to slide on his roof toward turn 1 much like Newman did nearly 2 decades later.

'

However, Alexander wasn’t as fortunate, as the head-on hit at high speed into a solid wall much like the elder Earnhardt at Daytona killed Blaise on impact. Earnhardt’s accident may have pushed NASCAR into taking safety more seriously, but Alexander’s death was the straw that forced the camel to start walking, and 2 weeks later the sanctioning body made the use of these newly developed head and neck restraints mandatory going forward. There has not been a death at a NASCAR race since.

'

[Dr. Robert Hubbard deserves a Hall of Fame induction for inventing the HANS device](https://preview.redd.it/dus8g6kqf2nf1.png?width=1280&format=png&auto=webp&s=0c2c6f21d5d4fcea9d70953de8313714bd3d8363)

'

In a sport as seemingly archaic as stock car racing, the urgency to adopt new technologies only comes in the face of extreme tragedy. Yet, despite the decline in popularity and ratings and profits, NASCAR racing is now as safe as it’s ever been, and the trend will hopefully continue as the sport moves faster into the future.

'

[and may every driver walk away from wrecks like these](https://preview.redd.it/w7qshzq4g2nf1.png?width=1400&format=png&auto=webp&s=5110ab0aa7485e641502370874055695b96aecd7)

'

# Next Week...

The sound of race cars wrecking isn't all that good (especially at the plate tracks), but when they aren't...",2025-09-04
t3_1nc02rq,2025 LASTCAR Cup & Xfinity Playoff Grid (After Gateway),https://www.reddit.com/r/nascar/comments/1nc02rq/,/u/TIFUthebestSubreddit,2025-09-08 21:13:54+00:00,"Cup Series Playoff standings (Race 2/3 of round of 16)

1) Cody Ware 2112 (21 PP)

2) Riley Herbst 2093 (29 PP)

3) Alex Bowman 2072 (6 PP)

4) Ricky Stenhouse Jr 2064 (10 PP)

5) Noah Gragson 2055 (13 PP)

6) AJ Allmendinger 2051 (19 PP)

7) Brad Keselowski 2045 (5 PP)

8) Kyle Busch 2042 (8 PP)

9) Ross Chastain 2040 (7 PP)

10) Kyle Larson 2039 (10 PP)

11) William Byron 2037 (7 PP)

12) Carson Hocevar 2032 (10 PP)

_____________________________________________

13) Ryan Blaney 2030 (7 PP)

14) Joey Logano 2030 (7 PP)

15) Erik Jones 2030 (8 PP)

16) Denny Hamlin 2013 (7 PP)

**___________________________**

Xfinity Playoff standings (Race 26/26)

1) Parker Retzlaff 2 Losses 2021 (21 PP)

2) Garrett Smithley 1 Loss 2016 (16 PP)

3) Kyle Sieg 2015 (15 PP) (Regular Season Points leader)

4) Daniel Dye 2 Losses 2014 (14 PP)

5) Christian Eckes 2 Losses 2013 (13 PP)

6) Anthony Alfredo 1 Loss 2012 (12 PP)

7) William Sawalich 1 Loss 2009 (9 PP)

8) Dean Thompson 1 Loss 2009 (9 PP)

_____________________________________________

9) Ryan Sieg 1 Loss 2007 (7 PP)

10) Sammy Smith 1 Loss 2007 (7 PP)

11) Jesse Love 1 Loss 2007 (7 PP)

12) Taylor Gray 1 Loss 2005 (5 PP)",2025-09-08
t3_1ncnli5,2025 RFK Racing Paint Schemes For The Bristol Night Race,https://www.reddit.com/r/nascar/comments/1ncnli5/,/u/Dmacthegoat,2025-09-09 16:27:53+00:00,https://x.com/RFKracing/status/1965445240774328819,2025-09-09
t3_1ncol9p,2025 NASCAR Cup Series NOT Playoff Standings After Gateway [RO16 Race 2/3],https://www.reddit.com/r/nascar/comments/1ncol9p/,/u/FridgusDomin8or,2025-09-09 17:04:53+00:00,"John H. Nemechek 2072 \[+53\]

Chris Buescher 2067 \[+48\]

Erik Jones 2061 \[+42\]

Ryan Preece 2059 \[+40\]

AJ Allmendinger 2058 \[+39\]

Brad Keselowski 2058 \[+39\]

Carson Hocevar 2052 \[+33\]

Kyle Busch 2051 \[+32\]

Ty Gibbs 2050 \[+31\]

Michael McDowell 2032 \[+13\]

Zane Smith 2030 \[+11\]

Ricky Stenhouse Jr. 2024 \[+5\]

\---- ROUND OF 12 CUTOFF -----

Justin Haley 2019 \[-5\]

Todd Gilliland 2016 \[-8\]

Daniel Suarez 2014 \[-10\]

Ty Dillon 2006 \[-18\]



In case you are unfamiliar with what the Not Playoffs are, it is essentially a ""best of the rest"" of the Cup Series field -- 17th through 32nd in points -- seeded into a Playoff bracket the same way the actual Playoffs are set. You can check out more in my original thread[ here!](https://www.reddit.com/r/NASCAR/comments/1n0pof4/introducing_the_2025_nascar_cup_series_not/)",2025-09-09
t3_1neb9l8,Brad Keselowski flips at Atlanta in 2010,https://www.reddit.com/r/nascar/comments/1neb9l8/,/u/Particular-Ant-2837,2025-09-11 15:05:52+00:00,,2025-09-11
t3_1ngupj4,2025 NASCAR Cup Series NOT Playoff Standings After Bristol [RO16 Race 3/3],https://www.reddit.com/r/nascar/comments/1ngupj4/,/u/FridgusDomin8or,2025-09-14 15:48:37+00:00,"Brad Keselowski 2103 \[+63\]

Chris Buescher 2102 \[+62\]

John H. Nemechek 2097 \[+57\]

Ty Gibbs 2096 \[+56\]

Carson Hocevar 2088 \[+48\]

Erik Jones 2078 \[+38\]

Ryan Preece 2075 \[+35\]

Zane Smith 2072 \[+32\]

Kyle Busch 2072 \[+32\]

AJ Allmendinger 2064 \[+24\]

Michael McDowell 2052 \[+12\]

Justin Haley 2043 \[+3\]

\---- ROUND OF 12 CUTOFF ----

Ricky Stenhouse Jr. 2040 \[-3\]

Todd Gilliland 2029 \[-14\]

Ty Dillon 2016 \[-27\]

Daniel Suarez 2015 \[-28\]



UPDATED NOT PLAYOFF STANDINGS HEADING INTO THE ROUND OF 12:  
  
Chris Buescher 3012 \[+9\]

Ryan Preece 3012 \[+9\]

Ty Gibbs 3010 \[+7\]

Kyle Busch 3008 \[+5\]

Brad Keselowski 3008 \[+5\]

AJ Allmendinger 3007 \[+4\]

Michael McDowell 3006 \[+3\]

Erik Jones 3004 \[+1\]

\---- ROUND OF 8 CUTOFF ----

Carson Hocevar 3003 \[-1\]

John Hunter Nemechek 3002 \[-2\]

Justin Haley 3000 \[-4\]

Zane Smith 3000 \[-4\]

",2025-09-14
t3_1nhyl1q,"2025 LASTCAR Cup, Xfinity, and Truck Playoff Grid (after Bristol II)",https://www.reddit.com/r/nascar/comments/1nhyl1q/,/u/TIFUthebestSubreddit,2025-09-15 21:21:59+00:00,"Cup Series Playoff standings (Race 3/3 of round of 16)

1) Riley Herbst 3029 (29 PP)

2) Cody Ware 3021 (21 PP)

3) AJ Allmendinger 3019 (19 PP)

4) Noah Gragson 3013 (13 PP)

5) Ricky Stenhouse Jr 3010 (10 PP)

6) Kyle Larson 3010 (10 PP)

7) Kyle Busch 3008 (8 PP)

8) Erik Jones 3008 (8 PP)
_____________________________________________

9) Ross Chastain 2040 (7 PP)

10) William Byron 2037 (7 PP)

11) Alex Bowman 3006 (6 PP)

12) Brad Keselowski 3005 (5 PP)

_____________________________________________

Eliminated Drivers

~~13) Denny Hamlin 2041~~

~~14) Carson Hocevar 2036~~

~~15) Joey Logano 2033~~

~~16) Ryan Blaney 2031~~

**___________________________**

Xfinity Playoff standings (Race 1/3 of round of 12)

1) Sammy Smith 2060 (7 PP)

2) Daniel Dye 2038 (14 PP)

3) Parker Retzlaff 2035 (21 PP)

4) Kyle Sieg 2034 (15 PP)

5) Anthony Alfredo 2032 (12 PP)

6) Jesse Love 2030 (7 PP)

7) Ryan Sieg 2029 (7 PP)

8) William Sawalich 2022 (9 PP)

_____________________________________________

9) Christian Eckes 2018 (13 PP)

10) Dean Thompson 2019 (9 PP)

11) Taylor Gray 2017 (5 PP)

12) Garrett Smithley 2016 (16 PP)


**___________________________**

Truck series Playoff Grid (race 2/3 of Round of 10)

1) Chandler Smith 2098 (5 PP)

2) Toni Briedinger 2082 (12 PP)

3) Spencer Boyd 2071 (9 PP)

4) Matt Mills 2063 (2 PP)

5) Dawson Sutton 2047 (7 PP)

6) Jack Wood 2045 (5 PP)

7) Kaden Honeycutt 2043 (7 PP)

8) Layne Riggs 2029 (7 PP)

_____________________________________________

9) Connor Mosack 2028 (4 PP)

10) Frankie Muniz 2022 (22 PP)",2025-09-15
t3_1niieoo,2025 RFK Racing Paint Schemes For New Hampshire,https://www.reddit.com/r/nascar/comments/1niieoo/,/u/Dmacthegoat,2025-09-16 14:04:08+00:00,https://www.instagram.com/p/DOqmw7vDYOf/?utm_source=ig_web_copy_link,2025-09-16
t3_1nikw68,2005 Golden Corral 500 hat dance pics,https://www.reddit.com/r/nascar/comments/1nikw68/,/u/Signal_Examination70,2025-09-16 15:37:02+00:00,"So as the title says i’m searching for pictures from Carl Edwards first win at the 2005 Golden Corral 500. I have done the googles and have not found what I’m searching for. Which I assume is long gone. 

Story behind it all, I was in the military at the time and we were tasked with doing the flyovers for the races that weekend.  I was one of the aircraft maintenance guys.  After we bedded down the Jets, we drove up from Macon and had a heck of a time in the infield. They had us take pictures after the hat dance with Carl and Mr. Rousch, but we never heard back from the points of contact when we reached out for the pics. 

Anybody have any idea if they would even exists and if so how we could get a hold of them? 

I’ve reached out to RFK Racing but it’s been to no avail/no response positive or negative.

I know it’s also been 20 years so the odds are not in my favor and this might just be for nothing. ",2025-09-16
t3_1njho29,Brad Keselowski will throw out the first pitch at tonight's Boston Red Sox game,https://www.reddit.com/r/nascar/comments/1njho29/,/u/1-800-DADJOKE,2025-09-17 16:19:57+00:00,,2025-09-17
t3_1nnsrgp,Can’t decide who to support after being away for years.,https://www.reddit.com/r/nascar/comments/1nnsrgp/,/u/AngryScuba,2025-09-22 17:25:59+00:00,"The past year and a half, I’ve got back into nascar quite a bit.

Growing up I was always an Earnhardt Jr. fan up until right before he retired when I stopped watching.

It was pretty easy to choose to support some of JRM drivers in the Xfinity series and I have a few that I like in Craftsman series, but I’m still on the fence about who to support in the Cup series. 

Not too many people standout as a clear favorite of mine, but plenty of them that I know I don’t care for.

Some of the drivers I like since returning are (in no specific order); Chase Briscoe, Austin Cindric, Ryan Blaney, Denny Hamlin, Josh Berry, Brad Keselowski, and probably a few others that I can’t think of at the moment. 

I do know I’ll be primarily supporting Connor Zilisch next year when he gets his full time ride at Trackhouse, so I guess I’ve got someone I’ve decided on, he’s just not quite in it yet. lol

Idk, what’s your thoughts? Didn’t necessarily have a question, just rambling. ",2025-09-22
t3_1no03hi,2025 LASTCAR Cup & Truck Playoff Grid (after New Hampshire,https://www.reddit.com/r/nascar/comments/1no03hi/,/u/TIFUthebestSubreddit,2025-09-22 22:06:50+00:00,"Cup Series Playoff standings (Race 1/3 of round of 12)

1) Cody Ware 3065 (22 PP)

2) Riley Herbst 3054 (29 PP)

3) Kyle Busch 3052 (8 PP)

4) Erik Jones 3045 (8 PP)

5) Ricky Stenhouse Jr 3042 (10 PP)

6) AJ Allmendinger 3039 (19 PP)

7) Brad Keselowski 3032 (5 PP)

8) Noah Gragson 3029 (13 PP)
_____________________________________________

9) Alex Bowman 3021 (6 PP)

10) Kyle Larson 3017 (10 PP)

11) Ross Chastain 3016 (7 PP)

12) William Byron 3010 (7 PP)
_____________________________________________

Eliminated Drivers

~~13) Denny Hamlin 2053~~

~~14) Carson Hocevar 2047~~

~~15) Joey Logano 2037~~

~~16) Ryan Blaney 2032~~

**___________________________**

Truck series Playoff Grid (race 3/3 of Round of 10)

1) Toni Briedinger 3012 (12 PP)

2) Connor Mosack 3011 (11 PP)

3) Spencer Boyd 3009 (9 PP)

4) Dawson Sutton 3007 (7 PP)

_____________________________________________

5) Kaden Honeycutt 3007 (7 PP)

6) Chandler Smith 3005 (5 PP)

7) Jack Wood 3005 (5 PP)

8) Matt Mills 3002 (2 PP)

_____________________________________________

Eliminated Drivers 

~~9) Layne Riggs 2032~~

~~10) Frankie Muniz 2022~~",2025-09-22
t3_1noiid3,2025 RFK Racing Paint Schemes For Kansas (Fall),https://www.reddit.com/r/nascar/comments/1noiid3/,/u/Dmacthegoat,2025-09-23 14:12:58+00:00,https://www.instagram.com/p/DO8oUMujbsN/?utm_source=ig_web_copy_link,2025-09-23
t3_1noxid1,2025 NASCAR NOT Playoff Standings after New Hampshire [RO12 Race 1/3],https://www.reddit.com/r/nascar/comments/1noxid1/,/u/FridgusDomin8or,2025-09-23 23:59:36+00:00,"Carson Hocevar 3042 \[+30\]

Michael McDowell 3036 \[+24\]

Ryan Preece 3035 \[+23\]

Chris Buescher 3031 \[+19\]

AJ Allmendinger 3024 \[+12\]

Brad Keselowski 3022 \[+10\]

Kyle Busch 3015 \[+3\]

Erik Jones 3013 \[+1\]

**---- ROUND OF 8 CUTOFF ----**

Ty Gibbs 3012 \[-1\]

Zane Smith 3010 \[-3\]

John Hunter Nemechek 3005 \[-8\]

Justin Haley 3004 \[-9\]

**ALREADY ELIMINATED:**

13. Ricky Stenhouse Jr. 2052

14. Todd Gilliland 2047

15. Ty Dillon 2024

16. Daniel Suarez 2016",2025-09-23
t3_1nq5ref,More Horsepower in 2026?,https://www.reddit.com/r/nascar/comments/1nq5ref/,/u/Serious-Effort-6647,2025-09-25 12:44:05+00:00,"Brad Keselowski was on Stacking Pennies episode this week and around the 1:08 mark, he said NASCAR is looking to increase horsepower to roughly 740 or 750 next year. The whole conversation was super interesting, including his thoughts on the charters and tracks. Brad alsp shared why he struggles with this car at times. He excels at throttle control, which is maybe why his best races recently have been the Bristol races with the tire wear. ",2025-09-25
t3_1nr6vg8,"[Austin Konenski] On the latest episode of Stacking Pennies with Corey LaJoie, Brad Keselowski indicated that NASCAR is going to increase horsepower in 2026.

“Well, you know, it looks like NASCAR is going to change the rules next year to where we're like 740, 750.”",https://www.reddit.com/r/nascar/comments/1nr6vg8/,/u/US_Highway15,2025-09-26 17:04:51+00:00,,2025-09-26
t3_1nsprd8,Points System Money Championship,https://www.reddit.com/r/nascar/comments/1nsprd8/,/u/HULKP3,2025-09-28 14:29:41+00:00,"I've been thinking what if NASCAR used the Money Points System from the beginning I simulated 2024 with it here are the results:
$500 COTA Gateway Sonoma Iowa Chicago Watkins Glen Roval 
$1000 Richmond 1 Texas Loudon Nashville Pocono Richmond 2 Homestead 
$4000 Las Vegas 1 Dover Kansas 1 Michigan Kansas 2 Talladega 2 Las Vegas 2
$6000 Atlanta 1 Phoenix 1 Bristol 1 Martinsville 1 Talladega 1 Darlington 1 Bristol 2 
$25000 Daytona 500 Coca-Cola 600 Indy Daytona 2 Southern 500 Atlanta 2 Martinsville 2 Phoenix 2
2024 Results:
20 Christopher Bell 7948
5 Kyle Larson 5760
12 Ryan Blaney 5712.5
24 William Byron 5572
45 Tyler Reddick 4505.5
9 Chase Elliott 3758.5
22 Joey Logano 3585
8 Kyle Busch 3438.5
11 Denny Hamlin 3419.5
48 Alex Bowman 3301
6 Brad Keselowski 3222.5
54 Ty Gibbs 2447
23 Bubba Wallace 2375
99 Daniel Suarez 2224.5
17 Chris Buescher 1899 
14 Chase Briscoe 1876.5
2 Austin Cindric 1867
21 Harrison Burton 1309
1 Ross Chastain 1240
19 Martin Truex Jr 1226.5 ",2025-09-28
t3_1nt43pd,2025 NASCAR Cup Series NOT Playoff Standings After Kansas [RO12 Race 2/3],https://www.reddit.com/r/nascar/comments/1nt43pd/,/u/FridgusDomin8or,2025-09-29 00:24:25+00:00,"Michael McDowell 3059 \[+35\]

Chris Buescher 3056 \[+32\]

Carson Hocevar 3051 \[+27\]

Brad Keselowski 3051 \[+27\]

Ryan Preece 3046 \[+22\]

Erik Jones 3034 \[+10\]

Kyle Busch 3033 \[+9\]

AJ Allmendinger 3025 \[+1\]

**---- ROUND OF 8 CUTOFF ----**

Ty Gibbs 3024 \[-1\]

Justin Haley 3023 \[-2\]

Zane Smith 3018 \[-7\]

John Hunter Nemechek 3009 \[-16\]



**ALREADY ELIMINATED:**

13. Todd Gilliland 2072

14. Ricky Stenhouse Jr. 2054

15. Ty Dillon 2048

16. Daniel Suarez 2036",2025-09-29
t3_1ntvh4b,2025 LASTCAR Cup & Xfinity Playoff Grid (After Kansas II),https://www.reddit.com/r/nascar/comments/1ntvh4b/,/u/TIFUthebestSubreddit,2025-09-29 22:01:32+00:00,"Cup Series Playoff standings (Race 2/3 of round of 12)

**1) Cody Ware 3126 (29 PP)** (clinched due to Loss)

2) Riley Herbst 3081 (29 PP)

3) Ricky Stenhouse Jr 3076 (10 PP)

4) AJ Allmendinger 3074 (19 PP)

5) Kyle Busch 3070 (8 PP)

6) Erik Jones 3068 (8 PP)

7) Noah Gragson 3051 (13 PP)

8) Alex Bowman 3048 (6 PP)

_____________________________________________

9) Brad Keselowski 3041 (5 PP)

10) Ross Chastain 3026 (7 PP)

11) Kyle Larson 3022 (10 PP)

12) William Byron 3018 (7 PP)
_____________________________________________

Eliminated Drivers

~~13) Carson Hocevar 2075~~

~~14) Joey Logano 2057~~

~~15) Ryan Blaney 2055~~

~~16) Denny Hamlin 2054~~

**___________________________**

Xfinity Playoff standings (Race 2/3 of round of 12)

1) Garrett Smithley 2065 (16 PP)

2) Sammy Smith 2062 (7 PP)

3) Parker Retzlaff 2060 (21 PP)

4) Anthony Alfredo 2055 (12 PP)

5) Kyle Sieg 2049 (15 PP)

6) Daniel Dye 2048 (14 PP)

7) Ryan Sieg 2046 (7 PP)

8) Jesse Love 2035 (7 PP)

_____________________________________________

9) Christian Eckes 2031 (13 PP)

10) William Sawalich 2031 (9 PP)

11) Dean Thompson 2027 (9 PP)

12) Taylor Gray 2021 (5 PP)",2025-09-29
t3_1nujq6q,2025 RFK Racing Paint Schemes For The Charlotte Roval,https://www.reddit.com/r/nascar/comments/1nujq6q/,/u/Dmacthegoat,2025-09-30 17:38:31+00:00,https://www.instagram.com/p/DPO3oIqgD0G/?utm_source=ig_web_copy_link,2025-09-30
t3_1nz24gs,"Fun fact, Kyle Busch and Brad Keselowski were both back to back with each other outside of the top 30 both times someone dive bombed in the last corner at the Roval",https://www.reddit.com/r/nascar/comments/1nz24gs/,/u/NormBenningisdagoat,2025-10-05 22:28:17+00:00,,2025-10-05
t3_1nz2ls6,2025 NASCAR Cup Series NOT Playoffs After Charlotte Roval [RO12 FINALE],https://www.reddit.com/r/nascar/comments/1nz2ls6/,/u/FridgusDomin8or,2025-10-05 22:49:46+00:00,"Michael McDowell 3096 \[+61\]

Chris Buescher 3089 \[+54\]

Ryan Preece 3077 \[+42\] 

Carson Hocevar 3058 \[+23\]

Ty Gibbs 3057 \[+22\]

AJ Allmendinger 3054 \[+19\]

Brad Keselowski 3052 \[+17\]

Erik Jones 3039 \[+4\]

**----ROUND OF 8 CUTOFF----**

Kyle Busch 3035 \[-4\]

Justin Haley 3034 \[-5\]

Zane Smith 3031 \[-8\]

John Hunter Nemechek 3021 \[-18\]

**ALREADY ELIMINATED:**

Todd Gilliland 2092

Ricky Stenhouse Jr. 2072

Daniel Suarez 2068

Ty Dillon 2059

  
**SEEDED ROUND OF 8 POINTS:**

Chris Buescher 4012 \[+5\]

Ryan Preece 4012 \[+5\] 

Ty Gibbs 4010 \[+3\]

Brad Keselowski 4008 \[+1\]

**----NOT CHAMPIONSHIP 4 CUTOFF----**

AJ Allmendinger 4007 \[-1\]

Michael McDowell 4006 \[-2\]

Erik Jones 4004 \[-4\]

Carson Hocevar 4003 \[-5\]

ALREADY ELIMINATED:

9. John H. Nemechek 2116

10. Zane Smith 2103

11. Kyle Busch 2099

12. Todd Gilliland 2092

13. Ricky Stenhouse Jr. 2072

14. Daniel Suarez 2068

15. Justin Haley 2066

16. Ty Dillon 2059",2025-10-05
t3_1nz5b89,"[Brad Keselowski on X] Clear as day, Not enough talk about winning and winners (star power) but covering 15th for known elimination is easier for media storylines.

Fans are voting with their eyeballs and it’s definitively a Net loss for the sport vs full season format. Now is the time to fix this.",https://www.reddit.com/r/nascar/comments/1nz5b89/,/u/Mellow200,2025-10-06 00:53:51+00:00,,2025-10-06
t3_1nzzbg5,Nascar Full Season Points,https://www.reddit.com/r/nascar/comments/1nzzbg5/,/u/AlphaEvolu,2025-10-06 23:45:26+00:00,"Hi everyone, with all the talk of going back to the full season points I decided I wanted to see what the updated standings would be if the playoff points didn't come into effect, and the points that they had leaving Daytona would just be added onto like normal through the roval yesterday.

I tried looking around for anyone else keeping track of this week to week, and didn't see anyone, however if this is already an ongoing weekly post, my apologies.

The number before each driver's name is where each driver finished the regular season. The points are up to date from the roval.

||
||
|Current Standing|Driver|Points as they run|Diff off Leader|
|1|1 - William Byron|1052||
|2|2 - Ryan Blaney|1025|27|
|3|3 - Kyle Larson|1017|35|
|4|5 - Christopher Bell|1006|46|
|5|4 - Chase Elliott|988|64|
|6|6 - Denny Hamlin|974|78|
|7|8 - Chase Briscoe|952|100|
|8|7 - Tyler Reddick|911|141|
|9|12 - Joey Logano|824|228|
|10|10 - Chris Buescher|822|230|
|11|11 - Bubba Wallace|808|244|
|12|13 - Ross Chastain|795|257|
|13|9 - Alex Bowman|794|258|
|14|14 - Ryan Preece|748|304|
|15|16 - Ty Gibbs|678|374|
|16|19 - Brad Keselowski|655|397|
|17|20 - Michael McDowell|647|405|
|18|17 - Kyle Busch|633|419|
|19|23 - Carson Hocevar|633|419|
|20|15 - Austin Cindric|630|422|
|21|18 - A.J. Allmendinger|625|427|
|22|22 - Erik Jones|615|437|
|23|25 - Shane van Gisbergen|605|447|
|24|24 - John Hunter Nemechek|601|451|
|25|26 - Austin Dillon|579|473|
|26|21 - Josh Berry|576|476|
|27|28 - Zane Smith|550|502|
|28|27 - Daniel Suarez|536|516|
|29|31 - Todd Gilliland|510|542|
|30|29 - Ricky Stenhouse Jr|508|544|
|31|30 - Justin Haley|507|545|
|32|32 - Ty Dillon|446|606|
|33|33 - Cole Custer|413|639|
|34|34 - Noah Gragson|398|654|
|35|35 - Riley Herbst|365|687|
|36|36 - Cody Ware|212|840|

  
",2025-10-06
t3_1o04dne,Which current drivers are future hall of famers?,https://www.reddit.com/r/nascar/comments/1o04dne/,/u/Jomosensual,2025-10-07 03:46:12+00:00,"I don't know how exactly the 10 year rule works so I'm just going to assume its 10 years in cup including part time seasons

Right now I'd say locks are Denny Hamlin, Kyle Busch, Joey Logano, Kyle Larson, and Brad Keselowski without a doubt. Chase Elliot and Ryan Blaney hit 10 years in Cup next season and will likely join them.

  
For drivers who haven't hit that 10 year mark, I think that we'll see Tyler Reddick, William Byron, and Christopher Bell be at that level by the time they do.

  
For people with work to do still I see Ross Chastain, Alex Bowman, and Chase Briscoe maybe making a case for themselves. SVG will be a weird case as he probably won't hit 10 years but if he keeps dominating road courses alone he could make it interesting. Should get get a few oval wins I could see them lifting the rule for him. I don't feel very good on Bowman's chances in this group in particular

  
Anyone else I miss?",2025-10-07
t3_1o0rcsb,"2025 LASTCAR cup, Xfinity, and Truck Playoff Grid (after Charlotte Roval)",https://www.reddit.com/r/nascar/comments/1o0rcsb/,/u/TIFUthebestSubreddit,2025-10-07 21:09:11+00:00,"Cup Series Playoff standings (Race 3/3 of round of 12)

1) Riley Herbst 4036 (36 PP)

2) Cody Ware 4029 (29 PP)

3) AJ Allmendinger 4019 (19 PP)

4) Noah Gragson 4013 (13 PP)

_____________________________________________

5) Ricky Stenhouse Jr 4010 (10 PP)

6) Kyle Busch 4008 (8 PP)

7) Erik Jones 4008 (8 PP)

8) Alex Bowman 4006 (6 PP)

_____________________________________________

Eliminated Drivers

~~9) Carson Hocevar 2115~~

~~10) Brad Keselowski 2106~~

~~11) Ross Chastain 2091~~

~~12) Kyle Larson 2081~~

~~13) Denny Hamlin 2072~~

~~14) Joey Logano 2072~~

~~15) William Byron 2067~~

~~16) Ryan Blaney 2067~~

**___________________________**

Xfinity Playoff standings (Race 3/3 of round of 12)

1) Parker Retzlaff 3021 (21 PP)

2) Garrett Smithley 3016 (16 PP)

3) Kyle Sieg 3015 (15 PP)

4) Daniel Dye 3014 (14 PP)

_____________________________________________

5) Anthony Alfredo 3012 (12 PP)

6) Dean Thompson 3009 (9 PP)

7) Ryan Sieg 3007 (7 PP)

8) Sammy Smith 3007 (7 PP)

_____________________________________________

Eliminated Drivers

~~9) Jesse Love 2045~~

~~10) Christian Eckes 2039~~

~~11) William Sawalich 2036~~

~~12) Taylor Gray 2032~~


**___________________________**

Truck series Playoff Grid (race 1/3 of Round of 8)

1) Toni Briedinger 3050

2) Spencer Boyd 3032

3) Jack Wood 3027

4) Chandler Smith 3025

_____________________________________________

5) Dawson Sutton 3025

6) Matt Mills 3023

7) Kaden Honeycutt 3021

8) Connor Mosack 3021

_____________________________________________

Eliminated Drivers

~~9) Layne Riggs 2053~~

~~10) Frankie Muniz 2022~~",2025-10-07
t3_1o1tqu6,Thoughts on Brian Keselowski’s reaction to the Next Gen car’s HP increase for 2026?,https://www.reddit.com/r/nascar/comments/1o1tqu6/,/u/Dizzy_Mousse1863,2025-10-09 01:52:30+00:00,"Brad Keselowski’s Elder Brother Brian Questions NASCAR's Cost Logic Amid Horsepower Boost 
 https://sportscondensed.com/news/brad-keselowski-s-elder-brother-brian-questions-nascar-s-cost-logic-amid-horsepower-boost 
 -via Sports Condensed ",2025-10-09
t3_1o34si7,2025 RFK Racing Paint Schemes For Las Vegas (Fall),https://www.reddit.com/r/nascar/comments/1o34si7/,/u/Dmacthegoat,2025-10-10 15:55:23+00:00,https://www.instagram.com/p/DPg5M0vk9hj/?utm_source=ig_web_copy_link,2025-10-10
t3_1o5lbgd,2025 NASCAR Cup Series NOT Playoff Standings After Las Vegas [RO8 Race 1/3],https://www.reddit.com/r/nascar/comments/1o5lbgd/,/u/FridgusDomin8or,2025-10-13 14:31:33+00:00,"Ryan Preece 4040 \[+14\]

Chris Buescher 4038 \[+12\]

Brad Keselowski 4035 \[+9\]

Michael McDowell 4027 \[+1\]

**----NOT CHAMPIONSHIP 4 CUTOFF----**

Erik Jones 4026 \[-1\]

AJ Allmendinger 4025 \[-2\]

Ty Gibbs 4019 \[-8\]

Carson Hocevar 4009 \[-18\]

**ALREADY ELIMINATED:**  
Kyle Busch 2128

John H. Nemechek 2124

Zane Smith 2116

Todd Gilliland 2108

Ricky Stenhouse Jr. 2095

Daniel Suarez 2085

Justin Haley 2076

Ty Dillon 2060",2025-10-13
t3_1o6gndw,2025 RFK Racing Paint Schemes For Talladega (Fall),https://www.reddit.com/r/nascar/comments/1o6gndw/,/u/Dmacthegoat,2025-10-14 14:13:29+00:00,https://www.instagram.com/p/DPytDQVj4Sz/?utm_source=ig_web_copy_link,2025-10-14
t3_1o7llk8,2025 LASTCAR Cup & Xfinity Playoff Grid (after Las Vegas II & Round 1/3 of round of 8),https://www.reddit.com/r/nascar/comments/1o7llk8/,/u/TIFUthebestSubreddit,2025-10-15 20:04:43+00:00,"Cup Series Playoff standings (Race 1/3 of round of 8)

1) Cody Ware 4077

2) Riley Herbst 4052

3) AJ Allmendinger 4036

4) Noah Gragson 4024

_____________________________________________

5) Ricky Stenhouse Jr 4022

6) Erik Jones 4021

7) Kyle Busch 4014

8) Alex Bowman 4011

_____________________________________________

Eliminated Drivers

~~9) Carson Hocevar 2145~~

~~10) Ryan Blaney 2117~~

~~11) Ross Chastain 2115~~

~~12) Brad Keselowski 2114~~

~~13) William Byron 2101~~

~~14) Kyle Larson 2082~~

~~15) Joey Logano 2076~~

~~16) Denny Hamlin 2073~~

**___________________________**

Xfinity Playoff standings (Race 1/3 of round of 8)

1) Garrett Smithley 3061

2) Parker Retzlaff 3051

3) Dean Thompson 3035

4) Anthony Alfredo 3035

_____________________________________________

5) Kyle Sieg 3034

6) Daniel Dye 3029

7) Sammy Smith 3025

8) Ryan Sieg 3012

_____________________________________________

Eliminated Drivers

~~9) Christian Eckes 2055~~

~~10) Jesse Love 2049~~

~~11) William Sawalich 2046~~

~~12) Taylor Gray 2038~~",2025-10-15
t3_1o7y1u5,Writeup Wednesday Every Week Until the 2025 Championship Weekend #34: The Yellow Line Rule,https://www.reddit.com/r/nascar/comments/1o7y1u5/,/u/bruhmoment2248,2025-10-16 05:37:05+00:00,"Anyone who’s ever driven on a non-separated highway knows what it’s like to see 2 solid yellow lines to your left on said roads. When you put those same lines on a track where stock cars compete on… things go awry. Let’s talk about it.

'

[funny to think that a strip of paint has influenced nearly a quarter of a century of restrictor plate races](https://preview.redd.it/twsn1dayqevf1.png?width=724&format=png&auto=webp&s=e8f0b1d18157dbad4d872d4a5e1a3203c7787b12)

'

# Out Of Bounds

Most every sport has some form of an out of bounds rule. Likewise, on highways solid double yellow lines mean absolutely NO passing below it or you risk getting pulled over by the police or state highway patrol. Thus, the marriage of this and the concept of “out of bounds” led some prominent voices in NASCAR to call for an out-of-bounds line, most notably Darrell Waltrip during practices in the buildup to the 2001 Daytona 500. Before then, drivers had only one thing that constituted out of bounds: the outside retaining wall. Then the race happened.

'

Black Sunday is the crossroads for many things that connect to each other in the vast web of stock car racing lore, and as it pertains to what DW was envisioning while Earnhardt was still on the track, an out-of-bounds line quickly went from being simply an idea to a new rule that would be in effect not 2 months later in the name of safety. But in doing so, NASCAR did essentially the opposite; more wrecks have been caused by drivers essentially being put in a “box” between a yellow strip of paint and what was already an out-of-bounds line to begin with: the outside retaining wall.

'

The way the rule is supposed to work is like this: if you go below the yellow line to advance your position and gain an advantage, or if you force someone below the yellow line, you will be penalized. If you are forced to go below the yellow line, you must make every attempt possible to rejoin the racetrack safely and “blend in” with the field again. Seems fair, right? Well, it’s not that simple, I’m afraid.

'

# New Rules in Town

[how people weren't more outraged by this call... I have no idea](https://preview.redd.it/1ryew9busevf1.png?width=579&format=png&auto=webp&s=401c6e60f14b00938fd39dd7178f057243fda57f)

'

In its first weekend in effect in the first restrictor plate race after the 2001 Daytona 500 at Talladega, the rule immediately caused controversy when both Buckshot Jones and Casey Atwood dipped 2 wheels below the line incidentally and got drive-through penalties as a result. The first major point of controversy with the rule was in NASCAR’s return to Daytona in 2001, where Tony Stewart was quickly judged to have passed Johnny Benson below the yellow line just as Dale Jr took the lead from the driver of the #10 Valvoline Pontiac. However, Stewart was forced below the yellow line by Benson, and thus dipped his left side wheels below the line as a result; Stewart never came down pit road to serve the penalty, and finished on track just outside of the top 5 only to wind up being credited with a 26th place finish.

'

The new rule had little room for clarification, apart from NASCAR simply saying that it was a judgment call, which didn’t inspire confidence in how the rule would be enforced going forward. All confidence was erased from the fanbases of drivers not named Dale Jr in the spring of 2003 at Talladega when he put 2 wheels below the yellow line to take the lead with less than 5 laps to go, only for NASCAR to allow the pass to stand as Junior collected his 4th consecutive win at Talladega. Once again, DW offered some perspective:

>“It would be very unpopular to black flag him-” 

[and black flag him they did not, to the delight of the Talladega crowd](https://preview.redd.it/fqt4y4h3tevf1.png?width=1582&format=png&auto=webp&s=ee9977d6d7ffc10561b5de32290fc719cb6b962d)

'

Throughout the 2000s, the same reminders kept getting drilled into drivers’ heads: if NASCAR judges you did something wrong, you’ll get penalized. Doesn’t quite sound like a racing rule and more so a declaration that the sanctioning body calls the shots and gets to decide races by their hand. Spring 2003 had shown that NASCAR was willing to let certain things go if it benefitted the sport in their eyes; the screaming crowds underneath the Alabama sky that night reaffirmed that. The yellow line rule was here to stay, and stay it did.

'

# What's Legal and What Isn't?

[apparently this pass wasn't, to the dismay of many in the stands that afternoon](https://preview.redd.it/20swpz83qevf1.png?width=1024&format=png&auto=webp&s=0e3ba822ae0380662a6dc0b04fd0fd38760fa53a)

'

The fall Talladega race of 2008 stands out as one of the more pivotal examples of how the rule has caused headaches across the garage area. Regan Smith was robbed of his first win because of it when on the last lap he attempted to pass Tony Stewart in the tri-oval, only for Stewart to force him below the yellow line where his momentum pushed him past Tony and to the win of the race… until NASCAR judged that Smith went below the yellow line of his own volition which he clearly did not. The winning moment that should have been Smith’s was also paired with this confusing piece of commentary as Regan crossed the line:

>“I think it’s legal on the last lap” - Andy Petree

'

That quote became less confusing when Regan popped out of his car to  basically say that he thought on the last lap anything goes, a common perception amongst the drivers so it’s not like he said anything out of left field. If anything, he’s correct; oh, remember when we talked about safety towards the start? The following 2 restrictor plate races to open the 2009 season did little to convince people of it. 

'

Once again, Dale Jr found himself in a bit of controversy as in the 2009 Daytona 500 he was forced below the yellow line by Brian Vickers on the backstretch, only for Dale to immediately blend back up into the back of Vickers’ #83 Red Bull Toyota and caused a massive accident that took out the dominant car of Kyle Busch (who should have won that race otherwise).

'

[arguably the lowest point of Junior's career, let alone the entire season](https://preview.redd.it/292z4w61uevf1.png?width=1116&format=png&auto=webp&s=2ec7ffc95115bc930f557531584a470a04f5ad92)

'

I think we know what happened the next time they put the plates on…

'

[this wreck made a LOT of people dislike Keselowski](https://preview.redd.it/jceawe19uevf1.png?width=576&format=png&auto=webp&s=6bcb6d63d1d7328fc8c3b09b8dcfb76307b722fd)

'

While people remember this accident for Brad Keselowski’s first win and the horrifying images of seeing a car flying into the fence much like Bobby Allison’s near sport-ender 32 years prior, what people often forget is that wreck was caused by the yellow line rule. If Brad goes below the line he loses the race, so holding his line while Carl went to block a second time was his only chance to win, which unfortunately created one of the scariest wrecks of the modern era. 

'

It was this race that made a lot of people change their tune on the rule and call for it to be removed. Yet it never was, and eventually the line got a partner to become a double yellow line at both Daytona and Talladega, and ONLY these two tracks; everywhere else you could go wherever you please.

'

[also this: this was bullshit](https://preview.redd.it/vleo0raguevf1.png?width=640&format=png&auto=webp&s=8a781fff88bb846becfef9fb651f1fc3c8b47d99)

'

While there are many more cases of the double yellow line being controversial, the fall 2020 race at Talladega stands out as perhaps the most egregious case of judgment calls being inconsistent. Not only did Denny Hamlin pass multiple people for the lead on the final lap and was allowed to have his subsequent “win” stand, Matt DiBenedetto was penalized for forcing Byron below the line while giving him room to blend in again. 

'

[I had never been more confused watching a NASCAR race than this at the time](https://preview.redd.it/5tinq2fkuevf1.png?width=1200&format=png&auto=webp&s=1897a0cba876f1345faf34f45cdd85062c12a452)

'

The inconsistency was glaring, and it had been for nearly 2 decades. By this point, it had gotten so bad that Dale Jr himself, who had benefitted quite a few times by that particular rule in the past (2003 stands out), called for the rule to be abolished live during a broadcast. The sentiment continues to hold strong as the rule is still in effect to this very day. 

'

If the most respected retired figure in the sport couldn’t get the rule abolished, it seems destined to continue dictating races into the future. This weekend’s race could very well prove to bring out all the animosity towards the yellow line if it decides who races for a championship and who doesn’t as a result of now being in the Round of 8 instead of being in the Round of 12 as it had been for a decade prior.

'

Whether or not it happens… we shall see on Sunday.

'

[Talladega certainly seems to be a focal point for yellow line controversies...](https://preview.redd.it/ikbbsvcpuevf1.png?width=700&format=png&auto=webp&s=bf314f64b3d5b7c6f852b37ef0b44827d778fba5)

'

# Next Week...

It takes extreme skill to win at Talladega, or anywhere else on the NASCAR schedule. So what does it take to be the best at winning in stock cars...",2025-10-16
t3_1ocq6xj,"2025 LASTCAR Cup, Xfinity and Truck Playoff Grid (After Talladega II & race 2/3 of Round of 8)",https://www.reddit.com/r/nascar/comments/1ocq6xj/,/u/TIFUthebestSubreddit,2025-10-21 21:50:19+00:00,"Cup Series Playoff standings (Race 2/3 of round of 8)

1) Cody Ware 4104

2) Riley Herbst 4080

3) AJ Allmendinger 4078

4) Ricky Stenhouse Jr 4070

_____________________________________________

5) Erik Jones 4066

6) Noah Gragson 4063

7) Alex Bowman 4036

8) Kyle Busch 4029
_____________________________________________

Eliminated Drivers

~~9) Carson Hocevar 2147~~

~~10) Ryan Blaney 2136~~

~~11) Ross Chastain 2124~~

~~12) William Byron 2122~~

~~13) Brad Keselowski 2120~~

~~14) Kyle Larson 2104~~

~~15) Denny Hamlin 2093~~

~~16) Joey Logano 2088~~

**___________________________**

Xfinity Playoff standings (Race 2/3 of round of 8)

1) Anthony Alfredo 3076

2) Garrett Smithley 3072

3) Dean Thompson 3062

4) Ryan Sieg 3062

_____________________________________________

5) Parker Retzlaff 3056

6) Daniel Dye 3052

7) Kyle Sieg 3048

8) Sammy Smith 3032
_____________________________________________

Eliminated Drivers

~~9) William Sawalich 2075~~

~~10) Taylor Gray 2069~~

~~11) Jesse Love 2057~~

~~12) Christian Eckes 2057~~


**___________________________**

Truck series Playoff Grid (race 2/3 of Round of 8)

1) Toni Briedinger 3083

2) Spencer Boyd 3056

3) Jack Wood 3048

4) Chandler Smith 3047

_____________________________________________

5) Matt Mills 3042

6) Connor Mosack 3035

7) Kaden Honeycutt 3031

8) Dawson Sutton 3029

_____________________________________________

Eliminated Drivers

~~9) Layne Riggs 2063~~

~~10) Frankie Muniz 2048~~",2025-10-21
t3_1of0wfc,2025 RFK Racing Paint Schemes For Martinsville (Fall),https://www.reddit.com/r/nascar/comments/1of0wfc/,/u/Dmacthegoat,2025-10-24 15:32:10+00:00,https://www.instagram.com/p/DQE8aw6k0xe/?utm_source=ig_web_copy_link,2025-10-24
t3_1oi83vq,2025 RFK Racing Paint Schemes For Phoenix (Season Finale),https://www.reddit.com/r/nascar/comments/1oi83vq/,/u/Dmacthegoat,2025-10-28 12:33:15+00:00,https://www.instagram.com/p/DQVrY79jPbx/?utm_source=ig_web_copy_link,2025-10-28
t3_1oigtk5,"2025 LASTCAR Cup, Xfinity, and Truck Playoff Grid (After Martinsville II & Round 3/3 of Round of 8)",https://www.reddit.com/r/nascar/comments/1oigtk5/,/u/TIFUthebestSubreddit,2025-10-28 18:09:32+00:00,"Cup Series Playoff standings (Race 3/3 of round of 8)

1) Cody Ware 5000

2) Riley Herbst 5000

3) AJ Allmendinger 5000

4) Noah Gragson 5000

_____________________________________________

Eliminated Drivers

~~5) Ricky Stenhouse Jr 2250~~

~~6) Erik Jones 2219~~

~~7) Kyle Busch 2202~~

~~8) Alex Bowman 2197~~

~~9) Carson Hocevar 2179~~

~~10) Brad Keselowski 2139~~

~~11) Ryan Blaney 2137~~

~~12) Ross Chastain 2127~~

~~13) Denny Hamlin 2127~~

~~14) William Byron 2123~~

~~15) Kyle Larson 2108~~

~~16) Joey Logano 2095~~

**___________________________**

Xfinity Playoff standings (Race 3/3 of round of 8)

1) Anthony Alfredo 4000

2) Garrett Smithley 4000

3) Parker Retzlaff 4000

4) Daniel Dye 4000

_____________________________________________

Eliminated Drivers

~~5) Kyle Sieg 2153~~

~~6) Ryan Sieg 2132~~

~~7) Dean Thompson 2119~~

~~8) Sammy Smith 2089~~

~~9) Christian Eckes 2082~~

~~10) Jesse Love 2080~~

~~11) William Sawalich 2075~~

~~12) Taylor Gray 2070~~


**___________________________**

Truck series Playoff Grid (race 3/3 of Round of 8)

1) Toni Briedinger 4000

2) Matt Mills 4000

3) Spencer Boyd 4000

4) Connor Mosack 4000

_____________________________________________

Eliminated Drivers

~~5) Chandler Smith 2149~~

~~6) Jack Wood 2124~~

~~7) Dawson Sutton 2103~~

~~8) Kaden Honeycutt 2077~~

~~9) Frankie Muniz 2075~~

~~10) Layne Riggs 2067~~",2025-10-28
t3_1olxy0m,"(OT) [RFK Racing] ""Ford is building a Hypercar for 2027 that is going to compete at Le Mans and maybe the United States. And if it competes in the United States, I’d like to own that team”",https://www.reddit.com/r/nascar/comments/1olxy0m/,/u/Hulkodium,2025-11-01 20:20:30+00:00,,2025-11-01
t3_1olxy6f,The Best of the Rest: a look at the Non-Championship 4,https://www.reddit.com/r/nascar/comments/1olxy6f/,/u/Juventus7shop,2025-11-01 20:20:40+00:00,"For the last 9 weeks, all eyes have been on the 16 playoff drivers as the field has gradually been winnowed to our 4 championship contenders who will vie for the title at Phoenix. 

However, receiving considerably less coverage has been the only-slightly-less-prestigious non-playoffs playoffs, where the top 16 drivers who did not qualify for the real playoffs have been conducting a parallel battle for the coveted title of Best of the Rest. 

Here’s a quick rundown of what you’ve missed if you’ve been too focused on the drivers at the top of the field so you can get up to speed on the other 4-way battle this Sunday!

Round of 16:
To set our field of 16, we took the 16 highest finishers in regular season points who didn’t qualify for the regular playoffs and awarded bonus playoff points to the top seeds. In this case, as our regular season “champion,” Chris Buescher received 15 bonus playoff points that would give him an edge throughout the playoffs. At the end of the first 3 races, we said farewell to Ty Dillion, Todd Gilliland, and Daniel Suárez, while Justin Haley did just enough at Bristol to leapfrog Ricky Stenhouse, Jr., and eliminate the 47 by a mere 3 points. 

Round of 12:
After a very strong first 3 races, it all came apart for John Hunter Nemechek in the Round of 12, and he was joined below the cutoff line by Haley and Zane Smith, neither of whom could find speed to hang with the main contenders. In the battle for the final transfer spot, A.J. Allmendinger and Ty Gibbs put together huge races at the Roval to survive and advance, while Erik Jones mustered just enough points to eliminate 2-time actual champion Kyle Busch. Meanwhile, it was Michael McDowell who announced his intentions to challenge Buescher by ending the round atop the standings. 

Round of 8:
At Las Vegas, decent days for everyone except Ty Gibbs and Carson Hocevar seemed to spell the end of both the 54 and 77’s chances. However, each responded with 40+ point efforts at Talladega, while untimely accidents for Buescher, Allmendinger, and Jones meant some of the top contenders were on the ropes heading into Martinsville. Ultimately, none of them would be able to dig out of the hole, and a disastrous day for Hocevar erased the ground he had gained at Dega, meaning our non-Championship 4 would officially be…

-Ty Gibbs (1 top 5, 3 top 10s in the playoffs; though somewhat streaky, he’s the only non-playoffs driver to win a stage or race since the playoffs began and has shown the ability to put big races together)

-Ryan Preece (0 top 5s, 3 top 10s in the playoffs; while he hasn’t finished in the top 5 since Iowa, only 2 sub-20th finishes throughout the playoffs meant the 60 was never truly in danger of being eliminated)

-Brad Keselowski (1 top 5, 4 top 10s in the playoffs; outside of a DNF at the Roval he’s been arguably the best non-playoffs driver over the last 9 weeks, one of two RFK drivers to survive to the C4)

-Michael McDowell (1 top 5, 1 top 10 in the playoffs; though he hasn’t been spectacular outside of the Round of 12, he’s been clutch when it’s mattered, escaping the Round of 16 just two positions above the cutline and pipping Buescher by 5 points to make it to Phoenix)

Gibbs, Preece, Keselowski, and McDowell; who do you think will lift the non-playoffs trophy when the dust settles on Sunday?",2025-11-01
t3_1omiaqk,[Pockrass] Brad Keselowski would like to own a Ford IMSA team. It made me wonder if that would be an off-ramp for him from Cup driving. He said no way.,https://www.reddit.com/r/nascar/comments/1omiaqk/,/u/catsgr8rthanspoonies,2025-11-02 14:12:58+00:00,,2025-11-02
t3_1ompyid,Sydney Sweeney is in attendance for the Cup series championship,https://www.reddit.com/r/nascar/comments/1ompyid/,/u/Mr-2326,2025-11-02 19:11:22+00:00,"Credit: RFK Racing 
She is not scheduled to do any appearances or performances, I doubt she went because she is a fan, must be a guest of a driver. Is Slick Bill Byron really that slick? 
",2025-11-02
t3_1omzeue,Brad Keselowski Came So Close to Winning the Race Today,https://www.reddit.com/r/nascar/comments/1omzeue/,/u/THendo13,2025-11-03 01:52:15+00:00,"I know everyone's talking about the championship situation and whatnot, but Brad Keselowski was one set of corners away from winning today, and he let it slip away right at the end.  This is being completely overlooked, so I thought I'd make a thread here for Brad fans to commiserate.  I'm just devastated man.  It's his third runner-up finish of the season, and there have just been so many races over the past three years that he's narrowly lost like this.  He's been my favorite driver for basically my whole life, and these past few years have been really tough to watch.  My GOAT is washed, and it breaks my heart.",2025-11-03
t3_1on2160,"[Brad Keselowski on X]: Will NASCAR change the championship format? IDK, my vote is for a 36 race championship.",https://www.reddit.com/r/nascar/comments/1on2160/,/u/Mellow200,2025-11-03 04:01:07+00:00,,2025-11-03
t3_1on2p0v,"[Brad Keselowski on X] (in his annual post-season thread) ""Can someone other than Hendrick, Penske or Gibbs win the cup series championship?"" Not realistically with the current OEM rules",https://www.reddit.com/r/nascar/comments/1on2p0v/,/u/CNASFan1992,2025-11-03 04:36:42+00:00,,2025-11-03
t3_1oncr8q,I love how everyone was so distracted talking about Kyle Larson’s championship that no one noticed Brad Keselowski blowing away another win,https://www.reddit.com/r/nascar/comments/1oncr8q/,/u/NeatWrongdoer1309,2025-11-03 14:10:36+00:00,Dude really coul,2025-11-03
t3_1oncsdc,I love how everyone is so distracted talking about Kyle Larson’s championship that no one noticed that Brad Keselowski blew away another win,https://www.reddit.com/r/nascar/comments/1oncsdc/,/u/NeatWrongdoer1309,2025-11-03 14:11:52+00:00,,2025-11-03
t3_1onctbu,I love how everyone is so distracted talking about Kyle Larson’s championship that no one noticed Brad Keselowski blew away another win,https://www.reddit.com/r/nascar/comments/1onctbu/,/u/NeatWrongdoer1309,2025-11-03 14:12:58+00:00,,2025-11-03
t3_1onj4bw,As a Brad Keselowski fan I am just so over the 6 team,https://www.reddit.com/r/nascar/comments/1onj4bw/,/u/Fuzzy_Specialist359,2025-11-03 18:06:41+00:00,"I had so much hope for the RFK 6 car going into 2022 but it's been 3 years and it just doesn't seem to be getting better.

The 6 hasn't tried a bold strategy call all year, but the ONE race where they maybeee should stay out of the way they finally throw a Hail Mary and they STILL don't win.

I am sick of the slow cars and the unambitious pit calls that we have to deal with every race. I was cautiously optimistic about Bullins replacing McCall because I knew from his Penske days that he wasn't exactly any better and I was proven right time and time again this season. Just hard to care when your guy used to win multiple races and now we're celebrating 7th.",2025-11-03
t3_1onldwi,"With The 2025 Cup Series Season Over, Let’s talk about and share our favorite paint schemes from this season! What was your favorite Kroger Paint Scheme from RFK Racing this season?",https://www.reddit.com/r/nascar/comments/1onldwi/,/u/Dmacthegoat,2025-11-03 19:28:54+00:00,"Kroger joined RFK Racing in 2025 and produced several great paint schemes. What are your favorite(s) from this season? For me, my personal favorite is the Cinnamon Toast Crunch car as well as Heinz scheme from Michigan.",2025-11-03
t3_1onnjws,What's the biggest NASCAR conspiracy theory that you believe is true?,https://www.reddit.com/r/nascar/comments/1onnjws/,/u/UltDiecastReview,2025-11-03 20:48:58+00:00,"Since it's the first day of the offseason, I feel like this yearly question should be asked earlier than usual. 

For me, it's that NASCAR intentionally caused Kurt Busch to lose at Fontana in 2015, due to the ongoing controversary between himself and his ex-wife, so they threw that phantom debris caution to let Brad Keselowski win. ",2025-11-03
t3_1onrv40,"Yesterday was the first time Brad Keselowski, Joey Logano, and Kyle Busch all had a top 5 together in the same race since fall 2020 at Kansas",https://www.reddit.com/r/nascar/comments/1onrv40/,/u/Tsizzling24,2025-11-03 23:36:08+00:00,It’s been awhile 🥹,2025-11-03
t3_1ooc9mb,I need help making a scenario on what happens if NASCAR had a 2014 In-Season Tournament,https://www.reddit.com/r/nascar/comments/1ooc9mb/,/u/NascarFan2024,2025-11-04 16:47:03+00:00,"After Pocono 1, the top 32 in points at that time would be in the seeding races, which are Michigan, Sonoma and Kentucky and the tournament races would be Daytona, New Hampshire, Indianapolis, Pocono 2 and Watkins Glen. I know that Jimmie Johnson, Carl Edwards and Brad Keselowski would be the three highest seeds, but who would be the other 29 seeded drivers after Kentucky to set up the tournament and what would the matchups be like at Daytona since it would be the first race of the tournament? Does anyone know who was 32nd in points after the first Pocono race in 2014?",2025-11-04
t3_1ootvlc,RFK Racing Regressed?,https://www.reddit.com/r/nascar/comments/1ootvlc/,/u/Wrong_Ad5930,2025-11-05 04:49:25+00:00,"They had 2 cars right there on the playoff bubble combined with penalties that kept all their cars out of the playoffs

Not just that but went winless in a year where they supposedly increased their odds by adding a 3rd car

We were seeing steady progression but right now Roush Fenway Keselowski is at a crossroads",2025-11-05
t3_1ophvrk,"2025 LASTCAR Cup, Xfinity and truck Final Playoff Grid (After Phoenix II)",https://www.reddit.com/r/nascar/comments/1ophvrk/,/u/TIFUthebestSubreddit,2025-11-05 22:46:55+00:00,"Cup Series Playoff standings (Championship Race)

1) AJ Allmendinger 5040 (1st LASTCAR Playoff title, & 1st LASTCAR Playoff title for Kaulig Racing)

2) Cody Ware 5028

3) Noah Gragson 5025

4) Riley Herbst 5021

_____________________________________________

Eliminated Drivers

5) Ricky Stenhouse Jr 2265

6) Erik Jones 2233

7) Alex Bowman 2210

8) Kyle Busch 2205

9) Carson Hocevar 2205

10) William Byron 2154

11) Brad Keselowski 2140

12) Ross Chastain 2138

13) Ryan Blaney 2138

14) Denny Hamlin 2131

15) Kyle Larson 2109

16) Joey Logano 2097

**___________________________**

Xfinity Playoff standings (Championship Race)

1) Garrett Smithley 4029 (1st LASTCAR Playoff title, & 2nd LASTCAR Playoff title for SS-Greenlight Racing (1st being Joe Graf jr in 2022 in Xfinity)

2) Daniel Dye 4026

3) Parker Retzlaff 4025

4) Anthony Alfredo 4021

_____________________________________________

Eliminated Drivers

5) Ryan Sieg 2173

6) Kyle Sieg 2163

7) Dean Thompson 2134

8) Christian Eckes 2096

9) Sammy Smith 2093

10) Jesse Love 2081

11) Taylor Gray 2075

12) William Sawalich 2075


**___________________________**

Truck series Playoff Grid (Championship Race)

1) Connor Mosack 4028 (1st LASTCAR Playoff title, 2nd LASTCAR Playoff title for McAnally Racing (1st being Tyler Ankrum in Trucks last season (2024)

2) Toni Briedinger 4027

3) Spencer Boyd 4019

4) Matt Mills 4013

_____________________________________________

Eliminated Drivers

5) Dawson Sutton 2163

6) Chandler Smith 2159

7) Jack Wood 2136

8) Frankie Muniz 2102

9) Kaden Honeycutt 2082

10) Layne Riggs 2073",2025-11-05
t3_1outlj8,NASCAR Drivers and their IndyCar Counterparts,https://www.reddit.com/r/nascar/comments/1outlj8/,/u/Icy-Consequence-4372,2025-11-12 02:46:48+00:00,"Who are the indycar equivalent(s) to each nascar icon? Here’s what I came up with.

Dale Earnhardt—— Mario Andretti (most iconic legend in their respective series)

Richard Petty—- A.J. Foyt (old iconic legend from many moons ago. Well respected today at the track)

Rusty Wallace—- Michael Andretti (one of the best to ever do it, but slightly overshadowed by a few others; both were known to have a loud mouth)

Mark Martin——- Al Unser Jr. (fan favorites; generally seen as nice guys, both struggled with alcoholism at one point)

Tony Stewart——- Paul Tracy (undeniable talent, but both had a temper that couldn’t be ignored. Both endured being the villain in their respective series)

Sterling Marlin—- Arie Luyendyk (both were moderately successful, but not extremely successful. Both did win their biggest 500 mile race twice)

Dale Jarrett—- Rick Mears (both were smooth solid racers who could produce in the big events. Both were popular with the fans)

Jimmie Johnson—- Dario Franchitti (both were dominant during their prime. When they were dominant, they were boring as heck. Once they fell off, they really fell off)

Kurt Busch—- Will Power (both had great talent, but their tempers got the best of them. When they lost their shit, they were entertaining to say the least)

Bobby Allison—- Bobby Unser (two old time legends named Bobby)

Dale Earnhardt Jr—- Helio Castroneves (they were the biggest name of the 21st century in their respective series, and had a huge fanbase at the track)

Jeff Gordon—- Scott Dixon (most successful driver in the past 30 years. Their talent can’t seem to be matched)

Brad Keselowski—- Ryan Hunter-Reay (spent time grinding through smaller tier equipment, but they persevered; nobody expected them to win a championship until they did win one)

Joey Logano—- Josef Newgarden (the talent is there, and they can win. Both born in 1990 and drive for Penske, both seem to have a punchable face though)

Kyle Larson—- Pato O’Ward (wonder boy talent, both will push it to the next level, and lots of times succeed. Their on the edge driving style gets a lot of attention and are both destined for greater greatness in the future)

Chase Elliott—- Colton Herta (both were very highly touted prospects who team owners made room for as they came up, partly due to their connections; they have somewhat lived up to the expectations.

Matt Kenseth—- Tony Kanaan (they were smooth and very consistent when they needed to be, and they got more popular with age)

Jamie McMurray—- Scott Sharp (similar moderate success rate, similar personality, and both had a unique high pitched voice)

Christopher Bell—- Kyle Kirkwood (talented, get the job done, and let their driving do the talking; they are not full of themselves)

Carson Hocevar—- Santino Ferrucci (talented, aggressive, and they ain’t afraid to ruffle feathers with the competition. They’re not everyone’s cup of tea because of it)

Clint Bowyer—- James Hinchcliffe (moderately successful, comedic personality, both had popularity from their personality and they both called races from the booth)

Ryan Newman—- Ryan Briscoe (both looked poised to be a threat for years to come in their young days with Penske, but those days were shorter lived than expected. Both still had decent success but not as much as people thought)

Carl Edwards—- Dan Wheldon (they were talented and had bubbly personalities; they were very engaging with the fans and made them feel welcomed. 


Bobby Labonte—- Gil de Ferran (championship level drivers, successful around the same time, and they were well liked across the garage and the grandstands.)

Corey LaJoie—- Conor Daly (both had family history in their respective series; both have shown flashes of brilliance driving for various underfunded teams, but still looking for a breakthrough win; both run a podcast show and promote their sports a lot)

Ross Chastain—- Christian Rasmussen (they came up a little out of nowhere, and they are not afraid to drive aggressive with balls to the wall. Sometimes they piss off their competitors with their daring moves, but it has found them success which you can’t deny is also entertaining)

",2025-11-12
t3_1ov9mmj,By The Numbers Austin Cindric,https://www.reddit.com/r/nascar/comments/1ov9mmj/,/u/TaharisatWork,2025-11-12 16:21:34+00:00,"So it is the Offseason. I am going to break down each full time driver by Car number, Who the best driver to ever drive the car(Cup only 36 starts min), who had the best Performance while driving said car, and what the Current driver would have to do or if they are the best driver in that said car.



\#2 Car

Current Driver Austin Cindric Career Stats 

Total: 151 Starts, 0 Championships,  3 Wins, 12 top 5's, 27 top 10's, Average Finish 19.81 Laps Led 708

in the #2 Car: 144 Starts, 0 Championships. 3 wins, 12 top 5's, 26 top 10's average finish 19.7 laps led 700

So Notable names to drive this car for more than 36 starts, Rusty Wallace, Brad Keselowski, Kurt Busch, Bobby Allison, Dale Earnhardt, Ernie Irvan (while a 15 time winner didn't have a very notable stint in this car) and last Bill Blair. 



So Championships in the #2 car Dale Earnhardt and Brad Keslowski each have a single title while driving the car. 



So for most wins in the #2 car Rusty Wallace at 37, Followed by Brad K at 34, other notables ahead of Cindric are Kurt Busch at 8, Bobby Allison at 7, Dale Earnhardt at 6 and bill blair tied at 3. 



Leading top 5's are Rusty Wallace at 145 in 522 races followed by Brad K at 137 in 396 starts. Austin Cindric only has 12 in 144 starts. tied for 8th most in the #2 car



Top 10's in the 2 again are in order Rusty at 252 and Brad K at 221, Cindric sitting at 26. again tied for 8th most in the car



laps lead in the #2 car is Rusty Wallace by a wide margin and a whooping 15012 laps led Brad is again the bridesmaid at 8633 laps lead. Cindric sits at 6th on the list. 



In all fairness Austin Cindric is 27 years old with possibly 10 to 15 years left maybe more.  in 4 full time years he has produced 3 wins, even if he would double those numbers over 20 years he would end up at 33 wins which would still put him 3rd in number of wins in the #2 car behind brad and Rusty, I think few would argue the level of competition is higher than it was during the 80's and 90's But with wins coming through the late 2000's through the 2010's it is hard to imagine even with a Title someone putting Austin Cindric above Brad K I think the most likely scenario is that Austin Cindric moves into the 3rd best stint in the 2 car surpassing Kurt Busch, Dale Earnhardt and bobby Allison's achievements in the 2 car. 



The 2 car is had 6 Hall of Fame quality drivers start more than 36 races in Rusty Wallace, Brad K, Kurt Busch, Bobby Allison, Dale Earnhardt and Ernie Irvan, this doesn't include the 25 starts from Tim Richmond.  



 With this in mind Austin Cindric has no chance to become the greatest driver to drive the 2 car.  I honestly don't think it will be Possible to be a top 5 driver to ever drive the 2 car, Kurt Busch, Brad K, Rusty Wallace, and Bobby Allison won titles, (not something I think is impossible for Austin Cindric) while Dale Earnhardt won 7 titles.  



For Austin Cindric to become a top 5 driver to ever drive the #2 car he would have to win a title and 35 races at the minimum. for a driver who has yet to win more than a single race in a year it would take multiple great years to get close.  I think he ends up in double digits maybe as high as 20 wins if he has a couple years where he wins 3 or more races. I think it is more likely for him to end up around 15 wins, he is the third car at Penske and winning a race a year I think would be enough to keep him around considering his connections.  which would likely put him around Ernie Irvan's range. 



So where do you think Austin Cindric ends up at the end of his career as far as amount of wins? and is the #2 the most stacked in all time greats that drove the car?



(All stats from [driveraverages.com](http://driveraverages.com) )",2025-11-12
t3_1ow435h,"Brad Keselowski speaking at a Trimble conference in Las Vegas yesterday, in front of a rendering of a car he has not (at least yet) run a race in",https://www.reddit.com/r/nascar/comments/1ow435h/,/u/1-800-DADJOKE,2025-11-13 15:30:46+00:00,,2025-11-13
t3_1ow5szd,What if NASCAR had a draft (pt. 2),https://www.reddit.com/r/nascar/comments/1ow5szd/,/u/sportstrap,2025-11-13 16:36:35+00:00,"So this is sort of a continuation inspired by a previous post series from earlier this year, just taken a step further.

Imagine this is the scenario (it’s absolutely completely far fetched and purely for fun), NASCAR teams as part of a new charter agreement agree to a draft after every season and this is how it works. Every chartered driver who wins a race is locked in to their ride for the next season as long as they want it or are able (exceptions being retirement, injury, etc.), and every chartered team who fails to win becomes a vacant seat. Drivers are too be selected from a pool of qualified free agents, in order to qualify you must have A.) competed in at least one cup series race in 2025 or B.) have won an Xfinity Series or Truck Series race in 2025. 

Manufacturer contracts, team contracts etc are now null in void, these are the available free agents

- Tyler Reddick
- Alex Bowman
- Chris Buescher
- Ryan Preece
- Ty Gibbs
- Brad Keselowski
- Kyle Busch
- Michael McDowell
- Carson Hocevar
- Erik Jones
- John Hunter Nemechek
- AJ Allmendinger
- Todd Gilliland
- Zane Smith
- Daniel Suarez
- Ricky Stenhouse Jr
- Justin Haley
- Cole Custer
- Ty Dillon
- Noah Gragson
- Riley Herbst
- Cody Ware
- Katherine Legge
- Jimmie Johnson
- Derek Kraus
- Chad Finchum
- Burt Myers
- Martin Truex Jr
- Will Brown
- JJ Yeley
- Josh Bilicki
- **Austin Hill**
- BJ McLeod
- **Jesse Love**
- Casey Mears
- **Corey Heim**
- Corey LaJoie
- **Connor Zilisch**
- Anthony Alfredo
- Joey Gase
- **Justin Allgaier**
- Ryan Truex
- David Starr
- Brennan Poole
- Timmy Hill
- Helio Castroneves
- **Aric Almirola**
- **Brandon Jones**
- **Sammy Smith**
- **Nick Sanchez**
- **Sam Mayer**
- **Taylor Gray**
- **Daniel Hemric**
- **Chandler Smith**
- **Tyler Ankrum**
- **Rajah Caruth**
- **Stewart Friesen**
- **Layne Riggs**
- **Gio Ruggiero**

And Draft Order (not reverse order like a normal draft)
#45 23XI
#48 Hendrick
#17 RFK
#60 RFK
#54 Joe Gibbs
#6 RFK
#8 Richard Childress
#71 Spire
#77 Spire
#43 Legacy
#42 Legacy
#16 Kaulig
#34 Front Row
#38 Front Row
#88 Trackhouse
#47 HYAK
#7 Spire
#41 Haas
#10 Kaulig
#4 Front Row
#35 23XI
#51 Rick Ware

Who do you think lands where?





",2025-11-13
t3_1ox0emz,Fastest laps this season,https://www.reddit.com/r/nascar/comments/1ox0emz/,/u/Inevitable_Catch_566,2025-11-14 16:00:55+00:00,"

Trucks: 

- Corey Heim: 8 (Martinsville, Rockingham, Charlotte, Nashville, Lime Rock Park, IRP, New Hampshire, Phoenix)

- Layne Riggs: 3 (Daytona, Pocono, Martinsville 2)

- Carson Hocevar: 2 (Texas, Kansas)

- Chandler Smith: 2 (North Wilkesboro, Darlington)

- Tanner Gray: 1 (Atlanta)

- Ty Majeski: 1 (Las Vegas)

- Ross Chastain: 1 (Homestead)

- Kyle Larson: 1 (Bristol)

- Kaden Honeycutt: 1 (Michigan) 

- Andres Perez: 1 (Watkins Glen)

- Daniel Hemric: 1 (Richmond)

- Jake Garcia: 1 (Bristol 2)

- Brent Crews: 1 (Charlotte Roval)

- Ben Rhodes: 1 (Talladega)

Xfinity: 

- Connor Zilisch: 7 (Las Vegas, Watkins Glen, Portland, Gateway, Bristol 2, Charlotte Roval, Las Vegas 2)

- Justin Allgaier: 6 (Phoenix, Homestead, Texas, Charlotte, Nashville, Martinsville 2)

- Brandon Jones: 3 (Dover, Kansas, Phoenix 2)

- Jeremy Clements: 2 (Daytona, Talladega)

- Shane Van Gisbergen: 2 (Chicago, Sonoma)

- Christian Eckes: 1 (Atlanta)

- Carson Kvapil: 1 (COTA)

- Sammy Smith: 1 (Martinsville)

- Taylor Gray: 1 (Darlington)

- Kyle Larson: 1 (Bristol)

- Ryan Sieg: 1 (Rockingham)

- Ty Gibbs: 1 (Mexico City)

- Chase Elliott: 1 (Pocono)

- Austin Hill: 1 (Atlanta 2)

- Sam Mayer: 1 (Indy)

- Ross Chastain: 1 (Iowa) 

- Aric Almirola: 1 (Daytona 2)

- Josh Williams: 1 (Talladega 2)

Cup: 

- Denny Hamlin: 9 (Martinsville, Charlotte, Nashville, Pocono, Dover, Indy, Gateway, Kansas 2, Phoenix 2)

- Michael McDowell: 4 (Daytona, Phoenix Talladega, Talladega 2)

- Aj Allmendinger: 4 (Atlanta, Bristol, Daytona 2, Bristol 2)

- Kyle Larson: 4 (COTA, Kansas, Mexico City, Watkins Glen)

- Tyler Reddick: 3 (Las Vegas, Chicago, Charlotte Roval)

- William Byron: 3 (Darlington, Michigan, Martinsville 2)

- Bubba Wallace: 2 (Homestead, Richmond)

- Carson Hocevar: 2 (Texas, New Hampshire)

- John Hunter Nemechek: 1 (Atlanta 2)

- Justin Haley: 1 (Sonoma) 

- Brad Keselowski: 1 (Iowa)

- Josh Berry: 1 (Darlington 2)

- Chase Briscoe: 1 (Las Vegas 2)",2025-11-14
t3_1oxw261,Who is the Greatest Among the 12 Modern-era Drivers with 1 Championship?,https://www.reddit.com/r/nascar/comments/1oxw261/,/u/SundayShelter,2025-11-15 16:31:06+00:00,"Ryan Blaney,2023


Chase Elliott, 2020


Martin Truex Jr., 2017


Kevin Harvick, 2014


Brad Keselowski, 2012


Kurt Busch, 2004


Matt Kenseth, 2003


Bobby Labonte, 2000


Dale Jarrett, 1999


Alan Kulwicki, 1992


Rusty Wallace, 1989


Bill Elliott, 1987


Bobby Allison, 1983


Benny Parsons 1973 ",2025-11-15
t3_1p28vy3,By The Numbers Brad Keselowski,https://www.reddit.com/r/nascar/comments/1p28vy3/,/u/TaharisatWork,2025-11-20 17:14:57+00:00,"So it is the Offseason. I am going to break down each full time driver by Car number, Who the best driver to ever drive the car(Cup only 36 starts min), who had the best Performance while driving said car, and what the Current driver would have to do or if they are the best driver in that said car.



\#6 Car

Current Driver Brad Keselowski Career Stats

Total: 593 starts, 1 Championships, 36 Wins, 161 top 5's, 276 top 10's, 14.38 average Finish, 9788 Laps led.

in the #6: 144 starts, 0 Championships, 1 Win, 23 top 5's, 49 top 10's 18.3 average finish, 1105 laps led



Notable Drivers to drive the #6 Car, Mark Martin, David Pearson, Ryan Newman, Cotton Owens



Championships won in the #6 Car David Pearson winning the title in 1966 in the #6 Car. no other championships have been won while driving the #6 car. 



Most wins in the #6 leading the list is Mark Martin at 35, David Pearson at 27, 3rd is Cotton Owens at 6. Brad is tied at 4th with qualifying drivers with David Ragan, (note: Marshall Teague has 7 wins in 23 starts the only 23 starts he has in NASCAR)



Top 5's in the #6:  Mark Martin at 230 leading the pack again, second is David Pearson at 79 3rd is Cotton Owens at 39, Brad is 4th at 23



Top 10's in the #6 car:  Mark Martin is first at 361 top 10's over half of his 619 starts, David Pearson is second again at 111. 3rd is Cotton Owens at 55. brad once again finishes 4th with 49 top 10's out of the 8 qualifying drivers



Average Finish in the #6: David Pearson finishes first here with a average finish of 9th. Second would be Cotton Owens edges out Mark Martin with a 12.4 to Martin's 12.7 average finish. Keeping with the trend Brad finishes 4th with a 16.9 average finish. 



Laps Led while driving the #6 car: Mark Martin takes the top spot with a astounding 11282, Second is David Pearson with 6487, Brad slides into third with 1105 laps lead.





Brad's Tenure in the #6 car i think Firmly ranks 4th out of the drivers, at 41 years of age he won't have the time to surpass Mark Martin or David Pearson, Cotton Owens is the only one he has chance of passing up and even that would be a long shot, RFK was a team that felt like it was on a upswing in 2023. the last 2 years while decent feel like that momentum has stalled. I think with these factors I would say that Brad is probably locked into having 4th best time driving the #6. 



As far as all time best driver to ever drive the 6 car, Brad would be in a competition between himself and Mark Martin for 2nd,  David Pearson Career stats tower over both of them. So for comparison here it the career stats for him and Mark



Brad K: 593 starts, 1 Championships, 36 Wins, 161 top 5's, 276 top 10's, 14.38 average Finish, 9788 Laps led.

Mark Martin: 882 starts, 0 Championships, 40 wins, 271 top 5's, 453 top 10's, 13.91 average finish, 12877 laps led.



I would say that Brad is had the better Career, It would be close but what brad is done in nearly 300 less starts is put him in striking range of Mark Martin's total wins, he will fall short in top 5's and top 10's and even laps led. I think the Championship pushes him just barely ahead.



What do you guys think who is had the better Career? Brad K, or Mark Martin?





Looking at the best driver to ever drive the #6 from a stats standpoint, Brad is locked with Mark Martin for second, 

(All stats from [driveraverages.com](http://driveraverages.com) )

",2025-11-20
t3_1p50qh8,Did Kevin Harvick really just push Brad Keselowski to instigate a fight at Texas in 2014?,https://www.reddit.com/r/nascar/comments/1p50qh8/,/u/UltDiecastReview,2025-11-23 23:00:25+00:00,"Correct me if I'm wrong, but I don't remember him or Brad ever getting into it during this race, or any of the races beforehand. Did he just straight-up push Brad towards Gordon to start this fight, or was there some form of bad blood between the two beforehand? ",2025-11-23
t3_1p5ugrn,I imagine the tension across the board is about to ramp up in light of these Childress comments,https://www.reddit.com/r/nascar/comments/1p5ugrn/,/u/Fartecai,2025-11-24 21:55:51+00:00,"A discussion with a friend on discord got me to think about the broader scope outside of these particular texts messages in regards to just how many people might be upset about Steve Phelps and Brian Herbst's comments. 

If Nascar brass is gonna talk that way about Richard Childress, who has put in a longer active tenured effort than any organization in nascar not named Wood Brothers, then you have to Imagine guys like Roger Penske, Joe Gibbs, Rick Hendrick JJ, BK, Justin Marks (who had already been called out about SRX), and every other car owner in the garage are probably wondering ""Is that what they think about us too?"" Or ""I wonder what they're saying about us""

The same can be said for the drivers. Im sure Chase Elliott and Brad Keselowski aren't going to be thrilled to know Nascar was looking down on them for wanting to just have fun and race eachother in SRX. And while it isnt a competing series, i wonder how Kyle larson would feel knowing they might be talking like this about High Stakes. Or guys like Christopher Bell, Kyle Busch and Ricky Stenhouse who run sprints on weekdays or Bubba Wallace and SVG who run legends cars. 

Im probably thinking too far into this, but if it were me in either of those positions, I'd be a little miffed that the sanctioning body has the gall to make these kinds of criticisms over team owners who are the foundations of Nascar, because without them, there are no cars on track. And the same goes for the drivers who are all technically independent contractors being criticized for independently contracting. ",2025-11-24
t3_1pao1s1,"NASCAR, two race teams ready for Monday’s beginning of antitrust trial",https://www.reddit.com/r/nascar/comments/1pao1s1/,/u/sebas920118ruiz,2025-11-30 17:31:26+00:00,"The lawsuit brought against NASCAR by two of its Cup Series race teams is set to begin Monday at the Federal Courthouse in Charlotte, North Carolina.

Barring an 11th-hour development, the lawsuit titled “23XI Racing and Front Row Motorsports v. NASCAR” will open with jury selection and likely proceed to opening statements on the first day of trial before Judge Kenneth D. Bell.

In October of 2024, 23XI (co-owned by Cup Series driver Denny Hamlin and former NBA superstar Michael Jordan) and Front Row (owned by Bob Jenkins) filed suit against NASCAR under Sections 1 and 2 of the Sherman Antitrust Act, accusing the sanctioning body of anticompetitive practices following a two-plus year negotiation with race teams for a new charter agreement that began in 2025.

Though the lawsuit cites NASCAR’s ownership of race tracks, the exclusivity of sanctioning agreements and the use of single-source parts in the current Gen-7 race car, the crux of the lawsuit involves the 2025 Cup Series charter agreement, which 23XI and Front Row declined to sign.

The remaining 13 chartered NASCAR Cup Series teams, however, are parties to the agreement, which runs concurrent with the seven-year television broadcast package that will expire at the end of the 2031 season but includes another seven-year extension guaranteed through 2038 as well as additional exclusive negotiating period after that.

The charter system, created at the request of team owners, was introduced in 2016. All told, 36 charters, which guaranteed starting positions in all 36 points-paying Cup races as well as higher payouts, were awarded to established teams at no cost.

“The France family started NASCAR in 1948 using their own resources, grit and ingenuity,” NASCAR Commissioner Steve Phelps said. “They have taken countless personal and financial risks, investing billions of dollars and untold hours into growing this sport to create opportunity for teams to race in front of fans for nearly eight decades. We are proud of what we built for fans together with the race teams, especially since the charters were introduced.”

Over the course of 10 years, the aggregate value of the charters has grown to $1.5 billion, with individual charters selling for as much as $45 million. When NASCAR signed a new media rights deal with FOX, NBC, Turner and Prime in 2023 for nearly $8 billion, all new money over the previous rights deal went to race teams under the 2025 charters in addition to $50 million in other funds contributed directly from NASCAR and tracks.

In a recent filing that included declarations from team owners who have signed the charter agreement, Hendrick Motorsports owner Rick Hendrick offered the following:

“Shortly after Hendrick Motorsports signed its four charters, I made remarks to members of the press that conveyed my perspective: I think we worked really hard for two years and it got down to, you’re not going to make everybody happy,” Hendrick said. “But in any negotiation, you’re not going to get everything you want, and so I felt it was a fair deal and we protected the charters, which was number one, we got the revenue increase, I feel a lot of things we didn’t like we got taken out, so I’m happy with where we were.

“The Charter agreement is critical to the stability of the NASCAR ecosystem—the teams, the businesses that support us and NASCAR itself. Undoing what we have collectively negotiated will not only result in immeasurable damage to our sport and our respective businesses, it will, most importantly, hurt the people and families that depend on us for their livelihoods.”

NASCAR issued the following statement citing the declarations from Hendrick and such fellow team owners as Roger Penske, Joe Gibbs, Richard Childress and Brad Keselowski:

“Today’s filing demonstrates that NASCAR’s charter system has the support of race teams throughout the garage, and that the 23XI Racing and Front Row Motorsports lawsuit is not in the best interests of the sport. This lawsuit is not about antitrust; it is merely an attempt to renegotiate an agreement that was signed and is being honored by all other race teams.

“Together with our race team partners, we remain committed to delivering the best of stock car racing to our fans every weekend.”

Hendrick and Penske both are on NASCAR’s witness list for the trial. Jordan is expected to testify for the plaintiffs.

The lawsuit comes to trial after several significant rulings already have been made. In December 2024, Bell granted a preliminary injunction that would have allowed 23XI and Front Row to race as chartered teams while the lawsuit was being contested.

However, the Fourth District Court of Appeals vacated the injunction in June, and when the 2025 season concluded Nov. 2 at Phoenix Raceway, 23XI and Front Row were racing as unchartered or ‘open’ teams.

Two days after the season finale, Bell dismissed NASCAR’s counterclaim that 23XI and Front Row had colluded to form an “illegal cartel” with other race teams to manipulate charter negotiations.

Further, Bell granted a motion from 23XI and Front Row for partial summary judgment in limiting the relevant market definition for the lawsuit to “premier stock car racing.” NASCAR had sought a broader market definition that included other racing series.

“While we respect the Court’s decision, we believe it is legally flawed and we will address it at trial and in the Fourth Circuit if necessary,” NASCAR stated.

It is against this background that the jury will begin to decide the issues of fact when the trial begins on Monday.

— NASCAR Wire Service —",2025-11-30
t3_1pbhvi4,By The Numbers Ryan Blaney,https://www.reddit.com/r/nascar/comments/1pbhvi4/,/u/TaharisatWork,2025-12-01 16:50:26+00:00,"So it is the Offseason. I am going to break down each full time driver by Car number, Who the best driver to ever drive the car(Cup only 36 starts min), who had the best Performance while driving said car, and what the Current driver would have to do or if they are the best driver in that said car.



\#12 Car

Current Driver Ryan Blaney Career Stats

Total: 378 starts, 1 Championships, 17 Wins, 96 top 5's, 168 top 10's, 15.26 average Finish, 5122 Laps led.

in the #12 Car: 290  starts, 1 Championships, 16 Win, 88 top 5's, 143 top 10's 14.1 average finish, 4805 laps led



Notable Drivers to drive the #12 Car, Ryan Newman, Bobby Allison, Neil Bonnett, Brad Keselowski



Championships won in the #12 Ryan Blaney has been the only driver to win a title in the #12



Most wins in the #12 Bobby Allison has 25 wins in the #12, Second is Blaney with 16 and 3rd is Newman with 13



Top 5's in the #12:  Bobby Allison is got the most with 89, Blaney a very close second with 88, Newman is 3rd with 61



Top 10's in the #12 car:  Blaney has the most with 143, Allison second with 111 and 3rd is Newman at 104



Average Finish in the #12: Bobby Allison has a 11.1 average finish tied with Ralph Moody. behind them is Ryan Blaney with a 14.1



Laps Led while driving the #12 car:  Bobby Allison has the most with 8614, second would be Blaney at 4805, Newman is 3rd with 3757



So the best Tenure in the 12 car is probably Blaney because he has the only title won in the car. however Bobby Allison only had a 170 starts and put up crazy stats winning almost 15% of his races ran including a runner up finish in points. Why I do think Blaney is likely going to pass Bobby Allison up in wins in the #12. it will be done over a much longer period.



as far as all time to drive the #12 car Allison clears easily, with 85 wins and a title. now Bobby Allison spread those wins across multiple cars. I would say his most iconic runs came in the #12 and the #22. I think Blaney is capable of adding another title and doubling his win total or even better before retirement.  Blaney is coming off his best year performance wise and that is inspite of the fact career high DNF's.  he had the most win's he is had in a season, the most top 5's in a season and the second most top 10's he is ever had.  led almost 200 more laps than he had any other season. his average finish was down but this was for sure because of the DNF's. I think if the DNF's are cleaned up and they run like they did this year next year he has to be a favorite to win the title. 



So I leave you with this, where do you rank Blaney out of the current drivers? until I started doing the research I had him as the bottom of the top 10. but after this year and looking at how much he is done over the last few years I feel like I might need to move him into the top 5. 







(All stats from [driveraverages.com](http://driveraverages.com) )",2025-12-01
t3_1pdkwo9,"[RFK Racing on X] WII FOUND THE LOST FOOTAGE 🕵🏼‍♂️ @WiiCar16 , this one's for you",https://www.reddit.com/r/nascar/comments/1pdkwo9/,/u/DBTornado,2025-12-04 00:03:12+00:00,RFK Racing has found lost footage of Greg Biffle's 2007 Dover Qualifying slide/save.,2025-12-04
t3_1pf12jm,Pinnacle offseason post,https://www.reddit.com/r/nascar/comments/1pf12jm/,/u/Drewfan25,2025-12-05 17:26:32+00:00,"So I was bored in class when I was trying to think about something NASCAR related when suddenly I thought: Which US Presidents had the most individual NASCAR Cup Series champions achieve a title while they were in office and this made me realize: Donald Trump might actually become the president with the most individual drivers to become champions during his time in office, he’s tied with Eisenhower, Reagan, Clinton, Bush Jr and Obama for now. If someone other than Joey Logano, Kyle Busch, Chase Elliott or Kyle Larson wins the championship next year (or if MTJ reverses his retirement and wins another championship, which cmon ts NOT gonna happen), there will have been 6 different individuals to have won a cup series championship when Trump was in office. The numbers assigned to each driver is not the number of championships they won in their whole career but during each president’s term. Anyways the stats go as follows:

Harry Truman(1945-1953)4:

Red Byron: 1(1949)
Bill Rexford:1(1950)
Herb Thomas:1(1951)
Tim Flock:1(1952)

👔Dwight D. Eisenhower(1953-1960)5:

Herb Thomas:1(1953)⭐️
Lee Petty: 3 (1954,1958,1959)
Tim Flock: 1 (1955)
Buck Baker: 2 (1956,1957)
Rex White: 1 (1960)

JFK(1961-1963)2:

Ned Jarrett: 1 (1961)
Joe Weatherly: 2(1962,1963) and if you’re wondering, yes, the 1963 season ended before JFK’s assassination by 2.5 weeks

👔Lyndon B. Johnson(1963-1969)3:

Richard Petty: 2 (1964,1967)
Ned Jarrett: 1 (1965)⭐️
David Pearson: 2 (1966,1968)

Richard Nixon (1969-1974)4:

David Pearson: 1(1969)⭐️
Richard Petty: 2 (1971,1972)⭐️
Bobby Isaac: 1 (1970)
Benny Parsons: 1(1973)

Gerald Ford(1974-1977)2:

Richard Petty: 2 (1974,1975)⭐️⭐️
Cale Yarborough: 1 (1976)

Jimmy Carter(1977-1981)3:

Cale Yarborough: 2 (1977,1978)⭐️
Richard Petty: 1 (1979)⭐️⭐️⭐️
Dale Earnhardt: 1 (1980)

👔Ronald Reagan(1981-1989)5:

Darrell Waltrip: 3 (1981,1982,1985)
Bobby Allison: 1 (1983)
Terry Labonte: 1 (1984)
Dale Earnhardt: 2 (1986,1987)⭐️
Bill Elliott: 1 (1988)

George H.W Bush(1989-1993)3:

Rusty Wallace: 1 (1989)
Dale Earnhardt: 2 (1990,1991)⭐️⭐️
Alan Kulwicki: 1 (1992)

👔Bill Clinton(1993-2001)5:

Dale Earnhardt: 2 (1993,1994)⭐️⭐️⭐️
Jeff Gordon: 3 (1995,1997,1998)
Terry Labonte: 1 (1996)⭐️
Dale Jarrett: 1 (1999)
Bobby Labonte: 1 (2000)

👔George W. Bush(2001-2009)5:

Jeff Gordon: 1 (2001)⭐️
Tony Stewart: 2 (2002,2005)
Matt Kenseth: 1 (2003)
Kurt Busch: 1 (2004)
Jimmie Johnson: 3 (2006,2007,2008)

Barack Obama(2009-2017)5:

Jimmie Johnson: 4 (2009,2010,2013,2016)⭐️
Tony Stewart: 1 (2011)⭐️
Brad Keselowski: 1 (2012)
Kevin Harvick: 1 (2014)
Kyle Busch: 1 (2015)

Donald Trump(2017-2021, 2025-Current)5:

Martin Truex Jr: 1 (2017)
Joey Logano: 1 (2018)
Kyle Busch: 1 (2019)⭐️
Chase Elliott: 1 (2020)
Kyle Larson: 1 (2025)⭐️

Joe Biden(2021-2025)3:

Kyle Larson: 1 (2021)
Joey Logano: 2 (2022,2024)⭐️
Ryan Blaney: 1 (2023)

Extra Stats:
-12/37 drivers have won a championship under multiple presidents (highlighted with a ⭐️ for each extra president they won a championship under)

-Harry Truman and Donald Trump(for now) are the only 2 presidents who have never had a driver win 2 championships in their time in office

- Dale Earnhardt and Richard Petty are tied for the most amount of presidents that were in office when they won a championship with 4, but neither of them won 3 titles under 1 president. Jimmie Johnson, Lee Petty, Jeff Gordon and Darrell Waltrip are the only drivers to have won 3 or more championships under 1 president, with Jimmie being the only one having done it twice, 3 under George W Bush and 4 under Obama

- 5 US presidents have had multiple drivers win multiple champions (they are highlighted with 👔)

P.s: Yes I have officially lost it😭",2025-12-05
t3_1pikokl,RFK Racing (@RFKracing) on X: BodyGuard cars for 2026...no Fastenal scheme,https://www.reddit.com/r/nascar/comments/1pikokl/,/u/ChadGnarly,2025-12-09 22:01:58+00:00,,2025-12-09
t3_1pimsq7,(Jayski) RFK Racing's marketing excellence recognized with 17 MarCom Awards,https://www.reddit.com/r/nascar/comments/1pimsq7/,/u/Joey_Logano,2025-12-09 23:27:33+00:00,"||
||
||**Campaign**|**Partner**|**Category**|
| |Platinum|Build Subs Red Sox|BlueForge Alliance|103c. Digital Marketing|
| |Platinum|7 Claims|Castrol|121c. Communication Program|
|Platinum|15 Years Content|Fastenal|457c. Social Branding Campaign|
|Platinum|Partnership & No. 60 Team Announcement|Kroger|104c. Integrated Marketing|
|Platinum|Band-Aid|Kroger|127c. Social Media Campaign|
| |Platinum|Cinnamon Toast Crunch|Kroger|127c. Social Media Campaign|
| |Platinum|Boston Common Golf Program|RFK Racing|108c. Special Event|
| |Platinum|2025 Program|TravelCenters|104c. Integrated Marketing|
| |Gold|Alyssa Thomas Designed Car|Castrol|104c. Integrated Marketing|
| |Gold|Production Day Videos|Castrol|458c. Social Campaign|
| |Gold|Flip Phone|Consumer Cellular|105c. Product Launch|
| |Gold|Year Long Campaign|Consumer Cellular|104c. Integrated Marketing|
| |Gold|Cottonelle|Kroger|104c. Integrated Marketing|
| |Gold|Oikos|Kroger|104c. Integrated Marketing|
| |Gold|Announcement|Trimble|108c. Special Event|
| |Gold|RFK Fan Day|RFK Racing|108c. Special Event|
| |Gold|Backstretch Banter|RFK Racing|643. Radio Program|",2025-12-09
t3_1pqx9sz,"Jenna Fryer (@JennaFryer) on X : Brad Keselowski broke his leg in a skiing accident, underwent surgery Thursday. Doctors expect him back by the Daytona 500",https://www.reddit.com/r/nascar/comments/1pqx9sz/,/u/xelanalpak,2025-12-19 21:44:46+00:00,,2025-12-19
t3_1pqxbug,Brad Keselowski suffers a broken leg on a Skiing trip.,https://www.reddit.com/r/nascar/comments/1pqxbug/,/u/youraverageperson0,2025-12-19 21:47:16+00:00,,2025-12-19
t3_1pte0sr,"If Brad Keselowski misses the Clash, who would fill in?",https://www.reddit.com/r/nascar/comments/1pte0sr/,/u/DoritosandMtnDew,2025-12-22 23:14:06+00:00,Would it be one of Front Row's truck guys? Or does RFK have a sim guy that can sub?,2025-12-22
t3_1ptwqu8,"Happy Heavenly Birthday, Biff. [RFK Racing on YouTube]",https://www.reddit.com/r/nascar/comments/1ptwqu8/,/u/Comfortable_Rock4877,2025-12-23 15:29:40+00:00,,2025-12-23
t3_1pwb2d4,"Biggest ""What if?"" Super Teams.",https://www.reddit.com/r/nascar/comments/1pwb2d4/,/u/HighlyRegard3D,2025-12-26 18:21:57+00:00,"In the 2000s Brad Keselowski and Kyle Busch both raced for Hendrick. Could you imagine a team of Gordon, Johnson, Jr., Busch/Keselowski? Obviously that's too much ego and starpower in one room between Busch and Keselowski but really fun to think about for a Gordon and now Hendrick fan like myself.

What are some other ""super teams"" that could have or did happen? 
",2025-12-26
t3_1q0lhv2,"Adam Stern: BP sold a 65% majority stake of Castrol this month to an investment firm to reduce its debt, but Castrol is still expected to remain a sponsor of RFK Racing in 2026, per the team.”",https://www.reddit.com/r/nascar/comments/1q0lhv2/,/u/Dmacthegoat,2025-12-31 19:37:02+00:00,,2025-12-31
t3_1q0o3xg,"Brad Keselowski breaks leg skiing, eyes racing Daytona 500",https://www.reddit.com/r/nascar/comments/1q0o3xg/,/u/PrincessBananas85,2025-12-31 21:38:43+00:00,,2025-12-31
t3_1q1gh55,"The 2014 Camping World RV Sales 301: A momentous race weekend in NASCAR history (Yes, really)",https://www.reddit.com/r/nascar/comments/1q1gh55/,/u/TheImageworks,2026-01-01 22:02:04+00:00,"There are dozens of races in NASCAR history that serve as shorthand for moments of significance.  1992 Hooters 500.  2001 Daytona 500.  Both the 1994 and 2008 Brickyard 400s, for wildly opposite reasons.  Here...is the 2014 Camping World RV Sales 301, an entry you won't normally see on that list but deserves recognition. 

https://preview.redd.it/4y5njf715tag1.png?width=1781&format=png&auto=webp&s=2c78a7ec9a4255fdbc4b6c9d3bda7c4b142e03d1

On this casual summer's afternoon in Loudon in July 2014, Brad Keselowski won a relatively fine if normal race, leading just under half the race distance. Kyle Busch led the second-most but was on Brad's tail for most of it. Just a normal race from that seaosn.  Everything else *surrounding* the race however...was the end of an era. 

https://preview.redd.it/0mlkj23w4tag1.png?width=1777&format=png&auto=webp&s=26d210432292427e523e3384ef4bbf12cd9c89de

In the garage, it was the first race after the team owners of the time came together to form the Race Team Alliance, the brainchild of former Michael Waltrip Racing co-owner Rob Kaufmann. It was formed in the hope of cutting costs and guaranteeing revenue for NASCAR team owners, and directly led to the creation of the Charter System a year and a half later.  For good and for ill, the Charter System has been one of the biggest storylines of the past decade of NASCAR, and this is the race weekend you can put a pin into as where that started. 

Numerous smaller team owners and hopefuls have been deeply critical of both the RTA and Charters for freezing out independents from the series.  Furniture Row Racing infamously refused to join it, eventually leading to their exit from the sport despite championship success (and a partnership with member Joe Gibbs Racing).  They join numerous other independent single and occasionally two-car teams that went out of NASCAR in the late 2010s, with many blaming at least partially the charters. 

(Notably: Between penalties, loss of potential winnings from the 2013 Chase, and damage to team reputation all as a result of Spingate, it's worth noting again that Kaufmann was the co-owner of MWR which would shut down after 2015. The owner and 'money man' of the team that engineered one of NASCAR's biggest controversies (Spingate) being the architect of the creation of the Charter System is a fact that has ***never*** left my mind.)

https://preview.redd.it/f9b5xpf55tag1.png?width=1791&format=png&auto=webp&s=b46708a9434debc263b82c238f46c9a9be7a76b1

On TV, it was the final race for TNT under the then-current TV contract, and the end of an era of NASCAR on Turner Sports that had started in 1983.  Although TV coverage moved from TBS to TNT in 2001 (and was co-produced with NBC through 2006), Turner continued to broadcast the sport, a continuity that had been lost with ESPN and the by-then-defunct TNN. This was the last race. 

Ken Squier, who had been with the sport since the 70s on radio, and on TV since the famous '79 Daytona 500, made a special guest appearance to commemorate the day. At the time, it was presumed this would be Ken's last TV appearance as he had already semi-retired, but he was eventually coaxed back to help call a couple of Southern 500s with Ned Jarrett. 



https://preview.redd.it/isamti784tag1.png?width=1781&format=png&auto=webp&s=85083b332015f431e9e94eeb58c356ca18ab8baa

  
Dating back to 2001, during the NBC and Turner races, former driver Wally Dallenbach had done a hot lap before the race and explained how to drive each track, things the driver's doing or watching out for, etc.  They were great insight - and Wally's final lap produced one of my favorite NASCAR images of all time. 



https://preview.redd.it/qhqbk3g06tag1.png?width=1290&format=png&auto=webp&s=472b78b26ceb06be3cc3892797815768324e353e

Lastly, back in 39th place - the last car running - was 72 year old Morgan Shepherd. This is Morgan's final career Cup start (probably), setting a record for oldest driver to start a Cup race that may well never be broken. It's also the last NASCAR start for a driver who began their career in NASCAR's Vintage Era (1948-71). Morgan's Cup Series career *pre-dated Winston*, his first start coming in 1970 a full two seasons before the cigarette brand's sponsorship changed the sport.  

Here, he's driving the #33 Thunder Coal Chevrolet. When Morgan had an incident on pit road during a caution and actually managed some TV time, Kyle Petty made a proud point to note that Morgan was the only driver in the field present for the \*first\* Turner race in 1983, finishing 7th at Atlanta.

The end of a 32 year TV partnership, the final race for NASCAR's oldest driver, and the formation of the Race Team Alliance - which ultimately led to the Charter System. Not bad for an otherwise random weekend in Loudon. ",2026-01-01
t3_1q55ku9,"[RFK Racing] We've added a heartfelt new display to the RFK Racing museum. In honor of Greg, we're highlighting some of his remarkable achievements with our team — including the iconic No. 16 that secured Ford's 1,000th victory in NASCAR — and a special tribute to the legendary Biff.",https://www.reddit.com/r/nascar/comments/1q55ku9/,/u/Altracing34,2026-01-06 02:02:56+00:00,,2026-01-06
t3_1q70zhl,I tried to put a list together of every NASCAR team's backup business,https://www.reddit.com/r/nascar/comments/1q70zhl/,/u/Think-Border4882,2026-01-08 03:30:52+00:00,"I'm trying to make a list for each NASCAR team's owner's primary business

  
Hendrick Motorsports - Hendrick Automotive Group [https://www.hendrickcars.com/](https://www.hendrickcars.com/)

  
Hyak Motorsports - Hyak Maritime [https://www.hyakmaritime.com/](https://www.hyakmaritime.com/)

  
Kaulig Racing - LeafFilter [https://www.leaffilter.com/](https://www.leaffilter.com/) / Kaulig Companies [https://www.kauligcompanies.com/](https://www.kauligcompanies.com/) 

  
Richard Childress Racing - no side business before he started his team / Childress Vineyards [https://childressvineyards.com/](https://childressvineyards.com/)

  
Spire Motorsports - Spire Sports + Entertainment [https://spiresportsinc.com/](https://spiresportsinc.com/)

  
Trackhouse Racing - Trackhouse Entertainment Group [https://www.trackhouse.com/](https://www.trackhouse.com/) / Trackhouse Motorplex [https://trackhousemotorplex.com/](https://trackhousemotorplex.com/)

  
Haas Factory Team - Haas Automation [https://www.haascnc.com/index.html/](https://www.haascnc.com/index.html/)

  
RFK Racing - Roush Performance [https://www.roushperformance.com/](https://www.roushperformance.com/) / Fenway Sports Group [https://fenwaysportsgroup.com/](https://fenwaysportsgroup.com/)

  
Rick Ware Racing - ?

  
Team Penske - Penske Corporation [https://www.penske.com/](https://www.penske.com/)

  
Wood Brothers Racing - no side business before they started team / Wood Brothers Racing Museum [https://www.woodbrothersracing.com/visit-us/](https://www.woodbrothersracing.com/visit-us/) 



Joe Gibbs Racing - no side business before they started team / Harris Blitzer Sports & Entertainment (minority owner) [https://www.hbse.com/](https://www.hbse.com/) / Arctos Partners (minority owner) [https://www.arctospartners.com/](https://www.arctospartners.com/) 

  
Legacy Motor Club - no side business before the Petty's started team / Petty's Garage [https://www.shophemi.com/m-58-pettys-garage.aspx](https://www.shophemi.com/m-58-pettys-garage.aspx) / Knighthead Capital Management (minority owner) [https://knighthead.com/](https://knighthead.com/)



Front Row Motorsports - Morristown Drivers Service [https://mdstrucking.com/](https://mdstrucking.com/) / franchises of restaurants / Four Oaks Partners / Long John Silver's [https://www.ljsilvers.com/](https://www.ljsilvers.com/)



23XI Racing - royalties from Air Jordan [https://www.nike.com/jordan](https://www.nike.com/jordan)

  
Beard Motorsports - Beard Oil Distributing & Leasing [https://beardoil.com/](https://beardoil.com/)

  
JR Motorsports - Dale Jr's DEJ Management / Filter Time [https://www.filtertime.com/](https://www.filtertime.com/) 

  
Live Fast Motorsports - no side business before he started team / Pigeon Forge Racing Coaster [https://pigeonforgeracingcoaster.com/](https://pigeonforgeracingcoaster.com/)

  
NY Racing - owned nightclubs and taverns and a trucking company [https://news.gram.edu/index.php/2020/12/15/making-his-own-lane/](https://news.gram.edu/index.php/2020/12/15/making-his-own-lane/)



Team AmeriVet - AmeriVet Securities [https://amerivetsecurities.com/](https://amerivetsecurities.com/) / Prime Gate Holdings [https://www.primegateholdings.com/](https://www.primegateholdings.com/)

  
MBM/Garage 66 - ? [https://www.hagerty.com/media/motorsports/nascars-last-cowboy-snakebit-carl-long-will-do-whatever-it-takes-to-race/](https://www.hagerty.com/media/motorsports/nascars-last-cowboy-snakebit-carl-long-will-do-whatever-it-takes-to-race/)

  
Alpha Prime Racing - Alpha Prime Apparel and Supplements [https://alphaprimeusa.com/](https://alphaprimeusa.com/)

  
Tricon Garage - sold Marbob Energy [https://www.dnb.com/business-directory/company-profiles.marbob\_energy\_corporation.ebd706b74e259ced2e3de200b4bf0a5d.html](https://www.dnb.com/business-directory/company-profiles.marbob_energy_corporation.ebd706b74e259ced2e3de200b4bf0a5d.html)

  
Barrett Cope Racing - ?

  
Big Machine Racing - Big Machine Records [https://www.bigmachinelabelgroup.com/](https://www.bigmachinelabelgroup.com/)

  
DGM Racing - ?

  
Jesse Iwuji Motorsports - ?

  
Jeremy Clements Racing - Clements Racing Engines [https://www.dnb.com/business-directory/company-profiles.clements\_automotive\_inc.880fadc01f0947103a7cf4f4b97e3be2.html](https://www.dnb.com/business-directory/company-profiles.clements_automotive_inc.880fadc01f0947103a7cf4f4b97e3be2.html)

  
Jordan Anderson Racing Bommarito Autosport - Bommarito Automotive Group [https://www.bommarito.com/](https://www.bommarito.com/)

  
Peterson Racing - 3Dimensional Services Group [https://3dimensional.com/](https://3dimensional.com/)

  
RSS Racing - S&W Towing Service [https://www.bbb.org/us/ga/atlanta/profile/towing-company/s-w-services-of-atlanta-inc-0443-6000510/addressId/21877](https://www.bbb.org/us/ga/atlanta/profile/towing-company/s-w-services-of-atlanta-inc-0443-6000510/addressId/21877)

  
SS-Green Light Racing - ?

  
BRK Racing - Knight Fire Protection [http://knightfire.net/](http://knightfire.net/)

  
Viking Motorsports - SciAps [https://www.sciaps.com/](https://www.sciaps.com/)

  
Hettinger Racing - Victory Custom Trailers [https://www.victorycustomtrailers.com/](https://www.victorycustomtrailers.com/)

  
Sigma Performance Services - Sigma Engineering Solutions [https://www.sigmanv.com/](https://www.sigmanv.com/)

  
Nitro Motorsports - Nitro Kart [https://nitro-kart.myshopify.com/?shpxid=24e5a2ad-fac9-428b-b6f8-66b16408cf02](https://nitro-kart.myshopify.com/?shpxid=24e5a2ad-fac9-428b-b6f8-66b16408cf02) 

  
Sam Hunt Racing - ?



Young's Motorsports - Young's Building Systems & Randco Industries [https://randcoindustries.com/](https://randcoindustries.com/)

  
Joey Gase Motorsports with Scott Osteen - East Coast Lumber [https://www.eastcoastlumber.com/](https://www.eastcoastlumber.com/) 



Our Motorsports - Robert B. Our Construction [https://robertbour.com/](https://robertbour.com/)

  
Pardus Racing - Danus Utilities [https://www.danusutilities.com/](https://www.danusutilities.com/)

  
CR7 Motorsports - Grant County Mulch [https://www.grantcountymulch.com/](https://www.grantcountymulch.com/)



ACR Motorsports - ALL Construction [https://www.allconstructiongroupwv.com/](https://www.allconstructiongroupwv.com/)



McAnally-Hilgemann Racing - franchises of NAPA [https://www.bmrnapa.com/](https://www.bmrnapa.com/) / Hilgemann owns Sanifab [https://www.bizapedia.com/wi/sanifab-inc.html](https://www.bizapedia.com/wi/sanifab-inc.html)

  
Rackley WAR - Rackley Roofing [https://rackleyroofing.com/](https://rackleyroofing.com/) / WAR Shocks [https://www.warshocks.com/](https://www.warshocks.com/)

  
ThorSport Racing - ThorSport Farm [https://thorsportfarm.com/](https://thorsportfarm.com/), TSport Trucks [https://tsporttruck.com/](https://tsporttruck.com/), SealMaster [https://sealmaster.net/](https://sealmaster.net/) / CURB Records [https://www.curb.com/](https://www.curb.com/)

  
Team Reaume - ?

  
Halmar Friesen Racing - CEO of Halmar International [https://halmarinternational.com/](https://halmarinternational.com/)

  
Niece Motorsports - Niece Equipment [https://nieceequipment.com/](https://nieceequipment.com/), CEO of Detroit Quality Staffing [https://www.dqstaff.com/](https://www.dqstaff.com/), CEO of JF Electric [https://www.jfelectric.com/](https://www.jfelectric.com/)

  
AM Racing - AM Technical Solutions [https://amts.com/](https://amts.com/)

  
Mike Harmon Racing - ?

  
Hill Motorsports - ? [https://www.dandb.com/businessdirectory/jerryhillmotorsportsinc-porttobacco-md-19770554.html](https://www.dandb.com/businessdirectory/jerryhillmotorsportsinc-porttobacco-md-19770554.html)

  
Bret Holmes Racing - Holmes II Excavation [https://www.buzzfile.com/business/Holmes-II-Excavation,-Inc-256-831-9545](https://www.buzzfile.com/business/Holmes-II-Excavation,-Inc-256-831-9545)

  
Pinnacle Racing Group - ?

  
GK Racing - Backyard Blues Pools [https://backyardbluestn.com/](https://backyardbluestn.com/)

  
Freedom Racing Enterprises - Freedom Warranty [https://www.freedomwarranty.com/](https://www.freedomwarranty.com/)

  
Jan's Towing Racing - Jan's Towing [https://www.janstowing.com/](https://www.janstowing.com/)

  
Rette Jones Racing - Jones Group Demolition [https://www.jonesgroup.ca/](https://www.jonesgroup.ca/)



Henderson Motorsports - Food Country USA [https://foodcountryusainc.com/](https://foodcountryusainc.com/)



Faction46 - Venture Food Stores [https://www.mooresventurefoods.com/](https://www.mooresventurefoods.com/)

  
Steve McGowan Motorsports - MMI Services [https://mmi-services.com/](https://mmi-services.com/)

  
Roper Racing - Preferred Industrial Contractors [https://preferredindustrialcontractors.com/](https://preferredindustrialcontractors.com/)

  
Brandonbilt Motorsports - Brandonbilt Foundations [https://www.brandonbilt.com/](https://www.brandonbilt.com/)

  
Rev Racing - Max Siegel Inc [https://www.maxsiegelinc.com/](https://www.maxsiegelinc.com/)

  
Leavine Family Racing - WRL General Contractors [https://www.wrl-gc.com/](https://www.wrl-gc.com/)

  
Furniture Row Racing - Furniture Row [https://www.furniturerow.com/](https://www.furniturerow.com/) / Visser Precision [https://visserprecision.com/](https://visserprecision.com/) 

  
Germain Racing - Germain Auto [https://www.germain.com/](https://www.germain.com/) / Germain Yachts [https://germainyachts.com/](https://germainyachts.com/) / SI Yachts [https://www.siyachts.com/](https://www.siyachts.com/) 

  
TC Motorsports - Carrolls Automotive [https://www.carrollsautomotive.net/](https://www.carrollsautomotive.net/)

  


",2026-01-08
t3_1q7ougc,“Brad Keselowski Will Miss Clash Amid Recovery From Broken Femur. Corey Lajoie will fill in for Brad Keselowski”,https://www.reddit.com/r/nascar/comments/1q7ougc/,/u/Dmacthegoat,2026-01-08 21:36:30+00:00,,2026-01-08
t3_1q7pa25,"RFK Racing on Instagram: ""Brad’s full-time job right now? To be ready for DAYTONA. 🙏🏻 Welcome to the No. 6 for The Clash, @CoreyLaJoie.""",https://www.reddit.com/r/nascar/comments/1q7pa25/,/u/2023_GT,2026-01-08 21:52:34+00:00,,2026-01-08
t3_1q7qs3l,Corey Lajoie will be 10th driver to run the Roush #6 in the team history,https://www.reddit.com/r/nascar/comments/1q7qs3l/,/u/Timecard100,2026-01-08 22:50:03+00:00,"Mark Martin (1988-2006)

David Ragan (2007-2011)

Ricky Stenhouse, Jr. (2012)

Trevor Bayne (2014-2018)

Matt Kenseth (2018)

Ryan Newman (2019-2021)

Ross Chastain (2020)

Brad Keselowski (2022-current)

Cole Custer (2023 Phoenix Qualifying)",2026-01-08
t3_1q8ds5h,2026 Build Submarines Paint Schemes For RFK Racing,https://www.reddit.com/r/nascar/comments/1q8ds5h/,/u/Dmacthegoat,2026-01-09 17:02:03+00:00,https://x.com/RFKracing/status/2009671690058334517?s=20,2026-01-09
t3_1qb3xhq,[RFK Racing] Service/gathering for the Biffle family & other plane crash victims in Charlotte on January 16th,https://www.reddit.com/r/nascar/comments/1qb3xhq/,/u/willweaverrva,2026-01-12 19:05:17+00:00,"Public service/gathering at Bojangles Coliseum in Charlotte on Friday 1/16. Doors open at 10am, service begins at 11am. ",2026-01-12
t3_1qb5vs3,Greg Biffle Tribute,https://www.reddit.com/r/nascar/comments/1qb5vs3/,/u/InfieldReport,2026-01-12 20:15:27+00:00,"I just got home from RFK Racing, and I felt like I needed to stop and pay my respects to Greg Biffle. Walking in and seeing his car immediately to the left was powerful. It hit me in a way I wasn’t expecting. The team at RFK put together a really meaningful tribute to Greg and his family, and I’m truly grateful I took the time to go see it in person.

I’m not sure if this is public yet, but I overheard one of the show car drivers and the woman at the front desk talking, and they mentioned that Greg’s Championship Truck, Championship Busch car, and the 1,000th Ford win car will all be present at the memorial service on Friday. As of now, the plan is to keep the 2013 Ford car in the museum for the foreseeable future.

I also learned that Greg’s National Guard car had been on display in the museum up until about two weeks before the accident, when it was swapped out for Kurt Busch’s 2004 Championship car. That’s why Greg’s National Guard firesuit is still on display. The show car team reportedly went back up to Michigan almost immediately to retrieve this car after his passing.

Thank you to everyone at RFK Racing for putting this car back on display and for honoring Greg in such a thoughtful way. Personally, I would love to see the three vehicles that will be at the memorial remain here in the Charlotte area, close together — it feels like the right place for such an important part of his legacy.

If you will be in the Charlotte area on Friday, I would highly encourage attending the public memorial service at the Bojangles Coliseum at 11 AM, as well as the Burnout for Biffle up in Mooresville later in the afternoon from 3-5 PM",2026-01-12
t3_1qc3o1b,[Working Prediction] 2026 Daytona 500 Entry List,https://www.reddit.com/r/nascar/comments/1qc3o1b/,/u/FranticTikTok,2026-01-13 21:18:11+00:00,"Based off recent talk and Bob Pockrass, here's what I've gathered as the potential Daytona 500 entry list. Are we missing any?  


36 Chartered Teams:  


1. #1 - Ross Chastain  
2. #2 - Austin Cindric  
3. #3 - Austin Dillon  
4. #4 - Noah Gragson  
5. #5 - Kyle Larson  
6. #6 - Brad Keselowski  
7. #7 - Daniel Suarez  
8. #8 - Kyle Busch  
9. #9 - Chase Elliott  
10. #10 - Ty Dillon  
11. #11 - Denny Hamlin  
12. #12 - Ryan Blaney  
13. #16 - AJ Allmendinger  
14. #17 - Chris Buescher  
15. #19 - Chase Briscoe  
16. #20 - Christopher Bell  
17. #21 - Josh Berry  
18. #22 - Joey Logano  
19. #23 - Bubba Wallace  
20. #24 - William Byron  
21. #34 - Todd Gilliland  
22. #35 - Riley Herbst  
23. #38 - Zane Smith  
24. #41 - Cole Custer  
25. #42 - John Hunter Nemechek  
26. #43 - Erik Jones  
27. #45 - Tyler Reddick  
28. #47 - Ricky Stenhouse Jr.  
29. #48 - Alex Bowman  
30. #51 - Cody Ware  
31. #54 - Ty Gibbs  
32. #60 - Ryan Preece  
33. #71 - Michael McDowell  
34. #77 - Carson Hocevar  
35. #88 - Connor Zilisch  
36. #97 - Shane Van Gisbergen  


Provisional Guaranteed Spot  


37. #84 - Jimmie Johnson  


Open Cars:  


38. #33 - TBD  
39. #40 - Justin Allgaier  
40. #44 - JJ Yeley  
41. #62 - TBD? Alfredo?  
42. #66  -Casey Mears  
43. #67 - Heim  
44. #78 - BJ McLeod",2026-01-13
t3_1qd7x63,RFK Racing teasing a 4th car for Daytona?,https://www.reddit.com/r/nascar/comments/1qd7x63/,/u/ThisTeamMakesMeSad,2026-01-15 02:57:43+00:00,Hmm… ,2026-01-15
t3_1qfl8oh,Brad Keselowski wants to keep racing until his 900th start,https://www.reddit.com/r/nascar/comments/1qfl8oh/,/u/CNASFan1992,2026-01-17 18:43:59+00:00,,2026-01-17
t3_1qjwv81,RFK Racing,https://www.reddit.com/r/nascar/comments/1qjwv81/,/u/Ok_Repair3535,2026-01-22 15:04:23+00:00,,2026-01-22
t3_1qjx5uf,RFK Racing on Instagram: “All four RFK Racing cars will sport the iconic look for the Great American Race”,https://www.reddit.com/r/nascar/comments/1qjx5uf/,/u/mustangs-and-macs,2026-01-22 15:15:41+00:00,,2026-01-22
t3_1qk3zoh,[RFK Racing] We’re honoring the Biff all season. 🫡 Every RFK Racing car will run a tribute decal for Greg on the name rail in 2026.,https://www.reddit.com/r/nascar/comments/1qk3zoh/,/u/Far_Cry3445,2026-01-22 19:22:37+00:00,,2026-01-22
t3_1qk5ezc,[As of January 22] 2026 Daytona 500 Entry List Prediction,https://www.reddit.com/r/nascar/comments/1qk5ezc/,/u/FranticTikTok,2026-01-22 20:14:18+00:00,"With the newest announcements, talk and Bob Pockrass tweets, I've updated the Daytona 500 entry list as of today

36 Chartered Teams:

1. 1 - Ross Chastain
2. 2 - Austin Cindric
3. 3 - Austin Dillon
4. 4 - Noah Gragson
5. 5 - Kyle Larson
6. 6 - Brad Keselowski
7. 7 - Daniel Suarez
8. 8 - Kyle Busch
9. 9 - Chase Elliott
10. 10 - Ty Dillon
11. 11 - Denny Hamlin
12. 12 - Ryan Blaney
13. 16 - AJ Allmendinger
14. 17 - Chris Buescher
15. 19 - Chase Briscoe
16. 20 - Christopher Bell
17. 21 - Josh Berry
18. 22 - Joey Logano
19. 23 - Bubba Wallace
20. 24 - William Byron
21. 34 - Todd Gilliland
22. 35 - Riley Herbst
23. 38 - Zane Smith
24. 41 - Cole Custer
25. 42 - John Hunter Nemechek
26. 43 - Erik Jones
27. 45 - Tyler Reddick
28. 47 - Ricky Stenhouse Jr.
29. 48 - Alex Bowman
30. 51 - Cody Ware
31. 54 - Ty Gibbs
32. 60 - Ryan Preece
33. 71 - Michael McDowell
34. 77 - Carson Hocevar
35. 88 - Connor Zilisch
36. 97 - Shane Van Gisbergen

Provisional Guaranteed Spot

37. #84 - Jimmie Johnson

Open Cars:

38. #36 - Chandler Smith  
39. #40 - Justin Allgaier  
40. #44 - JJ Yeley  
41. #62 - Alfredo  
42. #66 -Casey Mears  
43. #67 - Heim  
44. #78 - BJ McLeod  
45. #99 - Corey Lajoie",2026-01-22
t3_1qkdzfc,Five reasons I think Jimmie Johnson is the greatest NASCAR driver of all time,https://www.reddit.com/r/nascar/comments/1qkdzfc/,/u/GhostRaptor4482,2026-01-23 02:06:01+00:00,"1. Of all the GOAT contenders, I would argue that Jimmie raced against the toughest competition during his prime. During his prime years, he had to contend with all-time greats like Matt Kenseth, Tony Stewart, Jeff Gordon, Kevin Harvick, the Busch brothers, Carl Edwards, Greg Biffle, Mark Martin, Bill Elliott, Denny Hamlin, Dale Jr., Joey Logano, Martin Truex, Brad Keselowski, etc.
2. Five championships in a row is a staggering record that I don't think will ever be touched in my lifetime. Records are made to be broken, but this one might stand the test of time.
3. I \*believe\* JJ has the best win percentage of any driver since the 70s.
4. Johnson's consistency during his prime was unreal. From 2002 to 2017, Johnson recorded 16 straight multi-win seasons, which is the longest streak that is completely contained in the modern era. During this stretch, Jimmie finished outside of the top 5 in the season standings only four times.
5. Jimmie came into NASCAR with arguably the greatest talent the sport had ever seen as his teammate and consistently outperformed him. Head-to-head, Johnson won more than twice as many races as Gordon and beat him in the final season points standings 11 out of 14 times.",2026-01-23
t3_1ql79ua,RFK Racing will run Greg Biffle tribute numbers at Daytona,https://www.reddit.com/r/nascar/comments/1ql79ua/,/u/motionlessvibesonly,2026-01-23 23:58:21+00:00,,2026-01-23
t3_1qliutz,"Made a list of Cup Series Champions post-full points format, translated to a full points format.",https://www.reddit.com/r/nascar/comments/1qliutz/,/u/Boredguy532,2026-01-24 09:41:14+00:00,"Starting in 2004, Nascar released the inaugural ""Chase for the Cup"" format, or just ""The Chase"". Every year since 2004-present, a Nascar driver is crowned a champion based on how they do during the chase / playoffs, there has not been a full-season points champion since Matt Kenseth in 2003. I've decided to list a translation of all Nascar champions from the chase / playoff era and see who won in a full-season points format. here you go!

  
2004: Jeff Gordon

2005: Tony Stewart

2006: Jimmie Johnson

2007: Jeff Gordon

2008: Jimmie Johnson

2009: Jimmie Johnson

2010: Kevin Harvick

2011: Carl Edwards

2012: Brad Keselowski 

2013: Jimmie Johnson (Retires a 4x Champion)

2014: Jeff Gordon (Jeff Gordon is the official 3rd 7-Time Champion)

2015: Kevin Harvick

2016: Kevin Harvick

2017: Martin Truex Jr.

2018: Kyle Busch

2019: Kyle Busch (Still a 2x Champion)

2020: Kevin Harvick (Retires as a 4x champion)

2021: Kyle Larson

2022: Chase Elliott

2023: William Byron

2024: Kyle Larson

2025: Kyle Larson (3x Champion and goes back-to-back)

  
Personally, as much as I like Jimmie Johnson, I think Jeff Gordon is the rightful 7-time champion. I'm sure a lot of people agree.",2026-01-24
t3_1qm7usg,Chris Buescher RFK Racing Chad Little Throwback Concept,https://www.reddit.com/r/nascar/comments/1qm7usg/,/u/John3Star,2026-01-25 03:23:48+00:00,,2026-01-25
t3_1qogcrp,2026 RFK Racing Paint Schemes For The Clash At Bowman Gray,https://www.reddit.com/r/nascar/comments/1qogcrp/,/u/Dmacthegoat,2026-01-27 15:07:10+00:00,[https://x.com/RFKracing/status/2016164498353107440?s=20](https://x.com/RFKracing/status/2016164498353107440?s=20),2026-01-27
t3_1qorigj,Consumer Cellular to Sponsor RFK Racing in 8 races for 2026,https://www.reddit.com/r/nascar/comments/1qorigj/,/u/StraightStranger5237,2026-01-27 21:38:40+00:00,"Source: [https://savings.consumercellular.com/racing](https://savings.consumercellular.com/racing)

  
According to Consumer Cellular's website, they will sponsor the following races in 2026:

  
\#6 Brad Keselowski:

1) Phoenix (1)

2) Bristol (1)

3) North Wilkesboro

4) Daytona (2)

5) Las Vegas (2)

6) Talladega (2)

  
\#60 Ryan Preece:

1) Sonoma

2) Darlington (2)",2026-01-27
t3_1quh8se,2026 NASCAR Cup Series Open Teams,https://www.reddit.com/r/nascar/comments/1quh8se/,/u/BlissfullyInaware,2026-02-03 03:39:01+00:00,"01/15 - Rick Ware Racing  
2025 Stats:  
4 Starts (+2 Exhibitions)  
0 Wins  
0 Top 10's  
2 DNF's  
Average Finish - 33.3  


Nothing to confirm on this aspect of things. The only thing of note that Rick Ware Racing did was swap which charter was being leased between the 51 and 60 cars, which does not correlate with their open team. It's possible they run a 2nd car at an exhibition or a one-off race, but this appears unlikely.

13 - Kaulig Racing  
2025 Stats:  
1 Start  
0 Wins  
0 Top 10's  
1 DNF  
Average Finish - 39.0

Similarly for Kaulig to what was just said about the Rick Ware car, there isn't much to say on this one. Kaulig losing backing from Chevrolet certainly hurts them in the short-term, depending on how long it takes for Dodge to join Cup. Kaulig may throw in a 3rd car for road course races, but this does not appear to be an option. It might be that the 13 waits until Dodge joins the sport and then possibly runs as a full-time car for a 3 car team or as still a 3rd ""open"" car.

33 - Richard Childress Racing  
2025 Stats:  
8 Starts  
0 Wins  
1 Top 10  
0 DNF's  
Average Finish - 26.3

The 33 car will run races in 2026. One of the races they were potentially running was the Daytona 500, but that was confirmed to not be happening. Race dates are not confirmed, but it seems likely to be another split between Jesse Love and Austin Hill like we saw in 2025.

36 - Front Row Motorsports  
(Did Not Run 2025)

Front Row's 36 returns for the Daytona 500 with Chandler Smith. Smith's sponsorship helped secure a ride with MBM last year for Daytona before crashing out in the Duels, and he did not run another race the remainder of the season in Cup. This might just be a one-off run, but it's still subject to change. Ford's strong on Superspeedway's in qualifying, so this might be a car that pops up there barring sponsorship.

40 - JR Motorsports  
2025 Stats:  
1 Start  
0 Wins  
1 Top 10  
0 DNF's  
Average Finish - 9.0

Chris Stapleton and Dale Jr. reunite for Daytona! A likely one off, they will attempt the Daytona 500 for the 2nd year in a row. JR Motorsports running full-time in Cup only seems possible in a more friendly scenario for charters. At best, a one-off or small rotation of races for the team appear to be the option. Expect just this upcoming 500 for the 40.

44 - NY Racing  
2025 Stats:  
14 Starts (1 DNQ + 1 Withdrawal)  
0 Wins  
0 Top 10's  
5 DNF's  
Average Finish - 33.9

Whilst the schedule for the 44 is not known(they are not very open about which races they are going to run), they did show up for 15 of the 36 points races in Cup, up from 10 in 2024 and up from 5 in 2022. Similarly to MBM, this car should just be expected to run in the back of the pack logging laps and minding their business.

50 - Team AmeriVet  
2025 Stats:  
1 Start (+1 Exhibition)  
0 Wins  
0 Top 10's  
0 DNF's  
Average Finish - 36.0

Probably the smallest NASCAR Cup Team at this point, AmeriVet only ran in 2 events last year. It was rumored to be 15-17 races for 2025 but it seems like a lofty goal for a team that is focused on Veteran's Debt erasement to muster up the sponsorship to get to the race track often. Expect them to run very few races, but surprise runs at some tracks might be on the table.

56 - Tricon Garage  
2025 Stats:  
1 Start  
0 Wins  
0 Top 10's  
1 DNF  
Average Finish - 38.0

Nothing has been said on Tricon ever since the Daytona 500 run with MTJ. It appears this might be a one-off run for good for them. Tricon in the future might eye up the Cup Series as a potential option for them in their future in the sport, but don't expect this car to show up this season.

62 - Beard Motorsports  
2025 Stats:  
4 Starts (1 DNQ)  
0 Wins  
0 Top 10's  
0 DNF's  
Average Finish - 26.0

**The** Superspeedway team, they are probably a guarantee to run at least the big 4 ovals. Last year they ran a couple extra races prepped with RCR(as they are every year) with Jesse Love at some regular circuits. This might be the case this season again, but just expect 4 races for them and then some surprises would be very welcome.

66 - Garage 66/MBM  
2025 Stats:  
17 Starts (+2 Exhibition + 1 DNQ)  
0 Wins  
0 Top 10's  
7 DNF's  
Average Finish - 32.6

This team will very likely show up to more than half the races in 2026. Around 26 of 38 events is what the expectation is. It appears we know around 10 of their races this season based on news from Bilicki and Finchum's standpoint. Atlanta is a potential backup for them missing the 500, barring a tore up chassis which happened in the Duels last year. Sponsorship looks good for them in comparison to other open teams, this is the one you are probably going to see the most at the track.

67 - 23XI Racing  
2025 Stats:  
4 Starts (1 DNQ)  
0 Wins  
1 Top 10  
1 DNF  
Average Finish - 21.3  


Taking 23XI's word of mouth as the truth, we are going to see this car in ""at least"" 10 races this season. Heim attempted 5 races in 2025, failing to make the Chicago race. This will double up his schedule at least for this upcoming season if it is to be believed. Sponsorship is high and they are a well prepped team, so whenever they do run, it is going to be a competitive race car.

78 - Live Fast Motorsports  
2025 Stats:  
12 Starts (1 DNQ)  
0 Wins  
0 Top 10's  
3 DNF's  
Average Finish - 27.3

The original schedule for the 78 last year was the 6 Superspeedway races and Charlotte. They pulled out of Charlotte which would have had 41 cars, but they had 7 extra races from Katherine Legge that year. Probably don't expect as much Legge, as she is likely to use those resources to attempt an Indy 500 run. Phoenix double for her is on the cards potentially. Might not run as much, but the 78 will be a fast Superspeedway car as always.

84 - Legacy Motor Club  
2025 Stats:  
2 Starts  
0 Wins  
1 Top 10  
1 DNF  
Average Finish - 21.5

Jimmie Johnson is attempting 2 races this year we know about: Daytona and San Diego. How many more? Seems likely to be no more, but Jimmie's schedule is one that he can make on his own so who knows when and where he could appear. Possible drivers for the 3rd car are unknown if they acquire a charter, but they may end up in the car at some point this season if they are planning on shopping for the 2027 season.

91/99 - Trackhouse Racing  
2025 Stats:  
1 Start  
0 Wins  
0 Top 10's  
1 DNF  
Average Finish - 39.0

Project 91 is not dead! However, Trackhouse also kept the owners points for the 99 after transferring them from the 87, forcing RFK to create the 199 owners points instead of taking the 99 from a vacant occupant. This may not be anything, but it is definitely kindling to the fire that they may plan something. Whomever runs in the Project 91 is top secret, but given Marks' remarks on how it is very much alive and likely to return this season, the anticipation certainly is growing.

99 - RFK Racing  
(Did Not Run 2025)

RFK brings back the classic 99 to their team. From what Corey LaJoie was talking on his podcast, it seems likely that he could run 5-6 Superspeedway races, maybe something else as well. A bolster in the numbers game for Ford and for RFK to help them at the drafting tracks, as well as having a good Superspeedway driver, this is a very understandable move. Might not run elsewhere, but the 99 being back at Roush is a welcome reunion!

TL;DR

(RWR) 01/15 - Unknown, Unlikely  
(Kaulig) 13 - Unknown, Unlikely  
(RCR) 33 - Confirmed  
(FRM) 36 - Confirmed  
(JRM) 40 - Confirmed  
(NY) 44 - Confirmed  
(AmeriVet) 50 - Confirmed  
(TCG) 56 - Unknown, Unlikely  
(Beard) 62 - Confirmed  
(MBM) 66 - Confirmed  
(23XI) 67 - Confirmed  
(LFM) 78 - Confirmed  
(LMC) 84 - Confirmed  
(TH) 91/99 - Unknown, Likely  
(RFK) 99 - Likely

Any other open cars that may or may not run, I do not have any real information on nor do I believe they are noteworthy at this point. New teams may spring up, old teams might close. This is just a summary of what the open cars for 2026 look like at the moment in one large post.",2026-02-03
t3_1qui3sb,NASCAR and Miller Lite,https://www.reddit.com/r/nascar/comments/1qui3sb/,/u/Bitter-Pomelo-2345,2026-02-03 04:20:28+00:00,"NASCAR had the best sponsors in the sport, But there is one that is very important in NASCAR history for Team Penske which is Miller Genuine Draft and Miller Lite. which Rusty Wallace is associated for 16 consecutive seasons, from 1990 until his retirement in 2005.  Then Kurt Bush to the helm of it from 2006 to 2010 and then in 2011 Brad Keselowski took on the sponsor from 2011 through 2020. It's sad that the sponsor was dropped from Team Penske but I would love to see that sponsor return one day",2026-02-03
t3_1qvvet5,"[Gluck]Corey LaJoie says he was just starting to grasp the window may be closed for being a race car driver, but the opportunity arose to sub for Brad Keselowski in the No. 6 car. He says this is a ""house money"" situation to him.",https://www.reddit.com/r/nascar/comments/1qvvet5/,/u/Equivalent_Dish_1990,2026-02-04 17:48:30+00:00,,2026-02-04
t3_1qy2dwz,The Next Great Rivals,https://www.reddit.com/r/nascar/comments/1qy2dwz/,/u/JoeRogan016,2026-02-07 03:02:32+00:00,"In the past we've had great drivers who just kept butting heads for all to see. Geoff Bodine vs Dale Earnhardt, Jeff Gordon vs Rusty Wallace, Joey Logano vs Denny Hamlin, and Brad Keselowski vs pretty much everyone lol  
  
Who will that be today? I think the most well known options involve Hocevar, Heim, and Gibbs, but I could see someone like Briscoe be involved as well.",2026-02-07
t3_1r0fma0,"(@bobpockrass) Brad Keselowski OK'd for Daytona after Charlotte on-track test today. A Jan 30 x-ray showed enough healing. Keselowski:""Getting cleared was a huge moment for me. You put in the work, you trust the process, but until you hear that final ‘yes,’ nothing is guaranteed.""",https://www.reddit.com/r/nascar/comments/1r0fma0/,/u/NoahGragsonsBarfBag,2026-02-09 20:31:11+00:00,,2026-02-09
t3_1r0gbep,"Brad Keselowski is officially cleared to race in the Daytona 500, per NASCAR",https://www.reddit.com/r/nascar/comments/1r0gbep/,/u/OfficialTMWTP,2026-02-09 20:56:51+00:00,,2026-02-09
t3_1r0w21m,"With Hocevar attempting to complete ""The Triple"" this upcoming weekend at Daytona (Racing each of the Trucks, NOAPS, and Cup), what are other examples of drivers doing this?",https://www.reddit.com/r/nascar/comments/1r0w21m/,/u/Yeleywillonedaywin,2026-02-10 09:14:53+00:00,"The only major one off of the top of my head most recently was [Justin Marks](https://www.motorsport.com/nascar-cup/news/rab-racing-s-daytona-500-dream-justin-marks-prepares-for-the-race-of-his-life-in-duels/462723/) attempt at doing in 2015, but fell short of it by not racing his way in to the Cup race. Other examples I have found are: 

- Kyle Busch, 2008-2011, 2013-2014

- Brad Keselowski in 2012 

- Michael Waltrip in 2011 

- Carl Edwards in 2007 

- Joe Nemecheck in 2014 (DNQ'd for Cup) 

Is Marks the last time this was attempted in 2015? What are other examples of drivers that have or tried to do ""The Triple"" for Speedweek(s)?",2026-02-10
t3_1r1sg61,"The 2015 Xfinity Alert Today Florida 300. In my opinion, one of the last races of its era in retrospect. Insane wrecks, a heavy cup presence, and an exciting finish at sunset.",https://www.reddit.com/r/nascar/comments/1r1sg61/,/u/realflags,2026-02-11 09:02:42+00:00,"This was my first Xfinity race I have ever watched on tv at Daytona and in my opinion for better or worse is one that I compare all other Xfinity/Oreily season openers to. With the insane wrecks of Regan Smith, Kyle Busch and more. Harvick's first time in the booth. And a tiny field at the end, with a surprise winner and better finish under green then that year's Daytona 500.

It in hindsight was one of the last Xfinity races with that many Cup guys at once in the series before the later ""Kyle Busch"" rules of 2017 onwards. 

 Amazing how much talent was in the field, with superstars of the past and stars of today. 

With the likes of Champions like Brad Keselowski, Chase Elliott, and Kyle Larson. Who combine for 4 championships. And future cup winners such as Ross Chastain, Bubba Walace, Chris Buescher, Erik Jones and Daniel Suarez, who most of were complete unknowns to Nascar fans at the time compared to where they are at relatively in the Cup series 11 years later.  Not to forget the Dillon Brother were both in this race as well. As well as Larson and Chastain being involved in a late wreck together, not the last time we would see this :).

Plus this being Dale Jr's last run at Daytona in the Xfinity series, where he got a top 10, despite being a lap down in the closing laps prior to the wrecks. ",2026-02-11
t3_1r2f3kg,[Pockrass] David Ragan is the backup driver for Brad Keselowski if needed during speedweeks,https://www.reddit.com/r/nascar/comments/1r2f3kg/,/u/Scucker,2026-02-12 00:44:58+00:00,,2026-02-12
t3_1r2ia6u,Brad Keselowski Cane Idea,https://www.reddit.com/r/nascar/comments/1r2ia6u/,/u/e2heity,2026-02-12 03:08:36+00:00,Brad K walking with a cane after a broken femur has sparked an idea in my head that needs to be acted upon quickly. WE NEED VIAGRA BACK ON THE 6 CAR ASAP. ,2026-02-12
t3_1r2wwyy,"Team Resource Rankings, Accurate?",https://www.reddit.com/r/nascar/comments/1r2wwyy/,/u/PSU02,2026-02-12 15:48:06+00:00,"Obligatory yeah yeah, I used AI to compile this all into 1 table. But it can be hard to find a list of the resources/budget of each team in the Cup series. So since AI can sometimes hallucinate I thought I'd ask the experts. Are these team resource rankings accurate?

# Complete Team Resources Rankings

|Rank|Team|Charter Cars|Est. Resources|Notes|
|:-|:-|:-|:-|:-|
|1|Hendrick Motorsports|4|Highest ($315M val, $120M sponsors)|Elite Chevy R&D |
|2|Joe Gibbs Racing|4|$230M val, Toyota support|Massive purse shares ​|
|3|Team Penske|3|$152M val, Ford/PG empire|Diversified income ​|
|4|Stewart-Haas Racing (Haas Factory Team)|2+ (41,?)|$165M val|Gene Haas funding ​|
|5|Richard Childress Racing|3 (3,8,97?)|$158M val|Liberty/Castrol ​|
|6|23XI Racing|3 (23,35,45,67?)|$150M val|Jordan/McD ​|
|7|Trackhouse Racing|3 (1,88,97)|$100M+, Marks|Unlimited potential ​|
|8|RFK Racing|3 (6,17,60,99?)|$75M+, Fenway/Hendrick|Alliance boost ​|
|9|Front Row Motorsports|3 (34,36,38)|Mid charters, Gibbs tie|Opportunistic ​|
|10|Spire Motorsports|3 (7,71,77)|Hendrick alliance|Rising budget ​|
|11|JTG Daugherty Racing|1 (assumed #47?)|Single charter|Steady sponsors|
|12|Wood Brothers Racing|1 (21)|Historic, Motorcraft|Limited depth ​|
|13|Kaulig Racing|2 (10,16)|Xfinity focus|CELSIUS backing ​|
|14|Legacy Motor Club|2 (42,43,84?)|Silversmith|Improving ​|
|15|Rick Ware Racing|1 (51)|Minimal charters|Survival mode ​|
|16|Live Fast Motorsports|1 (78)|Open-heavy|Low funding ​|
|17|Beard Motorsports|0|Open (62)|Sporadic entries|
|18|NY Racing Team|0|Open (44)|Budget-limited|
|19|Garage 66|0|Open (66)|Part-time|
|20+|JR Motorsports, HYAK, etc.|0|Open (40,47)|Non-charter scraps ​|

  
",2026-02-12
t3_1r3ul7d,Brad Keselowski shooting his shot with Max Verstappen: We have a @FordRacing cup car ready to go. Feel free to DM when you’re ready Max,https://www.reddit.com/r/nascar/comments/1r3ul7d/,/u/LBHMS,2026-02-13 16:59:24+00:00,,2026-02-13
t3_1r5tnfp,"Brad Keselowski Frustrated, Calls Riley Herbst Move, ""Dumbest Thing I've Ever Seen",https://www.reddit.com/r/nascar/comments/1r5tnfp/,/u/US_Highway15,2026-02-15 23:34:17+00:00,,2026-02-15
t3_1r5tnze,"Brad Keselowski Frustrated, Calls Riley Herbst Move, ""Dumbest Thing I've Ever Seen""",https://www.reddit.com/r/nascar/comments/1r5tnze/,/u/US_Highway15,2026-02-15 23:35:00+00:00,,2026-02-15
t3_1r6p68g,"2026 LASTCAR Cup, O'Reilly, & Truck series Chase standings (After Daytona I)",https://www.reddit.com/r/nascar/comments/1r6p68g/,/u/TIFUthebestSubreddit,2026-02-16 23:09:29+00:00,"Cup Series Playoff standings (Race 1/26)

1) BJ McLeod 82

2) Chase Briscoe 46

3) Justin Allgaier 43

4) Casey Mears 42

5) Austin Dillon 41

6) Alex Bowman 40

7) Austin Cindric 38

8) Connor Zilisch 38

9) Todd Gilliland 37

10) Jimmie Johnson 34

11) Christopher Bell 30

12) John Hunter Nemechek 27

13) Denny Hamlin 26

14) Shane van Gisbergen 26

15) AJ Allmendinger 25

16) Corey Heim 24

_____________________________________________

17) Ross Chastain 23

18) Cody Ware 23

19) Ryan Blaney 22

20) Ryan Preece 20

21) Cole Custer 20

22) Ty Gibbs 18

23) Kyle Busch 18

24) Michael McDowell 17

25) Erik Jones 16

26) William Byron 16

27) Ty Dillon 15

28) Carson Hocevar 13

29) Chris Buescher 12

30) Kyle Larson 11

31) Anthony Alfredo 10 (Pts from duel)

32) Josh Berry 9

33) JJ Yeley 9 (Pts from Duel)

34) Daniel Suarez 8

35) Noah Gragson 6

36) Corey LaJoie 6 (Pts from duel)

37) Bubba Wallace 5

38) Riley Herbst 4

39) Zane Smith 3

40) Chandler Smith 3 (Pts from duel) 

41) Brad Keselowski 1

42) Chase Elliott 1

43) Joey Logano 1

44) Ricky Stenhouse Jr 1

45) Tyler Reddick 1

**___________________________**

O'Reilly Playoff standings (Race 1/26)

1) Mason Maggio 75

2) Gio Ruggerio 53

3) Nick Sanchez 48

4) Harrison Burton 40

5) Dean Thompson 33

6) Luke Fenhaus 33

7) Josh Williams 32

8) Corey Day 32

9) Sheldon Creed 32

10) Natalie Decker 31

11) Sam Mayer 31

12) Jeremy Clements 30

_____________________________________________

13) Brandon Jones 28

14) Taylor Gray 26

15) William Sawalich 24

16) Jeb Burton 23

17) Carson Hocevar 23

18) Austin Green 20

19) Carson Ware 20

20) Daniel Dye 19

21) Patrick Staropoli 16

22) Josh Bilicki 15

23) Lavar Scott 14

24) Kyle Sieg 13

25) Parker Retzlaff 12

26) Patrick Emerling 11

27) Brennan Poole 10

28) Anthony Alfredo 9

29) Rajah Caruth 8

30) Jesse Love 7

31) Blaine Perkins 6

32) Carson Kvapil 5

33) Ryan Ellis 5

34) Sammy Smith 5

35) Ryan Sieg 5

36) Jordan Anderson 2

37) Justin Allgaier 1

38) Austin Hill 1


**___________________________**

Truck series Chase standings (Race 1/18)

1) Cleetus McFarland 75

2) Jason White 46

3) Tony Stewart 43

4) Jake Garcia 38

5) Jason Kitzmiller 37

6) Daniel Hemric 34

7) Carson Hocevar 34

8) Corey LaJoie 33

9) Layne Riggs 30

10) Josh Reaume 29

_____________________________________________

11) Grant Enfinger 28

12) Taylor Gray 27

13) Clay Greenfield 27

14) Frankie Muniz 27

15) Dawson Sutton 26

16) Spencer Boyd 25

17) Kris Wright 24

18) Michael McDowell 23

19) Tanner Gray 22

20) Justin Haley 21

21) Mini Tyrell 19

22) Daniel Dye 16

23) Travis Pastrana 16

24) Cole Butcher 13

25) Andres Perez de Lara 12

26) Ben Rhodes 11

27) Nick Leitz 10

28) Stewart Friesen 929) Tyler Ankrum 8

30) Kaden Honeycutt 7

31) Butterbean Queen 6

32) Ricky Stenhouse Jr 6

33) Chandler Smith 5

34) John Hunter Nemechek 4

35) Ty Majeski 3

36) Christian Eckes 2

37) Gio Ruggerio 1",2026-02-16
t3_1r7j48h,Beginners Guide to NASCAR's Full Time Drivers,https://www.reddit.com/r/nascar/comments/1r7j48h/,/u/JoeRogan016,2026-02-17 21:19:08+00:00,"It's a new season, new rules, and a new (old) era! With that I thought it made sense to make a basic overview of the cup drivers for anyone new or old fans returning to the sport. Hopefully you can find someone to keep an eye on across the season! I've done my best to be objective, but like everyone I have my biases.


#97: Shane Van Gisbergen. The road course demon driving for Trackhouse. He won 4 out of 5 such races last year. There are only a select few drivers who can rival him in his element, but everywhere else he still has a ways to go to be competitive. He's not afraid to move someone or get his hands dirty when the chips are down, but overall he's a smooth, cool headed driver. The more complex the track, the brighter he shines.

#88: Connor Zilisch. The only rookie in the field, also driving for Trackhouse. One of the youngest in the field at 19, and yet quite mature according to those who know him. Connor is one of the most hyped rookies to come up to cup in many years. His debut season in Xfinity/O’rielly saw him take 10 wins and EIGHTEEN top fives in a row! People expect great things from him this season and in the years to come.

#77: Carson Hocevar. Given that he just signed a long term contract extension with Spire, it's safe to say this kid is their star driver for the foreseeable future. He's fast, aggressive, and full of potential. But that also comes with mistakes which have cost him both finishes and reputation with the rest of the garage. Has yet to win a race, but he's come just short over and over again. It's only a matter of time till he pulls it off.

#71: Michael McDowell. Spire’s oldest current driver at 41, winner of the Daytona 500, and solid all-round driver. He's known to be outspoken about his religion and a father of many children. Was also known as one of the best drivers on the road courses as well, but given SVG’s current dominance it might be some time before he takes another.

#60: Ryan Preece got his big break with Roush Fenway Keselowski Racing last year, after leaving the sunsetting Stewart Haas team. Born and raised in the north east US racing scene. Preece is a short track ace infamous for his awful superspeedway luck. While still technically on the hunt for his first win, he placed first in the Clash at Bowman Gray at the start of the year.

#54: Ty Gibbs. The youngest driver at his grandfather's team, Joe Gibbs Racing. Expectations were high after his tenure in the lower divisions. He's a champion in the ARCA and Xfinity/O’Reilly series. However his cup career has been slow going despite driving cars for one of the top teams. Also hunting for his first win.

#48: Alex Bowman. Taking over the number from the seven time champion Jimmie Johnson, Bowman has become known today as the 4th and weakest Hendrick car. His overall results were noticeably lower than his teammates despite driving top tier equipment. Many fans see his car as the best chance for their favorite driver to drive top tier equipment, speculation is everywhere about him losing his ride. This is the best chance in years he's had to prove them all wrong.

#47: Ricky Stenhouse Jr. The lone driver for Hyak Motorsports. His career has been chaotic and prone to conflict with many drivers young and old alike. However he's also made a name for himself as a respectable superspeedway driver, even winning a Daytona 500. He won't be winning championships anytime soon, but his team has shown surprising speed on rare occasions.

#45: Tyler Reddick. Starr driver of Micheal Jordan and Denny Hamlin’s team, 23XI. Winner of this year's Daytona 500. He made a name for himself by pulling off multi-win seasons in midpack Richard Childress equipment. He was poached by his current team in 2023, leaving sore feelings and burned bridges. If 23XI wins a championship, Reddick will almost certainly be the one to do it.

#43: Erik Jones. Former Joe Gibbs driver and winner of the Southern 500. He now drives for the up and coming Legacy Motor Club, run by former champion Jimmie Johnson. Last season Jones came close to winning more than once, and is a dark horse pick to pull off a surprise win this year.

#42: John Hunter Nemechek. Teammate of Erik Jones at LMC and son of former driver Joe Nemechek. He’s somewhat prone to mistakes and has yet to make a name for himself, but has shown flashes of potential on occasion.

#41: Cole Custer. The only driver left in the once great Stewart Haas team, now Haas Factory Team. His lone win came almost six years ago, and it doesn't seem like that will change anytime soon. The fate of this driver and his team is very much unsure at the moment.

#38: Zane Smith. Driver for Front Row Motorsports. An inconsistent mid pack team. Much like his team when he gets those rare days when he's on, he's a contender to win. He just needs to have more of those on days.

#35: Riley Herbst. A 23XI driver. His rookie season last year was…less than stellar. He finished second to last in the points and was almost completely forgotten by everyone except his team. But at this year's Daytona 500 he finally got his shining moment, pushing his teammate to the win on the final lap before wrecking himself.

#34: Todd Gilliland. Son of former driver David Gilliland, and Zane Smith's teammate at FRM. Though he is technically driving the team's flagship car, more often than not Smith is the one with better finishes. But he's still young and has a lot to learn.

#24: William Byron. The successor to four time champion Jeff Gordon. Byron has already had a strong career, winning 16 cup races before the age of 30, including 2 Daytona 500’s. He's come just short of the championship multiple times and has recently developed a reputation of failing to close out races. With the new rules it will be more important than ever for Byron to turn his misfortune around if he wants to finally take a championship.

#23: Bubba Wallace. Full name William Darrell Wallace Jr. He completes the 3 car team of 23XI. Known for being a hot head and wearing his emotions on his sleeve. He's proven himself to be a winner, including a victory at the Brickyard 400. However he's also a bit inconsistent. This year will be his chance to join his teammate, and prove that he can compete with the best for a championship.

#22: Joey Logano. Penske’s most successful active driver with three championships, and 35 victories with the team. A polarizing driver in both attitude and performance. Known for his ability to make the most of even the worst scenarios, this year will be his chance to prove that he's a winner regardless of the rules. Also helps that it's an even year…

#21: Josh Berry. He was left out of a ride when Stewart Haas fell apart, and managed to find stability with one of the oldest teams in the sport. The newly reforming/Penske allied Wood Brothers. Despite having a win and some decent runs last season, he had the worst playoff run in history to cap off the year. They will certainly be looking for redemption this year.

#20: Christopher Bell. Joe Gibbs’ bread and butter driver. Known for driving clean, getting good finishes, and taking as much as he can get no matter the track. Make no mistake he's proven himself a highly skilled driver, getting at least one win every year he's been with the team. He's come very close to a championship multiple times. Thanks to the new format his chances are looking better than ever.

#19: Chase Briscoe. Gibbs newest driver, and another Stewart Haas refugee. There was doubt if he was worthy of replacing the championship driver Martin Truex Jr last year, but he swiftly put the doubts to rest with 8 poles, 3 wins (including the Southern 500), and 3rd in the championship. Now the only question is can he finish the job in only his second year with the team?

#17: Chris Buescher. It's fitting that he's taken the 17 car because he's quickly made a reputation as the new Matt Kenseth. While RFK is no longer the powerhouse team It was in the early 2000’s, he's still finished high in the points and earned himself a handful of wins, including a victory against SVG at Watkins Glen. A sleeper pick to make the top 10 in points this year.

#16: AJ Allmendinger. Kaulig Racing’s veteran driver and road course expert. He lost his Penske ride in 2012 to a failed drug test (it was Adderall). After completing rehab he bounced around various mid/back marker teams, went into soft retirement, then Kaulig brought him back in 2021 and he's been slowly improving ever since. While he's best on the road courses, he's found surprising speed on some ovals as well.

#12: Ryan Blaney. Penske's long run, flat track master and in-car-radio demon. He won the championship in 2023 and has had at least 3 wins a season for the last 3 years. He shows no signs of slowing down. Much like a certain other champion, his greatest weakness is his many DNF’s. Unlike Larson however he's very solid on superspeedways.

#11: Denny Hamlin. Gibbs veteran driver and NASCAR legend. 60 wins. 3 Daytona 500’s. 3 Southern 500’s. 1 Coca Cola 600. Zero championships. This fact has haunted his career for over a decade, now made even worse by his final run at Phoenix last year losing the championship in the final restart to a bad pit call. This plus his off season from hell and legal battles with NASCAR have earned this traditional villain character more fans than he's had in a very long time.

#10: Ty Dillon. Grandson of Richard Childress, and current teammate of AJ Allmendinger in Kaulig. He's spent his whole career driving for mid to backmarker teams, though he's never shown himself capable of more. If the rumors of Kaulig going to Dodge next year are true, that may be the best chance Ty Dillon will ever get to show what he can really do.

#9: Chase Elliott. Full name William Clyde Elliott II, Son of champion Bill Elliott, 2020 champion, and the most popular driver in NASCAR. Famous for his cool under pressure demeanor and rock solid consistency. He may not win as many races as he used to, but he's still a champion level driver in a championship capable car. Expect him to be top 10 to top 5 in points this year

Also his fans seem to have a blood feud with his crew chief.

#8: Kyle Busch. Two time champion with an infamously antagonistic personality. Since he was removed from Gibbs and moved to RCR he seems to have mellowed out somewhat. His last season was his worst on record, with no wins and not even making it to the first championship round. One of the few active legends on the track, this will likely be the season that shows if he has any fight left in him.

#7: Daniel Suarez. Former Trackhouse star and the only Mexican driver in cup. He was replaced in favor of the rookie sensation Connor Zilisch. Suarez previously drove for top teams including Stewart Haas and Joe Gibbs. But his only wins came with the team he just left. Now he’s replaced Justin Haley at Spire, but this season will be his final chance to prove he belongs in the cup series.

#6: Brad Keselowski. 2012 champion and majority owner of RFK Racing. He's begun to develop a reputation for putting his team above his own career, on top of his resilience in the face of injury. Despite a broken leg in the off season, that hasn't stopped him from taking a top five at Daytona to start the year. There’s a strong chance he wins a race this year if this trend continues.

#5: Kyle Larson. The defending two time champion. He's known for his aggressive driving style that pushes his car to the razor's edge. The result is either a dominant win where he leads the most laps by far, or he crashes half way through. Despite being fast on most tracks, he does have a small weakness on superspeedways. Time will tell if he can adjust to the new format and defend his title.

#4: Noah Gragson. An attention grabbing personality with awful luck getting caught in wrecks. His was by far the worst of the FRM cars with only three top tens and a single top five. This year he will need to prove that he can keep up with the rest of his team, or else his seat will be in grave danger indeed.

#3: Austin Dillon. Grandson of Richard Childress, and inheritor of a number made famous by the late Dale Earnhardt. So far he's not had near the success the intimidator earned. He occasionally has a good run, but more often than not he finishes midpack. The one exception is Richmond for some reason? Somehow this typically mediocre driver has won at that track two years in a row in dominant fashion (though not always without controversy).

#2: Austin Cindric. His career started strong with a Daytona 500 win, but in the former Penske flagship car he's only won three races in four years. He's not a terrible driver, but he still has a ways to go before he can rival his teammates. It remains to be seen how long Penske will let him keep trying.

#1: Ross Chastain. The veteran Trackhouse driver made famous for his Martinsville wall ride to make the final championship round in 2022. His early career consisted of taking any ride he could find until he got his big break thanks to Chip Ganassi Racing…taking a solar company sponsor which was later found out to be a ponzi scheme by the FBI…

Last year was a down year for the team overall. Few drivers have fought through and overcome as much adversity as the Melon Man.

#51: Cody Ware. I'll be honest I almost forgot about this dude, Rick Ware Racing is pretty much irrelevant. They made the top 20 only twice the entire season last year. They finished dead last, over a hundred and fifty points behind Herbst. Even part time driver Katherine Legge in a non charter team matched his results with only SEVEN STARTS through the whole year! That's how bad this team is!


Also, some honorable mentions for the part time drivers!

#62: Anthony Alfredo. Driving for Beard Motorsports. They have on occasion shown speed comparable to some charter cars! Possibly the ultimate dark horse pick for a win someday.

#67: Corey Heim. Last year's truck series champion with TWELVE wins! He'll get 12 starts in the cup series this year with solid 23XI cars. This will be his first big chance to prove that he can keep up with the best in the top Nascar series. Has a fierce rivalry with cup driver Ty Gibbs.

#66: Casey Mears. Former Hendrick driver who got his only win in the 2007 Coca Cola 600. A hard working driver driving absolute junk.

#44: JJ Yeley. 2009 F1 champion. Former Joe Gibbs driver. Wheelman of scrap metal. I have no idea how this guy keeps showing up after all these years.",2026-02-17
t3_1rcsry9,What “Big name” driver(s) misses the cut?,https://www.reddit.com/r/nascar/comments/1rcsry9/,/u/Theebobbyz84,2026-02-23 20:23:10+00:00,"Sure it’s only 2 races and plenty of changes to come in the standings but who will be the surprise in missing the cut after 26 races? Bowman and Busch are too easy to pick so I’ll go with Brad Keselowski, especially if he misses this weeks race. 

What are others thoughts? ",2026-02-23
t3_1rd08vj,"2025 LASTCAR Cup, O'Reilly, and Truck Standings (After Atlanta I)",https://www.reddit.com/r/nascar/comments/1rd08vj/,/u/TIFUthebestSubreddit,2026-02-24 01:07:56+00:00,"Cup Series Chase standings (Race 2/26)

1) BJ McLeod 128

2) Josh Berry 74

3) Austin Dillon 70

4) Connor Zilisch 66

5) Todd Gilliland 63

6) Ty Gibbs 62

7) Austin Cindric 62

8) Alex Bowman 61

9) Kyle Busch 55

10) JJ Yeley 50

11) Christopher Bell 49

12) Cody Ware 48

13) Chase Briscoe 47

14) John Hunter Nemechek 47

15) Erik Jones 47

16) Cole Custer 45

_____________________________________________

17) Ricky Stenhouse Jr 45

18) Riley Herbst 44

19) Justin Allgaier 43

20) Casey Mears 42

21) William Byron 42

22) Kyle Larson 41

23) Denny Hamlin 37

24) Shane van Gisbergen 36

25) Michael McDowell 35

26) AJ Allmendinger 35

27) Jimmie Johnson 34

28) Ryan Preece 31

29) Ryan Blaney 30

30) Ty Dillon 29

31) Carson Hocevar 25

32) Chris Buescher 25

33) Corey Heim 24

34) Ross Chastain 24

35) Noah Gragson 18

36) Joey Logano 17

37) Brad Keselowski 17

38) Daniel Suarez 11

39) Bubba Wallace 11

40) Chase Elliott 10

41) Anthony Alfredo 10

42) Zane Smith 8

43) Corey LaJoie 6

44) Chandler Smith 3

45) Tyler Reddick 2

**___________________________**

O'Reilly Chase standings (Race 2/26)

1) Mason Maggio 99

2) Kyle Sieg 88

3) Harrison Burton 87

4) Gio Ruggerio 78

5) Ryan Sieg 58

6) Josh Williams 57

7) Jeremy Clements 57

8) Blaine Perkins 56

9) Luke Fenhaus 51

10) Nick Sanchez 49

11) Dean Thompson 46

12) William Sawalich 45

_____________________________________________

13) Joey Gase 44

14) Sam Mayer 44

15) Anthony Alfredo 42

16) Lavar Scott 40

17) Austin Green 39

18) Jeb Burton 37

19) Brandon Jones 36

20) Carson Kvapil 35

21) Cody Ware 34

22) Corey Day 34

23) Sammy Smith 33

24) Taylor Gray 33

25) Sheldon Creed 33

26) Justin Allgaier 32

27) Natalie Decker 31

28) Josh Bilicki 28

29) Brennan Poole 27

30) Patrick Staropoli 27


**___________________________**

Truck series Chase standings (Race 2/18)

1) Christian Eckes 78

2) Cleetus McFarland 75

3) Daniel Hemric 68

4) Spencer Boyd 61

5) Tanner Gray 60

6) Josh Reaume 59

7) Dawson Sutton 58

8) Layne Riggs 57

9) Grant Enfinger 57

10) Frankie Muniz 54

_____________________________________________

11) Justin Carroll 50

12) Caleb Costner 50

13) Jason White 46

14) Jake Garcia 45

15) Cole Butcher 44

16) Tony Stewart 43

17) Kris Wright 42

18) Mini Tyrell 39

19) Ty Majeski 38

20) Jason Kitzmiller 37

21) Tyler Tomassi 37

22) Carson Hocevar 34

23) Corey LaJoie 33

24) Kaden Honeycutt 33

25) Justin Haley 31

26) Stewart Friesen 29

27) Daniel Dye 29

28) Taylor Gray 27

29) Clayton Green 27

30) Clay Greenfield 27",2026-02-24
t3_1rdh6fh,Brad Keselowski’s 2026 Graza Olive Oil Paint Scheme For COTA,https://www.reddit.com/r/nascar/comments/1rdh6fh/,/u/Dmacthegoat,2026-02-24 14:07:45+00:00,[https://www.instagram.com/p/DVJK2I2j39l/?utm\_source=ig\_web\_copy\_link&igsh=NTc4MTIwNjQ2YQ==](https://www.instagram.com/p/DVJK2I2j39l/?utm_source=ig_web_copy_link&igsh=NTc4MTIwNjQ2YQ==),2026-02-24
t3_1rge5qn,Brad Keselowski (@keselowski) Confirms he plans to run COTA in full this weekend.,https://www.reddit.com/r/nascar/comments/1rge5qn/,/u/NoahGragsonsBarfBag,2026-02-27 18:08:02+00:00,,2026-02-27
t3_1riou6s,If Brad Keselowski gets in a bad wreck how much is he in danger hurting his leg even more?  What kind of wreck would he not want to get in?,https://www.reddit.com/r/nascar/comments/1riou6s/,/u/chusaychusay,2026-03-02 09:59:38+00:00,Considering he's been racing with the bad leg he's confident he can drive. As far as wrecking or getting in an accident I'm not sure how much it could further damage his leg. I'm guessing they believe he would be safe but  I'm not sure what kind of wreck would not be ideal.,2026-03-02
t3_1rj85i3,"2026 LASTCAR Cup, O'Reilly, and Truck series Chase standings (After COTA/St. Pete)",https://www.reddit.com/r/nascar/comments/1rj85i3/,/u/TIFUthebestSubreddit,2026-03-02 22:57:21+00:00,"Cup Series Chase standings (Race 3/26)

1) BJ McLeod 128

2) Alex Bowman 103

3) Chase Briscoe 102

4) Austin Dillon 101

5) Josh Berry 99

6) Austin Cindric 93

7) Erik Jones 92

8) Todd Gilliland 91

9) Cody Ware 88

10) Connor Zilisch 86

11) Cole Custer 79

12) Ricky Stenhouse Jr 72

13) John Hunter Nemechek 68

14) Kyle Busch 66

15) Riley Herbst 66

16) Ty Gibbs 65

_____________________________________________

17) Carson Hocevar 60

18) Ross Chastain 58

19) Noah Gragson 57

20) William Byron 54

21) Christopher Bell 52

22) JJ Yeley 50

23) Zane Smith 49

24) Ryan Preece 48

25) Chris Buescher 48

26) Kyle Larson 46

27) Denny Hamlin 46

28) Ty Dillon 44

29) AJ Allmendinger 43

30) Justin Allgaier 43

31) Casey Mears 42

32) Michael McDowell 39

33) Daniel Suarez 39

34) Brad Keselowski 38

35) Shane van Gisbergen 37

36) Ryan Blaney 37

37) Jimmie Johnson 34

38) Joey Logano 33

39) Jesse Love 26

40) Corey Heim 24

41) Bubba Wallace 23

42) Chase Elliott 17

43) Anthony Alfredo 10

44) Corey LaJoie 6

45) Tyler Reddick 3

46) Chandler Smith 3

**___________________________**

O'Reilly Chase standings (Race 3/26)

1) Harrison Burton 117

2) Kyle Sieg 110

3) Mason Maggio 99

4) Jeremy Clements 89

5) Nick Sanchez 80

6) Blaine Perkins 78

7) Gio Ruggerio 78

8) Austin Hill 76

9) Dean Thompson 74

10) Ryan Sieg 72

11) Austin Green 70

12) Josh Bilicki 70

_____________________________________________

13) Anthony Alfredo 68

14) Lavar Scott 60

15) Ryan Ellis 57

16) Josh Williams 57

17) Sam Mayer 56

18) Jeb Burton 53

19) Carson Kvapil 52

20) Luke Fenhaus 51

21) William Sawalich 50

22) Brandon Jones 49

23) Baltazar Leguizamon 49

24) Sage Karam 48

25) Parker Retzlaff 47

26) Sheldon Creed 46

27) Patrick Staropoli 45

28) Taylor Gray 44

29) Joey Gase 44

30) Rajah Caruth 43


**___________________________**

Truck series Chase standings (Race 3/18)

1) Frankie Muniz 98

2) Christian Eckes 97

3) Dawson Sutton 91

4) Tanner Gray 91

5) Grant Enfinger 79

6) Daniel Hemric 76

7) Cleetus McFarland 75

8) Wesley Slimp 75

9) Mini Tyrell 68

10) Jake Garcia 63

_____________________________________________

11) Spencer Boyd 61

12) Kris Wright 61

13) Josh Reaume 59

14) Layne Riggs 58

15) Cole Butcher 58

16) Stewart Friesen 57

17) Tyler Ankrum 53

18) Justin Haley 52

19) Justin Carroll 50

20) Caleb Costner 50

21) Derek White 49

22) Timmy Hill 48

23) Jason White 46

24) Brendan Queen 46

25) Daniel Dye 46

26) Tony Stewart 43

27) Adam Andretti 42

28) Ty Majeski 40

29) Nathan Nicholson 38

30) Kaden Honeycutt 38",2026-03-02
t3_1rjbwhq,Brad Keselowski | “I don’t understand why the sport wants to run so many road courses...it's the hardest races to sell sponsorships for”,https://www.reddit.com/r/nascar/comments/1rjbwhq/,/u/iPhones_cameras_suck,2026-03-03 01:32:23+00:00,,2026-03-03
t3_1rkkx77,[@Jeff_Gluck] Brad Keselowski broke his leg 10 weeks ago. Then he delivered one of NASCAR’s gutsiest races,https://www.reddit.com/r/nascar/comments/1rkkx77/,/u/NoahGragsonsBarfBag,2026-03-04 13:05:46+00:00,,2026-03-04
t3_1rpeefu,2026 LASTCAR Cup & O'Reilly Chase standings (aaftet Phoenix II),https://www.reddit.com/r/nascar/comments/1rpeefu/,/u/TIFUthebestSubreddit,2026-03-09 22:06:32+00:00,"Cup Series Chase standings (Race 4/26)

1) Chase Briscoe 167

2) Josh Berry 130

3) BJ McLeod 128

4) Austin Cindric 126

5) Cole Custer 126

6) Cody Ware 125

7) Connor Zilisch 117

8) Austin Dillon 116

9) Noah Gragson 110

10) Erik Jones 104

11) Alex Bowman 103

12) Todd Gilliland 102

13) Kyle Busch 95

14) Ricky Stenhouse Jr 93

15) John Hunter Nemechek 92

16) Ross Chastain 85

_____________________________________________

17) Riley Herbst 83

18) Zane Smith 83

19) Carson Hocevar 79

20) Ty Dillon 69

21) Daniel Suarez 68

22) Ty Gibbs 68

23) Ryan Preece 65

24) Brad Keselowski 63

25) Joey Logano 63

26) AJ Allmendinger 61

27) Chris Buescher 61

28) William Byron 60

29) Christopher Bell 53

30) Denny Hamlin 50

31) JJ Yeley 50

32) Anthony Alfredo 49

33) Michael McDowell 49

34) Kyle Larson 48

35) Shane van Gisbergen 47

36) Justin Allgaier 43

37) Casey Mears 42

38) Chase Elliott 39

39) Ryan Blaney 38

40) Jimmie Johnson 34

41) Bubba Wallace 26

42) Jesse Love 26

43) Austin Hill 24

44) Corey Heim 24

45) Tyler Reddick 10

46) Corey LaJoie 6

47) Chandler Smith 3

**___________________________**

O'Reilly Chase standings (Race 4/26)

1) Mason Maggio 142

2) Harrison Burton 138

3) Ryan Ellis 133

4) Kyle Sieg 132

5) Nick Sanchez 130

6) Austin J Hill 121

7) Blaine Perkins 105

8) Josh Bilicki 105

9) Lavar Scott 98

10) Jeremy Clements 98

11) Dean Thompson 97

12) Austin Green 90

_____________________________________________

13) Ryan Sieg 87

14) William Sawalich 85

15) Gio Ruggerio 78

16) Anthony Alfredo 76

17) Patrick Staropoli 69

18) Joey Gase 65

19) Brandon Jones 63

20) Brennan Poole 60

21) Sam Mayer 59

22) Parker Retzlaff 59

23) Jeb Burton 58

24) Josh Williams 57

25) Taylor Gray 57

26) Carson Kvapil 53

27) Dawson Cram 51

28) Luke Fenhaus 51

29) Baltazar Leguizamon 49

30) Rajah Caruth 49",2026-03-09
t3_1rqdzus,Brad Keselowski talks about why he didn't like the playoffs and how Penske would give him worse cars after locking into the playoffs so his teammates could lock in.,https://www.reddit.com/r/nascar/comments/1rqdzus/,/u/LBHMS,2026-03-10 23:57:47+00:00,,2026-03-10
t3_1rro6m3,"Brad Keselowski: ""I Have Interest in the O'Reilly Series, But...""",https://www.reddit.com/r/nascar/comments/1rro6m3/,/u/LMRacingGuru02,2026-03-12 11:28:26+00:00,,2026-03-12
t3_1rrtli2,Brad Keselowski reveals he spent Phoenix plane rides arguing with Joey Logano over new NASCAR points format,https://www.reddit.com/r/nascar/comments/1rrtli2/,/u/Dry-Membership3867,2026-03-12 15:19:31+00:00,,2026-03-12
t3_1rvrtef,2026 LASTCAR Cup & Xfinity Chase Standings (After Las Vegas I),https://www.reddit.com/r/nascar/comments/1rvrtef/,/u/TIFUthebestSubreddit,2026-03-17 00:40:16+00:00,"Cup Series Chase standings (Race 5/26)

1) Chase Briscoe 177

2) Cody Ware 172

3) Josh Berry 170

4) Cole Custer 162

5) Connor Zilisch 149

6) Noah Gragson 147

7) Todd Gilliland 146

8) Austin Cindric 145

9) Ricky Stenhouse Jr 130

10) BJ McLeod 128

11) Austin Dillon 128

12) Kyle Busch 125

13) Erik Jones 124

14) Shane van Gisbergen 118

15) John Hunter Nemechek 113

16) Ty Dillon 112

_____________________________________________

17) Riley Herbst 106

18) Alex Bowman 103

19) Ross Chastain 102

20) Carson Hocevar 101

21) Zane Smith 97

22) Daniel Suarez 86

23) Justin Allgaier 85

24) AJ Allmendinger 85

25) Michael McDowell 84

26) Joey Logano 78

27) Ryan Preece 76

28) Ty Gibbs 73

29) Brad Keselowski 73

30) Chris Buescher 67

31) William Byron 63

32) Christopher Bell 57

33) Kyle Larson 55

34) Ryan Blaney 54

35) Denny Hamlin 51

36) JJ Yeley 50

37) Anthony Alfredo 49

38) Casey Mears 42

39) Chase Elliott 41

40) Bubba Wallace 35

41) Jimmie Johnson 34

42) Jesse Love 26

43) Corey Heim 24

44) Austin Hill 24

45) Tyler Reddick 23

46) Corey LaJoie 6

47) Chandler Smith 3

**___________________________**

O'Reilly Chase standings (Race 5/26)

1) Nick Sanchez 185

2) Ryan Ellis 176

3) Mason Maggio 175

4) Harrison Burton 155

5) Kyle Sieg 144

6) Josh Bilicki 135

7) Blaine Perkins 132

8) Jeremy Clements 129

9) Dean Thompson 126

10) Lavar Scott 123

11) Austin J Hill 121

12) Ryan Sieg 119

_____________________________________________

13) Austin Green 113

14) Anthony Alfredo 107

15) Joey Gase 104

16) Sam Mayer 102

17) Patrick Staropoli 96

18) Taylor Gray 92

19) William Sawalich 92

20) Nathan Byrd 88

21) Jeb Burton 84

22) Gio Ruggerio 78

23) Brennan Poole 78

24) Brandon Jones 74

25) Josh Williams 71

26) Rajah Caruth 71

27) Parker Retzlaff 69

28) Carson Kvapil 62

29) Chandler Smith 59

30) Dawson Cram 51",2026-03-17
t3_1rwpaua,"[Brad Keselowski] Had some familiar faces and RFK legends back around today to celebrate the guy who started it all, Jack Roush.",https://www.reddit.com/r/nascar/comments/1rwpaua/,/u/snollygoster1,2026-03-18 00:51:18+00:00,,2026-03-18
t3_1rykjg7,What products do y'all think will be on the Kroger cars of RFK Racing for the rest of the season?,https://www.reddit.com/r/nascar/comments/1rykjg7/,/u/Seahawks_12thman,2026-03-20 02:43:55+00:00,"So far we had: Coca-Cola (Clash), Viva Towels (Daytona Duels and 500), Red Baron (Atlanta I), Artesano / Kraft Singles (Phoenix I), Farm Rich (Las Vegas I), Oscar Mayer / Heinz (Darlington I). What's next?",2026-03-20
t3_1s0d2e2,Buschwhacking built the modern Late 00s/2010s cup field and driver development was better for it. It was beneficial to the long term health of the sport. It produced the deepest generation of Cup Talent the sport has seen. And it needs to come back in full.,https://www.reddit.com/r/nascar/comments/1s0d2e2/,/u/Icy-Spring4607,2026-03-22 05:08:52+00:00,"Look at the Busch Series from roughly 2005 through 2010 and tell me that era hurt NASCAR's development pipeline with a straight face. You can't. Because what that era actually produced was the deepest generation of Cup talent the sport has seen in thirty years.

From 2006 to 2010, every single Busch/Nationwide Series champion was a Cup regular running the full schedule: Harvick, Carl Edwards, Clint Bowyer, Kyle Busch, and Brad Keselowski. Critics look at that stat and say ""see, Cup drivers are hogging the series."" But flip it around: those five drivers spent entire seasons grinding through a 35-race schedule in a lower series alongside hungry development guys, learning tracks, sharpening their own race craft, and being forced to execute at a level that no amount of Cup seat time alone could replicate. And every single development driver in the field... from Hamlin to Logano, Stenhouse, Bell, Chase, Larson, Byron the future contenders... had to figure out how to race against them. And Edwards/Harvick/Busch/Bowyer/etc... had to learn how to race against each other. That pressure wasn't hurting them. That was their education.

Keselowski is the clearest example. He came up racing against Harvick and Carl Edwards and Kyle Busch in the Nationwide Series regularly. Those weren't friendlies. Harvick was aggressive, Kyle Busch was dominant, and he had to learn. He took that education directly into Cup and became a championship caliber driver. You think that happens if his formative years were spent racing only against other developmental guys in a protected bubble? Not a chance.

Joey Logano is another one. Logano got to Cup young and it nearly broke him... he was raw, unpolished, and getting beaten by veterans every week. What fixed it wasn't more Cup experience alone. It was accumulating reps in the lower series against a mixed field, including veterans who had already solved the problems he was still struggling with. He went from a guy people were ready to write off to a three-time Cup champion. The lower series crossover was part of that transformation.

Then there's Kyle Busch himself. He is the all-time wins leader across NASCAR's top three divisions combined, a two-time Cup champion, and is widely regarded as one of the greatest drivers in the sport's history. He built that by racing everything, all the time, at every level available to him. His Busch Series dominance wasn't stealing anything from the series it was providing a live, in-race graduate seminar every Saturday for every development driver in the field. When you're 22 years old and you've had to dice with Kyle Busch in traffic on a short track for 50 laps, you come out the other side a measurably better racing driver. That is not theoretical. That is documented in results.

The sponsorship dimension of this conversation is also being completely ignored by the people who oppose crossover. Many NASCAR experts contend that without Cup drivers and the large amount of fan interest and sponsorship they attract, the series would cease to exist. This is not a small footnote. This is existential. When a sponsor is deciding whether to put money into an Xfinity car for a development driver, one of the calculations they're making is whether anyone will be watching. A Kyle Larson or Christopher Bell in the field on a Saturday dramatically raises the television audience, the social media footprint, and the perceived legitimacy of the event. That translates directly into sponsorship dollars and those dollars are what fund the rides that development drivers like Kvapil and Caruth are actually fighting over. The Cup star's presence isn't competing with those teams for money. In many cases it's generating the money that makes those teams viable in the first place.

The idea that development drivers need a sterile environment to grow is contradicted by every piece of evidence the Busch Series era left behind. Denny Hamlin didn't become one of the most technically refined racers of his generation by avoiding competition. Harvick didn't win a Cup championship at 38 by protecting himself from difficult races. They became elite because they spent years in environments where the margin for error was zero and the consequences of getting outworked were real and immediate.

Iron sharpens iron. It always has. The generation of Cup drivers who came of age in that late 2000s Busch Series era became the backbone of the sport for fifteen years precisely because they earned it the hard way... against each other, and against veterans who raised the standard of what elite NASCAR driving actually looked like.

So why again are fans so against this when the results genuinely show buschwhacking is BENEFICIAL to the long term health of the sport?",2026-03-22
t3_1s0yn20,Brad Keselowski and TylerReddick going for the win at Darlington. My bet is on Brad!,https://www.reddit.com/r/nascar/comments/1s0yn20/,/u/WickedSmile71,2026-03-22 21:58:42+00:00,Gooooo Brad ,2026-03-22
t3_1s11a5a,NASCAR Loop Data Stats through Goodyear 400,https://www.reddit.com/r/nascar/comments/1s11a5a/,/u/whoiswillo,2026-03-22 23:49:06+00:00,"Added Stage Points (by request). It is between Avg. Position and Pass Differential.

Erik Jones and Brad Keselowski the big movers this week. Logano, SVG, Gragson the big droppers. Added Justin Allgaier to the sheet as he has started 50% of the races this season. Will keep Bowman on the sheet unless something changes about future prognosis. ",2026-03-22
t3_1s1dp0j,"The Day After the Races - March 23, 2026",https://www.reddit.com/r/nascar/comments/1s1dp0j/,/u/NASCARThreadBot,2026-03-23 11:00:06+00:00,"Welcome to this week's Day After the Races thread! The dust has settled, the track has cooled, and the confetti's been swept.  With this weekend's activities over, what are your thoughts?  Here's a summary of the previous week's race(s):

---

[NCS](#theNCS)[](#trackDarlington) ***Goodyear 400 at Darlington Raceway***

**Elapsed Time**: 3:04:56 for 293 laps (400.24&nbsp;mi / 644.12&nbsp;km)

**Cautions**: 4 cautions for 26 laps

**Leaders**: 16 lead changes among 8 leaders (Brad Keselowski led most with 142)

**Stage 1**: Brad Keselowski at 90 Laps

**Stage 2**: Brad Keselowski at 185 Laps

**Race Winner**: Tyler Reddick at 293 Laps

[Current Standings at NASCAR.com](http://www.nascar.com/standings/nascar-cup-series)

**Race Threads**: [[Pre](/r/NASCAR/comments/1s0ntjo/prerace_discussion_thread_ncs_goodyear_400_at/)]:[[Race](/r/NASCAR/comments/1s0sh62/race_thread_ncs_goodyear_400_at_darlington/)]:[[Post](/r/NASCAR/comments/1s0z5x0/postrace_discussion_thread_ncs_goodyear_400_at/)]

---

[NORAPS](#theNORAPS)[](#trackDarlington) ***Sport Clips Haircuts VFW Help a Hero 200 at Darlington Raceway***

**Elapsed Time**: 1:47:09 for 147 laps (200.8&nbsp;mi / 323.16&nbsp;km)

**Cautions**: 3 cautions for 25 laps

**Leaders**: 5 lead changes among 3 leaders (Kyle Larson led most with 107)

**Stage 1**: Kyle Larson at 45 Laps

**Stage 2**: Kyle Larson at 90 Laps

**Race Winner**: Justin Allgaier at 147 Laps

[Current Standings at NASCAR.com](http://www.nascar.com/standings/nascar-oreilly-auto-parts-series)

**Race Threads**: [[Race](/r/NASCAR/comments/1s01wiq/race_thread_noraps_sport_clips_haircuts_vfw_help/)]:[[Post](/r/NASCAR/comments/1s05zyu/postrace_discussion_thread_noraps_sport_clips/)]

---

[NCTS](#theNCTS)[](#trackDarlington) ***Buckle Up South Carolina 200 at Darlington Raceway***

**Elapsed Time**: 2:12:39 for 157 laps (214.46&nbsp;mi / 345.14&nbsp;km)

**Cautions**: 9 cautions for 47 laps

**Leaders**: 14 lead changes among 8 leaders (Kaden Honeycutt led most with 59)

**Stage 1**: Christian Eckes at 45 Laps

**Stage 2**: Kaden Honeycutt at 90 Laps

**Race Winner**: Corey Heim at 157 Laps

[Current Standings at NASCAR.com](http://www.nascar.com/standings/nascar-craftsman-truck-series)

**Race Threads**: [[Race](/r/NASCAR/comments/1rzae1j/race_thread_ncts_buckle_up_south_carolina_200_at/)]:[[Post](/r/NASCAR/comments/1rzfh88/postrace_discussion_thread_ncts_buckle_up_south/)]",2026-03-23
t3_1s1lqzc,Cup Series drivers complimentary of new short-track package after Darlington,https://www.reddit.com/r/nascar/comments/1s1lqzc/,/u/TylerFortier_Photo,2026-03-23 16:30:38+00:00,"**Blaney**

>It left drivers with a “handful,” as Blaney described. “You could \[expletive\] the bed quickly if you were kind of rough on your stuff, which was good. So, that part was good. There was tons of fall off. I think you saw guys kind of get too much early, and then they were done.”

**Keselowski**

>“It was a lot of fun,” Brad Keselowski said. “The cars were a bear to drive. You really had to be careful. You couldn’t be a foot offline.”

**Byron**

>“Man, I was working hard in there,” said William Byron, who finished eighth. “That was tough. We’re still trying to figure things out with this body, but we definitely are making baby steps. That is just a tough race in general, though, but this No. 24 Raptor Chevy team fought hard.”

**Hocevar**

>“Our Chevy was good,” he said. “It didn’t feel crazy different \[with the rules package\], but it seemed like it was way different for everyone else, and we were able to pass a lot of cars. That was beneficial for us, for sure.”

**Preece**

>“I’d like to have the ability to do a tire test and see if we can tune in on a few things and get a little more aggressive on some wears and how soft they can be,” Preece said. “But I’ve loved what Goodyear has been doing this entire year, and really, what we’ve been doing for the Cup Series. It felt like once the tires got hot, you were, I don’t want to say stuck, but you were kind of up on top of the track.

**Herbst**

>“Most fun I’ve had in a cup car today! Running well, then got wrecked.”",2026-03-23
t3_1s1x4d0,"2026 LASTCAR Cup, Xfinity, and Truck Chase standings (After Darlington I)",https://www.reddit.com/r/nascar/comments/1s1x4d0/,/u/TIFUthebestSubreddit,2026-03-23 23:20:06+00:00,"Cup Series Chase standings (Race 6/26)

1) Cody Ware 225

2) Cole Custer 199

3) Chase Briscoe 188

4) Josh Berry 186

5) Todd Gilliland 177

6) Noah Gragson 175

7) Connor Zilisch 166

8) Ricky Stenhouse Jr 163

9) Ty Dillon 155

10) Austin Dillon 152

11) Austin Cindric 149

12) Kyle Busch 145

13) John Hunter Nemechek 143

14) Riley Herbst 140

15) Erik Jones 133

16) Shane van Gisbergen 131

_____________________________________________

17) BJ McLeod 128

18) Joey Logano 123

19) AJ Allmendinger 119

20) Zane Smith 118

21) Ross Chastain 117

22) Justin Allgaier 110

23) Carson Hocevar 104

24) Alex Bowman 103

25) Michael McDowell 103

26) Daniel Suarez 92

27) Ryan Preece 88

28) Kyle Larson 86

29) Ty Gibbs 78

30) Timmy Hill 76

31) Bubba Wallace 76

32) Christopher Bell 75

33) Chris Buescher 75

34) Brad Keselowski 74

35) William Byron 70

36) Denny Hamlin 61

37) Ryan Blaney 56

38) Chase Elliott 55

39) JJ Yeley 50

40) Anthony Alfredo 49

41) Casey Mears 42

42) Jimmie Johnson 34

43) Jesse Love 26

44) Tyler Reddick 24

45) Corey Heim 24

46) Austin Hill 24

47) Corey LaJoie 6

48) Chandler Smith 3

**___________________________**

O'Reilly Chase standings (Race 6/26)

1) Ryan Ellis 221

2) Nick Sanchez 199

3) Kyle Sieg 179

4) Blaine Perkins 177

5) Mason Maggio 175

6) Harrison Burton 175

7) Lavar Scott 158

8) Josh Bilicki 153

9) Joey Gase 141

10) Austin Green 147

11) Jeremy Clements 146

12) Dean Thompson 145

_____________________________________________

13) Nathan Byrd 134

14) Ryan Sieg 130

15) Patrick Staropoli 128

16) Austin J Hill 121

17) Anthony Alfredo 117

18) Sam Mayer 110

19) Jeb Burton 109

20) William Sawalich 107

21) Taylor Gray 105

22) Brennan Poole 94

23) Josh Williams 93

24) Rajah Caruth 92

25) Austin E Hill 79

26) Gio Ruggerio 78

27) Brandon Jones 75

28) Parker Retzlaff 75

29) Alex Labbe 71

30) Carson Kvapil 65


**___________________________**

Truck series Chase standings (Race 4/18)

1) Frankie Muniz 127

2) Josh Reaume 112

3) Mini Tyrell 111

4) Dawson Sutton 110

5) Tanner Gray 104

6) Spencer Boyd 103

7) Christian Eckes 100

8) Kris Wright 99

9) Ben Rhodes 93

10) Caleb Costner 86

_____________________________________________

11) Jake Garcia 86

12) Cole Butcher 86

13) Grant Enfinger 86

14) Daniel Hemric 85

15) Justin Carroll 82

16) Stewart Friesen 82

17) Tyler Ankrum 77

18) Wesley Slimp 75

19) Cleetus McFarland 75

20) Clayton Green 73

21) Ty Majeski 71

22) Layne Riggs 70

23) Brendan Queen 69

24) Andres Perez de Lara 67

25) Justin Haley 52

26) Timmy Hill 48

27) Carson Hocevar 58

28) Corey LaJoie 54

29) Derek White 49

30) Jason White 46",2026-03-23
t3_1s74lf9,brad k for hall of fame?,https://www.reddit.com/r/nascar/comments/1s74lf9/,/u/austiniden,2026-03-29 19:33:49+00:00,"with all the talk about who should or shouldn’t go in the hall of fame, what about Brad Keselowski? 1 championship, 36W,163T5,279T10",2026-03-29
t3_1s7pwud,Coming back to NASCAR after a long time away - give me some new favourite drivers to pull for!,https://www.reddit.com/r/nascar/comments/1s7pwud/,/u/AJV1Beta,2026-03-30 13:00:57+00:00,"So I first got into NASCAR back in 2001, and peaced out at the end of 2016. Having tangentially dipped back in here and there in the last ten years, I'm finally back into watching NASCAR week to week this year. As much as there's still quite a few folks active from my first go round, including an old favourite of mine AJ Allmendinger, I'm not very well up on a lot of the new guys who have come along, and especially the folks down in O'Reifinibuschwide or Trucks. 

So I'm open to suggestions, and I'd like to get to know some of the newer guys - pitch some new favourite drivers to me! 

For context on the kind of guys I pull for, my all-time favourite driver was Jeff Burton. Down-to-earth cool guy, well-respected in the garage, raced hard but generally clean, exactly my kind of guy. I also really liked Mark Martin, and retrospectively loved Darrell Waltrip - I say retrospectively, given I came into the sport just after he retired from driving. Other guys I really liked were Johnny Benson, Dave Blaney, Jerry Nadeau, Bobby Labonte, Greg Biffle (RIP), Marcos Ambrose, Tony Stewart, and Kurt Busch from 2014 onwards when he revived his career at SHR. I also used to hate Joey Logano and Kyle Busch, but I'm more ambivalent on them now - they're in the 'respected veterans' camp for me now, same as Denny Hamlin and Brad Keselowski.  

Most importantly, I \*love\* an underdog, and someone who's outperforming their equipment and/or not already established as a top driver with tonnes of wins/championships. I'm not really a fan of just glomming onto an already-super successful team/driver, and just one underdog win often means way more to me. Seeing Benson win his one Cup race at Rockingham 2002 was awesome, and I genuinely got choked up seeing AJ win Watkins Glen 2014. 

I've warmed towards Ryan Preece and Josh Berry for the moment, Preece for being a big Modifieds guy and Berry for being a sim racing head. And both of them drive for teams I really like in Roush/RFK and the Wood Brothers, so that helps. I've followed SVG since he debuted in V8 Supercars over 15 years ago, so of course I'm still firmly rooting for him too, and I really like Connor Zilisch having seen him race in person at the Rolex 24 in 2025. Carson Hocevar should tick most of those boxes, but his previous stunts mean I'm pretty split on him for now. We'll see, I might warm up to him. Meantime, the story of Sheldon Creed finishing 2nd so many times, only to \*finally\* win one, is the exact kind of redemption arc that I can get behind. ",2026-03-30
t3_1s840bu,Chase Elliott first ever “poached” win Sunday,https://www.reddit.com/r/nascar/comments/1s840bu/,/u/Technical_Ability_60,2026-03-30 21:30:45+00:00,"Since NASCAR implemented Stages in 2017, there have been 28 “poached wins” (wins with no stage points) by 18 different drivers with Chase Elliott adding his name to the list.

\* - shortened races

2017

\- Ryan Blaney - Pocono (14/36)

\- Kevin Harvick - Sonoma (16/36)

\- Ricky Stenhouse Jr. - Daytona (17/36)

\- Kasey Kahne - Indianapolis (20/36)

2018

\- Kyle Busch - Chicagoland (17/36)

\- **Kyle Busch (2) - Richmond (28/36)**

2019

\- Brad Keselowski - Atlanta (2/36)

\- Justin Haley - Daytona (18/36)\*

\- **Denny Hamlin - Bristol (24/36)**

2020

\- Austin Dillon - Texas (18/36)

\- **Kurt Busch - Las Vegas (30/36)**

**- Denny Hamlin (2) - Talladega (31/36)**

2021

\- A.J. Allmendinger - Indianapolis GP (24/36)

\- Ryan Blaney (2) - Michigan (25/36)

\- **Bubba Wallace - Talladega (31/36)\***

2022

\- Denny Hamlin (3) - Richmond (7/36)

\- Joey Logano - Gateway (15/36)

\- **Christopher Bell - Charlotte Roval (32/36)**

2023

\- Kyle Busch (3) - Talladega (10/36)

\- Chris Buescher - (Daytona 26/36)

2024

\- Joey Logano (2) - Nashville (19/36)

\- Tyler Reddick - Michigan (24/36)

\- Harrison Burton - Daytona (25/36)

\- **Chris Buescher (2) - Watkins Glen (28/36)**

**- Ross Chastain - Kansas (30/36)**

2025

\- Christopher Bell (2) - Atlanta (2/36)

**- Christopher Bell (3) - Bristol (30/36)**

2026

\- Chase Elliott - Martinsville (7/36)",2026-03-30
t3_1s871bw,2026 LASTCAR Cup & Xfinity Chase standings (after Martinsville I),https://www.reddit.com/r/nascar/comments/1s871bw/,/u/TIFUthebestSubreddit,2026-03-30 23:32:32+00:00,"Cup Series Chase standings (Race 7/26)

1) Cody Ware 276

2) Cole Custer 238

3) Noah Gragson 210

4) Ricky Stenhouse Jr 205

5) Todd Gilliland 201

6) Chase Briscoe 201

7) Ty Dillon 201

8) Connor Zilisch 198

9) Josh Berry 195

10) John Hunter Nemechek 189

11) Austin Dillon 179

12) Riley Herbst 175

13) Kyle Busch 174

14) Austin Cindric 156

15) Erik Jones 153

16) Zane Smith 151

_____________________________________________

17) AJ Allmendinger 150

18) Shane van Gisbergen 141

19) Ross Chastain 132


20) Justin Allgaier 131

21) BJ McLeod 128

22) Joey Logano 125

23) Carson Hocevar 120

24) Michael McDowell 120

25) Bubba Wallace 111

26) Daniel Suarez 111

27) Alex Bowman 103

28) Ryan Preece 99

29) Kyle Larson 94

30) Chris Buescher 93

31) Brad Keselowski 86

32) Ty Gibbs 81

33) Christopher Bell 81

34) Timmy Hill 76

35) William Byron 74

36) Austin Hill 71

37) Denny Hamlin 62

38) Ryan Blaney 61

39) Chase Elliott 56

40) JJ Yeley 50

41) Anthony Alfredo 49

42) Casey Mears 42

43) Tyler Reddick 38

44) Jimmie Johnson 34

45) Jesse Love 26

46) Corey Heim 24

47) Corey LaJoie 6

48) Chandler Smith 3

**___________________________**

O'Reilly Chase standings (Race 7/26)

1) Ryan Ellis 260

2) Nick Sanchez 226

3) Kyle Sieg 213

4) Josh Bilicki 200

5) Harrison Burton 195

6) Blaine Perkins 193

7) Jeremy Clements 191

8) Joey Gase 189

9) Lavar Scott 182

10) Austin Green 175

11) Mason Maggio 175

12) Anthony Alfredo 164

_____________________________________________

13) Dean Thompson 151

14) Patrick Staropoli 144

15) Ryan Sieg 141

16) Jeb Burton 137

17) Nathan Byrd 133

18) Sam Mayer 131

19) Josh Williams 128

20) William Sawalich 125

21) Austin J Hill 121

22) Taylor Gray 116

23) Rajah Caruth 115

24) Brennan Poole 106

25) Garrett Smithley 100

26) Carson Kvapil 91

27) Brandon Jones 91

28) Austin E Hill 84

29) Parker Retzlaff 84

30) Alex Labbe 71",2026-03-30
t3_1skpbrf,"2026 LASTCAR Cup, Xfinity, and Truck Chase Standings (After Bristol I)",https://www.reddit.com/r/nascar/comments/1skpbrf/,/u/TIFUthebestSubreddit,2026-04-13 21:52:52+00:00,"Cup Series Chase standings (Race 8/26)

1) Cody Ware 314

2) Cole Custer 277

3) Ty Dillon 237

4) Noah Gragson 235

5) John Hunter Nemechek 234

6) Connor Zilisch 231

7) Josh Berry 226

8) Ricky Stenhouse Jr 221

9) Todd Gilliland 210

10) Chase Briscoe 205

11) Kyle Busch 198

12) Austin Dillon 196

13) Riley Herbst 195

14) Shane van Gisbergen 191

15) Erik Jones 175

16) Austin Cindric 171

_____________________________________________

17) Alex Bowman 169

18) Zane Smith 169

19) AJ Allmendinger 164

20) Ross Chastain 151

21) Michael McDowell 143

22) Justin Allgaier 131

23) Joey Logano 131

24) Carson Hocevar 129

25) BJ McLeod 128

26) Daniel Suarez 122

27) Bubba Wallace 121

28) William Byron 117

29) Christopher Bell 113

30) Ryan Preece 106

31) Chris Buescher 105

32) Brad Keselowski 99

33) Kyle Larson 96

34) Ty Gibbs 82

35) Chase Elliott 77

36) Timmy Hill 76

37) Austin Hill 71

38) Denny Hamlin 70

39) Ryan Blaney 62

40) Chad Finchum 52

41) JJ Yeley 50

42) Anthony Alfredo 49

43) Casey Mears 42

44) Tyler Reddick 41

45) Jimmie Johnson 34

46) Jesse Love 26

47) Corey Heim 24

48) Corey LaJoie 6

49) Chandler Smith 3

**___________________________**

O'Reilly Chase standings (Race 9/26)

1) Ryan Ellis 321

2) Joey Gase 280

3) Kyle Sieg 271

4) Josh Bilicki 260

5) Austin Green 255

6) Blaine Perkins 234

7) Jeremy Clements 227

8) Nick Sanchez 226

9) Lavar Scott 225

10) Harrison Burton 224

11) Mason Maggio 222

12) Anthony Alfredo 220

_____________________________________________

13) Sam Mayer 214

14) Garrett Smithley 213

15) Dean Thompson 203

16) Patrick Staropoli 203

17) Josh Williams 186

18) Jeb Burton 166

19) Ryan Sieg 157

20) Nathan Byrd 154

21) Brennan Poole 134

22) William Sawalich 131

23) Rajah Caruth 129

24) Taylor Gray 129

25) Austin J Hill 121

26) Austin E Hill 112

27) Brandon Jones 109

28) Dawson Cram 100

29) Carson Kvapil 97

30) Parker Retzlaff 97


**___________________________**

Truck series Chase standings (Race 6/18)

1) Frankie Muniz 224

2) Clayton Green 184

3) Spencer Boyd 177

4) Mini Tyrell 158

5) Kris Wright 158

6) Andres Perez de Lara 143

7) Timmy Hill 140

8) Tanner Gray 140

9) Dawson Sutton 136

10) Caleb Costner 132

_____________________________________________

11) Cole Butcher 124

12) Grant Enfinger 124

13) Ben Rhodes 122

14) Daniel Hemric 121

15) Christian Eckes 118

16) Josh Reaume 112

17) Chandler Smith 109

18) Brenden Queen 108

19) Ty Majeski 102

20) Stewart Friesen 102

21) Carson Hocevar 101

22) Jake Garcia 101

23) Tyler Ankrum 96

24) Layne Riggs 95

25) Justin Haley 94

26) Corey LaJoie 90

27) Adam Andretti 88

28) Justin Carroll 82

29) Cleetus McFarland 75

30) Wesley Slimp 75",2026-04-13
t3_1sr4bof,2026 LASTCAR Cup & O'Reilly Chase standings (After Kansas I),https://www.reddit.com/r/nascar/comments/1sr4bof/,/u/TIFUthebestSubreddit,2026-04-20 21:54:05+00:00,"Cup Series Chase standings (Race 9/26)

1) Cody Ware 388

2) Cole Custer 306

3) Ty Dillon 280

4) Connor Zilisch 270

5) Noah Gragson 269

6) John Hunter Nemechek 261

7) Josh Berry 252

8) Ricky Stenhouse Jr 241

9) Kyle Busch 239

10) Shane van Gisbergen 231

11) Todd Gilliland 226

12) AJ Allmendinger 213

13) Austin Dillon 211

14) Zane Smith 209

15) Riley Herbst 208

16) Chase Briscoe 207

_____________________________________________

17) Erik Jones 199

18) Alex Bowman 186

19) Michael McDowell 184

20) Austin Cindric 182

21) Ross Chastain 177

22) Joey Logano 161

23) Carson Hocevar 141

24) Daniel Suarez 140

25) Christopher Bell 132

26) Justin Allgaier 131

27) BJ McLeod 128

28) Bubba Wallace 125

29) William Byron 123

30) Ryan Preece 116

31) Chris Buescher 1114

32) Brad Keselowski 104

33) Kyle Larson 97

34) Ty Gibbs 90

35) Ryan Blaney 85

36) Chase Elliott 84

37) Timmy Hill 76

38) Denny Hamlin 73

39) Austin Hill 71

40) Chad Finchum 52

41) JJ Yeley 50

42) Anthony Alfredo 49

43) Tyler Reddick 42

44) Casey Mears 42

45) Corey Heim 38

46) Jimmie Johnson 34

47) Jesse Love 26

48) Corey LaJoie 6

49) Chandler Smith 3

**___________________________**

O'Reilly Chase standings (Race 10/26)

1) Ryan Ellis 342

2) Joey Gase 307

3) Austin Green 291

4) Josh Bilicki 287

5) Kyle Sieg 285

6) Mason Maggio 260

7) Blaine Perkins 256

8) Anthony Alfredo 252

9) Harrison Burton 251

10) Lavar Scott 243

11) Jeremy Clements 241

12) Nick Sanchez 226

_____________________________________________

13) Sam Mayer 222

14) Patrick Staropoli 216

15) Dean Thompson 213

16) Garrett Smithley 213

17) Josh Williams 202

18) Ryan Sieg 181

19) Nathan Byrd 179

20) Jeb Burton 178

21) Carson Kvapil 172

22) Austin E Hill 159

23) William Sawalich 153

24) Brennan Poole 152

25) Parker Retzlaff 150

26) Rajah Caruth 149

27) Dawson Cram 134

28) Blake Lothian 133

29) Taylor Gray 130

30) Austin J Hill 121",2026-04-20
t3_1sunb5u,MRN Radio talking to drivers during the pace laps,https://www.reddit.com/r/nascar/comments/1sunb5u/,/u/Zealousideal-Yam-131,2026-04-24 18:03:44+00:00,I’m currently listening to MRN Classic Races; the 2015 GEICO 500 and during the pre race pace lap; Joe Moore was talking to Brad Keselowski via the radio in the booth; and it got me wondering why did they stop doing; it was so nostalgic to hear them doing it before the race broadcast; now only the tv broadcast does it. MRN please bring it back!!!!!,2026-04-24
t3_1sxh4lm,What are some of the best/worst forgotten heartbreaks in NASCAR?,https://www.reddit.com/r/nascar/comments/1sxh4lm/,/u/Powerful-Chard-6055,2026-04-27 21:19:24+00:00,"in 2013 at Richmond, the 1,000th race in the secondary series, in shades of Austin Dillon, Brian Scott had a rocket ship. He led non stop for nearly all the race. Matt Kenseth would occasionally get close, but never sealed the deal. Brian was unstoppable. Then NASCAR made one of the dumbest decisions in its history. The caution was called for the “incident” pictured with Hal Martin. Brian, however, held the lead off the restart. then another crash. Brian holds on. Then one more. The young driver finally succumbs to Brad Keselowski on the final restart, leading all but 11 laps on the night. Brian would’ve made history by being only the second to ever lead all leaps in their first win, the first driver in around 18 races to win that hadn’t been in a cup car that weekend, and he would’ve won the series’ 1000th race. but this was taken away due to a bs call. Brian would never win in the top two series, despite having two truck wins, and, between the top two series, 6 poles, 80 top 10s, 22 top 5s, and 668 laps led.",2026-04-27
t3_1sxivk2,2026 LASTCAR Cup & O'Reilly Chase standings (after Talladega I),https://www.reddit.com/r/nascar/comments/1sxivk2/,/u/TIFUthebestSubreddit,2026-04-27 22:26:56+00:00,"Cup Series Chase standings (Race 10/26)

1) Cody Ware 388

2) Cole Custer 306

3) Ty Dillon 280

4) Connor Zilisch 270

5) Noah Gragson 269

6) John Hunter Nemechek 261

7) Josh Berry 252

8) Ricky Stenhouse Jr 241

9) Kyle Busch 239

10) Shane van Gisbergen 231

11) Todd Gilliland 226

12) AJ Allmendinger 213

13) Austin Dillon 211

14) Zane Smith 209

15) Riley Herbst 208

16) Chase Briscoe 207

_____________________________________________

17) Erik Jones 199

18) Alex Bowman 186

19) Michael McDowell 184

20) Austin Cindric 182

21) Ross Chastain 177

22) Joey Logano 161

23) Bubba Wallace 163

24) Kyle Larson 162

25) William Byron 158

26) Daniel Suarez 148

27) Christopher Bell 145

28) Carson Hocevar 142

29) Brad Keselowski 134

30) Justin Allgaier 131

31) Ryan Preece 130

32) BJ McLeod 128

33) Ryan Blaney 125

34) Ty Gibbs 122

35) Chris Buescher 115

36) Denny Hamlin 90

37) Chase Elliott 85

38) Chad Finchum 84

39) Timmy Hill 76

40) Austin Hill 71

41) Tyler Reddick 52

42) JJ Yeley 50

43) Anthony Alfredo 49

44) Jesse Love 49

45) Casey Mears 42

46) Corey Heim 38

47) Joey Gase 36

48) Jimmie Johnson 34

49) Daniel Dye 27

50) Corey LaJoie 6

51) Chandler Smith 3

**___________________________**

O'Reilly Chase standings (Race 11/26)

1) Ryan Ellis 342

2) Joey Gase 307

3) Austin Green 291

4) Josh Bilicki 287

5) Kyle Sieg 285

6) Anthony Alfredo 281

7) Mason Maggio 280

8) Harrison Burton 276

9) Patrick Staropoli 269

10) Lavar Scott 267

11) Blaine Perkins 266

12) Sam Mayer 245

_____________________________________________

13) Jeremy Clements 244

14) Garrett Smithley 241

15) Josh Williams 235

16) Nick Sanchez 226

17) Dean Thompson 217

18) Jeb Burton 202

19) Ryan Sieg 200

20) Carson Kvapil 192

21) William Sawalich 179

22) Nathan Byrd 179

23) Rajah Caruth 177

24) Dawson Cram 176

25) Austin Hill 170

26) Brennan Poole 166

27) Taylor Gray 157

28) Parker Retzlaff 157

29) Blake Lothian 133

30) Brandon Jones 122",2026-04-27
t3_1sxm4zp,"After Race 10 in Talladega, here is what the cup series points would look like IF we still had win and your in with the CURRENT point system.",https://www.reddit.com/r/nascar/comments/1sxm4zp/,/u/Suspicious-Dust-6628,2026-04-28 00:44:35+00:00,"1. Tyler Reddick WIN(x5)  
2. Denny Hamlin WIN  
3. Ryan Blaney WIN  
4. Chase Elliott WIN  
5. TY Gibbs WIN  
6. Carson Hocevar WIN  
7. Kyle Larson +93  
8. Chris Buescher +87  
9. Christopher Bell +68  
10. Brad Keselowski +57  
11. William Byron +55  
12. Bubba Wallace +54  
13. Ryan Preece +47  
14. Daniel Suarez +13  
15. Joey Logano +12  
16. Austin Cindric +4  
\--------------------------------------------------------------------------  
17. Chase Briscoe -4  
18. Ross Chastain -21  
19. Shane Van Gisbergen -31  
20. Zane Smith -43  
21. AJ Allmendinger -43  
22. Todd Gilliland -45  
23. Michael McDowell -47  
24. Austin Dillion -63  
25. Ricky Stenhouse Jr -65  
26. Erik Jones -65  
27. Kyle Busch -66  
28. Josh Berry -79  
29. Riley Herbst -82  
30. Noah Gragson -82  
31. John Hunter Nemechek -85  
32. TY Dillion -104  
33. Connor Zilisch -124  
34. Cole Custer -138  
35. Cody Ware -142  
36. Alex Bowman -147",2026-04-28
t3_1sy3e49,NASCAR Texas – Würth 400 Early Betting Value (Pre-Practice/Qualifying),https://www.reddit.com/r/nascar/comments/1sy3e49/,/u/JPfiffy30,2026-04-28 14:41:52+00:00,"Hello everybody, been digging into Texas this week to find early value before practice/qualifying shifts the board. Here’s what I’ve locked in so far:

|Driver|Bet|Odds|
|:-|:-|:-|
|Larson|Win - 0.5u|\+600|
|Keselowski|Win - 0.25u|\+3500|
|Keselowski|Top 10 - 1u|\+165|
|Wallace|Top 10 - 1u|\-105|

**Outright Bets:**

Kyle Larson +600

* Best driver rating at Texas in the Next Gen era
* Feels fairly priced, but likely shortens if he shows speed in practice
* 2 top 10s already on 1.5-mile tracks this season

Brad Keselowski +3500

* 3 top 10s in 4 Texas races in the Next Gen era
* Only miss was due to a crash
* 2 top 10s already on 1.5-mile tracks this season
* Long number for a driver with legit top 5/top 10 consistency here

**Placement Bets**

Brad Keselowski Top 10 +165 (same reasoning as Outright)

Bubba Wallace Top 10 -105

* 2 top 10s in 4 Texas races (Next Gen)
* 2 top 10s already on 1.5-mile tracks this season
* Solid floor play around even money

Will definitely be adding to the card after P&Q once we see speed data. Curious who everyone else is on this week.",2026-04-28
t3_1t1t4r9,"[SiriusXM NASCAR Radio] “We can’t control the fact that someone has to be willing to sell it first, so we’ll let the cards play out.” Brad Keselowski on the state of charters as RFK Racing tries to find a third one for the 2027 season and beyond.",https://www.reddit.com/r/nascar/comments/1t1t4r9/,/u/CNASFan1992,2026-05-02 15:34:27+00:00,,2026-05-02
t3_1t1t5nj,[Crandall] RFK Racing coming up empty on its charter hunt,https://www.reddit.com/r/nascar/comments/1t1t5nj/,/u/[deleted],2026-05-02 15:35:24+00:00,[deleted],2026-05-02
t3_1t3awku,Early 2027 Silly Season Predictions,https://www.reddit.com/r/nascar/comments/1t3awku/,/u/Technical_Ability_60,2026-05-04 07:43:43+00:00,"***Unchanged Teams:***  
\- Hendrick Motorsports  
\- Joe Gibbs Racing  
\- Team Penske  
\- Trackhouse Racing  
\- RFK Racing  
\- Wood Brothers Racing  
\- Hyak Motorsports  
\- Haas Factory Team

***Drivers Leaving Cup:***  
\- Michael McDowell (retirement)  
\- A.J. Allmendinger (retirement/part-time)  
\- Cody Ware (#51 charter sold; could still run part-time)

***The Movers***:  
\- Kyle Busch -> #71 Spire Motorsports; 1 year  
Why?: change of scenery in hopes of Gabehart helping return KB closer to early 2023 KB

\- Noah Gragson -> #16 Kaulig Racing; 2 years  
Why?: returns to familiar equipment he ran part-time with in 2022; could be the personality Dodge/Ram look for potential in Cup return

\- Jesse Love -> #8 Richard Childress Racing; multi-year  
Why?: high ceiling and the face of RCR’s rebuild

\- Corey Heim -> #35 23XI Racing; multi-year  
Why?: I feel this is almost all but confirmed at this point

\- Riley Herbst -> #84 Legacy Motor Club; 2 years  
Why?: brings Monster Energy but he has shown improvement this season

\- Chandler Smith -> #4 Front Row Racing; 1 year  
Why?: already in the FRM pipeline and has some experience in the Gen 7. Could be given to Layne Riggs but I think Chandler’s experience gives him the nod.",2026-05-04
t3_1t3w1ca,"2026 LASTCAR Cup, Xfinity, and Truck Chase standings (After Texas)",https://www.reddit.com/r/nascar/comments/1t3w1ca/,/u/TIFUthebestSubreddit,2026-05-04 21:55:05+00:00,"Cup Series Chase standings (Race 11/26)

1) Cody Ware 443

2) Cole Custer 396

3) Ty Dillon 316

4) Josh Berry 313

5) Connor Zilisch 307

6) Noah Gragson 302

7) John Hunter Nemechek 298

8) Todd Gilliland 274

9) Kyle Busch 263

10) Shane van Gisbergen 262

11) Ricky Stenhouse Jr 260

12) Chase Briscoe 258

13) Riley Herbst 252

14) AJ Allmendinger 249

15) Joey Logano 248

16) Austin Dillon 246

_____________________________________________

17) Michael McDowell 238

18) Zane Smith 237

19) Erik Jones 228

20) Christopher Bell 219

21) Ross Chastain 204

22) Austin Cindric 204

23) Kyle Larson 199

24) Alex Bowman 188

25) Bubba Wallace 170

26) William Byron 164

27) Ty Gibbs 163

28) Daniel Suarez 152

29) Carson Hocevar 147

30) Brad Keselowski 145

31) Ryan Preece 142

32) Ryan Blaney 133

33) Chad Finchum 132

34) Justin Allgaier 131

35) BJ McLeod 128

36) Chris Buescher 118

37) Denny Hamlin 91

38) Chase Elliott 86

39) Timmy Hill 76

40) Austin Hill 71

41) Corey Heim 67

42) Tyler Reddick 54

43) JJ Yeley 50

44) Anthony Alfredo 49

45) Jesse Love 49

46) Casey Mears 42

47) Joey Gase 36

48) Jimmie Johnson 34

49) Daniel Dye 27

50) Corey LaJoie 6

51) Chandler Smith 3

**___________________________**

O'Reilly Chase standings (Race 12/26)

1) Ryan Ellis 402

2) Joey Gase 357

3) Austin Green 346

4) Kyle Sieg 333

5) Josh Bilicki 326

6) Mason Maggio 321

7) Harrison Burton 296

8) Anthony Alfredo 291

9) Blaine Perkins 289

10) Lavar Scott 284

11) Patrick Staropoli 284

12) Garrett Smithley 276

_____________________________________________

13) Dawson Cram 252

14) Jeremy Clements 252

15) Josh Williams 251

16) Sam Mayer 246

17) Jeb Burton 234

18) Dean Thompson 231

19) Nick Sanchez 226

20) Ryan Sieg 212

21) Rajah Caruth 209

22) Carson Kvapil 201

23) Taylor Gray 194

24) William Sawalich 192

25) Brennan Poole 184

26) Nathan Byrd 179

27) Austin Hill 175

28) Parker Retzlaff 160

29) Corey Day 134

30) Blake Lothian 133


**___________________________**

Truck series Chase standings (Race 7/18)

1) Frankie Muniz 260

2) Clayton Green 213

3) Spencer Boyd 202

4) Kris Wright 197

5) Cole Butcher 189

6) Mini Tyrell 180

7) Andres Perez de Lara 174

8) Caleb Costner 171

9) Tanner Gray 169

10) Grant Enfinger 157

_____________________________________________

11) Dawson Sutton 153

12) Josh Reaume 143

13) Timmy Hill 140

14) Corey LaJoie 133

15) Jake Garcia 131

16) Christian Eckes 129

17) Daniel Hemric 129

18) Ben Rhodes 128

19) Brenden Queen 127

20) Justin Haley 122

21) Stewart Friesen 122

22) Chandler Smith 120

23) Tyler Ankrum 112

24) Ty Majeski 112

25) Carson Hocevar 103

26) Layne Riggs 102

27) Adam Andretti 88

28) Justin Carroll 82

29) Kaden Honeycutt 79

30) Cleetus McFarland 75",2026-05-04
t3_1t4k79r,Brad Keselowski and Jeff Gordon rememoring Texas 2014,https://www.reddit.com/r/nascar/comments/1t4k79r/,/u/Wooden-Response-4342,2026-05-05 16:17:57+00:00,,2026-05-05
t3_1t4ng9t,"[DeGroot] Looking back at some footage from the NASCAR weekend, and saw something interesting:

One lap before the Nemechek clash, Kyle Busch had a similar run-in with Brad Keselowski but saved it.",https://www.reddit.com/r/nascar/comments/1t4ng9t/,/u/thebigtymer,2026-05-05 18:08:23+00:00,Cue the guy with the GIFs... seems someone is either lacking depth perception and/or ignoring his spotter.,2026-05-05
t3_1t4pn07,Joey Logano or Brad Keselowski : Who had the best career ( so far ),https://www.reddit.com/r/nascar/comments/1t4pn07/,/u/DuGoat-Antoine,2026-05-05 19:24:33+00:00,"I know Logano has 3 ""championships"", but we might agree that he won 2 of those aren't the most deserved ( 2022 and 2024, especially this last one when he had an average finish of 17th ) 

Keselowski, on the other hand, has only 1 championship, but won it in the Chase era, against prime Jimmie Jonshon in 2012, what makes it a difficult championship to earn, in an era where consistency was key 

so, despite 2 championship of difference, I think there is a debate

  
here are the career stats : 

Keselowski -> 604 starts / 36 Wins / 163 top5's / 280 top10's / 451 Top20's / 9,948 laps led / 14.4 average finish

  
Logano     ->  626 starts / 37 Wins / 173 Top5's / 303 Top10's / 449 Top20's / 9,581 laps led / 14.4 average finish

  
In fact, their statistics are really close, much more than I expected

taking in consideration that keselowski moved to RFK in 2022, and struggled at the beginning

",2026-05-05
t3_1t4pnnz,Joey Logano or Brad Keselowski : Who had the best career ( so far ),https://www.reddit.com/r/nascar/comments/1t4pnnz/,/u/DuGoat-Antoine,2026-05-05 19:25:11+00:00,[removed],2026-05-05
t3_1t5ajfw,Updated DVP Rule and the Importance of Scoring Points,https://www.reddit.com/r/nascar/comments/1t5ajfw/,/u/BlissfullyInaware,2026-05-06 11:49:45+00:00,"So far through the first 11 races of this season, there has been 17 instances(that I have been able to track) where the 2025 DVP rules have allowed a team to return to the race track after making repairs to their car from crash damage, they are:

1. Connor Zilisch, Daytona 500 (Finished 5 Laps down)  
2. Chase Briscoe, Daytona 500 (Finish 12 Laps down)  
3. Austin Dillon, Daytona 500 (Retired Lap 137)  
4. Riley Herbst, Spring Atlanta (Finished 114 Laps down)  
5. Ross Chastain, Spring Phoenix (Finished 26 Laps down)  
6. Zane Smith, Spring Martinsville (Finished 29 Laps down)  
Connor Zilisch, Spring Bristol (Finished 22 Laps down)  
8. Shane van Gisbergen, Spring Bristol (Finished 165 Laps down)  
9. John Hunter Nemechek, Spring Bristol (Finished 176 Laps down)  
10. Chad Finchum, Spring Talladega (Finished 6 Laps down)  
11. Chase Briscoe, Spring Talladega (Finished 8 Laps down)  
12. Joey Gase, Spring Talladega (Finished 11 Laps down)  
13. Brad Keselowski, Spring Talladega (Finished 22 Laps down)  
14. Michael McDowell, Spring Talladega (Finished 39 Laps down)  
15. Josh Berry, Spring Talladega (Retired Lap 124)  
16. Kyle Larson, Texas (Finished 87 Laps down)  
17. Cole Custer, Texas (Finished 94 Laps down)

To put this into perspective, last year when the DVP rules were updated, there were 17 instances total through the entire regular season(26 races) that a car returned to the race track using the updated DVP rules related to crash damage.

This uptick in DVP usage has come at the same time the Chase format was introduced, where scoring points is as important as it has been in over a decade. So seemingly a lot of teams on the bubble for the chase, or outside the chase are trying to score extra points and gather data at tracks that will appear in the chase.

Just thought it would be cool to share this information. If there is anything other than how drivers have been racing a bit more sensibly this year than in past years points-wise, it's the fact that teams that otherwise would've been down and out for the race work hard to get the cars fixed any way possible.",2026-05-06
t3_1t5duj4,Brad Keselowski’s 2026 Modelo Paint Scheme For Watkins Glen,https://www.reddit.com/r/nascar/comments/1t5duj4/,/u/Dmacthegoat,2026-05-06 14:02:06+00:00,[https://x.com/RFKracing/status/2052025730259698014?s=20](https://x.com/RFKracing/status/2052025730259698014?s=20),2026-05-06
t3_1t6nfn8,RFK Racing will appeal the penalty against Ryan Preece [RFK Racing on X],https://www.reddit.com/r/nascar/comments/1t6nfn8/,/u/Comfortable_Rock4877,2026-05-07 21:03:10+00:00,https://x.com/rfkracing/status/2052493675335127528?s=46,2026-05-07
t3_1t7qrjz,Notice anything interesting in the 2022 iracing eNASCAR series roster?,https://www.reddit.com/r/nascar/comments/1t7qrjz/,/u/TheFineMantine,2026-05-09 01:21:47+00:00,RFK racing stacked,2026-05-09
t3_1t8cd3u,[BOB] Brad Keselowski on the Ryan Preece penalty and how his appeal could impact the line on retaliation or what a driver says on the radio:,https://www.reddit.com/r/nascar/comments/1t8cd3u/,/u/Equivalent_Dish_1990,2026-05-09 18:10:13+00:00,,2026-05-09
t3_1ta7sbq,"After Sunday’s race, there are now 3 active drivers who have won in 3 different car numbers in their career; can you name all 3?",https://www.reddit.com/r/nascar/comments/1ta7sbq/,/u/Juventus7shop,2026-05-11 16:06:50+00:00,"Of course, SVG is the newest addition to this list, having won on his debut in the #91, taking 5 victories last year in the #88, and now bringing the #97 back to victory lane. 

The other two to do it? Kyle Busch got his first 4 wins in the #5 during his Hendrick seasons, racked up 56 wins during his lengthy tenure in the #18, and has so far added 3 more in the #8. Meanwhile, Brad Keselowski scored 34 of his 36 career victories in the #2, but he’s visited Victory Lane once each in the #6 (his lone win so far at RFK) and in the #09 (his first win at the famous Dega finish where Carl flew into the fence). 

There are a handful of other active drivers who have won in 2 different numbers (Logano, Larson, Blaney, Reddick, Bowman, Buescher, Briscoe, Stenhouse, Jones, and Wallace), but all of them are currently driving numbers they’ve already won in, so we may have to wait a bit for the next addition to this list. ",2026-05-11
t3_1taih4x,"2026 LASTCAR Cup, Xfinity, and Truck Chase standings (after Watkins Glen)",https://www.reddit.com/r/nascar/comments/1taih4x/,/u/TIFUthebestSubreddit,2026-05-11 22:20:19+00:00,"Cup Series Chase standings (Race 12/26)

1) Cody Ware 478

2) Cole Custer 411

3) Josh Berry 358

4) Ty Dillon 355

5) Noah Gragson 331

6) Connor Zilisch 325

7) John Hunter Nemechek 312

8) Joey Logano 303

9) Todd Gilliland 298

10) Ricky Stenhouse Jr 289

11) Riley Herbst 279

12) Michael McDowell 276

13) Kyle Busch 269

14) Shane van Gisbergen 263

15) Chase Briscoe 260

16) Zane Smith 259

_____________________________________________

17) AJ Allmendinger 254

18) Austin Dillon 250

19) Erik Jones 246

20) Christopher Bell 239

21) Ross Chastain 229

22) Kyle Larson 223

23) Alex Bowman 215

24) Austin Cindric 211

25) William Byron 208

26) Bubba Wallace 197

27) Brad Keselowski 145

28) Ty Gibbs 164

29) Daniel Suarez 163

30) Ryan Preece 159

31) Carson Hocevar 148

32) Ryan Blaney 142

33) Chad Finchum 132

34) Justin Allgaier 131

35) BJ McLeod 128

36) Chris Buescher 128

37) Chase Elliott 108

38) Denny Hamlin 105

39) Timmy Hill 76

40) Austin Hill 71

41) Corey Heim 67

42) Tyler Reddick 57

43) JJ Yeley 50

44) Anthony Alfredo 49

45) Jesse Love 49

46) Katherine Legge 45

47) Casey Mears 42

48) Joey Gase 36

49) Jimmie Johnson 34

50) Daniel Dye 27

51) Josh Bilicki 26

52) Corey LaJoie 6

53) Chandler Smith 3

**___________________________**

O'Reilly Chase standings (Race 13/26)

1) Ryan Ellis 448

2) Kyle Sieg 363

3) Patrick Staropoli 359

4) Joey Gase 357

5) Austin Green 353

6) Josh Bilicki 346

7) Mason Maggio 321

8) Lavar Scott 313

9) Anthony Alfredo 313

10) Blaine Perkins 313

11) Harrison Burton 311

12) Jeremy Clements 291

_____________________________________________

13) Garrett Smithley 276

14) Dean Thompson 269

15) Jeb Burton 264

16) Sam Mayer 257

17) Dawson Cram 252

18) Josh Williams 251

19) William Sawalich 242

20) Ryan Sieg 233

21) Nick Sanchez 226

22) Rajah Caruth 219

23) Carson Kvapil 216

24) Brennan Poole 202

25) Taylor Gray 195

26) Austin Hill 184

27) Nathan Byrd 179

28) Parker Retzlaff 165

29) Corey Day 147

30) Blake Lothian 133


**___________________________**

Truck series Chase standings (Race 8/18)

1) Frankie Muniz 260

2) Cole Butcher 236

3) Kris Wright 226

4) Clayton Green 213

5) Tanner Gray 204

6) Spencer Boyd 202

7) Grant Enfinger 194

8) Mini Tyrell 191

9) Andres Perez de Lara 187

10) Ben Rhodes 178

_____________________________________________

11) Dawson Sutton 172

12) Caleb Costner 171

13) Timmy Hill 168

14) Christian Eckes 145

15) Corey LaJoie 145

16) Justin Haley 145

17) Josh Reaume 143

18) Jake Garcia 142

19) Stewart Friesen 141

20) Ty Majeski 140

21) Brenden Queen 136

22) Carson Hocevar 134

23) Daniel Hemric 133

24) Tyler Ankrum 129

25) Chandler Smith 128

26) Layne Riggs 123

27) Adam Andretti 121

28) Wesley Slimp 120

29) Tyler Reif 88

30) Gio Ruggerio 87",2026-05-11
t3_1td1cpe,"(Bianchi) ""an in-depth look at Silly Season with updates on Kyle Busch and Richard Childress Racing, RFK Racing, Hendrick Motorsports, Corey Heim, Riley Herbst and much more.""",https://www.reddit.com/r/nascar/comments/1td1cpe/,/u/BillyBlatterJuc,2026-05-14 15:19:26+00:00,,2026-05-14
t3_1tf8gjx,"[Brad Keselowski on X]: IMO Danica Patrick
 was by a large margin the Best female race car driver of all time. It’s an absolute shame she doesn’t get more credit or recognition from the racing community.",https://www.reddit.com/r/nascar/comments/1tf8gjx/,/u/[deleted],2026-05-16 23:09:47+00:00,[deleted],2026-05-16
t3_1tf8ho2,[Brad Keselowski on X]: IMO Danica Patrick was by a large margin the Best female race car driver of all time. It’s an absolute shame she doesn’t get more credit or recognition from the racing community.,https://www.reddit.com/r/nascar/comments/1tf8ho2/,/u/Mellow200,2026-05-16 23:11:08+00:00,Absolutely insane thing to say when Michelle Mouton and Courtney/Brittany Force exist,2026-05-16
t3_1tg4y3c,"[Steven Taranto on Twitter] ""What might be the highlight of the All-Star Race for Carson Hocevar: Getting out of his car to take a leak during the break between Segments 2 & 3. ""Man, I've done everything in this race, huh?""""",https://www.reddit.com/r/nascar/comments/1tg4y3c/,/u/kk5fan97,2026-05-17 23:11:12+00:00,"lol. It's sort of a throwback to the 2012 Daytona 500 with Kyle Busch and then the Dale Earnhardt, Jr & Brad Keselowski foot race to the backstretch porta-potty during the Jet Dryer red flag. ",2026-05-17
t3_1ti3ln3,Brad Keselowski’s patriotic BuildSubmarines.com scheme for the Coca Cola 600 [RFK Racing on X],https://www.reddit.com/r/nascar/comments/1ti3ln3/,/u/Comfortable_Rock4877,2026-05-19 23:08:42+00:00,https://x.com/rfkracing/status/2056866008590131322?s=46,2026-05-19
t3_1tk3e0d,Brad Keselowski’s Tribute,https://www.reddit.com/r/nascar/comments/1tk3e0d/,/u/SOA18,2026-05-22 00:47:31+00:00,"“Tonight, I feel a little like the coyote with no more roadrunner to chase”",2026-05-22
t3_1tkk3db,RFK Racing has a tribute in their museum in honor of Kyle,https://www.reddit.com/r/nascar/comments/1tkk3db/,/u/Malt1720,2026-05-22 14:08:48+00:00,Source: [https://x.com/Frontstretch/status/2057807441538973738?s=20](https://x.com/Frontstretch/status/2057807441538973738?s=20),2026-05-22
t3_1tlk9vu,[Bianchi] Brad Keselowski says Kyle Busch deserves to be immediately in the NASCAR Hall of Fame and any waiting period should be waived.,https://www.reddit.com/r/nascar/comments/1tlk9vu/,/u/Ok-Soil-5133,2026-05-23 15:57:33+00:00,https://x.com/i/status/2058214715805798698,2026-05-23
t3_1tnm7kz,"2026 LASTCAR Cup, O'Reilly, and Truck Chase standings (After Charlotte I) (RIP Kyle Busch)",https://www.reddit.com/r/nascar/comments/1tnm7kz/,/u/TIFUthebestSubreddit,2026-05-25 21:17:24+00:00,"Cup Series Chase standings (Race 13/26)

1) Cody Ware 513

2) Cole Custer 424

3) Connor Zilisch 410

4) Josh Berry 384

5) Ty Dillon 377

6) Noah Gragson 352

7) John Hunter Nemechek 338

8) Todd Gilliland 318

9) Joey Logano 308

10) Ricky Stenhouse Jr 298

11) Riley Herbst 297

12) Michael McDowell 292

13) Chase Briscoe 291

14) Austin Dillon 283

15) Austin Cindric 273

16) Shane van Gisbergen 271

_____________________________________________

17) AJ Allmendinger 269

18) Kyle Busch 269 (RIP Rowdy 🕊)

19) Zane Smith 266

20) Ross Chastain 265

21) Erik Jones 256

22) Christopher Bell 242

23) Alex Bowman 233

24) Kyle Larson 225

25) Bubba Wallace 219

26) William Byron 214

27) Brad Keselowski 196

28) Ryan Preece 189

29) Carson Hocevar 173

30) Ty Gibbs 167

31) Chase Elliott 166

32) Daniel Suarez 165

33) Chris Buescher 155

34) Ryan Blaney 146

35) Chad Finchum 132

36) Justin Allgaier 131

37) Timmy Hill 130

38) BJ McLeod 128

39) Denny Hamlin 106

40) Austin Hill 96

41) Katherine Legge 92

42) Corey Heim 83

43) Tyler Reddick 58

44) JJ Yeley 50

45) Anthony Alfredo 49

46) Jesse Love 49

47) Casey Mears 42

48) Joey Gase 36

49) Jimmie Johnson 34

50) Daniel Dye 27

51) Josh Bilicki 26

52) Corey LaJoie 6

53) Chandler Smith 3

**___________________________**

O'Reilly Chase standings (Race 15/26)

1) Ryan Ellis 495

2) Josh Bilicki 399

3) Kyle Sieg 395

4) Patrick Staropoli 395

5) Harrison Burton 390

6) Joey Gase 389

7) Austin Green 377

8) Lavar Scott 376

9) Blaine Perkins 372

10) Jeb Burton 337

11) Jeremy Clements 334

12) Anthony Alfredo 332

_____________________________________________

13) Dawson Cram 329

14) Mason Maggio 321

15) Garrett Smithley 308

16) Sam Mayer 300

17) Dean Thompson 298

18) Taylor Gray 257

19) Josh Williams 251

20) Parker Retzlaff 246

21) William Sawalich 246

22) Ryan Sieg 244

23) Rajah Caruth 239

24) Brennan Poole 238

25) Carson Kvapil 228

26) Nick Sanchez 226

27) Nathan Byrd 209

28) Austin Hill 188

29) David Starr 183

30) Brandon Jones 175


**___________________________**

Truck series Chase standings (Race 10/18)

1) Frankie Muniz 311

2) Cole Butcher 305

3) Kris Wright 277

4) Spencer Boyd 263

5) Mini Tyrell 260

6) Andres Perez de Lara 234

7) Tanner Gray 228

8) Grant Enfinger 225

9) Dawson Sutton 216

10) Clayton Green 213

_____________________________________________

11) Caleb Costner 206

12) Ben Rhodes 202

13) Ty Majeski 195

14) Brenden Queen 192

15) Timmy Hill 188

16) Josh Reaume 181

17) Stewart Friesen 179

18) Justin Haley 177

19) Daniel Hemric 174

20) Tyler Ankrum 174

21) Chandler Smith 140

22) Carson Hocevar 165

23) Corey LaJoie 165

24) Jake Garcia 164

25) Christian Eckes 158

26) Luke Baldwin 155

27) Layne Riggs 127

28) Adam Andretti 121

29) Wesley Slimp 120

30) Gio Ruggerio 112",2026-05-25
t3_1tnrm2b,Every NASCAR Winner's Most Recent Win,https://www.reddit.com/r/nascar/comments/1tnrm2b/,/u/TheImageworks,2026-05-26 01:02:12+00:00,"I'm at home sick, and like to fully explore rabbit holes once I start down them.  So, as of the Coca Cola 600, here is every single NASCAR winner ever (all 208)'s most recent win, the race it happened at (grouped by year), and what it bumped their total win count up to. I have a few notes I'll put into a reply. Racing Reference was used for the bulk of this, so races through the mid 60s missing names, that's why.

(Creating some space for formatting)

(Last warning)

2026: 8  
Daniel Suarez – 2026 Coca Cola 600, Charlotte, 5/24/26 (Win #3)

Shane Van Gisbergen – 2026 Go Bowling at the Glen, Watkins Glen, 5/10/26 (Win #7)

Chase Elliott – 2026 Wurth 500, Texas, 5/3/26 (Win #23)

Carson Hocevar – 2026 Jack Links 500, Talladega, 4/26/26 (Win #1)

Tyler Reddick – 2026 AdventHealth 400, Kansas, 4/19/26 (Win #13)

Ty Gibbs – 2026 Food City 500, Bristol, 4/12/26 (Win #1)

Denny Hamlin – 2026 Pennzoil 400 Presented by Jiffy Lube, Las Vegas, 3/15/26 (Win #61)

Ryan Blaney, 2026 Straight Talk Wireless 500, Phoenix, 3/8/26 (Win #18)

2025: 10  
William Byron, 2025 Xfinity 500, Martinsville, 10/26/25 (Win #16)

Chase Briscoe, 2025 Yellawood 500, Talladega, 10/19/25 (Win #5)

Christopher Bell, 2025 Bass Pro Shops Night Race, Bristol, 9/13/25 (Win #13)

Austin Dillon, 2025 Cook-Out 400, Richmond, 8/16/25 (Win #6)

Bubba Wallace, 2025 Brickyard 400 presented by PPG, Indianapolis, 7/27/25 (Win #3)

Ross Chastain, 2025 Coca Cola 600, Charlotte, 5/25/25 (Win #6)

Kyle Larson, 2025 Advent Health 400, Kansas, 5/11/25 (Win #32)

Joey Logano, 2025 Wurth 500, Texas, 5/4/25 (Win #37)

Austin Cindric, 2025 Jack Links 500, Talladega, 4/27/25 (Win #3)

Josh Berry – 2025 Pennzoil 400, Las Vegas, 3/16/25 (Win #1)

 

2024: 5

Ricky Stenhouse Jr. – 2025 Yellawood 500, Talladega, 10/6/24 (Win #4)

Chris Buescher – 2024 Go Bowling at the Glen, Watkns Glen, 9/15/24 (Win #6)  
Harrison Burton, 2024 Coke Zero Sugar 400, Daytona, 8/24/24 (Win #1)

Alex Bowman – 2024 Grant Park 165, Chicago Street, 7/7/24 (Win #8)

Brad Keselowski – 2024 Goodyear 400, Darlington, 5/12/24 (Win #36)

2023: 4

AJ Allmendinger – 2023 Bank of America Roval 400, Charlotte Roval, 10/8/23 (Win #3)

Michael McDowell – 2023 Verizon 200 at the Brickyard, Indy Road Course, 8/13/23 (Win #2)

Martin Truex Jr, 2023 Crayon 301, New Hampshire, 7/17/23 (Win #34)

Kyle Busch (RIP), 2023 Enjoy Illinois 300, WWT Raceway @ Gateway, 6/24/23 (Win #63)

 

2022: 3

Erik Jones – 2022 Cook Out Southern 500, Darlington, 9/4/22 (Win #3)

Kevin Harvick, 2022 Federated Auto Parts 400 (lol), Richmond, 8/14/22 (Win #60)

Kurt Busch, 2022 Advent Health 400, Kansas, 5/15/22 (Win #34)

 

2021: 1

Aric Almirola, 2021 Foxwoods Resort Casino 301, New Hampshire, 7/18/21 (Win #3)

2020: 1

Cole Custer, 2020 Quaker State 400, Kentucky, 7/12/20 (Win #1)

 

2019: 1  
Justin Haley, 2019 Coke Zero Sugar 400, Daytona, 7/7/19 (Win #1)

 

2018: 1

Clint Bowyer, 2018 FireKeepers Casino 400, Michigan, 6/10/18 (Win #10)

2017: 4

Matt Kenseth, 2017 Can-Am 500, Phoenix, 11/12/17 (Win #39)

Kasey Kahne, 2017 Brickyard 400, Indianapolis, 7/23/17 (Win #18)

Jimmie Johnson, 2017 AAA 400 Drive for Autism, Dover, 6/4/17 (Win #83)

Ryan Newman, 2017 Camping World 500, Phoenix, 3/19/17 (Win #18)

 

2016: 2

Carl Edwards, 2016 AAA Texas 400, Texas, 11/6/16 (Win #28)

Tony Stewart, 2016 Toyota Save Mart 350, Sonoma, 6/26/16 (Win #49)

 

2015: 2

Dale Earnhardt Jr, 2015 Quicken Loans Race for Heroes 500, Phoenix, 11/15/15 (Win #26)

Jeff Gordon, 2015 Goody’s Headache Relief Shot 500, Martinsville, 11/1/15 (Win #93)

 

2013: 4

Jamie McMurray, 2013 Camping World RV Sales 500, Talladega, 10/20/13 (Win #7)

Brian Vickers, 2013 Camping World RV Sales 301, New Hampshire, 7/14/13 (Win #3)

Greg Biffle, 2013 Quicken Loans 400, Michigan, 6/16/13 (Win #19)

David Ragan, 2013 Aaron’s 499, Talladega, 5/5/13 (Win #2)

 

2012: 1

Marcus Ambrose, 2012 Finger Lakes 355 at the Glen, Watkins Glen, 8/12/12 (Win #2)

 

2011: 3

Paul Menard, 2011 Brickyard 400, Indianapolis, 7/31/11 (Win #1)

Regan Smith, 2011 Showtime Southern 500, Darlington, 5/7/11 (Win #1)

Trevor Bayne, 2011 Daytona 500, Daytona, 2/20/11 (Win #1)

 

2010:  2

Juan Pablo Montoya, 2010 Helluva Good Sour Cream Dips at the Glen, Watkins Glen, 8/8/10 (Win #2)

David Reutimann, 2010 LifeLock \[dot\] com 400, Chicagoland, 7/10/10 (Win #2)

 

2009: 1

Mark Martin, 2009 Sylvania 300, New Hampshire, 9/20/09 (Win #40)

2008: 1

Jeff Burton, 2008 Bank of America 500, Charlotte, 10/11/08 (Win #21)

 

2007:  1

Casey Mears, 2007 Coca Cola 600, Charlotte, 5/27/07 (Win #1)

2005: 2

Dale Jarrett, 2005 UAW Ford 500, Talladega, 10/2/05 (Win #32)

Jeremy Mayfield, 2005 GFS Marketplace 400, Michigan, 8/21/05 (Win #5)

 

2004: 3

Joe Nemechek, 2004 Banquet 400, Kansas, 10/10/04 (Win #4)

Elliott Sadler, 2004 Pop Secret 500, Fontana, 9/5/04 (Win #3)

Rusty Wallace, 2004 Advance Auto Parts 500, Martinsville, 4/18/04 (Win #55)

 

2003: 6

Bobby Labonte, 2003 Ford 400, Miami, 11/16/03 (Win #21)

Bill Elliott, 2003 Pop Secret Microwave Popcorn 400, Rockingham, 11/9/03 (Win #44)

Michael Waltrip, 2003 EA Sports 500, Talladega, 9/28/03 (Win #4)

Terry Labonte, 2003 Mountain Dew Southern 500, Darlington, 8/31/03 (Win #22)

Robby Gordon, 2003 Sirius Satellite Radio at the Glen, Watkins Glen, 8/10/03 (Win #3)

Ricky Craven, 2003 Carolina Dodge Dealers 400, Darlington, 3/16/03 (Win #2)

 

2002: 4

Johnny Benson Jr, 2002 Pop Secret Microwave Popcorn 400, Rockingham, 11/3/02 (Win #1)

Ward Burton, 2002 New England 300, New Hampshire, 7/21/02 (Win #5)

Ricky Rudd, 2002 Dodge Save Mart 350, Sonoma, 6/23/02 (Win #23)

Sterling Marlin, 2002 Carolina Dodge Dealers 400, Darlington, 3/17/02 (Win #10)

 

2001: 2

Bobby Hamilton Sr, 2001 Talladega 500, Talladega, 4/22/01 (Win #4)

Steve Park, 2001 Dura Lube 400, Rockingham, 2/26/01 (Win #2)

 

2000: 2

Jerry Nadeau, 2000 NAPA 500, Atlanta, 11/20/00 (Win #1)

Dale Earnhardt, Sr, 2000 Winston 500, Talladega, 10/15/00 (Win #76)

 

1999: 1

John Andretti, 1999 Goody’s Body Pain 500, Martinsville, 4/18/99 (Win #2)

 

1997: 1

Ernie Irvan, 1997 Miller 400, Michigan, 6/15/97 (Win #15)

 

1996: 1

Geoff(rey) Bodine, 1996 Bud at the Glen, Watkins Glen, 8/11/96 (Win #18)

 

1995: 1

Kyle Petty, 1995 Miller Genuine Draft 500, Dover, 6/4/95 (Win #8)

 

1994: 1

Jimmy Spencer, 1994 DieHard 500, Talladega, 7/24/94 (Win #2)

 

1993: 2

Morgan Shepherd, 1993 Motorcraft Quality Parts 500, Atlanta, 3/20/93 (Win #4)

Davey Allison, 1993 Pontiac Excitement 400, Richmond, 3/7/93 (Win #19)

 

1992: 3

Darrell Waltrip, 1992 Mountain Dew Southern 500, Darlington, 9/6/92 (Win #84)

Harry Gant, 1992 Champion Spark Plug 400, Michigan, 8/16/92 (Win #18)

Alan Kulwicki, 1992 Champion Spark Plug 500, Pocono, 6/14/92 (Win #5)

 

1991:1

Ken Schrader, 1991 Budweiser 500, Dover, 6/2/91 (Win #4)

 

1990: 2

Derrike Cope, 1990 Budweiser 500, Dover, 6/3/90 (Win #2)

Brett Bodine, 1990 First Union 400, North Wilkesboro, 4/22/90  (Win #1)

 

1988: 4  
Phil Parsons, 1988 Winston 500, Talladega, 5/1/88 (Win #1)

Lake Speed, 1988 TranSouth 500, Darlington, 3/27/88 (Win #1)

Neil Bonnett, 1988 Goodwrench 500, Richmond Fairgrounds, 3/6/88 (Win #18)

Bobby Allison, 1988 Daytona 500, Daytona, 2/14/88 (Win #85)

 

1987: 1

Tim Richmond, 1987 Budweiser 400, Riverside, 6/21/87 (Win #13)

 

1986: 1

Bobby Hillin, Jr, 1986 Talladega 500, Talladega, 7/27/86 (Win #1)

 

1985:  2

Cale Yarborough, 1985 Miller High Life 500, Charlotte, 10/6/85 (Win #83)

Greg Sacks, 1985 Pepsi Firecracker 400, Daytona, 7/4/85 (Win #1)

 

1984: 2

Richard Petty, 1984 Firecracker 400, Daytona, 7/4/84 (Win #200)

Benny Parsons, 1984 Coca Cola 500, Atlanta, 3/18/84 (Win #21)

 

1983:1

Buddy Baker, 1983 Firecracker 400, Daytona, 7/4/83 (Win #19)

 

1982: 1

Dave Marcis, 1982 Richmond 400, Richmond Fairgrounds, 2/21/82 (Win #5)

 

1981: 2

Ron Bouchard, 1981 Talladega 500, Talladega, 8/2/81 (Win #1)

Jody Ridley, 1981 Mason-Dixon 500, Dover, 5/17/81 (Win #1)

 

1980: 1

David Pearson, 1980 CRC Chemicals Rebel 500, Darlington, 4/13/80 (Win #105)

 

1978: 2  
Donnie Allison, 1978 Dixie 500, Atlanta, 11/5/78 (Win #10)

Lennie Pond, 1978 Talladega 500, Talladega, 8/6/78 (Win #1)

1974:  1

Earl Ross, 1974 Old Dominion 500, Martinsville, 9/29/74 (Win #1)

 

1973: 2

Dick Brooks, 1973 Talladega 500, Talladega, 8/12/73 (Win #1)

Mark Donohue, 1973 Winston Western 500, Riverside, 1/21/73 (Win #1)

 

1972: 4

James Hylton, 1972 Talladega 500, Talladega, 8/6/72 (Win #2)

Ray Elder, 1972 Golden State 400, Riverside, 6/18/72 (Win #2)

Bobby Isaac, 1972 Carolina 500, Rockingham, 3/12/72 (Win #37)

AJ Foyt, 1972 Miller High Life 500, Ontario California, 3/5/72 (Win #7)

 

1971: 3

Tiny Lund, 1971 Wilkes 400, North Wilkesboro, 11/21/71 (Win #5)

Charlie Glotzbach, 1971 Volunteer 500, Bristol, 7/11/71 (Win #4)

Pete Hamilton, 1971 Daytona 500 Qualifier 1 (Duel 1), Daytona, 2/11/71\* (Win #4)  
(The Duels were full-points races through 1971)

 

1970: 1

LeeRoy Yarborough, 1970 National 500, Charlotte, 10/11/70 (Win #14)

 

1969: 1

Richard Brickhouse, 1969 Talladega 500, Talladega, 9/14/69 (Win #1)

 

1968: 1

Dan Gurney, 1968 Motor Trend 500, Riverside, 1/21/68 (Win #5)

 

1967:  6

Dick Hutcherson, 1967 Dixie 500, Atlanta, 8/6/67 (Win #14)

Jim Paschal, 1967 200mi race at Montgomery (AL), 6/27/67 (Win #25)

Darel Dieringer, 1967 Gwyn Staley 420, North Wilkesboro, 4/16/67 (Win #7)

Mario Andretti, 1967 Daytona 500, Daytona, 2/26/67 (Win #1)

Fred Lorenzen, 1967 Daytona 500 Qualifier 2, Daytona, 2/24/67 (Win #26)

Parnelli Jones, 1967 Motor Trend 500, Riverside, 1/22/67 (Win #4)

 

1966: 7

Paul Lewis, 1966 Smoky Mountain 200, Maryville (TN), 7/28/66 (Win #1)

Paul Goldsmith, 1966 Volunteer 500, Bristol, 7/24/66 (win #9)

Elmo Langley, 1966 Old Dominion 150, Manassas (VA) Old Dominion Speedway, 7/7/66 (Win #2)

Sam McQuagg, 1966 Firecracker 400, Daytona, 7/4/66 (Win #1)

Marvin Panch, 1966 World 600, Charlotte, 5/22/66 (Win #17)

Jim Hurtubise, 1966 Atlanta 500, Atlanta, 3/27/66 (Win #1)

Earl Balmer, 1966 Daytona 500 Qualifier 2, Daytona, 2/25/66 (Win #1)

 

1965: 3

Ned Jarrett, 1965 Tidewater 300, Moyock (NC), 11/7/65 (Win #50)

Curtis Turner, 1965 American 500, Rockingham, 10/31/65 (Win #17)

Junior Johnson, 1965 Wilkes 400, North Wilkesboro, 10/3/65 (Win #50)

 

1964:  5

Cotton Owens, 1964 Capital City 300, Richmond Fairgrounds, 9/14/64 (Win #9)

Buck Baker, 1964 Southern 500, Darlington, 9/7/64 (Win #46)

Billy Wade, 1964 The Glen 151.8, Watkins Glen, 7/19/64 (Win #4)

Wendell Scott, 1964 Jacksonville 200, Jacksonville (FL), 12/1/63 (Win #1)

Fireball Roberts, 1964 The First 150, Augusta (GA), 11/17/63  (Win #33)

 

1963: 4

Joe Weatherly, 1963 150mi race at Hillsboro (NC), 10/27/63 (Win #25)

Glen Wood, 1963-33, 200 lap race at Bowman-Gray, 7/13/63 (Win #4)

Jimmy Pardue, 1963-32, 250 lap race at Moyock (NC), 7/11/63 (Win #2)

Johnny Rutherford, 1963 Daytona 500 Qualifier 2, Daytona, 2/22/63 (Win #1)

 

1962: 6

Rex White, 1962 Dixie 400, Atlanta, 10/28/62 (Win #28)

Nelson Stacy, 1962 Old Dominion 500, Martinsville, 9/23/62 (Win #4)

Larry Frank, 1962 Southern 500, Darlington, 9/3/62 (Win #1)

Jack Smith, 1962-31, 250 lap race at Asheville NC, 7/13/62 (Win #21)

Johnny Allen, 1962 Myers Brothers 200, Bowman-Gray, 6/16/62 (Win #1)

Bobby Johns, 1961 Volunteer 500, Bristol, 4/29/62 (Win #2)

 

1961: 5

Eddie Gray, 1961-45, 100 lap race at California State Fairgrounds (Sacramento), 9/10/61 (win #4)

Emanuel Zervakis, 1961 Yankee 500, Norwood Arena (MA), 6/17/61 (Win #2)

Lloyd Dane, 1961-22, 100mi race at Riverside, 5/21/61 (Win #4)

Bob Burdick, 1961 Atlanta 500, Atlanta, 3/26/61 (Win #1)

Lee Petty, 1961 200 lap race at Jacksonville (FL), 11/20/60 (Win #54)

 

1960: 6

Speedy Thompson, 1960 Capital City 200, Richmond Fairgrounds, 10/23/60 (Win #20)

Jim Cook, 1960-37, 100 lap race at California State Fairgrounds (Sacramento), 9/11/60 (Win #1)

Johnny Beauchamp, 1960 Nashville 400, Nashville Fairgrounds, 8/7/60 (Win #2)

Joe Lee Johnson, 1960 World 600, Charlotte, 6/19/60 (Win #2)

Marvin Porter, 1960 California 250, Hanford (CA), 6/12/60 (Win #2)

John Rostek, 1960 Copper Cup 100, Arizona State Fairgrounds, 4/3/60 (Win #1)

 

1959: 3

Jim Reed, 1959 Southern 500, Darlington, 9/7/59 (Win #7)

Bob Welborn, 1959 Western North Carolina 500, Weaverville, 8/16/59 (Win #9)

Tom Pistone, 1959 Richmond 200, Richmond Fairgrounds, 6/21/59 (Win #2)

 

1958: 3

Joe Eubanks, 1958-47, 110 lap race at Occoneechee Speedway (Hillsboro NC), 9/28/58 (Win #1)

Shorty Rollins, 1958-30, 150 lap at State Line Speedway (Busti, NY) 7/16/58 (Win #1)

Frankie Schneider, 1958-13, 150 lap race at Manassas (VA) Old Dominion Speedway, 4/25/58 (Win #1)

 

1957: 6

Gwyn Staley, 1957-45, 300 lap race at Langhorne Speedway (PA), 9/15/97 (Win #3)

Danny Graves, 1957-43, 100 lap race at California State Fairgrounds (Sacramento), 9/8/57 (Win #1)

Eddie Pagan, 1957-31, 200 lap race at Portland Speedway (short track) (OR), 7/14/57 (Win #4)

Bill Amick, 1957-25, 200 lap race at Capital Speedway (Sacramento CA), 6/22/57 (Win #1)

Art Watts, 1957-14, 100 lap race at Portland Speedway (short track) OR), 4/28/57 (Win #1)

Ralph Moody, 1957-06, 200 lap race at Wilson Speedway (NC), 3/17/57 (Win #5)

 

1956: 7

Royce Hagerty, 1956-43, 250 lap race at Portland Speedway (short track) (OR), 8/26/56 (Win #1)

Billy Myers, 1956-40, 250 lap race at Norfolk Speedway (VA), 8/22/56 (Win #2)

Tim Flock, 1956-37, 63 lap race at Road America (Elkhart Lake), 8/12/56 (Win #39)

John(ny) Kieper, 1956-28, 200 lap race at Portland Speedway (short track) (OR), 6/24/56 (Win #1)

Herb Thomas, 1956-24, 200 lap race at Merced Fairgrounds (CA), 6/3/56 (Win #48)

Chuck Stevenson, 1956-03, 200 mile race at Willow Springs road course (Lancaster CA), 11/20/55 (Win #1)

Fonty Flock, 1956-02, 100 mile race at Charlotte Speedway dirt track (NC), 11/20/55 (Win #19)

 

1955: 2

Norm Nelson, 1955-43, 200 mile race at Las Vegas Park dirt track (NV), 10/16/55 (Win #1)

Danny Letner, 1955-14, 100 mile race at Tucson Rodeo Grounds (AZ), 5/15/55 (Win #2)

 

1954: 5

Hershel McGriff, 1954 Wilkes 160, North Wilkesboro, 10/24/54 (Win #4, last cup start in 1993!)

Dick Rathmann, 1954-24, 100 mile race at Santa Fe Speedway (Willow Springs IL), 7/10/54 (Win #13)

Al Keller, 1954 International 100, Linden Airport road course (NJ), 6/13/54 (Win #2)

John Soares, 1954-16, 250 mile race at Carrell Speedway (CA), 5/30/54 (Win #1)

Gober Sosebee, 1954-09, 100 mile race at Central City Speedway (Macon GA), 4/25/54 (Win #2)

 

1953: 2

Dick Passwater, 1953-05, 150 lap race at Charlotte Speedway dirt track (NC), 4/5/53 (Win #1)

Bill Blair, 1953-02, Daytona Beach Road Course race, 2/15/53 (Win #3)

 

1952: 4

Donald Thomas, 1952-33, 100 mile race at Lakewood Speedway (Atlanta GA), 11/16/52 (Win #1)

Bob Flock, 1952-24, 100 mile race at Weaverville (NC), 8/17/52 (Win #4)

Buddy Shuman, 1952-18, 100 mile race at Niagara Falls (Stamform Park Ontario), 7/1/52 (Win #1)

Marshall Teague, 1952-03, 100 mile race at Jacksonville (FL), 3/6/52 (Win #7)

 

1951: 7

Frank Mundy, 1951-41, 150 lap race at Lakeview Speedway (Mobile AL), 11/25/51 (win #3)

Bill Norton, 1951-40, 100 mile race at Carrell Speedway (Gardena CA), 11/11/51 (Win #1)

Danny Weinberg, 1951-37, 100 mile race at Hanford (CA), 10/28/51 (Win #1)

Marvin Burke, 1951-35, 250 lap race at Oakland Stadium (CA), 10/14/51 (Win #1)

Neil Cole, 1951-32, 100 mile race at Thompson Speedway (CT), 10/12/51 (Win #1)

Tommy Thompson, 1951-20, 250 lap race at Michigan State Fairgrounds (MI), 8/12/51 (Win #1)

Lou Figaro, 1951 Stock Car Classic, Carrell Speedway (CA), 6/30/51 (Win #1)

 

1950: 7

Lloyd Moore, 1950-18, 100 mile race at Winchester Speedway (IN), 10/15/50 (Win #1)

Dick Linder, 1950-16, 100 mile race at Vernon Fairgrounds (NY), 10/1/50 (win #3)

Leon Sales, 1950 Wilkes 200, North Wilkesboro, 9/24/50 (Win #1)

Johnny Mantz, 1950 Southern 500, Darlington, 9/4/50 (Win #1)

Jimmy Florian, 1950-07, 100 mile race at Dayton Speedway (OH), 6/25/50 (Win #1)

Bill Rexford, 1950-05, 1950 Poor Man’s 500 at Canfield Speedway (OH), 5/30/50 (Win #1)

Harold Kite, 1950 Daytona Beach Road Course race, 2/5/50 (Win #1)

 

1949: 3

Red Byron, 1949-06, 100 mile race at Martinsville, 9/25/49 (win #2)

Jack White, 1949-05, 100 mile race at Hamburg Speedway (NY), 9/18/49 (win #1)

Jim Roper, 1949-01, 150 mile race at Charlotte Speedway dirt track (NC), 6/19/49 (Win #1)",2026-05-26
t3_1top55b,NASCAR Noob Question,https://www.reddit.com/r/nascar/comments/1top55b/,/u/Salt-Faithlessness75,2026-05-27 00:15:02+00:00,"New to the sport. I heard Brad Keselowski complain about the heat inside his vehicle last race. I understand how it gets hot inside the car, but it seems every week a driver complains of a cooling issue. Why is this? What cooling systems do they have, and why are they so finicky? Or am I crazy?

Thanks in advance! RIP Rowdy!",2026-05-27
t3_1tpcf5l,Silly Season Predictions,https://www.reddit.com/r/nascar/comments/1tpcf5l/,/u/jswish33,2026-05-27 17:27:54+00:00,"Here is in my opinion what I think will happen

1. Kaulig Racing sells one or both the 16 and 10 charters to prepare for Dodges return to the cup series in a few years (thinking 2028 or 29). I think this happens due to Chevys lack of support for Kaulig as well as how deep they are with Dodge in Trucks. One of those charters will go to RFK Racing for the 60. With the other im gonna guess they either hold on to for AJ or sell to maybe RWR or a maybe even JR Motorsports (both are unlikely but maybe)

2. Corey Heim goes full time in the 35 for 23xi Racing

3. Riley Herbst gets the 84 for Legacy Motor Club

4. Austin Hill has the daunting task of replacing a legend in Kyle Busch in the rebranded 33 car

5. Bowman stays in the 48 for 1 more season

6. Michael McDowell stays in the 71 for Spire

Now here's where shit gets wild. Let's say Denny wins the title this year he retires and I can see the following happening

1. JHN to the 11/a new number choice (maybe 81) due to Denny wanting to bring the #11 number and branding to 23xi Racing. We know the JGR loves John Hunter cause of his ties to KBM (RIP Kyle Busch🕊🙏🏾) as well as how successful he was in top xfinity equipment.

2. This opens the 42 and 84 car Legacy Motor Club for BOTH Riley Herbst and Parker Retzlaff to join on

3. Corey Heim goes Full Time Cup racing in the old 35 renumbered to the 11 car

Now this is the chain of event I believe will happen if Denny Hamlin wins the title then retires cause he did say that if he won last year he would retire. 

Thank you to those who read. Lmk what yall think and have a great day",2026-05-27
t3_1tpet3g,"[Bob] Preece penalty has been upheld. Statement: ""Although not a unanimous decision, NASCAR and RFK Racing presented competing interpretations of common data. Neither side clearly proved their point, but Mr. Preece’s comments showed that he chose to not cut his competitor any breaks.”",https://www.reddit.com/r/nascar/comments/1tpet3g/,/u/ChaseTheFalcon,2026-05-27 18:49:05+00:00,,2026-05-27
t3_1tq8k6x,"[Crandall] RFK Racing president Chip Bowers tells @jeff_gluck on the ""Gluckcast"" that they will run three cars next year, and they hope to buy a charter. But if not, they will run Open and have expressed that to the staff and partners. ""Everybody is fully supportive of that position.""",https://www.reddit.com/r/nascar/comments/1tq8k6x/,/u/ChaseTheFalcon,2026-05-28 16:26:51+00:00,,2026-05-28
t3_1tsfg1u,"Brad Keselowski on what Ford needs to do to close the gap with the Toyotas: “Get the new body for 27, there’s a big offset there.”",https://www.reddit.com/r/nascar/comments/1tsfg1u/,/u/LBHMS,2026-05-30 23:54:17+00:00,,2026-05-30
t3_1tu6cgl,"2026 LASTCAR CUP, O'Reilly & Truck Chase standings (After Nashville)",https://www.reddit.com/r/nascar/comments/1tu6cgl/,/u/TIFUthebestSubreddit,2026-06-01 21:25:46+00:00,"Cup Series Chase standings (Race 14/26)

1) Cody Ware 540

2) Connor Zilisch 485

3) Cole Custer 449

4) Josh Berry 413

5) Ty Dillon 390

6) Noah Gragson 368

7) John Hunter Nemechek 360

8) Todd Gilliland 340

9) Joey Logano 308

10) Ross Chastain 318

11) Riley Herbst 312

12) AJ Allmendinger 309

13) Michael McDowell 306

14) Austin Dillon 304

15) Ricky Stenhouse Jr 300

16) Austin Cindric 297

_____________________________________________

17) Chase Briscoe 292

18) Shane van Gisbergen 274

19) Zane Smith 273

20) Kyle Busch 269 (RIP Rowdy 🕊)

21) Erik Jones 265

22) Alex Bowman 264

23) Bubba Wallace 249

24) Kyle Larson 246

25) Christopher Bell 243

26) William Byron 242

27) Ryan Preece 239

28) Brad Keselowski 228

29) Carson Hocevar 183

30) Chris Buescher 182

31) Daniel Suarez 182

32) Ty Gibbs 178

33) Chad Finchum 172

34) Chase Elliott 171

35) Ryan Blaney 152

36) Justin Allgaier 131

37) Timmy Hill 130

38) BJ McLeod 128

39) Austin Hill 127

40) Denny Hamlin 107

41) Corey Heim 106

42) Katherine Legge 92

43) Tyler Reddick 62

44) JJ Yeley 50

45) Anthony Alfredo 49

46) Jesse Love 49

47) Casey Mears 42

48) Joey Gase 36

49) Jimmie Johnson 34

50) Daniel Dye 27

51) Josh Bilicki 26

52) Corey LaJoie 6

53) Chandler Smith 3

**___________________________**

O'Reilly Chase standings (Race 16/24) (i forgot there's 9 races in the O'Reilly chase not 7. I just now realized it should say 24 not 26 lol)

1) Ryan Ellis 530

2) Joey Gase 443

3) Josh Bilicki 437

4) Lavar Scott 418

5) Patrick Staropoli 418

6) Kyle Sieg 417

7) Harrison Burton 415

8) Austin Green 405

9) Blaine Perkins 390

10) Dawson Cram 377

11) Jeb Burton 358

12) Garrett Smithley 351

_____________________________________________

13) Mason Maggio 351

14) Jeremy Clements 350

15) Anthony Alfredo 347

16) Dean Thompson 311

17) Sam Mayer 302

18) Taylor Gray 294

19) Brennan Poole 257

20) Rajah Caruth 256

21) Parker Retzlaff 256

22) Ryan Sieg 255

23) Josh Williams 251

24) William Sawalich 247

25) Carson Kvapil 233

26) David Starr 228

27) Nick Sanchez 226

28) JJ Yeley 215

29) Nathan Byrd 209

30) Austin Hill 197


**___________________________**

Truck series Chase standings (Race 11/18)

1) Frankie Muniz 341

2) Cole Butcher 321

3) Kris Wright 305

4) Spencer Boyd 302

5) Mini Tyrell 280

6) Tanner Gray 268

7) Clayton Green 254

8) Andres Perez de Lara 253

9) Caleb Costner 245

10) Dawson Sutton 233

_____________________________________________

11) Grant Enfinger 232

12) Ben Rhodes 230

13) Brenden Queen 212

14) Justin Haley 210

15) Ty Majeski 207

16) Jake Garcia 202

17) Daniel Hemric 189

18) Timmy Hill 188

19) Corey LaJoie 187

20) Stewart Friesen 185

21) Josh Reaume 181

22) Tyler Ankrum 179

23) Chandler Smith 173

24) Christian Eckes 166

25) Carson Hocevar 165

26) Luke Baldwin 155

27) Tyler Reif 153

28) Layne Riggs 128

29) Gio Ruggerio 121

30) Adam Andretti 121",2026-06-01
t3_1tv6pfs,Brad Keselowski’s new Solomon Plumbing Paint Scheme for Michigan,https://www.reddit.com/r/nascar/comments/1tv6pfs/,/u/Dmacthegoat,2026-06-02 22:41:04+00:00,[https://www.instagram.com/p/DZGbEG8jQu3/?utm\_source=ig\_web\_copy\_link&igsh=NTc4MTIwNjQ2YQ==](https://www.instagram.com/p/DZGbEG8jQu3/?utm_source=ig_web_copy_link&igsh=NTc4MTIwNjQ2YQ==),2026-06-02
t3_1tvutsf,[NASCAR] Hauler Talk: No penalty to be issued to Austin Dillon for Brad Keselowski crash,https://www.reddit.com/r/nascar/comments/1tvutsf/,/u/USHighway14,2026-06-03 16:36:42+00:00,,2026-06-03
t3_1tzg6rq,Brad Keselowski on the importance of the O’Reilly series,https://www.reddit.com/r/nascar/comments/1tzg6rq/,/u/Equivalent_Dish_1990,2026-06-07 16:08:15+00:00,,2026-06-07
t3_1u0q5dj,2026 LASTCAR Cup & Truck Chase standings (After Michigan),https://www.reddit.com/r/nascar/comments/1u0q5dj/,/u/TIFUthebestSubreddit,2026-06-09 00:45:36+00:00,"Cup Series Chase standings (Race 15/26)

1) Cody Ware 569

2) Connor Zilisch 561 (WE HAVE OURSELVES A LASTCAR BATTLLE NOW)

3) Cole Custer 460

4) Josh Berry 432

5) Ty Dillon 413

6) Noah Gragson 394

7) John Hunter Nemechek 376

8) Todd Gilliland 375

9) Austin Dillon 348

10) Ross Chastain 340

11) Michael McDowell 331

12) Ricky Stenhouse Jr 300

13) Joey Logano 326

14) AJ Allmendinger 325

15) Riley Herbst 324

16) Austin Cindric 307

_____________________________________________

17) Shane van Gisbergen 307

18) Zane Smith 305

19) Chase Briscoe 301

20) Alex Bowman 285

21) Christopher Bell 273

22) Kyle Busch 269 (RIP Rowdy 🕊)

23) Brad Keselowski 268

24) Ryan Preece 268

25) Erik Jones 266

26) William Byron 259

27) Bubba Wallace 251

28) Kyle Larson 249

29) Ty Gibbs 208

30) Chase Elliott 202

31) Chris Buescher 190

32) Daniel Suarez 187

33) Carson Hocevar 187

34) Chad Finchum 172

35) Ryan Blaney 159

36) Austin Hill 149

37) Justin Allgaier 131

38) Timmy Hill 130

39) BJ McLeod 128

40) Denny Hamlin 108

41) Corey Heim 106

42) Tyler Reddick 104

43) Katherine Legge 92

44) JJ Yeley 82

45) Anthony Alfredo 49

46) Jesse Love 49

47) Casey Mears 42

48) Joey Gase 36

49) Jimmie Johnson 34

50) Daniel Dye 27

51) Josh Bilicki 26

52) Corey LaJoie 6

53) Chandler Smith 3

**___________________________**

Truck series Chase standings (Race 12/18)

1) Frankie Muniz 369

2) Kris Wright 355

3) Cole Butcher 354

4) Spencer Boyd 340

5) Mini Tyrell 300

6) Dawson Sutton 298

7) Tanner Gray 286

8) Caleb Costner 285

9) Andres Perez de Lara 272

10) Clayton Green 254

_____________________________________________

11) Justin Haley 253

12) Ben Rhodes 251

13) Grant Enfinger 243

14) Ty Majeski 242

15) Josh Reaume 227

16) Brenden Queen 226

17) Corey LaJoie 216

18) Daniel Hemric 213

19) Jake Garcia 211

20) Stewart Friesen 207

21) Christian Eckes 198

22) Tyler Ankrum 189

23) Timmy Hill 188

24) Chandler Smith 178

25) Carson Hocevar 168

26) Luke Baldwin 155

27) Tyler Reif 153

28) Layne Riggs 137

29) Gio Ruggerio 133

30) Adam Andretti 121",2026-06-09
t3_1u6wjun,2026 LASTCAR Cup & Xfinity Chase standings (After Pocono),https://www.reddit.com/r/nascar/comments/1u6wjun/,/u/TIFUthebestSubreddit,2026-06-15 23:10:14+00:00,"Cup Series Chase standings (Race 16/26)

1) Cody Ware 600

2) Connor Zilisch 589

3) Cole Custer 482

4) Josh Berry 463

5) Ty Dillon 447

6) Noah Gragson 436

7) Todd Gilliland 392

8) John Hunter Nemechek 382

9) Austin Dillon 371

10) Joey Logano 365

11) Zane Smith 356

12) Ross Chastain 346

13) Michael McDowell 346

14) AJ Allmendinger 345

15) Shane van Gisbergen 341

16) Ricky Stenhouse Jr 341

_____________________________________________

17) Riley Herbst 338

18) Brad Keselowski 332

19) Austin Cindric 327

20) Alex Bowman 319

21) Chase Briscoe 311

22) Christopher Bell 297

23) Ryan Preece 294

24) Bubba Wallace 270

25) Erik Jones 270

26) Kyle Busch 269 (RIP Rowdy 🕊)

27) William Byron 260

28) Kyle Larson 252

29) Ty Gibbs 215

30) Chase Elliott 211

31) Carson Hocevar 205

32) Daniel Suarez 198

33) Chris Buescher 195

34) Ryan Blaney 174

35) Chad Finchum 172

36) Austin Hill 165

37) Justin Allgaier 131

38) Timmy Hill 130

39) BJ McLeod 128

40) Tyler Reddick 110

41) Denny Hamlin 109

42) Corey Heim 106

43) Katherine Legge 92

44) Casey Mears 89

45) JJ Yeley 82

46) Daniel Dye 59

47) Anthony Alfredo 49

48) Jesse Love 49

49) Joey Gase 36

50) Jimmie Johnson 34

51) Josh Bilicki 26

52) Corey LaJoie 6

53) Chandler Smith 3

**___________________________**

O'Reilly Chase standings (Race 17/26)

1) Ryan Ellis 554

2) Joey Gase 493

3) Josh Bilicki 458

4) Kyle Sieg 450

5) Lavar Scott 445

6) Patrick Staropoli 441

7) Harrison Burton 424

8) Blaine Perkins 408

9) Austin Green 405

10) Jeb Burton 384

11) Dawson Cram 377

12) Jeremy Clements 364

_____________________________________________

13) Mason Maggio 351

14) Garrett Smithley 351

15) Anthony Alfredo 351

16) Dean Thompson 322

17) Sam Mayer 304

18) Ryan Sieg 282

19) Taylor Gray 279

20) Brennan Poole 273

21) Parker Retzlaff 269

22) William Sawalich 266

23) Rajah Caruth 261

24) Nathan Byrd 256

25) Nick Sanchez 251

26) Josh Williams 251

27) Carson Kvapil 241

28) Corey Day 230

29) David Starr 228

30) JJ Yeley 215",2026-06-15
t3_1u7ei90,[RFK Racing] “Buescher staying with RFK Racing in the #17”,https://www.reddit.com/r/nascar/comments/1u7ei90/,/u/Dmacthegoat,2026-06-16 14:04:25+00:00,,2026-06-16
t3_1u8e6nx,"Adam Stern: “Jack Roush is stepping down from the Race Team Alliance board of directors and will be replaced by RFK Racing president Chip Bowers, while 23XI Racing is being newly added to the board and will be represented by Denny Hamlin. Former RCR president Torrey Galida will become chairman.”",https://www.reddit.com/r/nascar/comments/1u8e6nx/,/u/Dmacthegoat,2026-06-17 15:57:51+00:00,,2026-06-17
t3_1ucx7r0,"2026 LASTCAR Cup, Xfinity, and Truck Chase standings (after Coronado)",https://www.reddit.com/r/nascar/comments/1ucx7r0/,/u/TIFUthebestSubreddit,2026-06-22 21:13:35+00:00,"Cup Series Chase standings (Race 17/26)

1) Connor Zilisch 631

2) Cody Ware 622

3) Cole Custer 510

4) Josh Berry 489

5) Ty Dillon 479

6) Noah Gragson 474

7) Todd Gilliland 410

8) Austin Dillon 399

9) John Hunter Nemechek 396

10) Shane van Gisbergen 385

11) Ricky Stenhouse Jr 381

12) Joey Logano 380

13) Christopher Bell 363

14) Brad Keselowski 363

15) Zane Smith 357

16) Michael McDowell 356

_____________________________________________

17) Ross Chastain 350

18) AJ Allmendinger 347

19) Austin Cindric 346

20) Riley Herbst 344

21) Alex Bowman 342

22) Chase Briscoe 330

23) Ryan Preece 302

24) Erik Jones 295

25) William Byron 285

26) Bubba Wallace 275

27) Kyle Busch 269 (RIP Rowdy 🕊)

28) Kyle Larson 253

29) Ty Gibbs 231

30) Carson Hocevar 221


31) Chase Elliott 220

32) Daniel Suarez 211

33) Austin Hill 205

34) Chris Buescher 198

35) Ryan Blaney 180

36) Chad Finchum 172

37) Tyler Reddick 133

38) Justin Allgaier 131

39) Timmy Hill 130

40) BJ McLeod 128

41) Denny Hamlin 126

42) Corey Heim 107

43) Katherine Legge 92

44) Casey Mears 89

45) JJ Yeley 82

46) Jimmie Johnson 68

47) Daniel Dye 59

48) Anthony Alfredo 49

49) Jesse Love 49

50) Joey Gase 36

51) Josh Bilicki 26

52) Kevin Magnussen 24

53) Corey LaJoie 6

54) Chandler Smith 3

**___________________________**

O'Reilly Chase standings (Race 18/24)

1) Ryan Ellis 592

2) Joey Gase 528

3) Kyle Sieg 513

4) Lavar Scott 483

5) Josh Bilicki 479

6) Patrick Staropoli 460

7) Harrison Burton 432

8) Blaine Perkins 425

9) Austin Green 412

10) Dawson Cram 406

11) Jeb Burton 405

12) Anthony Alfredo 385

_____________________________________________

13) Jeremy Clements 378

14) Mason Maggio 351

15) Garrett Smithley 351

16) Dean Thompson 349

17) Sam Mayer 337

18) William Sawalich 301

19) Ryan Sieg 301

20) Brennan Poole 296

21) Rajah Caruth 282

22) Taylor Gray 280

23) Parker Retzlaff 275

24) Nathan Byrd 256

25) Nick Sanchez 251

26) Josh Williams 251

27) Corey Day 249

28) Carson Kvapil 244

29) David Starr 228

30) JJ Yeley 215


**___________________________**

Truck series Chase standings (Race 13/18)

1) Frankie Muniz 391

2) Cole Butcher 380

3) Kris Wright 369

4) Spencer Boyd 340

5) Dawson Sutton 339

6) Mini Tyrell 320

7) Tanner Gray 299

8) Andres Perez de Lara 294

9) Caleb Costner 285

10) Corey LaJoie 281

_____________________________________________

11) Grant Enfinger 273

12) Justin Haley 262

13) Ben Rhodes 260

14) Clayton Green 254

15) Ty Majeski 248

16) Jake Garcia 244

17) Stewart Friesen 241

18) Brenden Queen 234

19) Josh Reaume 227

20) Tyler Ankrum 221

21) Daniel Hemric 216

22) Christian Eckes 208

23) Chandler Smith 201

24) Timmy Hill 188

25) Tyler Reif 173

26) Carson Hocevar 168

27) Luke Baldwin 155

28) Gio Ruggerio 144

29) Adam Andretti 143

30) Layne Riggs 139",2026-06-22
t3_1uczgiy,"Brad Keselowski Wants NASCAR's Next Big Schedule Expansion to Be an Oval, Not a Road Course",https://www.reddit.com/r/nascar/comments/1uczgiy/,/u/iamaranger23,2026-06-22 22:40:39+00:00,,2026-06-22
t3_1ufpa49,"[KESELOWSKI] For those asking- RFK racing has multi year agreement with 
@fordracing
 and a commitment from their leadership to return the program to a championship contender. 

Any speculation else-wise makes for great internet talk but, it is not based on anything real.",https://www.reddit.com/r/nascar/comments/1ufpa49/,/u/Funny-Supermarket926,2026-06-25 22:54:24+00:00,[https://x.com/keselowski/status/2070278297100091823](https://x.com/keselowski/status/2070278297100091823),2026-06-25
t3_1ufpawv,"Brad Keselowski on X: ""For those asking- RFK racing has multi year agreement with @fordracing and a commitment from their leadership to return the program to a championship contender. Any speculation else-wise makes for great internet talk but, it is not based on anything real."" / X",https://www.reddit.com/r/nascar/comments/1ufpawv/,/u/BLARG13,2026-06-25 22:55:23+00:00,,2026-06-25
t3_1ugitvj,Something that I feel like is not getting talked about enough; NASCAR is quite possibly in the best spot it's been in a couple decades when it comes to up and coming stars in the NCS,https://www.reddit.com/r/nascar/comments/1ugitvj/,/u/USHighway14,2026-06-26 20:57:46+00:00,"NASCAR right now is in the best spot it's been in a couple decades when it comes to the stars that are up and coming into the Cup series, or have just entered. I think of Carson Hocevar, Ty Gibbs, Connor Zilisch, Corey Heim, Jesse Love(?),(possibly) Brent Crews and Layne Riggs, plus more. Like think of where NASCAR was around 2009-2012. The only two drivers that came on the spot was Joey Logano and Brad Keselowski, but that's about it. I think whenever Denny Hamlin and other drivers retire, fans will finally have options to choose from when it comes to finding their new favorite driver.",2026-06-26
t3_1uj708m,2026 LASTCAR Cup & Xfinity Chase standings (After Sonoma),https://www.reddit.com/r/nascar/comments/1uj708m/,/u/TIFUthebestSubreddit,2026-06-29 22:25:53+00:00,"Cup Series Chase standings (Race 18/26)

1) Cody Ware 655

2) Connor Zilisch 638

3) Cole Custer 543

4) Josh Berry 522

5) Ty Dillon 515

6) Noah Gragson 512

7) Todd Gilliland 477

8) Austin Dillon 436

9) John Hunter Nemechek 423

10) Joey Logano 411

11) Ricky Stenhouse Jr 405

12) Shane van Gisbergen 386

13) Riley Herbst 384

14) Brad Keselowski 383

15) Zane Smith 378

16) Christopher Bell 368

_____________________________________________

17) Michael McDowell 365

18) Ross Chastain 364

19) AJ Allmendinger 363

20) Austin Cindric 359

21) Alex Bowman 352

22) Chase Briscoe 332

23) Erik Jones 318

24) Ryan Preece 310

25) William Byron 301

26) Bubba Wallace 297

27) Kyle Busch 269 (RIP Rowdy 🕊)

28) Daniel Suarez 258

29) Kyle Larson 257

30) Austin Hill 246

31) Chase Elliott 237

32) Ty Gibbs 234

33) Carson Hocevar 232

34) Chris Buescher 219

35) Tyler Reddick 202

36) Ryan Blaney 186

37) Chad Finchum 172

38) Denny Hamlin 152

39) Justin Allgaier 131

40) Timmy Hill 130

41) BJ McLeod 128

42) Corey Heim 107

43) Katherine Legge 92

44) Casey Mears 89

45) JJ Yeley 82

46) Jimmie Johnson 68

47) Daniel Dye 59

48) Anthony Alfredo 49

49) Jesse Love 49

50) Joey Gase 36

51) Josh Bilicki 26

52) Kevin Magnussen 24

53) Corey LaJoie 6

54) Chandler Smith 3

**___________________________**

O'Reilly Chase standings (Race 19/26)

1) Ryan Ellis 613

2) Kyle Sieg 550

3) Joey Gase 528

4) Lavar Scott 513

5) Josh Bilicki 500

6) Patrick Staropoli 483

7) Blaine Perkins 453

8) Harrison Burton 452

9) Dawson Cram 438

10) Austin Green 432

11) Jeb Burton 419

12) Jeremy Clements 402

_____________________________________________

13) Anthony Alfredo 387

14) Dean Thompson 378

15) Mason Maggio 351

16) Garrett Smithley 351

17) Sam Mayer 344

18) Brennan Poole 324

19) William Sawalich 314

20) Ryan Sieg 314

21) Taylor Gray 307

22) Rajah Caruth 294

23) Parker Retzlaff 278

24) Josh Williams 276

25) Nathan Byrd 256

26) Corey Day 254

27) Carson Kvapil 251

28) Nick Sanchez 251

29) Brandon Jones 246

30) Austin Hill 231",2026-06-29
