id,title,link,author,published,content,date
t3_1iknoq7,Layne Riggs is NOT a better driver than Chandler Smith.,https://www.reddit.com/r/nascar/comments/1iknoq7/,/u/Zestyclose_Worth_232,2025-02-08 13:50:46+00:00,"I’ve seen plenty of people share their 2025 Truck Series expectations, and they seem to be setting the bar high on Layne Riggs. He won a few races during the Playoffs last year and seems to remain their #1 driver, and I can definitely see him winning some more and making the Playoffs next year. However, I would set an EVEN HIGHER bar on Chandler Smith. Smith, of course, is the unofficial 2024 Xfinity Series non-Playoff champion, despite only winning two races with Jeff Meendering atop the box. He is full of talent, but was screwed out of all Xfinity rides due to less talented drivers cashing in larger checks (Kris Wright, Blaine Perkins, Taylor Gray). He used to win plenty of races for KBM from 2021-22 and almost won a title in ‘22. CSmith will have Jon Leonard as crew chief, the same guy who worked with Matt Mills for most of last season and Todd Gilliland from 2020-21 with FRM before they brought in Chris Lawson. My expectations for Chandler are at least 5 wins and a Championship 4 berth, with consistency matching that of 2024 Christian Eckes. And I expect him to be in the conversation for a Cup Series ride again in 2026.

What are your expectations for Smith? Will he indeed do better than Riggs? And did you also set a high bar on him for 2025?",2025-02-08
t3_1im9oz5,Daytona 500 Betting Odds,https://www.reddit.com/r/nascar/comments/1im9oz5/,/u/Beerguy2727,2025-02-10 16:10:12+00:00,"Denny Hamlin +1200
Joey Logano +1300
Brad Keselowski +1300
Ryan Blaney +1300
Kyle Busch +1400
Kyle Larson +1400
Chase Elliott +1600
Chris Buescher +1700
William Byron +1800
Bubba Wallace +2400
Christopher Bell +2400
Josh Berry +2400
Austin Cindric +2400
Ricky Stenhouse Jr +2600
Tyler Reddick +2800
Chase Briscoe +2800
Ross Chastain +2800
Alex Bowman +3100
Todd Gilliland +3200
Michael McDowell +3400
Ty Gibbs +3500
*Martin Truex Jr +3500
*Justin Allgaier +3500
Daniel Suarez +4100
Noah Gragson +4300
Erik Jones +4400
Ryan Preece +4500
Austin Dillion +5000
Cole Custer +5500
Justin Haley +5500
Carson Hocevar +6000
Riley Herbert +6500
Shane Van Gisbergen +6500
AJ Allmendinger +7000
Zane Smith +7000
Helio Castroneves +7500
*Corey Lajoie +8000
Ty Dillion +8500
*Chandler Smith +9000
John Hunter Nemechek +10000
*Jimmie Johnson +12500
Cody Ware +15000
*Anthony Alfredo +20000
*JJ Yeley +50000
*BJ McLeod +50000",2025-02-10
t3_1imwooq,Love's Travel Stops sponsor schedule for 2025 (Gilliland / Riggs),https://www.reddit.com/r/nascar/comments/1imwooq/,/u/pdas1996,2025-02-11 11:42:48+00:00,,2025-02-11
t3_1in0isz,2025 Driver Photo Albums,https://www.reddit.com/r/nascar/comments/1in0isz/,/u/puffadda,2025-02-11 15:01:09+00:00,"Howdy folks, I'm about to fly out to Daytona to start year five on the part-time NASCAR beat.

Figured I'd drop this year's driver galleries now to head off everyone asking if I got any shots of their favorite driver when I do my posts for the rest of the season. 😅

---

##Cup Series Driver Galleries
Number | Team | Driver(s) | Google Photos Gallery
:-:|:-:|:-:|:-:
*01* | Rick Ware Racing | Corey LaJoie | [Link](https://photos.app.goo.gl/y2Jaa7gbcKoW923Y9)
**1** | Trackhouse Racing | Ross Chastain | [Link](https://photos.app.goo.gl/ri3ekMkQZ3Gh2uMw9)
**2** | Team Penske | Austin Cindric | [Link](https://photos.app.goo.gl/otUGvD4cBUbrJhtC9)
**3** | Richard Childress Racing | Austin Dillon | [Link](https://photos.app.goo.gl/ZvwYqcYDbxgAY4396)
**4** | Front Row Motorsports | Noah Gragson | [Link](https://photos.app.goo.gl/pFcgMycobfEP6oZW7)
**5** | Hendrick Motorsports | Kyle Larson | [Link](https://photos.app.goo.gl/cvjwiEva9y5zBm7Z9)
**6** | RFK Racing | Brad Keselowski | [Link](https://photos.app.goo.gl/7q4kjoU62KiuZFdV9)
**7** | Spire Motorsports | Justin Haley | [Link](https://photos.app.goo.gl/dEjrMQGfkqAxNZTA7)
**8** | Richard Childress Racing | Kyle Busch | [Link](https://photos.app.goo.gl/FtnVxhTwWUGK8dicA)
**9** | Hendrick Motorsports | Chase Elliott | [Link](https://photos.app.goo.gl/zYdJvc57nMTo5uxeA)
**10** | Kaulig Racing | Ty Dillon | [Link](https://photos.app.goo.gl/Po2WTGAr9KhALxTC7)
**11** | Joe Gibbs Racing | Denny Hamlin | [Link](https://photos.app.goo.gl/q36TQ9fEXxSkovVv9)
**12** | Team Penske | Ryan Blaney | [Link](https://photos.app.goo.gl/4Jycg7Vkz8z8Fvby6)
**16** | Kaulig Racing | A.J. Allmendinger | [Link](https://photos.app.goo.gl/gVJdJCyZpV3UAHjr5)
**17** | RFK Racing | Chris Buescher | [Link](https://photos.app.goo.gl/yr5DFwY6CeDgXkWc7)
**19** | Joe Gibbs Racing | Chase Briscoe | [Link](https://photos.app.goo.gl/nssTXT9GsftwQr6x9)
**20** | Joe Gibbs Racing | Christopher Bell | [Link](https://photos.app.goo.gl/ycGT3vvs9v5DmJuKA)
**21** | Wood Brothers Racing | Josh Berry | [Link](https://photos.app.goo.gl/yizCwaCj5kuZNsxx9)
**22** | Team Penske | Joey Logano | [Link](https://photos.app.goo.gl/9kGZQppuzVsCibFh6)
**23** | 23XI Racing | Bubba Wallace | [Link](https://photos.app.goo.gl/JqrFb3ygR87moXzK6)
**24** | Hendrick Motorsports | William Byron | [Link](https://photos.app.goo.gl/EnuoJ76iVdju72rC9)
*33* | Richard Childress Racing | Austin Hill | [Link](https://photos.app.goo.gl/UJCGKUnqg6DGcjvf6)
**34** | Front Row Motorsports | Todd Gilliland | [Link](https://photos.app.goo.gl/kxvL6Uza1iCEWY7e9)
**35** | 23XI Racing | Riley Herbst | [Link](https://photos.app.goo.gl/Bs5htXvPWkwKA3az8)
**38** | Front Row Motorsports | Zane Smith | [Link](https://photos.app.goo.gl/mhYkJ3C1ANUhNzkk8)
*40* | JR Motorsports | Justin Allgaier | [Link](https://photos.app.goo.gl/ddwe7oBkTnPXiRmc8)
**41** | Haas Factory Team | Cole Custer | [Link](https://photos.app.goo.gl/a3pwH7L2LcmUK5YY8)
**42** | Legacy Motor Club | John Hunter Nemechek | [Link](https://photos.app.goo.gl/p2VAnu2W5FuLaJ1t5)
**43** | Legacy Motor Club | Erik Jones | [Link](https://photos.app.goo.gl/uHVeVWc8A99913UD8)
*44* | NY Racing | Miscellaneous | [Link](https://photos.app.goo.gl/4FNS5UkqWmZ2DE7y8)
**45** | 23XI Racing | Tyler Reddick | [Link](https://photos.app.goo.gl/oQYa6qDnp9p3e1d48)
**47** | HYAK Motorsports | Ricky Stenhouse, Jr. | [Link](https://photos.app.goo.gl/u8jotcG1Y2EKtDrn6)
**48** | Hendrick Motorsports | Alex Bowman | [Link](https://photos.app.goo.gl/rVCQxkfGiNHu4oNG6)
*50* | Team AmeriVet | Miscellaneous | [Link](https://photos.app.goo.gl/pQ4XyFTMpRsH1KnT7)
**51** | Rick Ware Racing | Cody Ware | [Link](https://photos.app.goo.gl/RTwfEWrxdFntdBKRA)
**54** | Joe Gibbs Racing | Ty Gibbs | [Link](https://photos.app.goo.gl/b8X2JmYPPKYqfmFdA)
*56* | TRICON Garage | Martin Truex, Jr. | [Link](https://photos.app.goo.gl/NiSAds9dNYj8YcrZA)
**60** | RFK Racing | Ryan Preece | [Link](https://photos.app.goo.gl/wWfP2wujs5G5SCq28)
*62* | Beard Motorsports | Anthony Alfredo | [Link](https://photos.app.goo.gl/92CLRTwP7R5eh1aW8)
*66* | MBM Motorsports | Chandler Smith | [Link](https://photos.app.goo.gl/ejm1gUEjoaMjJwVr6)
**71** | Spire Motorsports | Michael McDowell | [Link](https://photos.app.goo.gl/boajKqcfjnQygDKPA)
**77** | Spire Motorsports | Carson Hocevar | [Link](https://photos.app.goo.gl/Yos9yFmpNWVCD6q66)
*78* | Live Fast Motorsports | B.J. McLeod | [Link](https://photos.app.goo.gl/vhfJKFEUhmaDmjcK8)
*84* | Legacy Motor Club | Jimmie Johnson | [Link](https://photos.app.goo.gl/vjEn2Zo2nXQs7vDt6)
**88** | Trackhouse Racing | Shane van Gisbergen | [Link](https://photos.app.goo.gl/ZCWjcQhHYGEWxRDc7)
*91* | Trackhouse Racing | Helio Castroneves | [Link](https://photos.app.goo.gl/V5rumQm3osnL4td57)
**99** | Trackhouse Racing | Daniel Suarez | [Link](https://photos.app.goo.gl/A7M8GdTnukYTVvoV8)
N/A | NASCAR | Generic | [Link](https://photos.app.goo.gl/koSr8VgpMuGo3QBE7)

---

##Bonus Driver Galleries
Number | Team | Driver | Google Photos Gallery
:-:|:-:|:-:|:-:
11 | TRICON Garage | Corey Heim | [Link](https://photos.app.goo.gl/nxmqukPeqMeGM6HU7)
25 | Venturini Motorsports | Toni Breidinger | [Link](https://photos.app.goo.gl/d1f7upC1CN2M9DB76)
33 | Reaume Brothers Racing | Frankie Muniz | [Link](https://photos.app.goo.gl/mnwfaaAxvkgQv2ve9)
71 | Spire Motorsports | Rajah Caruth | [Link](https://photos.app.goo.gl/AJnLRCEebaweHA9D6)
88 | JR Motorsports | Connor Zilisch | [Link](https://photos.app.goo.gl/Y3eTyVeYPwbLFf8QA)",2025-02-11
t3_1in5pgo,[Front Row Motorsports] Great schemes for the Great American Race.,https://www.reddit.com/r/nascar/comments/1in5pgo/,/u/hayternal,2025-02-11 18:35:38+00:00,,2025-02-11
t3_1inj9g5,Some Speedweeks stats,https://www.reddit.com/r/nascar/comments/1inj9g5/,/u/phoenixv07,2025-02-12 04:57:52+00:00,"161 drivers are attempting at least one race this weekend.

--Oldest Drivers--

ARCA: Bryan Dauzat (65), Dale Quarterley (64), Chuck Buchanan (63), Scott Melton (63), Robert Martin (63), Ed Pompa (62), Michael Maples (61), Eric Caudell (58), Brad Smith (56), Craig Bracken (52)

Truck: Norm Benning (73, the oldest driver racing this weekend), Bryan Dauzat (65), Jason White (51), Matt Crafton (48), Johnny Sauter (46)

Xfinity: Caesar Bacarella (49), Greg Van Alst (43), Jeremy Clements (40), Justin Allgaier (38), Ryan Sieg (37) [good god there's only three Xfinity drivers older than me, I feel old]

Cup: Helio Castroneves (49), Jimmie Johnson (49), J.J. Yeley (48), Martin Truex Jr. (44), Denny Hamlin (44) [worth noting that the oldest Cup driver is also the ***14th oldest*** ARCA driver]

--Youngest Drivers--

ARCA: Chase Pinsonneault (18, youngest driver racing this weekend), William Sawalich (18), Nick White (18), Corey Day (19), Jake Finch (19)

TRUCK: William Sawalich (18), Dawson Sutton (19), Andres Perez de Lara (19), Jake Garcia (19), Gio Ruggiero (20)

XFINITY: William Sawalich (18), Connor Zilisch (18), Taylor Gray (19), Leland Honeyman (19), Jesse Love (20)

CUP: Carson Hocevar (22), Ty Gibbs (22), Chandler Smith (22), Todd Gilliland (24), Zane Smith (25)

--Women--

Five women are racing this weekend - four in ARCA (Katherine Legge, Becca Monopoli, Amber Balcaen and Isabella Robusto) and one in Trucks (Toni Breidinger). 44-year-old Katherine Legge is the oldest woman racing, while 20-year-old Isabella Robusto is the youngest.

--By State--

At least five drivers from: North Carolina (20, including seven who are related to racing families from somewhere else who moved to NC), California (18), Florida (14), Georgia (8), New York (8), Virginia (8), Wisconsin (6), Arizona (5), Michigan (5)

States with no drivers: Alaska, Arkansas, Colorado, Delaware, Hawaii, Idaho, Kansas, Maine, Montana, Nebraska, New Hampshire, Rhode Island, South Dakota, Utah, Vermont, Washington, Wyoming

There are 12 foreign born drivers entered: six Canadian (Amber Balcaen, Craig Bracken, Jason White, Stewart Friesen, Kyle Steckly, Chase Pinsonneault), two Mexican (Daniel Suarez, Andres Perez de Lara), and one each Brazilian (Helio Castroneves), Japanese (Takuma Koga), New Zealander (Shane Van Gisbergen) and British (Katherine Legge).",2025-02-12
t3_1inve3g,Daytona 500 Betting Odds,https://www.reddit.com/r/nascar/comments/1inve3g/,/u/hawkfan100,2025-02-12 16:48:47+00:00,"I’m pumped for another Daytona 500 race and sharing the odds to win in 2025!

Who’s your favorite longshot driver to beat the odds?

Kyle Busch +1000   
Denny Hamlin +1100   
Joey Logano +1200   
Ryan Blaney +1200     
Chase Elliott +1300     
Brad Keselowski +1400   
Kyle Larson +1400   
William Byron +1900     
Chris Buescher +2200    
Christopher Bell +2300   
Bubba Wallace +2300   
Austin Cindric +2400   
Josh Berry +2400    
Ricky Stenhouse Jr. +2500     
Tyler Reddick +2800   
Ross Chastain +2800     
Alex Bowman +2900     
Chase Briscoe +3000   
Michael McDowell +3000   
Todd Gilliland +3200     
Ty Gibbs +3300   
Ryan Preece +3800   
Daniel Suarez +4000   
Erik Jones +4400   
Noah Gragson +4500   
Martin Truex Jr. +5000   
Austin Dillon +5000   
Carson Hocevar +5000   
Shane van Gisbergen +7000   
Corey Lajoie +8000

Odds take directly from BettorEdge at [Bettoredge.com/NASCAR](http://Bettoredge.com/NASCAR)",2025-02-12
t3_1iok1hd,Comedian tries out for pit crew,https://www.reddit.com/r/nascar/comments/1iok1hd/,/u/ccorts,2025-02-13 14:19:24+00:00,Funny video of comedian Josh Mancuso trying our for Todd Gilliland’s pit crew at Front Row Motorsports 😂,2025-02-13
t3_1ionn4q,Crew Chiefs for Todd Gilliland and Cody Ware have been ejected for the entire weekend,https://www.reddit.com/r/nascar/comments/1ionn4q/,/u/Dmacthegoat,2025-02-13 16:56:27+00:00,,2025-02-13
t3_1ionn8n,[BOB] NASCAR has ejected crew chiefs for Todd Gilliland (Chris Lawson) and Cody Ware (Billy Plourde) for tech violation yesterday. Lawson replacement is engineer Kevyn Rebolledo; RWR competition director Tommy Baldwin replacing Plourde (engineer ejected Wednesday is back).,https://www.reddit.com/r/nascar/comments/1ionn8n/,/u/[deleted],2025-02-13 16:56:34+00:00,[deleted],2025-02-13
t3_1ipjd62,Personal driver tiers,https://www.reddit.com/r/nascar/comments/1ipjd62/,/u/yavimaya_eldred,2025-02-14 19:55:37+00:00,"With the season starting up, I’ve seen a lot of “who’s your favorite driver?” and “how did you pick your favorite driver?” posts. Well some of us perverts like multiple drivers, for reasons both sound (I met Ken Schrader at a short track as a kid!) and nonsensical (I like how the track lights reflect off of Todd Gilliland’s gorgeous brown eyes). So I made a tier ranking of the notable drivers for each series. I encourage all of you sickos to do the same. You certainly don’t have to follow my template, or do anything at all. It’s your life. But I love shit like this and it killed a half hour at work. 

Some notes;

- Tiermaker didn’t have the 01, so the 15 represents Lajoie. 
- They also didn’t have Cope’s team or Friesen, Honeyman is in the “actively root for tier” and Friesen is in the “whatever” tier. ",2025-02-14
t3_1irvkzn,Aaron's will be sponsoring Todd Gilliland this weekend at Atlanta,https://www.reddit.com/r/nascar/comments/1irvkzn/,/u/Equivalent_Dish_1990,2025-02-17 21:35:10+00:00,,2025-02-17
t3_1isewff,Adam Stern: Aaron’s is coming back into NASCAR with FRM starting this weekend for Todd Gilliland. They will also have 7 primaries for Zane Smith this season,https://www.reddit.com/r/nascar/comments/1isewff/,/u/Dmacthegoat,2025-02-18 15:13:26+00:00,,2025-02-18
t3_1itd5mp,"[Front Row Motorsports] Aaron’s, Aaron’s, Aaron’s…",https://www.reddit.com/r/nascar/comments/1itd5mp/,/u/Equivalent_Dish_1990,2025-02-19 18:48:14+00:00,,2025-02-19
t3_1iu7voa,"2025 LASTCAR Cup, Xfinity, and Truck Playoff standings (after Daytona I)",https://www.reddit.com/r/nascar/comments/1iu7voa/,/u/TIFUthebestSubreddit,2025-02-20 20:04:08+00:00,"Cup Series Playoff standings (Race 1/26)

1) AJ Allmendinger 1 Loss 61 (7 PP)

2) Zane Smith 59

3) Helio Castroneves 50

4) Josh Berry 46

5) Ross Chastain 43

6) Martin Truex Jr 41

7) Carson Hocevar 37

8) Shane van Gisbergen 34

9) Joey Logano 30

10) Noah Gragson 29

11) Brad Keselowski 29

12) Kyle Busch 29

13) Justin Haley 28

14) Ryan Preece 27

15) Christopher Bell 26

16) Cody Ware 26

_____________________________________________

17) Bubba Wallace 24

18) Todd Gilliland 22

19) Cole Custer 20

20) Denny Hamlin 19

21) Austin Dillon 18

22) Daniel Suarez 17

23) Corey LaJoie 17

24) Ty Dillon 16

25) Ricky Stenhouse Jr 16

26) Kyle Larson 15

27) Jimmie Johnson 15

28) Riley Herbst 12

29) Alex Bowman 11

30) Ty Gibbs 11


**___________________________**

Xfinity Playoff standings (Race 1/26)

1) Daniel Dye 1 Loss 60 (7 PP)

2) Brandon Jones 54

3) Kyle Sieg 49

4) Brennan Poole 43

5) Nick Sanchez 39

6) Garrett Smithley 36

7) Kris Wright 33

8) Blaine Perkins 32

9) Austin Hill 31

10) Parker Retzlaff 27

11) William Sawalich 26

12) Greg van Alst 26

_____________________________________________

13) Ryan Ellis 25

14) Connor Zilisch 25

15) Justin Bonsignore 23

16) Sammy Smith 22

17) Anthony Alfredo 20

18) Caesar Bacarella 20

19) Leland Honeyman 19

20) Josh Williams 18

21) Joey Gase 18

22) Ryan Sieg 17

23) Justin Allgaier 16

24) Ryan Truex 15

25) Jeb Burton 14

26) Josh Bilicki 12

27) Patrick Emerling 12

28) Christian Eckes 10

29) Mmatt DiBenedetto 9

30) Taylor Gray 8


**___________________________**

Truck series Playoff Standings (race 1/18

1) Parker Kligerman 1 Loss 60 (7 PP)

2) Kaden Honeycutt 52

3) Connor Mosack 50

4) Toni Briedinger 41

5) Matt Mills 36

6) Nathan Byrd 36

7) Tyler Ankrum 34

8) Matt Crafton 33

9) Clay Greenfield 33

10) Rajah Caruth 30

_____________________________________________

11) Michael McDowell 26

12) Dawson Sutton 25

13) Spencer Boyd 24

14) Jack Wood 24

15) Josh Reaume 23

16) Stewart Friesen 23

17) Tanner Gray 22

18) Norm Benning 21

19) Bayley Currey 21

20) Ben Rhodes 20

21) Mason Maggio 19

22) Johnny Sauter 17

23) Frankie Muniz 15

24) Andres Perez de Lara 15

25) Layne Riggs 13

26) Jake Garcia 12

27) Timmy Hill 11

28) William Sawalich 8

29) Jason White 8

30) Daniel Hemric 7",2025-02-20
t3_1iy7hb2,"2025 LASTCAR Cup, Xfinity, and Truck Playoff Standings (After Atlanta I)",https://www.reddit.com/r/nascar/comments/1iy7hb2/,/u/TIFUthebestSubreddit,2025-02-25 22:14:09+00:00,"Cup Series Playoff standings (Race 2/26)

1) Brad Keselowski 1 Loss 77 (5 PP)

2) AJ Allmendinger 1 Loss 72 (7 PP)

3) Josh Berry 68

4) Cody Ware 68

5) Zane Smith 67

6) Corey LaJoie 61

7) Noah Gragson 60

8) Cole Custer 58

9) Shane van Gisbergen 54

10) Daniel Suarez 53

11) Ty Dillon 52

12) Helio Castroneves 50

13) Justin Haley 49

14) JJ Yeley 49

15) Ross Chastain 48

16) Erik Jones 46 (1 PP)

_____________________________________________

17) Ryan Preece 43

18) Martin Truex Jr 41

19) Ty Gibbs 40

20) Joey Logano 39

21) Carson Hocevar 38

22) BJ McLeod 36

23) Austin Dillon 35

24) Chris Buescher 35

25) Todd Gilliland 34

26) Alex Bowman 34

27) Kyle Busch 33

28) Chase Elliott 33

29) Michael McDowell 31

30) Bubba Wallace 30


**___________________________**

Xfinity Playoff standings (Race 2/26)

1) Kyle Sieg 98

2) Kris Wright 68

3) Daniel Dye 1 Loss 65 (7 PP)

4) Garrett Smithley 65

5) Brandon Jones 65

6) Dean Thompson 58 (2 PP)

7) Brennan Poole 58

8) Connor Zilisch 57

9) Anthony Alfredo 55

10) Parker Retzlaff 52

11) Taylor Gray 1 Loss 48 (5 PP)

12) Blaine Perkins 48

_____________________________________________

13) Carson Ware 47

14) Joey Gase 43

15) Nick Sanchez 43

16) Mason Maggio 43

17) Ryan Ellis 42

18) Josh Bilicki 40

19) Christian Eckes 37

20) Ryan Sieg 35

21) Sam Mayer 35

22) William Sawalich 33

23) Austin Hill 32

24) Josh Williams 39

25) Mason Massey 29

26) Leland Honeyman 28

27) Nick Leitz 28

28) Greg van Alst 26

29) Carson Kvapil 25

30) Sammy Smith 24


**___________________________**

Truck series Playoff Standings (race 2/18)

1) Toni Briedinger 84 (1 PP)

2) Connor Mosack 79

3) Nathan Byrd 77

4) Matt Crafton 68

5) Rajah Caruth 63

6) Kaden Honeycutt 62

7) Parker Kligerman 1 Loss 60 (7 PP)

8) Matt Mills 59

9) Keith McGee 1 Loss 58 (6 PP)

10) Spencer Boyd 56

_____________________________________________


11) Josh Reaume 53

12) Jack Wood 49

13) Dawson Sutton 48

14) Frankie Muniz 48

15) Justin Carroll 48

16) Andres Perez de Lara 47

17) Layne Riggs 45

18) William Sawalich 43

19) Michael McDowell 42

20) Tanner Gray 41

21) Tyler Ankrum 41

22) Corey Heim 35

23) Clay Greenfield 33

24) Ben Rhodes 31

25) Bayley Currey 29

26) Stewart Friesen 29

27) Daniel Hemric 27

28) Jake Garcia 25

29) Norm Benning 21

30) Mason Maggio 19",2025-02-25
t3_1j2hnv6,Why do people think JGR is blackballing Corey Heim?,https://www.reddit.com/r/nascar/comments/1j2hnv6/,/u/ITMAKESSENSE72,2025-03-03 12:34:38+00:00,"The ""JGR is holding him down"" storyline is silly and I wonder why people think that?  JGR outlined when they hired Chase Briscoe, they don't like to have 2 drivers at the same level, at the same time.  They considered levels to be a rookie level, first 3 seasons, then the next level is seasons 4-6 and etc.  In this case, Chase Briscoe was a perfect fit for that, a winning driver in that second level of his career experience progression.  

To me, that is exactly why they don't need or want Corey Heim.  And, I find it strange that people are so infatuated with them having to sign him.  They have their own young driver in development in Ty Gibbs, and he's struggling enough to get up to speed, why would they add Corey Heim to that, on a charity case (doesn't bring money).

I think people forget that the lower series drivers are mostly there because they bring money, if Corey brought money, he would be there too.  I was frustrated by Todd Gilliland never getting a start at JGR too but he didn't bring that type of funding, I guess Ty Gibbs was mad at him too, eh?",2025-03-03
t3_1j3lw6p,[FRM] Todd Gilliland’s Frontline scheme for the 34 car in Phoenix,https://www.reddit.com/r/nascar/comments/1j3lw6p/,/u/SoupMadeFreshDaily,2025-03-04 21:19:46+00:00,,2025-03-04
t3_1j3nmy0,2025 LASTCAR Cup & Xfinity Playoff standings (After COTA),https://www.reddit.com/r/nascar/comments/1j3nmy0/,/u/TIFUthebestSubreddit,2025-03-04 22:32:55+00:00,"Cup Series Playoff standings (Race 3/26)

1) AJ Allmendinger 1 Loss 101 (7 PP)

2) Brad Keselowski 1 Loss 95 (5 PP)

3) Connor Zilisch 1 Loss 44 (5 PP)

4) Zane Smith 110

5) Cody Ware 108

6l Josh Berry 105

7) Ty Dillon 91 (1 PP)

8) Erik Jones 89 (1 PP)

9) Daniel Suarez 88

10) Cole Custer 83

11) Noah Gragson 77

12) Ryan Preece 75

13) Ty Gibbs 74

14) Austin Dillon 69

15) Justin Haley 65

16) Joey Logano 65

_____________________________________________

17) Corey LaJoie 61

18) Ross Chastain 59

19) Shane van Gisbergen 59

20) Austin Cindric 58

21) Kyle Larson 57 (1 PP)

22) Carson Hocevar 50

23) Helio Castroneves 50

24) Bubba Wallace 49

25) JJ Yeley 49

26) Todd Gilliland 45

27) Denny Hamlin 42

28) Riley Herbst 42

29) Alex Bowman 42

30) Chris Buescher 41

**___________________________**

Xfinity Playoff standings (Race 3/26)

1) Daniel Dye 1 Loss 80 (7 PP)

2) Carson Hocevar 1 Loss 60.(7 PP)

3) Taylor Gray 1 Loss 53 (5 PP)

4) Kyle Sieg 123

5) Kris Wright 99

6) Brandon Jones 93

7) Dean Thompson 77 (2 PP)

8) Brennan Poole 76

9) Nick Sanchez 75

10) Anthony Alfredo 74

11) Ryan Ellis 66

12) Garrett Smithley 65

_____________________________________________

13) Josh Bilicki 63

14) Connor Zilisch 58

15) Blaine Perkins 56

16) Baltazar Leguizamon 54

17) Ryan Sieg 52

18) Parker Retzlaff 52

19) Justin Allgaier 51

20) Preston Pardus 50

21) Matt DiBenedetto 49

22) Carson Ware 47

23) Carson Kvapil 46

24) Harrison Burton 45

25) William Sawalich 45

26) Jeb Burton 44

27) Mason Maggio 43

28) Joey Gase 43

29) Josh Williams 43

30) Jeremy Clements 42",2025-03-04
t3_1j4beoj,"NASCAR Sues Michael Jordan's 23XI & Front Row Motorsports, Calls Teams 'Illegal Cartel'",https://www.reddit.com/r/nascar/comments/1j4beoj/,/u/EVILTHE_TURTLE,2025-03-05 19:22:33+00:00,Didn’t see this one posted yet. Delete if has been.,2025-03-05
t3_1j5fs9a,2025 Darlington throwback schemes- what would you like to see?,https://www.reddit.com/r/nascar/comments/1j5fs9a/,/u/NJ_NASCAR_fan,2025-03-07 04:59:23+00:00,"As of when I'm posting this (3/6), we are now exactly 1 month away from the (Cup Series) Darlington race on 4/6! The race was taken off of Mother's Day weekend in this year's schedule and moved to the first weekend of April.

Austin Cindric's throwback to Dale Earnhardt's #2 car appears to be the first Cup Series throwback announced and Nick Leitz's throwback to Scott Riggs' #10 car appears to be the first Xfinity Series throwback announced. We'll definitely see more throwback schemes announced in the coming weeks leading up to the race, but what throwbacks do you want to see this year?

**Here's some of my ideas!**

I checked [this page on Jayski](https://www.jayski.com/cup-teams/) to see what sponsors the Cup Series teams will have in this race, so here's some ideas for each:  
\#6- Keselowski has Castrol: [Casey Atwood's 1999-2000 Castrol Busch Series #27 car](https://www.jayski.com/wp-content/uploads/sites/31/2019/05/1999-27bgn1.jpg)

\#8- Kyle Busch has Cheddar's: maybe [his old Combos car](https://www.jayski.com/wp-content/uploads/sites/31/2019/05/2008-18combos-hotpits-lside.jpg) since it's also orange like Cheddar's. Put the Cheddar's croissants in the same place the Combos pretzels are in the paint scheme.

\#9- Elliott has UniFirst: [L.W. Miller's 1995 UniFirst Busch Series #18 car](https://i.ebayimg.com/images/g/vekAAOSw0R9iz3eO/s-l1600.webp) (and L.W. is JRM co-owner Kelley Earnhardt-Miller's husband)

\#10- Ty Dillon has Sea Best: maybe a Ricky Rudd (more on him below) #10 car throwback but the colors don't match

\#11- Hamlin has Sport Clips:

\#19- Briscoe has Bass Pro Shops: maybe the Carl Edwards #19 ARRIS car (both sponsors have orange) or another previous MTJ Bass Pro Shops paint scheme if they still want to continue paying tribute to his retirement. Maybe his 2006-2009 #1 car paint scheme which hasn't been run yet?

\#24- Byron has Axalta: Hendrick has done plenty of Jeff Gordon throwback paint schemes but I don't think they've done his 2009 DuPont car yet. Maybe that one?

\#48- Bowman has Ally:

\#77- Hocevar has Zeigler Auto Group: the [Jasper Motorsports #77 car](https://www.jayski.com/wp-content/uploads/sites/31/2019/05/2003-77jasper-side-daytona.jpg). I know Ryan Blaney did do it but this time the number would match and both Jasper and Ziegler are automotive companies and even both end in ""er"". Hopefully Ziegler would be willing to switch their black to blue on the car for 1 race and maybe have ""Ziegler"" in the Jasper font

  
For a handful of the 10 years of Darlington throwback weekend, a few teams would run paint schemes of drivers and other people who were part of the year's NASCAR Hall of Fame class. I hope we see some teams throw back to Ricky Rudd, Carl Edwards and Ralph Moody! In particular, if Freeway Insurance is Daniel Suarez's sponsor at Darlington, [Edwards' Aflac scheme from 2008 would work great](https://www.jayski.com/wp-content/uploads/sites/31/2019/05/2008-99aflac-atlanta.jpg) as it's green and blue, also Freeway's colors! Ryan Preece could also run 1 of Edwards' Busch/Nationwide Series #60 car paint schemes ([the Fastenal paint scheme would be easiest](https://www.jayski.com/wp-content/uploads/sites/31/2019/06/2011n-11-mich-60.jpg) as they still sponsor Roush).

It'd be cool if Bubba Wallace ran a [Bill Lester 2006 Waste Management #23](https://www.jayski.com/wp-content/uploads/sites/31/2019/05/2006-Cup06WasteManagement23CalLF.jpg) throwback scheme but none of his sponsors are green and yellow but maybe whoever's on the car could be willing to change the colors for 1 race?

Legacy Motor Club could run old Dollar Tree and Family Dollar paint schemes from the 2000's- both stores previously were NASCAR sponsors: [2003 in the Cup Series for Dollar Tree](https://www.jayski.com/wp-content/uploads/sites/31/2019/05/2003-rir-02.jpg) and [2007 in the Xfinity Series for Family Dollar](https://www.jayski.com/wp-content/uploads/sites/31/2019/05/2007-22familydollar.jpg). JHN could also run his father Joe's #42 SABCO BellSouth paint scheme which was a popular idea last year but wasn't run.

**XFINITY SERIES:**

I'm especially curious to see what throwback Sammy Smith has given that he now has the DEI #8 font but also because sponsor Pilot Flying J has had some great throwback schemes over the years (Baby Ruth, Oreo and Gatorade) when they sponsored Michael Annett) and were able to get those old sponsors back due to them selling those brands in their travel stops. Maybe they can pick another brand which previously was a NASCAR sponsor and have them sponsor Sammy Smith's JRM #8 car at Darlington?

\#16- Eckes has Black's Tire: the RBR Enterprises #92 truck which also had Black's Tire/BTS as the sponsor ([this one](https://www.jayski.com/wp-content/uploads/sites/31/2019/06/2013t-92bts.jpg) or [this one](https://www.jayski.com/wp-content/uploads/sites/31/2019/06/2016t-daytona92.jpg))

\#19- Bell has Sport Clips:

Jeb Burton previously ran a throwback to his father Ward's 1992 car, also in what is now the Xfinity Series in the #27, but [Ward also drove a #27 car in the series part-time in 2007](https://www.jayski.com/wp-content/uploads/sites/31/2019/05/2007-27kleenex-1.jpg). Maybe he could run that paint scheme?

Kyle Sieg could run a Ricky Rudd #28 or Ralph Moody #28 paint scheme in the Xfinity Series, and RSS is a Ford team like Yates and Holman-Moody so that'd be great too!

If Austin Green is running this race in the #32 car, maybe he could throw back to [his father David's #37 Timber Wolf car from 2003-2004](https://www.jayski.com/wp-content/uploads/sites/31/2019/05/2004-37timberwolf.jpg) or [his uncle Jeff's #32 Kleenex car from 1999](https://i.ebayimg.com/images/g/7DgAAOSws7NlbkZs/s-l1200.png)?

The **Truck Series** race at Darlington was moved from the spring to Labor Day weekend, but if teams run throwback paint schemes that weekend (I hope they do, or they could run throwbacks at North Wilkesboro instead as a few teams did)...

Another famous Riggs scheme that hasn't been run as a throwback before is his [Nesquik Busch Series car](https://www.jayski.com/wp-content/uploads/sites/31/2019/05/2001-10atl.jpg) (Jeff Green also drove it and won the 2000 Busch Series championship in it). With Love's Travel Stops (also a yellow truck) being 1 of his son Layne's sponsors, maybe that could be his throwback? And like with Pilot Flying J and the old sponsors they brought back, do Love's Travel Stops sell Nesquik drinks? If so, maybe they could get Nesquik and the bunny on his truck- that'd be awesome!",2025-03-07
t3_1j5lb1l,2025 Winners,https://www.reddit.com/r/nascar/comments/1j5lb1l/,/u/joewazzard,2025-03-07 11:23:45+00:00,"So I figured it’d be fun to go to pick winners for each race this year then look back at years end and see how many I get right. I’m a little late but I will still add my winners for the first 3 races honestly.

Add ur predictions below I’m curious to see how you all think the season will play out. 

Daytona 500- Denny Hamlin (1)

Atlanta 1- Austin Cindric (1)

COTA- Tyler Reddick (1)

Phoenix 1- Christopher Bell (1)

Vegas 1- Kyle Larson (1)

Homestead Miami- William Byron (1)

Martinsville 1- Ryan Blaney (1)

Darlington 1- Kyle Larson (2)

Bristol 1- Chase Briscoe (1)

Talladega 1- William Byron (2)

Texas 1- Chase Briscoe (2)

Kansas 1- Ross Chastain (1)

Coke 600- Chase Elliott (1)

Nashville- Tyler Reddick (2)

Michigan- Ryan Blaney (2)

Autodromo- SVG (1)

Pocono- William Byron (3)

Atlanta 2- Joey Logano (1)

Chicago Street Race- Tyler Reddick (3)

Sonoma- Kyle Larson (3)

Dover- Chase Elliott (2)

Indy- Denny Hamlin (2)

Iowa- Ryan Blaney (3)

Watkins Glen- Christopher Bell (2)

Richmond- Kyle Busch (1)

Daytona 2- Brad Keselowski (1)

Darlington 2- Christopher Bell (3)

Gateway- Denny Hamlin (3)

Bristol 2- Chase Elliott (3)

Kansas 2- Ross Chastain (2)

Charlotte Roval- AJ Allmendinger (1)

Vegas 2- Christopher Bell (4)

Talladega 2- Todd Gilliland (1)

Martinsville 2- William Byron (4)

Championship- Kyle Larson (5)


Kyle Larson 5 Wins 
Ryan Blaney 4 Wins
Christopher Bell 4 Wins
William Byron 4 Wins
Chase Elliott 3 Wins
Tyler Reddick 3 Wins
Denny Hamlin 3 Wins
Chase Briscoe 2 Wins
Ross Chastain 2 Wins
Austin Cindric 1 Win
Brad Keselowski 1 Win
SVG 1 Win
Kyle Busch 1 Win
Todd Gilliland 1 Win
AJ Allmendinger 1 Win
Joey Logano 1 Win




",2025-03-07
t3_1j8utpo,2025 LASTCAR Cup & xfinity playoff standings (After Phoenix I),https://www.reddit.com/r/nascar/comments/1j8utpo/,/u/TIFUthebestSubreddit,2025-03-11 16:27:10+00:00,"Cup Series Playoff standings (Race 4/26)

1) Brad Keselowski 1 Loss 129 (5 PP)

2) AJ Allmendinger 1 Loss 122 (7 PP)

3) Riley Herbst 1 Loss 95 (6 PP)

4) Cody Ware 140

5) Cole Custer 124

6) Zane Smith 118

7) Ty Dillon 114 (1 PP)

8) Daniel Suarez 111

9) Josh Berry 108

10) Erik Jones 106 (1 PP)

11) Justin Haley 105

12) Ty Gibbs 105

13) Noah Gragson 104

14) Shane van Gisbergen 99

15) Carson Hocevar 94

16) Ryan Preece 89

_____________________________________________

17) Chase Briscoe 81

18) Austin Dillon 80

19) Joey Logano 79

20) Bubba Wallace 77

21) Austin Cindric 76

22) Michael McDowell 70 (1 PP)

23) Ross Chastain 69

24) Todd Gilliland 61

25) Corey LaJoie 61

26) Kyle Larson 59 (1 PP)

27) Ricky Stenhouse Jr 55

28) John Hunter Nemechek 54

29) Helio Castroneves 50

30) JJ Yeley 49

_____________________________________________

Other Losers outside top 30 that most likely won't make multiple starts in the playoffs 

36) Connor Zilisch 1 Loss 44 (5 PP)

**___________________________**

Xfinity Playoff standings (Race 4/26)

1) Dean Thompson 1 Loss 127 (8 PP)

2) Daniel Dye 1 Loss 97 (7 PP)

3) Carson Hocevar 1 Loss 60 (7 PP)

4) Taylor Gray 1 Loss 57 (5 PP)

5) Kyle Sieg 139

6) Kris Wright 122

7) Anthony Alfredo 109

8) Ryan Ellis 107

9) Garrett Smithley 101

10) Brandon Jones 94

11) Brennan Poole 91

12) Josh Bilicki 89

_____________________________________________

13) Matt DiBenedetto 86

14) Nick Sanchez 83

15) Austin Hill 78

16) Blaine Perkins 78

17) Joey Gase 72

18) Connor Zilisch 72

19) Carson Kvapil 70

20) Greg Van Alst 68

21) Sheldon Creed 68

22) Harrison Burton 63

23) Nick Leitz 62

24) Parker Retzlaff 61

25) Jeremy Clements 61

26) Jeb Burton 57

27) William Sawalich 56

28) Justin Allgaier 54

29) Ryan Sieg 54

30) Baltazar Leguizamon 54",2025-03-11
t3_1jdh7n7,The Low-Hanging Fruit?,https://www.reddit.com/r/nascar/comments/1jdh7n7/,/u/One-MegaManXCM,2025-03-17 16:42:48+00:00,"So this year I'm hosting a fantasy league with my friends. Each team gets three drivers that we drafted back in January. The first two drivers of each team are locked and cannot be dropped, but driver #3 can be dropped or traded with free agents. 

Well, I was expecting someone to nab Berry this morning and 2 hours since the trades have opened, alas no one has bit yet.

Drivers eligible to be traded:
Ryan Preece
Alex Bowman
Todd Gilliland 
Erik Jones
Zane Smith 
Austin Cindric 
Austin Dillon 
Shane Van Gisbergen 

What do y'all think, is anyone missing out by holding onto these drivers and not picking up Berry as their third driver?",2025-03-17
t3_1jeiudf,"2025 LASTCAR Cup, Xfinity, and Truck Playoff Standings (After Las Vegas I)",https://www.reddit.com/r/nascar/comments/1jeiudf/,/u/TIFUthebestSubreddit,2025-03-18 23:11:38+00:00,"Cup Series Playoff standings (Race 5/26)

1) Cody Ware 1 Loss 196 (5 PP)

2) Brad Keselowski 1 Loss 142 (5 PP)

3) AJ Allmendinger 1 Loss 130 (7 PP)

4) Riley Herbst 1 Loss 118 (6 PP)

5) Cole Custer 152

6) Shane van Gisbergen 146

7) Zane Smith 141

8) Ty Dillon 140 (1 PP)

9) Noah Gragson 135

10) Ty Gibbs 133

11) Erik Jones 133 (1 PP)

12) Carson Hocevar 124

13) Justin Haley 119

14) Austin Dillon 118

15) Chase Briscoe 116 (1 PP)

16) Daniel Suarez 113

_____________________________________________

17) Josh Berry 109

18) Bubba Wallace 105

19) Joey Logano 94

20) Todd Gilliland 94

21) Ryan Preece 92

22) Michael McDowell 91 (1 PP)

23) Ryan Blaney 90

24) Kyle Busch 87 (1 PP)

25) Austin Cindric 82

26) Denny Hamlin 77

27) John Hunter Nemechek 77

28) Ross Chastain 74

29) Ricky Stenhouse Jr 73

30) Kyle Larson 68 (1 PP)

_____________________________________________

Other Losers that most likely won't make multiple starts in the playoffs 

38) Connor Zilisch 1 Loss 44 (5 PP)

**___________________________**

Xfinity Playoff standings (Race 5/26)

1) Dean Thompson 1 Loss 140 (8 PP)

2) William Sawalich 1 Loss 116 (7 PP)

3) Daniel Dye 1 Loss 107 (7 PP)

4) Taylor Gray 1 Loss 74 (5 PP)

5) Kyle Sieg 148

6) Kris Wright 147

7) Ryan Ellis 142

8) Garrett Smithley 132

9) Josh Bilicki 132

10) Anthony Alfredo 125

11) Greg Van Alst 118

12) Joey Gase 114

_____________________________________________

13) Brennan Poole 111

14) Blaine Perkins 102

15) Nick Sanchez 101

16) Matt DiBenedetto 100

17) Brandon Jones 98

18) Mason Massey

19) Carson Kvapil 85

20) Jeremy Clements 85

21) Josh Williams 84

22) Parker Retzlaff 80

23) Austin Hill 80

24) Austin Green 80

25) Connor Zilisch 79

26) Jeb Burton 78

27) Sheldon Creed 76

28) Dawson Cram 73

29) Harrison Burton 69

30) Leland Honeyman 64

_____________________________________________

Other Losers that most likely won't make multiple starts in the playoffs 

32) Carson Hocevar 1 Loss 60 (7 PP)

**___________________________**

Truck series Playoff Standings (race 3/18)

1) Stephen Mallozzi 1 Loss 61 (7 PP)

2) Parker Kligerman 1 Loss 60 (7 PP)

3) Keith McGee 1 Loss 58 (6 PP)

4) Nathan Byrd 128

5) Toni Briedinger 116 (1 PP)

6) Connor Mosack 104

7) Josh Reaume 98

8) Spencer Boyd 98

9) Frankie Muniz 91

10) Jack Wood 91

_____________________________________________

11) William Sawalich 87

12) Matt Mills 83

13) Matt Crafton 82

14) Kaden Honeycutt 79

15) Rajah Caruth 75

16) Dawson Sutton 74

17) Andres Perez de Lara 69

18) Jake Garcia 56

19) Tyler Ankrum 56

20) Layne Riggs 55

21) Bayley Currey 52

22) Ben Rhodes 50

23) Tanner Gray 49

24) Luke Fenhaus 48

25) Justin Carroll 48

26) Daniel Hemric 45

27) Michael McDowell 42

28) Corey Heim 41

29) Stewart Friesen 40

30) Gio Ruggerio 37",2025-03-18
t3_1jjv8kq,"2025 LASTCAR Cup,,Xfinity, and Truck Playoff Standings (after Homestead)",https://www.reddit.com/r/nascar/comments/1jjv8kq/,/u/TIFUthebestSubreddit,2025-03-25 21:42:18+00:00,"Cup Series Playoff standings (Race 6/26)

1) Cody Ware 1 Loss 247 (5 PP)

2) Carson Hocevar 1 Loss 171 (5 PP)

3) Brad Keselowski 1 Loss 167 (5 PP)

4) Riley Herbst 1 Loss 154 (6 PP)

5) AJ Allmendinger 1 Loss 136 (7 PP)

6) Shane van Gisbergen 187

7) Cole Custer 186

8) Ty Dillon 166 (1 PP)

9) Ty Gibbs 157

10) Zane Smith 153

11) Noah Gragson 150

12) Erik Jones 147 (1 PP)

13) Daniel Suarez 134

14) Todd Gilliland 131

15) Austin Dillon 130

16) Justin Haley 128

_____________________________________________

17) Ryan Blaney 125

18) Josh Berry 125

19) Kyle Busch 119 (1 PP)

20) Chase Briscoe 119 (1 PP)

21) Michael McDowell 110 (1 PP)

22) Joey Logano 109

23) Ross Chastain 107

24) Bubba Wallace 107

25) JJ Yeley 104 (2 PP)

26) Austin Cindric 100

27) Ryan Preece 100

28) John Hunter Nemechek 99

29) Ricky Stenhouse Jr 97

30) Christopher Bell 86

_____________________________________________

Other Losers that most likely won't make multiple starts in the playoffs 

40) Connor Zilisch 1 Loss 44 (5 PP)

**___________________________**

Xfinity Playoff standings (Race 6/26)

1) Dean Thompson 1 Loss 151 (8 PP)

2) William Sawalich 1 Loss 138 (7 PP)

3) Christian Eckes 1 Loss 117 (7 PP)

4) Daniel Dye 1 Loss 114 (7 PP)

5) Taylor Gray 1 Loss 95 (5 PP)

6) Kyle Sieg 190

7) Kris Wright 173

8) Garrett Smithley 170

9) Ryan Ellis 163

10) Joey Gase 145

11) Anthony Alfredo 141

_____________________________________________

13) Josh Bilicki 132

14) Blaine Perkins 125

15) Brennan Poole 123

16) Greg Van Alst 118

17) Jeremy Clements 109

18) Nick Sanchez 107

19) Parker Retzlaff 103

20) Brandon Jones 103

21) Josh Williams 101

22) Leland Honeyman 97

23) Carson Kvapil 93

24) Mason Massey 93

25) Jeb Burton 91

26) Connor Zilisch 89

27) Ryan Sieg 86

28) Mason Maggio 86

29) Austin Hill 81

30) Austin Green 80

_____________________________________________

Other Losers that most likely won't make multiple starts in the playoffs 

38) Carson Hocevar 1 Loss 60 (7 PP)

**___________________________**

Truck series Playoff Standings (race 4/18)

1) Stephen Mallozzi 2 Losses 122 (14 PP)

2) Keith McGee 1 Loss 104 (6 PP)

3) Parker Kligerman 1 Loss 60 (7 PP)

4) Nathan Byrd 162

5) Toni Briedinger 153 (1 PP)

6) Spencer Boyd 139

7) Connor Mosack 125

8) Frankie Muniz 120

9) Jack Wood 116

10) Ben Rhodes 103

_____________________________________________

11) Dawson Sutton 99

12) Matt Mills 99

13) Rajah Caruth 99

14) Josh Reaume 98

15) Matt Crafton 97

16) Andres Perez de Lara 96

17) Kaden Honeycutt 91

18) William Sawalich 87

19) Gio Ruggerio 73

20) Luke Fenhaus 70

21) Tanner Gray 68

22) Jake Garcia 65

23) Tyler Ankrum 62

24) Layne Riggs 59

25) Stewart Friesen 58

26) Daniel Hemric 52

27) Bayley Currey 52

28) Corey Day 49

29) Michael Disider 49

30) Justin Carroll 48",2025-03-25
t3_1jp8r5v,"2025 LASTCAR Cup, Xfinity, and Truck Playoff Standings (After Martinsville I)",https://www.reddit.com/r/nascar/comments/1jp8r5v/,/u/TIFUthebestSubreddit,2025-04-01 22:25:18+00:00,"Cup Series Playoff standings (Race 7/26)

1) Cody Ware 1 Loss 286 (5 PP)

2) Erik Jones 1 Loss 207 (8 PP)

3) Brad Keselowski 1 Loss 191 (5 PP)

4) Carson Hocevar 1 Loss 188 (5 PP)

5) Riley Herbst 1 Loss 183 (6 PP)

6) AJ Allmendinger 1 Loss 157 (7 PP)

7) Shane van Gisbergen 230

8) Cole Custer 219

9) Ty Dillon 179 (1 PP)

10) Noah Gragson 177

11) Josh Berry 172

12) Zane Smith 168

13) Ty Gibbs 168

14) Justin Haley 154

15) Daniel Suarez 153

16) Austin Dillon 146

_____________________________________________

17) Todd Gilliland 139

18) Kyle Busch 137 (1 PP)

19) Austin Cindric 135

20) Ryan Blaney 134

21) Chase Briscoe 126 (1 PP)

22) John Hunter Nemechek 125

23) Ricky Stenhouse Jr 125

24) Michael McDowell 120 (1 PP)

25) Joey Logano 115

26) Ross Chastain 111

27) Bubba Wallace 108

28) Ryan Preece 105

29) JJ Yeley 104 (2 PP)

30) Chris Buescher 94

_____________________________________________

Other Losers that most likely won't make multiple starts in the playoffs 

42) Connor Zilisch 1 Loss 44 (5 PP)

**___________________________**

Xfinity Playoff standings (Race 7/26)

1) Anthony Alfredo 1 Loss 191 (6 PP)

2) William Sawalich 1 Loss 163 (7 PP)

3) Dean Thompson 1 Loss 155 (8 PP)

4) Christian Eckes 1 Loss 149 (7 PP)

5) Taylor Gray 1 Loss 122 (5 PP)

6) Daniel Dye 1 Loss 119 (7 PP)

7) Kyle Sieg 216

8) Kris Wright 197

9) Garrett Smithley 191

10) Ryan Ellis 188

11) Greg Van Alst 168

12) Matt DiBenedetto 158

_____________________________________________

13) Joey Gase 145

14) Blaine Perkins 142

15) Nick Sanchez 137

16) Josh Bilicki 132

17) Brennan Poole 125

18) Jeremy Clements 124

19) Brandon Jones 123

20) Mason Maggio 121

21) Josh Williams 116

22) Connor Zilisch 115

23) Parker Retzlaff 113

24) Carson Kvapil 111

25) Jeb Burton 102

26) Harrison Burton 100

27) Leland Honeyman 97

28) Mason Massey 93

29) Ryan Sieg 92

30) Carson Ware 89

_____________________________________________

Other Losers that most likely won't make multiple starts in the playoffs 

42) Carson Hocevar 1 Loss 60 (7 PP)

**___________________________**

Truck series Playoff Standings (race 5/18)

1) Stephen Mallozzi 2 Losses 122 (14 PP)

2) Keith McGee 1 Loss 104 (6 PP)

3) Parker Kligerman 1 Loss 60 (7 PP)

4) Ryan Roulette 1 Loss 57 (5 PP)

5) Nathan Byrd 203

6) Toni Briedinger 179 (1 PP)

7) Frankie Muniz 164

8) Spencer Boyd 162

9) Connor Mosack 151

10) Jack Wood 136

_____________________________________________

11) Matt Crafton 125

12) Kaden Honeycutt 118

13) Dawson Sutton 117

14) Matt Mills 115

15) Ben Rhodes 109

16) Rajah Caruth 108

17) Andres Perez de Lara 104

18) Josh Reaume 98

19) Tanner Gray 90

20) William Sawalich 87

21) Gio Ruggerio 86

22) Corey Day 82

23) Norm Benning 76 (2 PP)

24) Justin Carroll 76

25) Layne Riggs 71

26) Luke Fenhaus 70

27) Jake Garcia 69

28) Stewart Friesen 68

29) Grant Enfinger 66

30) Tyler Ankrum 65",2025-04-01
t3_1jpo75h,[NBCSports.COM] Todd Gilliland’s Ray Fox Throwback,https://www.reddit.com/r/nascar/comments/1jpo75h/,/u/Comfortable_Rock4877,2025-04-02 13:11:07+00:00,,2025-04-02
t3_1jpo8mg,[NBCSports.com] Todd Gilliland’s Ray Fox Throwback,https://www.reddit.com/r/nascar/comments/1jpo8mg/,/u/Comfortable_Rock4877,2025-04-02 13:13:10+00:00,,2025-04-02
t3_1jsycx8,"Predicting the entire Darlington finishing order, using only paint schemes",https://www.reddit.com/r/nascar/comments/1jsycx8/,/u/NascarBozo,2025-04-06 16:41:14+00:00,"With my favorite track Darlington Raceway coming up on the schedule, and the much-celebrated throwback paint scheme weekend returning, I decided to predict the entire finishing order for all 38 cars in the 2025 Goodyear 400. But I’m not using a mathematical model, since finishing order in NASCAR often flies in the face of mathematics. I’m using pure Graphic Design Energy. Ugliest scheme finishes last, prettiest scheme wins.

Here’s where it gets difficult. Some very good cars have ugly schemes, and some very bad cars knocked their throwbacks out of the park. And in my hypothetical scenario, these cars all have to run in the exact same Goodyear 400 to finish where they do. So, ***in order to justify the paint scheme finishing order, I’ll need to create scenarios that could transpire and create this exact result in a way that’s believable for the drivers involved and at this track.***

Paint schemes here: [https://www.jayski.com/paint-schemes/cup-series-paint-schemes/2025-goodyear-400-at-darlington-raceway-paint-schemes/](https://www.jayski.com/paint-schemes/cup-series-paint-schemes/2025-goodyear-400-at-darlington-raceway-paint-schemes/)

# 38. Ryan Preece

THERE’S A BUTTER ON THE CAR. Normally I am against photographs in graphic design, but this? This will not be an exception. This is whatever the opposite of an exception is. I will use the corner butter as my forever example of why figurative images are forbidden. It is distracting, alienating, cheap, and gross looking. It even cuts off the bottom of the corner butter! This fails in every way, and that’s before you get to the rest of it.

Obviously all the colors clash and the hood logos are somehow both in the wrong place. The multiple different fonts and sizes on the side of the car look like those soulless computer generated Airbnb decorations, the grey cube on the dining table that says `AnÔthęR WINE? WINE ñ0T!` Almost fittingly, the car has the same overly-textured fake wood paneling that you often see in those same Airbnbs!

I love Preece, and I think he has upside this weekend, but sadly he is going to run over a bunch of tire spikes coming to the green flag and flip his car somehow. 0 laps completed in this jalopy.

# 37. Ty Gibbs

This is very boring. This is so boring that an identical boring car in this same race is made to look much better because of this one.

Ty Gibbs has had an abysmal stretch of races going back to the start of the 2024 playoffs. This time a year ago, he was a top 5 threat every week, and sharps were convinced that “this is the week to lay your bankroll on Ty, I know we said that last week but the first win is finally here!” Now, 6 starts away from the milestone 100th start, Ty looks further away from a win than he did on start number 6. So, while it’s becoming strange to see a driver/car combo with this much upside still winless, no one will be surprised when Ty wrecks out of Sunday’s race on lap 30 after attempting to clear himself in front of Austin Hill’s bumper trying to pass for 25th.

# 36. Austin Hill

Busy, yet forgettable. Austin Hill will be making one of his handful of starts in the part-time RCR #33, an entry that increasingly looks like a concession car, a “Please Don’t Leave” car that RCR uses to keep its two talented Xfinity Series drivers around while the team owner’s grandson putters around in 29th.[2](https://nasstack.substack.com/p/predicting-the-complete-results-of#footnote-2-160237876)

RCR can’t give their main cars anything better than C-tier speed on a regular basis, so their part-time entry is unlikely to be better. And though Austin is a veteran at the lower levels, the Cup Series is a different beast entirely, so I have him wrecking out early through little fault of his own.

# 35. AJ Allmendinger

AJ Allmendinger HATES Darlington. He has had the occasional decent run here over his 876 year career, but for the most part, he can’t figure out how to string four good corners in a row here (his words!) So I think he told Kaulig Racing to try even less than they normally do with the Action Industries paint scheme. The only time it will be on tv is when he spins it out just before the end of stage 1 and breaks a toe link when it hits the fence.

# 34. Chase Elliott

Originally I wanted to rank all the cars with throwback schemes ahead of all the cars who refused to do throwbacks, regardless of driver skill or how unlikely the finishing order would be. But some throwbacks deserve to be shunned. This is the worst throwback I’ve seen in years, particularly when you attempt to compare it to the actual car it’s referencing. This is a triumph of arbitrary brand guidelines over the evil forces of doing a good job and having fun.

Chase Elliott has never been a standout at Darlington, and I expect him to struggle, compounding his middling speed with slow pit stops, before getting collected in a larger crash on lap 91 just after the stage 2 restart.

# 33. Austin Cindric

Cindric’s throwback sucks. The black stroke on the number 2 and plain colors makes it look like a Me Doing Photoshop At My Old Office Job job. It’s the absolute bare minimum to not get fired, and maybe a bit less. So he’s going in the crash with Elliott. I call this crash on lap 91 the Bad Throwbacks crash; I’m putting them all in here. But this happens at Darlington. The track is pretty narrow, and a coming together on a restart can take out a lot of competitive cars.

# 32. Ty Dillon

If you are a casual/new NASCAR fan, you would be forgiven for thinking this is a throwback to a very famous and iconic car, otherwise, why would they do it? It’s not, and this is bad, and the name Beaver Street Fisheries is not fun to say. So Ty Dillon is going into the Bad Throwbacks crash, albeit from a little further back. He’ll be running 30th when the cars spin in front of him and will plow into the wreckage from 1000 feet back.

# 31. Carson Hocevar

Full disclosure: I think Carson Hocevar is going to be very fast in this race. He is knocking on the door of his first win. I also think he drives over his head, and he could very easily wreck himself trying to make a pass in the top 5 on lap 116. This is what he gets for driving an extremely boring, non-throwback scheme.

# 30. Riley Herbst

At least this has a better looking number than Ty Gibbs’s car. And green on the bottom. Herbst and Shane Van Gisbergen are both rookies, and both are running perilously behind on ovals. That’s why they’ll get caught up in the lap 123 Big One that wipes out half a dozen guys on the restart after the Hocevar spin.

# 29. Shane Van Gisbergen

This looks unfinished. The primary color stripes are ok, I guess. Another piece of flotsam and jetsam in the lap 123 Big One. SVG really needs to run higher than 30th on ovals soon, or win a road course, because I’m about to hit the panic button.

# 28. Brad Keselowski

Unfortunately this looks like pee. You know what else looks like pee? Brad Keselowski in 2025. I blame new crew chief Jeremy Bullins, who seems completely lost with the Gen 7 car if his 3 years running in the 30s with the 21 are anything to go by. But it could also be age; Keselowski is 41 and that’s pretty much been his average running position too. Keselowski won this race last year, but his car has been so genuinely slow this year that it’s easier to see him running 27th than leading laps. He’ll be running back with Herbst and SVG when the wreck happens.

# 27. Chase Briscoe

The Bass Pro Shops paint schemes just get grayer and grayer. More bad, vaguely fascist design trends. Why can’t we have fun? Why can’t we have ORANGE?

Another race winner at Darlington last year, Briscoe could easily set the pace early and lead laps, especially now that he’s in a top tier ride at JGR. But in this race, he’ll speed on pit road when the whole field pits after the Carson Hocevar caution, and have to start in the back on lap 121. And he’s a bit of a wrecking ball too, so on his way through the field, he makes a low percentage move that takes himself out, along with a few other backmarker cars in the lap 123 Big One. Briscoe is always causing some shit.

# 26. Justin Haley

Slightly boring but not offensively ugly scheme for the 7 here, this is the usual sponsor they run for most races. Justin Haley has shockingly good runs in bad cars in this race, and while I could see him contending for the win late, I could also see him running 30th. No idea. I’m going to wreck him out in stage 3 while racing back in the pack for 15th with Ross Chastain.

# 25. Kyle Busch

While this is a bad paint scheme, I do enjoy seeing the Tron Croissant every now and then. Kyle Busch needs a win bad, and when someone needs a win bad, they push too hard. I can vividly picture Kyle Busch either wrecking out or messing up on pit road while running in the top 3 with 35 laps to go. Let’s give him a loose wheel on the last round of green flag pit stops. Sorry Kyle, maybe you should have done a throwback.

# 24. JJ Yeley

JJ Yeley is not supposed to be up here. He’s driving a part-time entry for NY Racing, and they’re going to be more than a second per lap off the pace, guaranteed. However, he’s running a throwback, and while it’s not a particularly interesting one, it looks clean enough and accurate enough that it’s at least better than 14 other paint schemes here.

So we have an issue. This car that will get lapped on pure speed every 30 laps, but we have it finishing 24th. It’s not common that the 25th-38th place cars all wreck out in different crashes, but that’s what it’s going to take for a car that will finish at least 5 laps down to finish P24, if it finishes at all. These wrecks have to be big, so they’re going to involve 7-10 cars.

# 23. Cole Custer

I get what they were going for, and it’s an iconic scheme, but without the Target logo to incorporate into the design, there’s a lot of empty space on the car. Plus the number looks really weird. Custer will be another victim of the Bad Throwbacks wreck, but he’ll keep it going well enough to finish as the last car one lap down.

# 22. Austin Dillon

This has a lot going on, but I like the kind of corny futuristic stuff. I don’t know what Breztri is, but I’m sure it’s some evil pharmaceutical made by the Umbrella Corporation that turns people into zombies. Anyway, Dillon will get lapped early, and after all the wrecks, metriculate up to 22nd, where he’ll finish a lap down.

# 21. Michael McDowell

This looks alright, but there’s not enough of the white and red on it. It could be a good design, but it threw away the potential. Michael McDowell’s team also loves to throw away decent runs. There will be numerous times throughout the year where the entire field will pit during green flag racing to get fresh tires, and that’ll be the optimal strategy. Staying out until your fuel runs out on older, slower tires is an atrocious strategy at most tracks unless a caution comes out during the pit cycle. Then the guy who stayed out pins the entire field a lap down, and he can pit for free and still keep the lead.

McDowell tries this all the time and it *never* works. I really think they should stop this, but I think they’ll be a 15th place car at Darlington, which is exactly the type of situation where they’re incentivized to pull this crap. They’ll fall two laps down when their strategy doesn’t work, and only make it as far back as P21.

# 20. Ross Chastain

Normally I am against photographs in graphic design, but a big ass fish with a huge mouth makes me laugh. This is ok. Chastain will finish 1 lap down after getting some damage in his wreck with Justin Haley.

# 19. Ricky Stenhouse Jr

Get rid of the bottle! We’re so close to an all-time paint scheme, in fact Stenhouse has even driven some great Sunny D schemes in the past, but alas. In this coming race, Stenhouse will run poorly, outside the top 20, get lapped, but keep it clean enough that he’ll be the first car one lap down by the end. Like we said before, this race is going to be a wreckfest, so weird things will happen.

# 18. Tyler Reddick

Points for trying, but I don’t like that the (way too close up) sesame seed bun is seemingly floating in a sea of ketchup. Ketchup grosses me out, especially when there’s way too much of it. I’ve had a funny feeling that Tyler Reddick is going to win this race since before the season started, but just like at this race last year, he could have a serious problem late. I predict a close quarters battle for the win with Reddick and our eventual winner that sees Reddick spinning out on the final lap, leaving him finishing as the last car on the lead lap.

# 17. Zane Smith

Long John Silver’s! Look at the little guy! And the parrot! Why the hell not? Zane Smith will get some damage in the Big One but keep it pointed straight enough for a lead lap finish.

# 16. Todd Gilliland

Very little going on here, but it uses fonts I like. Todd Gilliland will get some damage in the Big One but keep it pointed straight enough for a lead lap finish. Front Row Motorsports is banking on you not ever really noticing or knowing the difference between Todd Gilliland and Zane Smith, and I think they’re right.

# 15. Cody Ware

Oh dear. This car is not supposed to be up here. We can get JJ Yeley to 24th with a lot of wrecks, but it’s genuinely impossible for me to envisage Cody Ware having a legit top 15 finish at a track like Darlington. But his throwback car is very clean and accurate! Quandary.

The only way I can think of that this will happen: Cody Ware gets a very bad stomach virus eating at the Shoney’s a few miles down the road from Darlington. This means they will need to do a last minute driver swap, and Corey Lajoie has run a couple of races for Rick Ware Racing in their part time 01 car this year. He lost his full-time ride last year for being kind of a bum, but he’s pretty good at Darlington. So he gets in this last place car and survives the wrecks well enough to be on the lead lap in the final stint.

# 14. Christopher Bell

I have no idea what’s going on here. It’s a throwback to a really old dirt sprint car I guess? Sure, it looks very bad, but I’m giving Bell a lead lap finish because the 0 in the 20 has quotation marks on it. He’ll be a top 10 car until he speeds on pit road during a stage 3 round of green flag pit stops, get the free pass on the final caution, and finish towards the back of the lead lap.

# 13. Alex Bowman

This is boring, but in an ominous way. It’s a throwback to peak era Jimmie Johnson, who was himself ominous and boring. Bowman will lose track position early and slowly inch his way up through the field. This is not one of Bowman’s better tracks.

# 12. Noah Gragson

BEEF A ROO! That’s all.

# 11. Denny Hamlin

This is the best of the Boring Good throwback schemes. It looks exactly like Carl Edwards’s Office Depot cars from the 2000s, and I fully expect Hamlin to put on Edwards-style dominance at one of Hamlin’s best tracks. But, in typical Hamlin/Edwards fashion, something will go wrong late. They’ll get trapped a lap down when Kyle Busch loses his wheel on the final round of pit stops, and this is as far back up as they’ll get.

# 10. John Hunter Nemechek

Slight demerits for being based on his father’s old ride but using [much less cool colors](https://x.com/NascarPaint/status/1686539934297948160/photo/1). This still has a lot going for it; it’s a fun design and the number thing is different. We are now left with the unenviable task of figuring out how to get John Hunter Nemechek a top 10 at Darlington. Not that he’s bad at Darlington - he has lower series wins here - but Legacy Motor Club is so off on speed that it’s hard to envisage. But if he can have a good run early on in the race and keep himself from going a lap down, I am forced to believe in him.

# 9. Joey Logano

It’s not my favorite weird, antiquated scheme (the different yellows and reds clash too much,) but there are some old fonts that make it look extra historic. Plus it says Supreme Quality Safe Lubrication. Logano could be a survivor, working the attrition to be there at the end like he did when he won in 2022, or he could run outside the top 20. I lean towards the latter, with him using pit strategy to steal some track position late, but ultimately he’ll fade to ninth with a car as slow as he’s been most of the last 24 months.

# 8. Ryan Blaney

Ryan Blaney has been the fastest car all year, and he’ll likely be the fastest car again at Darlington. But he’s been snakebit this year, and at Darlington throughout his career. One can so easily see him winning or crashing out and finishing in last. So with that in mind, I’m giving him a boring 8th place run.

As for his paint scheme, I don’t think I’m going to get a lot of people to go with me on this one. This doesn’t look “good,” but it does look like what I picture when I picture a race car. It’s good appropriately garish racecar-esque colors. Plus, the slashes make the car go faster!

# 7. Chris Buescher

I don’t know, do I have boring taste? The pattern is intriguing but not busy, and the gradient works well with it. It’s corporate but not plain. This is the car I picture when I picture when I think about Chris Buescher’s dominant runs in the Gen 7 car. It’s a throwback to 2023. Let’s say Chris Buescher runs top 10 all day, and if he’d only have been better at restarts he’d have contended for the win.

# 6. Bubba Wallace

Colors, obviously we love them. Fake paint splatters, obviously not as much, but they are extremely retro even if this isn’t a real throwback scheme. Bubba has been qualifying up front and mostly maintained his track position at Darlington lately, and has the most laps run in the top 5 so far this season. He can keep it around sixth all day.

# 5. Daniel Suarez

Huh. I didn’t think I liked this paint scheme *that* much, but I guess I do. It wasn’t on my radar, but I love the little bits of primary colors against some pleasing greens and golds. Likewise, we have to figure out how in the world to get Daniel Suarez a top 5 at Darlington, something that seems very unlikely. I guess they’re going to have to try the Michael McDowell play and stay out during green flag pit stop in stage 3. And when Kyle Busch loses a wheel, Suarez will be the major beneficiary, trapping better cars a lap down. Still, he’ll have to hold on to his lead late, and that will take a miracle. But what did I say about slashes?

# 4. Erik Jones

Erik Jones is super elite at Darlington, as long as his equipment allows him to be. He has two wins here, while he’s mostly struggled and remained winless at other tracks. It’s not often that a car that runs 30th most weeks has genuine winning upside, but if Jones can find a shred of competency in the Legacy Motor Club Toyotas, he will lead laps here. I’ve put both Legacy cars in the top 10, since they’ve brought the best paint schemes as an organization this week. They’re probably going to have the slowest cars though. But that red and blue 43 is up there with the Jeff Gordon 24 in terms of iconic paint schemes.

# 3. William Byron

Speaking of the 24, this is a carbon copy of the car Jeff Gordon drove in his final Cup Series start. It gets accuracy points, shiny points, and flames points. Byron is absolutely lethal at tracks like Darlington when he gets track position early. He doesn’t run out to a 10 second lead, but he has enough short run speed and precision on pit road to always make up spots and never fall out of the Top 5. He’ll do the same in our hypothetical race.

# 2. Kyle Larson

I hate having the clear race favorite this far up, but that scheme is just perfect. It’s a dead ringer for the Terry Labonte 2003 Darlington-winning Frosted Flakes car, and those colors just scream peak NASCAR. Kyle Larson is either going to lead 100 laps, get mired in the pack somehow and wreck going through traffic, or both. But as much as I love this scheme, I’m so relieved to give another car the winning drive.

# 1. Josh Berry

British Racing Green. Ahhhhh. What a beautiful color. The Wood Brothers were faced with the difficult task of making a very old Indy 500 paint scheme translate to a Gen 7 stock car, and they smashed it. They have a main color we never see in NASCAR, a couple of Old Fonts (and you know how much we love those), and a number inside a white circle that just screams vintage racing.

Berry was one of the biggest question marks going into the season. Was he someone who didn’t win enough in the Xfinity Series to prove he belonged here, or is he an above average driver who made terrible Stewart Haas Racing equipment in 2024 look better than it was as a rookie? Is the Wood Brothers 21 a true Penske car, or does it belong in last where Harrison Burton had it? Seven races in, Berry has a win at Las Vegas and multiple strong runs where he’s run as good as or better than some of his Penske “team”mates. He’s not setting the world on fire, but he’s proving a lot of doubters wrong, and if he wins Darlington, no one will be shocked.",2025-04-06
t3_1jupyae,2025 LASTCAR Cup & Xfinity Playoff standings (After Darlington I),https://www.reddit.com/r/nascar/comments/1jupyae/,/u/TIFUthebestSubreddit,2025-04-08 22:04:28+00:00,"Cup Series Playoff standings (Race 8/26)

1) Cody Ware 1 Loss 321 (5 PP)

2) Carson Hocevar 1 Loss 234 (5 PP)

3) Brad Keselowski 1 Loss 229 (5 PP)

4) Erik Jones 1 Loss 229 (8 PP)

5) Riley Herbst 1 Loss 222 (6 PP)

6) AJ Allmendinger 1 Loss 173 (7 PP)

7) JJ Yeley 1 Loss 163 (7 PP)

8) Shane van Gisbergen 250

9) Cole Custer 23910) Josh Berry 206

11) Ty Dillon 196 (1 PP)

12) Noah Gragson 194

13) Ty Gibbs 180

14) Zane Smith 178

15) Justin Haley 176

16) Daniel Suarez 169

_____________________________________________

17) Austin Dillon 167

18) John Hunter Nemechek 157

19) Ricky Stenhouse Jr 153

20) Chase Briscoe 152 (1 PP)

21) Todd Gilliland 151

22) Michael McDowell 148 (1 PP)

23) Kyle Busch 145 (1 PP)

24) Austin Cindric 144

25) Ryan Blaney 137

26) Ryan Preece 129

27) Kyle Larson 127 (2 PP)

28) Bubba Wallace 127

29) Joey Logano 126

30) Ross Chastain 116

_____________________________________________

Other Losers outside top 30 that most likely won't make multiple starts in the playoffs 

42) Connor Zilisch 1 Loss 44 (5 PP)

**___________________________**

Xfinity Playoff standings (Race 8/26)

1) Kris Wright 1 Loss 257 (7 PP)

2) Anthony Alfredo 1 Loss 220 (6 PP)

3) William Sawalich 1 Loss 196 (7 PP)

4) Dean Thompson 1 Loss 171 (8 PP)

5) Christian Eckes 1 Loss 154 (7 PP)

6) Taylor Gray 1 Loss 153 (5 PP)

7) Daniel Dye 1 Loss 134 (7 PP)

8) Kyle Sieg 244

9) Garrett Smithley 231

10) Greg Van Alst 217

11) Ryan Ellis 214

12) Matt DiBenedetto 179

_____________________________________________

13) Blaine Perkins 175

14) Josh Williams 157

15) Josh Bilicki 154

16) Joey Gase 145

17) Jeremy Clements 144

18) Nick Sanchez 143

19) Brennan Poole 142

20) Leland Honeyman 132

21) Parker Retzlaff 131

22) Brandon Jones 124

23) Jeb Burton 123

24) Mason Massey 122

25) Mason Maggio 121

26) Connor Zilisch 119

27) Carson Kvapil 114

28) Harrison Burton 111

29) Ryan Sieg 102

30) Nick Leitz 101

_____________________________________________

Other Losers that most likely won't make multiple starts in the playoffs 

42) Carson Hocevar 1 Loss 60 (7 PP)",2025-04-08
t3_1jzu4p5,[FRM] Todd Gilliland will have Rinnai aboard the #34 for Atlanta this Summer,https://www.reddit.com/r/nascar/comments/1jzu4p5/,/u/SoupMadeFreshDaily,2025-04-15 15:03:02+00:00,,2025-04-15
t3_1k097m9,"2025 LASTCAR Cup Xfinity, and Truck Playoff Standings (After Bristol I)",https://www.reddit.com/r/nascar/comments/1k097m9/,/u/TIFUthebestSubreddit,2025-04-16 01:57:39+00:00,"Cup Series Playoff standings (Race 9/26)

1) Cody Ware 1 Loss 371 (5 PP)

2) Erik Jones 1 Loss 252 (8 PP)

3) Riley Herbst 1 Loss 250 (6 PP)

4) Carson Hocevar 1 Loss 242 (5 PP)

5) Brad Keselowski 1 Loss 242 (5 PP)

6) AJ Allmendinger 1 Loss 179 (7 PP)

7) JJ Yeley 1 Loss 163 (7 PP)

8) Shane van Gisbergen 303 (1 PP)

9) Cole Custer 277

10) Ty Dillon 225 (1 PP)

11) Josh Berry 215

12) Noah Gragson 214

13) Daniel Suarez 205

14) Zane Smith 202

15) Justin Haley 186

16) Todd Gilliland 186

_____________________________________________

17) Michael McDowell 182 (1 PP)

18) Ty Gibbs 181

19) John Hunter Nemechek 178

20) Austin Dillon 174

21) Ricky Stenhouse Jr 172

22) Austin Cindric 158

23) Kyle Busch 156 (1 PP)

24) Chase Briscoe 153 (1 PP)

25) Alex Bowman 148

26) Joey Logano 147

27) Ryan Preece 146

28) Bubba Wallace 143

29) Ryan Blaney 139

30) Kyle Larson 128 (3 PP)

_____________________________________________

Other Losers that most likely won't make multiple starts in the playoffs 

39) Josh Bilicki 1 Loss 60 (6 PP)

43) Connor Zilisch 1 Loss 44 (5 PP)

**___________________________**

Xfinity Playoff standings (Race 9/26)

1) Kris Wright 1 Loss 294 (7 PP)

2) Anthony Alfredo 1 Loss 233 (6 PP)

3) William Sawalich 1 Loss 228 (7 PP)

4) Mason Maggio 1 Loss 182 (7 PP)

5) Dean Thompson 1 Loss 179 (8 PP)

6) Taylor Gray 1 Loss 170 (5 PP)

7) Christian Eckes 1 Loss 161 (7 PP)

8) Daniel Dye 1 Loss 145 (7 PP)

9) Kyle Sieg 264

10) Garrett Smithley 262

11) Greg Van Alst 258

12) Ryan Ellis 242

_____________________________________________

13) Blaine Perkins 205

14) Matt DiBenedetto 200

15) Brennan Poole 192

16) Josh Williams 169

17) Jeremy Clements 162

18) Nick Sanchez 157

19) Josh Bilicki 154

20) Parker Retzlaff 147

21) Mason Massey 145

22) Joey Gase 145

23) Jeb Burton 142

24) Sheldon Creed 141

25) Harrison Burton 138

26) Leland Honeyman 132

27) Connor Zilisch 129

28) Brandon Jones 127

29) Austin Hill 118

30) Carson Kvapil 115

_____________________________________________

Other Losers that most likely won't make multiple starts in the playoffs 

45) Carson Hocevar 1 Loss 60 (7 PP)

**___________________________**

Truck series Playoff Standings (race 6/18)

1) Stephen Mallozzi 3 Losses 183 (21 PP)

2) Keith McGee 1 Loss 104 (6 PP)

3) Parker Kligerman 1 Loss 75 (7 PP)

4) Nathan Byrd 239

5) Spencer Boyd 208

6) Toni Briedinger 205 (1 PP)

7) Frankie Muniz 204

8) Connor Mosack 176

9) Jack Wood 148

10) Matt Crafton 142

_____________________________________________

11) Matt Mills 136

12) Dawson Sutton 135

13) Norm Benning 129 (2 PP)

14) Kaden Honeycutt 127

15) Andres Perez de Lara 124

16) Rajah Caruth 118

17) Ben Rhodes 115

18) Justin Carroll 114

19) Tanner Gray 109

20) Ty Majeski 99

21) Corey Day 98

22) Stewart Friesen 98

23) Josh Reaume 98

24) Gio Ruggerio 97

25) Luke Fenhaus 95

26) William Sawalich 87

27) Grant Enfinger 79

28) Layne Riggs 78

29) Jake Garcia 77

30) Bayley Currey 76

_____________________________________________

Other Losers that most likely won't make multiple starts in the playoffs 

36) Ryan Roulette 1 Loss 57 (5 PP)",2025-04-16
t3_1kacy3l,Future NASCAR Championship Format (if it were up to me),https://www.reddit.com/r/nascar/comments/1kacy3l/,/u/bodenator2,2025-04-29 02:06:26+00:00,"This points format is designed to balance consistency with a strong emphasis on winning races and running up front, ensuring drivers who run up front are rewarded while steady performers remain competitive.

**Points Structure**:

* **Position Points**: Points are awarded from 1st to 40th, with a steep drop-off to prioritize top finishes:
   * 1st: 100 points
   * 2nd: 65 points
   * 3rd: 60 points
   * 4th: 55 points
   * 5th: 50 points
   * 6th–10th: 45, 42, 39, 36, 33 points
   * 11th–20th: 30 to 21 points (decreasing by 1)
   * 21st–30th: 20 to 11 points
   * 31st–40th: 10 to 1 point
* **Bonus Points**:
   * **Pole Position**: 5 points for starting first, rewarding qualifying excellence.
   * **Leading a Lap**: 5 points for leading at least one lap, encouraging aggressive racing.
   * **Most Laps Led**: 10 points for leading the most laps, recognizing race dominance.
   * **Fastest Lap**: 5 points for the quickest lap, highlighting speed and car setup.

**Purpose and Balance**: This points system aims to reward drivers who consistently finish well while placing a premium on victories and front-running performances. The significant gap between 1st (100 points) and 2nd (65 points) underscores the importance of winning, making race victories pivotal for championship contention. Bonus points for pole, leading laps, most laps led, and fastest lap further incentivize drivers to compete aggressively at the front, even if they don’t secure the win. For instance, a driver who wins, leads the most laps, and sets the fastest lap could earn up to 125 points, far outpacing a second-place finisher’s maximum of 70 points. .

However, the gradual points decline from 6th to 40th supports consistency, allowing drivers who regularly finish in the top 10 or top 20 to accumulate competitive points totals. For example, Tyler Reddick’s consistent top-10 finishes keep him near the top despite no wins. This balance prevents a single poor result from ruining a season while ensuring that drivers who frequently win or lead, like William Byron or Kyle Larson, have a clear advantage. The format thus creates a dynamic championship where both race-day dominance and season-long reliability are critical for success. 

I have put the results of the 2025 NASCAR Cup Series races into an AI model to calculate how the point standings would look under this format. There may be errors in the calculations that I may have missed, if you see these errors, I will attempt to correct them. I have not included penalties or points lost to disqualifications(such as bonuses) that have incurred over 2025, I can recalculate with these penalties included if there's interest.

# NASCAR Standings After Talladega Superspeedway (Apr 27, 2025)

|Position|Points|Behind|Driver|Wins|Top 5|Top 10|Races|Poles|Average Finish|Laps Led|Most Laps Led|Fastest Lap|
|:-|:-|:-|:-|:-|:-|:-|:-|:-|:-|:-|:-|:-|
|1|562|\--|William Byron|1|5|7|10|2|8.5|364|1|1|
|2|556|\-6|Christopher Bell|3|5|6|10|1|12.3|139|1|0|
|3|555|\-7|Kyle Larson|2|5|6|10|0|11.3|506|2|1|
|4|543|\-19|Denny Hamlin|2|6|6|10|0|10.8|315|1|1|
|5|381|\-181|Tyler Reddick|0|3|4|10|1|12.6|85|0|1|
|6|376|\-186|Chase Elliott|0|3|6|10|0|10.9|45|0|0|
|7|350|\-212|Alex Bowman|0|2|6|10|2|16.4|107|0|0|
|8|349|\-213|Austin Cindric|1|2|4|10|0|17.2|166|1|0|
|9|337|\-225|Chase Briscoe|0|3|4|10|1|15.1|29|0|0|
|10|325|\-237|Bubba Wallace|0|3|4|10|0|16.9|103|0|1|
|11|324|\-238|Ross Chastain|0|1|5|10|0|14.7|50|0|0|
|12|317|\-245|Ryan Blaney|0|3|4|10|1|18.7|198|1|0|
|13|298|\-264|Chris Buescher|0|1|4|10|0|16.1|2|0|0|
|14|296|\-266|Josh Berry|1|2|2|10|0|21.7|128|0|0|
|15|294|\-268|Kyle Busch|0|2|4|10|0|17.6|61|1|0|
|16|270|\-292|Michael McDowell|0|0|1|10|1|18.0|22|0|3|
|17|263|\-299|Ryan Preece|0|1|3|10|0|20.1|49|0|0|
|18|259|\-303|Joey Logano|0|0|1|10|0|19.7|284|1|0|
|19|255|\-307|Ty Gibbs|0|2|3|10|0|19.6|32|1|0|
|20|250|\-312|Carson Hocevar|0|2|3|10|0|21.6|10|0|0|
|21|248|\-314|A.J. Allmendinger|0|0|3|10|0|19.6|2|0|2|
|22|243|\-319|Daniel Suarez|0|1|1|10|0|20.7|14|0|0|
|23|241|\-321|Ricky Stenhouse Jr.|0|1|2|10|0|18.3|0|0|0|
|24|236|\-326|Zane Smith|0|0|1|10|1|19.3|8|0|0|
|25|230|\-332|John H. Nemechek|0|1|2|10|0|20.1|1|0|0|
|26|222|\-340|Austin Dillon|0|0|2|10|0|19.2|0|0|0|
|27|220|\-342|Noah Gragson|0|1|2|10|0|21.9|2|0|0|
|28|216|\-346|Todd Gilliland|0|0|3|10|0|20.3|7|0|0|
|29|204|\-358|Justin Haley|0|0|1|10|0|20.8|0|0|0|
|30|200|\-362|Erik Jones|0|0|0|10|0|21.5|1|0|0|
|31|199|\-363|Ty Dillon|0|0|0|10|0|22.1|4|0|0|
|32|154|\-408|Riley Herbst|0|0|0|10|0|25.6|0|0|0|
|33|151|\-411|Cole Custer|0|0|1|10|0|26.4|2|0|0|
|34|149|\-413|Shane van Gisbergen|0|1|1|10|0|28.1|25|0|0|
|35|148|\-414|Brad Keselowski|0|0|0|10|0|26.2|0|0|0|
|36|60|\-502|Jimmie Johnson|0|1|1|1|0|3.0|0|0|0|
|37|36|\-526|Justin Allgaier|0|0|1|1|0|9.0|0|0|0|
|38|34|\-528|Corey LaJoie|0|0|0|3|0|31.3|10|0|0|
|39|32|\-530|BJ McLeod|0|0|0|2|0|27.5|1|0|0|
|40|27|\-535|J.J. Yeley|0|0|0|4|0|35.5|2|0|0|
|41|18|\-544|Anthony Alfredo|0|0|0|1|0|28.0|19|0|0|
|42|11|\-551|Katherine Legge|0|0|0|1|0|30.0|0|0|0|
|43|10|\-552|Austin Hill|0|0|0|1|0|31.0|0|0|0|
|44|10|\-552|Jesse Love|0|0|0|1|0|31.0|0|0|0|
|45|5|\-557|Casey Mears|0|0|0|1|0|36.0|0|0|0|
|46|4|\-558|Burt Myers|0|0|0|1|0|37.0|0|0|0|
|47|4|\-558|Connor Zilisch|0|0|0|1|0|37.0|0|0|0|
|48|3|\-559|Martin Truex Jr.|0|0|0|1|0|38.0|0|0|0|
|49|2|\-560|Josh Bilicki|0|0|0|1|0|39.0|0|0|0|
|50|2|\-560|Helio Castroneves|0|0|0|1|0|39.0|0|0|0|

# 

# ",2025-04-29
t3_1kazma9,2025 LASTCAR Cup & Xfinity Playoff standings (After Talladega I),https://www.reddit.com/r/nascar/comments/1kazma9/,/u/TIFUthebestSubreddit,2025-04-29 21:32:55+00:00,"Cup Series Playoff standings (Race 10/26)

1) Cody Ware 1 Loss 399 (5 PP)

2) Brad Keselowski 1 Loss 289 (5 PP)

3) Riley Herbst 1 Loss 269 (6 PP)

4) Erik Jones 1 Loss 267 (8 PP)

5) Carson Hocevar 1 Loss 245 (5 PP)

6) Joey Logano 1 Loss 207 (7 PP)

7) AJ Allmendinger 1 Loss 200 (7 PP)

8) JJ Yeley 1 Loss 193 (7 PP)

9) Shane van Gisbergen 331 (1 PP)

10) Cole Custer 287

11) Ty Dillon 245 (1 PP)

12) Josh Berry 238

13) Zane Smith 218

14) Noah Gragson 215

15) Daniel Suarez 212

16) Justin Haley 208

_____________________________________________

17) John Hunter Nemechek 208

18) Todd Gilliland 199

19) Ryan Preece 199

20) Ty Gibbs 195

21) Michael McDowell 190 (1 PP)

22) Ryan Blaney 189

23) Kyle Busch 182 (1 PP)

24) Austin Dillon 181

25) Ricky Stenhouse Jr 181

26) Chris Buescher 169

27) Chase Briscoe 165 (1 PP)

28) Austin Cindric 159

29) Alex Bowman 152

30) Bubba Wallace 148

_____________________________________________

Other Losers outside top 30 that most likely won't make multiple starts in the playoffs 

40) Josh Bilicki 1 Loss 60 (6 PP)

44) Connor Zilisch 1 Loss 44 (5 PP)

**___________________________**

Xfinity Playoff standings (Race 11/26)

1) Kris Wright 1 Loss 342 (7 PP)

2) William Sawalich 1 Loss 290 (7 PP)

3) Anthony Alfredo 1 Loss 259 (6 PP)

4) Mason Maggio 1 Loss 213 (7 PP)

5) Parker Retzlaff 1 Loss 208 (7 PP)

6) Christian Eckes 1 Loss 205 (7 PP)

7) Dean Thompson 1 Loss 204 (8 PP)

8) Taylor Gray 1 Loss 182 (5 PP)

9) Daniel Dye 1 Loss 160 (7 PP)

10) Greg Van Alst 351

11) Kyle Sieg 307

12) Ryan Ellis 290

_____________________________________________

13) Garrett Smithley 286

14) Blaine Perkins 240

15) Matt DiBenedetto 228

16) Brennan Poole 214

17) Josh Williams 201

18) Nick Sanchez 199

19) Jeremy Clements 194

20) Sheldon Creed 188

21) Connor Zilisch 169

22) Josh Bilicki 169

23) Joey Gase 164

24) Brandon Jones 163

25) Ryan Sieg 159

26) Jeb Burton 149

27) Mason Massey 145

28) Carson Kvapil 144

29) Leland Honeyman 144

30) Harrison Burton 143

_____________________________________________

Other Losers that most likely won't make multiple starts in the playoffs 

35) Justin Bonsignore 1 Loss 121 (7 PP)

48) Carson Hocevar 1 Loss 60 (7 PP)",2025-04-29
t3_1kb3u3d,[FRM] More NASCAR Legal News,https://www.reddit.com/r/nascar/comments/1kb3u3d/,/u/jonbradford,2025-04-30 00:47:53+00:00,Front Row Motorsports wins $2.1 million lawsuit over charter deal. Ron Devine ordered to pay up. ,2025-04-30
t3_1kfk1vh,A Surface Level Statistic Analysis of Cup Rookies,https://www.reddit.com/r/nascar/comments/1kfk1vh/,/u/YankeeBarbary,2025-05-05 19:09:51+00:00,"*TLDR because this post is massive: Rookies in the current era win less than the golden years, but finish better on average.*

Hi. I'm Barbary. Part time NASCAR addict, full time asshole.

Recent controversy has been kicked up the past few weeks in NASCAR for several reasons. One of them being the latest quotes by known **GAMER** Kyle Larson, talking about how one of his primary motivators to race in the lower National level series is to embarrass both the points earning competitors and the sanctioning body themselves.

Due to my full time occupation, I'll admit I found this amusing. Because y'know, fuck'em.

But due to my the part time occupation, it made me wonder some things. Does him going down a few rungs actually help improve the abilities of up and comers? Has the lack of big names in the lower series directly correlated with new drivers being less capable? Will my father ever say he loves me?

In order to avoid another night of existential familial dread, I decided to do something I swore to never do again after I left college; actual source based research.

It was horrible. I had traumatic flashbacks to when an APA manual demanded I create a functioning works cited sheet before it gave me a swirly and called me an Austin Dillon fan.

OK enough shitposting.

---

These past few seasons, seeing many NASCAR drivers come up to Cup and hit a hard wall has made me ponder this issue in earnest.

Back in the day you had the likes of Jamie Mac and Carl Edwards beating out the best and claiming their first trophy in short order. Now a days, the Second Coming known as Ty Gibbs still hasn't even finished higher than 15th at season's end. While there's a crapton of factors that feed into the abilities of drivers in the pipeline, I wanted to take a look at defined metrics in relation to which era of Grand National/Trucks series racing they occurred in.

So let's sus out how new drivers do in a way that while not conclusive on it's own, provides a lens to look at the broader trends. 

The data I decided to look over was the performance of the rookie classes from 2000 to 2024, with specific focus on that season's Rookie of the Year. I chose this time period because it provides an ample sample size, while covering a lot of variables we can take into account (Cup driver eligibility, Cup teams racing in lower series, points formats, differences in cars raced between GN/Trucks and Cup). I'll be splitting the data into eras based on the car raced in Cup (Gen 4, CoT, Gen 6, NextGen). I'll also being laying out all of the data independently so that people can draw their own conclusions independent of my sterling color commentary.

Data shown will be individual rookies of that year's average finish, points finish for that season, and if they won a race. All stats pulled from Racing Reference. I'll be posting the data first, then my personal conclusions after the numbers.

---

***GEN 4 ERA***

(Premier Buschwhacking, also known as 'Harvick is Inevitable')

*--Year 2000--*

Rookie Class: Matt Kenseth, Dale Earnhardt Jr., Dave Blaney, Scott Pruett, Stacy Compton, Mike Bliss, Ed Berrier, Jeff Fuller (Not being counted due to not qualifying for ROTY)

ROTY Class Cup Mean Stats: Wins: .43 | Rank (Points Finishing Position): 31.70 | AVFN (Average Finishing Position): 27.86

Grand National Champion: Jeff Green

Trucks Champion: Greg Biffle

Rookie of the Year: Matt Kenseth

ROTY Cup stats: Wins: 1 | Rank (Points position): 14 | AVFN (Average Finish): 18.9

ROTY's Grand National stats: Wins: 4 | Rank: 3 | AVFN: 12.3 


*--Year 2001--*

Rookie Class: Kevin Harvick, Kurt Busch, Casey Atwood, Jason Leffler, Ron Hornaday Jr., Andy Houston

ROTY Class Cup Mean Stats: Wins: .33 | Rank: 27.17 | AVFN: 25.83

Grand National Champion: Kevin Harvick

Trucks Champion: Jack Sprague

Rookie of the Year: Kevin Harvick

ROTY Cup stats: Wins: 2 | Rank : 9 | AVFN : 14.1

ROTY's Grand National stats: Wins: 5 | Rank: 1 | AVFN: 9.6

*--Year 2002--*

Rookie Class: Ryan Newman, Jimmie Johnson, Shawna Robinson, Carl Long (Last two not being counted due to not qualifying for ROTY)

ROTY Class Cup Mean Stats: Wins: 2 | Rank: 5.5 | AVFN: 14

Grand National Champion: Greg Biffle

Trucks Champion: Mike Bliss

Rookie of the Year: Ryan Newman

ROTY Cup stats: Wins: 1 | Rank : 6 | AVFN : 14.5

ROTY's Grand National stats: N/A (Newman didn't run in a lower series again until 2005)

*--Year 2003--*

Rookie Class: Jamie McMurray, Greg Biffle, Tony Raines, Casey Mears, Jack Sprague, Larry Foyt

ROTY Class Cup Mean Stats: Wins: .17 | Rank: 27.00 | AVFN: 26.83

Grand National Champion: Brian Vickers

Trucks Champion: Travis Kvapil

Rookie of the Year: Jamie McMurray

ROTY Cup stats: Wins: 0 | Rank : 13 | AVFN : 18.6

ROTY's Grand National stats: Wins: 2 | Rank : 20 | AVFN : 12.9

*--Year 2004--*

Rookie Class: Kasey Kahne, Brendan Gaughan, Brian Vickers, Scott Wimmer, Scott Riggs, Johnny Sauter, Carl Edwards

ROTY Class Cup Mean Stats: Wins: 0 | Rank: 27.86 | AVFN: 22.39

Grand National Champion: Martin Truex Jr

Trucks Champion: Bobby Hamilton Sr

Rookie of the Year: Kasey Kahne

ROTY Cup stats: Wins: 0 | Rank : 13 | AVFN : 16.7

ROTY's Grand National stats: Wins: 0 | Rank : 11 | AVFN : 14.7

*--Year 2005--*

Rookie Class: Kyle Busch, Travis Kvapil, Mike Garvey, Stanton Barrett

ROTY Class Cup Mean Stats: Wins: 0.50 | Rank: 38.00 | AVFN: 30.40

Grand National Champion: Martin Truex Jr

Trucks Champion: Ted Musgrave

Rookie of the Year: Kyle Busch

ROTY Cup stats: Wins: 2 | Rank : 20 | AVFN : 21

ROTY's Grand National stats: Wins: 1 | Rank : 44 | AVFN : 24.9

*--Year 2006--*

Rookie Class: Denny Hamlin, Clint Bowyer, Martin Truex Jr., Reed Sorenson, J. J. Yeley, David Stremme, Brent Sherman (Not being counted due to not qualifying for ROTY)

ROTY Class Cup Mean Stats: Wins: 0.33 | Rank: 19.17 | AVFN: 21.25

Grand National Champion: Kevin Harvick

Trucks Champion: Todd Bodine

Rookie of the Year: Denny Hamlin

ROTY Cup stats: Wins: 2 | Rank : 3 | AVFN : 12.5

ROTY's Grand National stats: Wins: 2 | Rank : 4 | AVFN : 12.4

*--Year 2007--*

Rookie Class: Juan Pablo Montoya, David Ragan, Paul Menard, David Reutimann, A. J. Allmendinger, Brandon Whitt (Not being counted due to not qualifying for ROTY)

ROTY Class Cup Mean Stats: Wins: 0.2 | Rank: 31.8 | AVFN: 27.2

Grand National Champion: Carl Edwards

Trucks Champion: Ron Hornaday Jr.

Rookie of the Year: Juan Pablo Montoya

ROTY Cup stats: Wins: 1 | Rank : 20 | AVFN : 22.7

ROTY's Grand National stats: Wins: 1 | Rank : 36 | AVFN : 22.2

**Era ROTY Class Average Stats: Wins: 0.50  | Rank: 26.03 | AVFN: 24.47**

***COT ERA***

(Late Stage Buschwhacking, AKA the rise of the Pay Rookies)

*--Year 2008--*

Rookie Class: Regan Smith, Sam Hornish Jr., Patrick Carpentier, Michael McDowell, Dario Franchitti, Jacques Villeneuve (Not being counted due to not qualifying for ROTY)

ROTY Class Cup Mean Stats: Wins: 0.00 | Rank: 37.2 | AVFN: 30.38

Grand National Champion: Clint Bowyer

Trucks Champion: Johnny Benson Jr.

Rookie of the Year: Regan Smith

ROTY Cup stats: Wins: 0 | Rank : 34 | AVFN : 28.2

ROTY's Grand National stats: N/A (No GN races, only 1 Trucks race where he finished 17th)

*--Year 2009--*

Rookie Class: Joey Logano, Scott Speed, Max Papis, Dexter Bean (Not being counted due to not qualifying for ROTY)

ROTY Class Cup Mean Stats: Wins: 0.33 | Rank: 32.67| AVFN: 26.70

Grand National Champion: Kyle Busch

Trucks Champion: Ron Hornaday Jr.

Rookie of the Year: Joey Logano

ROTY Cup stats: Wins: 1 | Rank : 20 | AVFN : 20.00

ROTY's Grand National stats: Wins: 5 | Rank : 14 | AVFN : 7.6

*--Year 2010--*

Rookie Class: Kevin Conway, Terry Cook (Not being counted due to not qualifying for ROTY)

ROTY Class Cup Mean Stats: Wins: 0 | Rank : 25 | AVFN : 32.60

Grand National Champion: Brad Keselowski

Trucks Champion: Todd Bodine

Rookie of the Year: Kevin Conway

ROTY Cup stats: Wins: 0 | Rank : 25 | AVFN : 32.6

ROTY's Grand National stats: N/A (No GN or Trucks races)

*--Year 2011--*

Rookie Class: Andy Lally, T. J. Bell, Brian Keselowski (Last two didn't qualify for ROTY contention)

ROTY Class Cup Mean Stats: Wins: 0 | Rank : 33.00 | AVFN : 30.80

Grand National Champion: Ricky Stenhouse Jr.

Trucks Champion: Austin Dillon

Rookie of the Year: Andy Lally

ROTY Cup stats: Wins: 0 | Rank : 33.00 | AVFN : 30.80

ROTY's Grand National stats: N/A (No GN or Trucks races)

*--Year 2012--*

Rookie Class: Stephen Leicht, Josh Wise

ROTY Class Cup Mean Stats: Wins: 0 | Rank : 35.00 | AVFN : 37.35

Grand National Champion: Ricky Stenhouse Jr.

Trucks Champion: James Buescher

Rookie of the Year: Stephen Leicht

ROTY Cup stats: Wins: 0 | Rank : 41 | AVFN : 25.6

ROTY's Grand National stats: Wins: 0 | Rank : N/A | AVFN : 42.0

**Era ROTY Class Average Stats: Wins: 0.07  | Rank: 32.57 | AVFN: 31.57**

***GEN6 ERA***

(The end of Buschwacking, and the age of the Slow Burn rookie)

*--Year 2013--*

Rookie Class: Ricky Stenhouse Jr., Danica Patrick, Timmy Hill

ROTY Class Cup Mean Stats: Wins: 0 | Rank : 28.00 | AVFN : 26.33

Grand National Champion: Austin Dillon

Trucks Champion: Matt Crafton

Rookie of the Year: Ricky Stenhouse Jr.

ROTY Cup stats: Wins: 0 | Rank : 19 | AVFN : 18.9

ROTY's Grand National stats: Wins: 0 | Rank : N/A | AVFN : 17.0

*--Year 2014--*

Rookie Class: Kyle Larson, Austin Dillon, Justin Allgaier, Cole Whitt, Michael Annett, Alex Bowman, Ryan Truex, Parker Kligerman

ROTY Class Cup Mean Stats: Wins: 0 | Rank : 37.36 | AVFN : 27.73

Grand National Champion: Chase Elliott

Trucks Champion: Matt Crafton

Rookie of the Year: Kyle Larson

ROTY Cup stats: Wins: 0 | Rank : 17 | AVFN : 14.2

ROTY's Grand National stats: Wins: 2 | Rank : N/A | AVFN : 8.4

*--Year 2015--*

Rookie Class: Brett Moffitt, Matt DiBenedetto, Jeb Burton, Alex Kennedy, Tanner Berryhill* (Not being counted due to not qualifying for ROTY)

ROTY Class Cup Mean Stats: Wins: 0 | Rank : 36.75 | AVFN : 33.40

Grand National Champion: Chris Buescher

Trucks Champion: Erik Jones

Rookie of the Year: Brett Moffit

ROTY Cup stats: Wins: 0 | Rank : 34 | AVFN : 30.5

ROTY's Grand National stats: Wins: 0 | Rank : N/A | AVFN : 21

*--Year 2016--*

Rookie Class: Chase Elliott, Chris Buescher, Ryan Blaney, Brian Scott, Jeffrey Earnhardt

ROTY Class Cup Mean Stats: Wins: 0.2 | Rank : 18.20 | AVFN : 24.14

Grand National Champion: Daniel Suarez

Trucks Champion: Johnny Sauter

Rookie of the Year: Chase Elliott

ROTY Cup stats: Wins: 0 | Rank : 10 | AVFN : 14.6

ROTY's Grand National stats: Wins: 1 | Rank : N/A | AVFN : 5.3

*--Year 2017--*

Rookie Class: Erik Jones, Daniel Suárez, Ty Dillon, Corey LaJoie, Gray Gaulding

ROTY Class Cup Mean Stats: Wins: 0.0 | Rank: 26.22 | AVFN: 23.10

Grand National Champion: William Byron

Trucks Champion: Christopher Bell

Rookie of the Year: Erik Jones

ROTY Cup stats: Wins: 0 | Rank : 19 | AVFN : 17.1

ROTY's Grand National stats: Wins: 3 | Rank : N/A | AVFN : 12.5

*--Year 2018--*

Rookie Class: William Byron, Bubba Wallace

ROTY Class Cup Mean Stats: Wins: 0.0 | Rank: 25.5 | AVFN: 23.30

Grand National Champion: Tyler Reddick

Trucks Champion: Brett Moffitt

Rookie of the Year: William Byron

ROTY Cup stats: Wins: 0 | Rank : 23 | AVFN : 22.1

ROTY's Grand National stats: N/A (Didn't race in GN or Trucks in 2018, wouldn't go back to the lower series until 2021 in Trucks)

*--Year 2019--*

Rookie Class: Daniel Hemric, Ryan Preece, Matt Tifft

ROTY Class Cup Mean Stats: Wins: 0.0 | Rank: 27.33 | AVFN: 23.87

Grand National Champion: Tyler Reddick

Trucks Champion: Matt Crafton

Rookie of the Year: Daniel Hemric

ROTY Cup stats: Wins: 0 | Rank : 25 | AVFN : 22.5

ROTY's Grand National stats: N/A (Didn't race in GN or Trucks)

*--Year 2020--*

Rookie Class: Cole Custer, Tyler Reddick, Christopher Bell, John Hunter Nemechek, Brennan Poole, Quin Houff

ROTY Class Cup Mean Stats: Wins: 0.17 | Rank: 24.5 | AVFN: 23.37

Grand National Champion: Austin Cindric

Trucks Champion: Sheldon Creed

Rookie of the Year: Cole Custer

ROTY Cup stats: Wins: 1 | Rank : 16 | AVFN : 19.2

ROTY's Grand National stats: N/A (Didn't race in GN or Trucks)

*--Year 2021--*

Rookie Class: Chase Briscoe, Anthony Alfredo

ROTY Class Cup Mean Stats: Wins: 0.00 | Rank: 26.5 | AVFN: 23.55

Grand National Champion: Daniel Hemric

Trucks Champion: Ben Rhodes

Rookie of the Year: Chase Briscoe

ROTY Cup stats: Wins: 0 | Rank : 23 | AVFN : 19.6

ROTY's Grand National stats: Wins: 0 | Rank : N/A | AVFN : 12.5

**Era ROTY Class Average Stats: Wins: 0.04  | Rank: 27.82 | AVFN: 25.42**

***NEXTGEN ERA***

(Contemporary history and where we are now)

*--Year 2022--*

Rookie Class: Austin Cindric, Harrison Burton, Todd Gilliland

ROTY Class Cup Mean Stats: Wins: 0.33 | Rank: 22.33 | AVFN: 20.77

Grand National Champion: Ty Gibbs

Trucks Champion: Zane Smith

Rookie of the Year: Austin Cindric

ROTY Cup stats: Wins: 1 | Rank : 12 | AVFN : 16.3

ROTY's Grand National stats: N/A (Didn't race in GN or Trucks)

*--Year 2023--*

Rookie Class: Ty Gibbs, Noah Gragson

ROTY Class Cup Mean Stats: Wins: 0.00 | Rank: 25.5 | AVFN: 23.3

Grand National Champion: Cole Custer

Trucks Champion: Ben Rhodes

Rookie of the Year: Ty Gibbs

ROTY Cup stats: Wins: 0 | Rank : 18 | AVFN : 18.4

ROTY's Grand National stats: Wins: 1 | Rank : N/A | AVFN : 9.6

*--Year 2024--*

Rookie Class: Carson Hocevar, Josh Berry, Zane Smith, Kaz Grala

ROTY Class Cup Mean Stats: Wins: 0.00 | Rank: 25.75 | AVFN: 23.18

Grand National Champion: Justin Allgaier

Trucks Champion: Ty Majeski

Rookie of the Year: Carson Hocevar

ROTY Cup stats: Wins: 0 | Rank : 21 | AVFN : 18.3

ROTY's Grand National stats: N/A (Didn't race in GN or Trucks)

**Era ROTY Class Average Stats: Wins: 0.11  | Rank: 24.53 | AVFN: 22.42**

---

Wow. That was a lot of numbers. That took me two days of sifting through records. Why did I do this?

So in that mess of data, the highlight I wanted to point out is the change in mean stat between eras. Wins and average finishing position are the most stable metrics, because as we all know the point system has changed too many times over the past 20 years.

Let's start with wins. As we can see, there is a MASSIVE drop-off in rookies winning races from Gen 4 onwards. We go from 0.5, to 0.07, to .04. The mean does jump up once we hit the NextGen, but that's entirely carried by Austin Cindric's 2022 Daytona 500 win (Before someone asks, I didn't include either SVG's Chicago upset or Jamie Mac's 2002 Lowes win because they're both the definition of statistical outliers). Fundamentally speaking, the ability for a rookie class to beat their seniors has gotten worse and worse over time. Even with the severe limits on drivers heading down to lower series, there hasn't been much change.

That being said, there has been SIGNIFICANT improvement in rookies' average finishing position. The CoT era had the worst average by far, but as things are going now NextGen rookies are doing even better than their Gen4 counterparts.

As for points finish average, it's actually stayed in line with average finishing position through the eras. Even with the changes in format, it usually hangs 1 or 2 spots behind the classes' average finishing position.

But then leaves the question; if Buschwhacking was so effective at smothering talent in the cradle, then how did the early 2000s still pump out so many extremely talented rookie classes? Series regulars beating up the kids was a thing all the way into the early 90s, but that didn't stop Hall of Famers like Matt Kenseth or Jimmie Johnson or Martin Truex Jr from making their way onto the scene.

Well there's a ton of variables in that, a lot of which these statistics (Or any statistics) won't be able to tell you. But from what I saw, the reason why things got so bad in in the CoT era is fairly clear.

The competitive Cup teams already had the drivers they needed.

Seriously. The lineup from the early 2000s lasted deep into the 2010s, which meant that the teams could lock in exceptionally talented drivers early. If the drivers didn't stay locked down, they just swapped positions between the already strong teams (See Kyle Busch going from HMS to JGR). This mean the only teams taking on rookies were mid-pack and backmarkers, and these teams needed something important

**MONEY.** Or well, connections.

Front Row Motorsports needed sponsors, Kevin Conway provided (well, not really). Andy Lally was a sports car ace, TRG was just the Cup branch of an existing IMSA team. Circle Sport Racing was a mess from start to finish, and Stephen Leicht brought the car back to the garage intact so they could save cash on repairs and parts.

Fact of the matter was the good Cup teams weren't looking for new talent, so they didn't really bother *fostering* new talent. Why would Penske invest in driver development when you've got prime Brad Keselowski winning championships? Oh what's that, Kurt Busch didn't work out? Just grab Joey Logano after JGR fired him, he's talented and needs a ride.

We see echoes of this now, still. Ford's development pipeline isn't all that, because they can rely on either elevating high end talent from Trucks or snatching eager newcomers from Chevy or Toyota. We see genuinely talented drivers win multiple championships in the lower series, but they never even sniff a Cup contract (Reminder that Ben Rhodes is only **28**).

**But what does this say about Buschwhacking? Does Kyle Larson doing what he does actually embarrass anyone, and show the absolute state of up-and-coming drivers?**

No. Not really. All it does prove is that Cup drivers are absolutely GOATed, and they always have been. Kyle Larson isn't better than Xfinity regulars because they're trash, he's better than them because he's *Kyle Larson.*

I mean for God's sake Aric Amirola is the dictionary definition of average when it comes to Cup drivers, and whenever he races Xfinity he's a constant threat. Why? Because Cup drivers are just that good!

Overall what the data shows is pretty straight-forwards; the contemporary Cup rookie isn't as flashy as the legends of yore, but they can still hang with the veterans. They won't win, but they'll get good finishes. Finishes that they build on and use to reach their full potential.

On top of that, once they get their bearings, they start hitting well above their weight. Sometimes that means they have to drop back down, but that's good for the sport too. Xfinity and Trucks needs their veterans. Ty Majeski as a Trucks lifer makes their races better, not worse.

Anyway, I'm going back to pretending to do my job and re-watching Justified. You all take care out there.",2025-05-05
t3_1ki0zs8,"2025 LASTCAR Cup, Xfinity, and Truck Playoff Standings (after Texas)",https://www.reddit.com/r/nascar/comments/1ki0zs8/,/u/TIFUthebestSubreddit,2025-05-08 20:55:24+00:00,"Cup Series Playoff standings (Race 11/26)

1) Cody Ware 1 Loss 439 (5 PP)

2) Brad Keselowski 1 Loss 315 (5 PP)

3) Riley Herbst 1 Loss 283 (6 PP)

4) Erik Jones 1 Loss 270 (8 PP)

5) Carson Hocevar 1 Loss 267 (5 PP)

6) AJ Allmendinger 1 Loss 235 (7 PP)

7) Joey Logano 1 Loss 208 (7 PP)

8) JJ Yeley 1 Loss 193 (7 PP)

9) Denny Hamlin 1 Loss 162 (7 PP)

10) Shane van Gisbergen 358 (1 PP)

11) Cole Custer 304

12) Josh Berry 277

13) Ty Dillon 259 (1 PP)

14) Noah Gragson 247

15) Zane Smith 236

16) Ryan Preece 226

_____________________________________________

17) Daniel Suarez 225

18) Justin Haley 221

19) John Hunter Nemechek 216

20) Ty Gibbs 216

21) Michael McDowell 214 (1 PP)

22) Todd Gilliland 211

23) Kyle Busch 200 (1 PP)

24) Chase Briscoe 198 (1 PP)

25) Chris Buescher 191

26) Ryan Blaney 190

27) Austin Dillon 186

28) Ricky Stenhouse Jr 185

29) Alex Bowman 185

30) Austin Cindric 182

_____________________________________________

Other Losers outside top 30 that most likely won't make multiple starts in the playoffs)

41) Josh Bilicki 1 Loss 60 (6 PP)

46) Connor Zilisch 1 Loss 44 (5 PP)

**___________________________**

Xfinity Playoff standings (Race 12/26) (somehow all 30 drivers that were in the top 30 last week stayed in the top 30, probably because Thomas Annunziata was 31st, and he wasn't in the 70 this week lol)

1) Christian Eckes 2 Losses 263 (13 PP)

2) Kris Wright 1 Loss 375 (7 PP)

3) William Sawalich 1 Loss 301 (7 PP)

4) Anthony Alfredo 1 Loss 269 (6 PP)

5) Mason Maggio 1 Loss 247 (7 PP)

6) Dean Thompson 1 Loss 229 (8 PP)

7) Parker Retzlaff 1 Loss 220 (7 PP)

8) Taylor Gray 1 Loss 183 (5 PP)

9) Daniel Dye 1 Loss 169 (7 PP)

10) Greg Van Alst 351

11) Kyle Sieg 332

12) Garrett Smithley 316

_____________________________________________

13) Ryan Ellis 315

14) Blaine Perkins 264

15) Matt DiBenedetto 241

16) Josh Williams 236

17) Brennan Poole 229

18) Jeremy Clements 223

19) Sheldon Creed 222

20) Nick Sanchez 217

21) Josh Bilicki 214 (1 PP)

22) Joey Gase 200

23) Leland Honeyman 176

24) Brandon Jones 170

25) Connor Zilisch 169

26) Mason Massey 167

27) Ryan Sieg 165

28) Carson Kvapil 161

29) Jeb Burton 157

30) Harrison Burton 147

_____________________________________________

Other Losers that most likely won't make multiple starts in the playoffs 

37) Justin Bonsignore 1 Loss 121 (7 PP)

48) Carson Hocevar 1 Loss 60 (7 PP)

**___________________________**

Truck series Playoff Standings (race 8/18)

1) Stephen Mallozzi 3 Losses 235 (21 PP)

2) Kaden Honeycutt 1 Loss 194 (7 PP)

3) Norm Benning 1 Loss 188 (8 PP)

4) Nathan Byrd 275

5) Frankie Muniz 270

6) Toni Briedinger 269 (1 PP)

7) Spencer Boyd 250

8) Connor Mosack 215

9) Matt Mills 191

10) Matt Crafton 184

_____________________________________________

11) Andres Perez de Lara 177

12) Jack Wood 171

13) Dawson Sutton 168

14) Ben Rhodes 165

15) Justin Carroll 163

16) Gio Ruggerio 161

17) Luke Fenhaus 158

18) Stewart Friesen 156

19) Tanner Gray 147

20) Ty Majeski 145

21) Rajah Caruth 130

22) Corey Day 129

23) Josh Reaume 128

24) Layne Riggs 128

25) Brandon Jones 125

26) Bayley Currey 117

27) Cody Dennison 115

28) Grant Enfinger 112

29) Jake Garcia 105

30) Keith McGee 1 Loss 104 (6 PP)

_____________________________________________

Other Losers that most likely won't make multiple starts in the playoffs 

31) Parker Kligerman 1 Loss 101 (7 PP)

38) Ryan Roulette 1 Loss 57 (5 PP)",2025-05-08
t3_1kmsvx0,2025 LASTCAR Cup & Truck Playoff Standings (after Kansas I),https://www.reddit.com/r/nascar/comments/1kmsvx0/,/u/TIFUthebestSubreddit,2025-05-14 22:47:30+00:00,"Cup Series Playoff standings (Race 12/26)

1) AJ Allmendinger 2 Losses 296 (14 PP)

2) Cody Ware 1 Loss 484 (5 PP)

3) Brad Keselowski 1 Loss 350 (5 PP)

4) Riley Herbst 1 Loss 323 (6 PP)

5) Erik Jones 1 Loss 300 (8 PP)

6) Carson Hocevar 1 Loss 291 (5 PP)

7) Joey Logano 1 Loss 215 (7 PP)

8) Denny Hamlin 1 Loss 196 (7 PP)

9) Shane van Gisbergen 379 (1 PP)

10) Cole Custer 331

11) Ty Dillon 305 (1 PP)

12) Josh Berry 281

13) Noah Gragson 259

14) Daniel Suarez 257

15) Ty Gibbs 251

16) Justin Haley 250

_____________________________________________

17) Zane Smith 250

18) Michael McDowell 235 (1 PP)

19) Ryan Preece 231

20) John Hunter Nemechek 226

21) Todd Gilliland 221

22) Kyle Busch 219 (1 PP)

23) Bubba Wallace 213

24) Ricky Stenhouse Jr 208

25) Austin Dillon 206

26) Chase Briscoe 200 (1 PP)

27) Chris Buescher 197

28) JJ Yeley 1 Loss 193 (7 PP)

29) Austin Cindric 191

30) Ryan Blaney 191

_____________________________________________

Other Losers outside top 30 that most likely won't make multiple starts in the playoffs 

41) Josh Bilicki 1 Loss 60 (6 PP)

46) Connor Zilisch 1 Loss 44 (5 PP)

**___________________________**

Truck series Playoff Standings (race 9/18)

1) Stephen Mallozzi 3 Losses 235 (21 PP)

2) Kaden Honeycutt 1 Loss 207 (7 PP)

3) Layne Riggs 1 Loss 188 (7 PP)

4) Nathan Byrd 322

5) Frankie Muniz 313

6) Toni Briedinger 294 (1 PP)

7) Spencer Boyd 289

8) Connor Mosack 238

9) Matt Mills 209

10) Dawson Sutton 202

_____________________________________________

11) Matt Crafton 202

12) Jack Wood 202

13) Andres Perez de Lara 201

14) Norm Benning 1 Loss 188 (8 PP)

15) Ben Rhodes 181

16) Tanner Gray 179

17) Gio Ruggerio 171

18) Stewart Friesen 165

19) Ty Majeski 164

20) Justin Carroll 163

21) Luke Fenhaus 158

22) Rajah Caruth 156

23) Cody Dennison 152

24) Bayley Currey 148

25) Brandon Jones 136

26) Corey Day 129

27) Josh Reaume 128

28) Grant Enfinger 126

29) Jake Garcia 117

30) Keith McGee 1 Loss 104 (6 PP)

_____________________________________________

Other Losers that most likely won't make multiple starts in the playoffs 

33) Parker Kligerman 1 Loss 101 (7 PP)

39) Ryan Roulette 1 Loss 57 (5 PP",2025-05-14
t3_1kolqq8,Predicting Final NASCAR Career Win Totals for Active Drivers,https://www.reddit.com/r/nascar/comments/1kolqq8/,/u/Yeetawaythesecond,2025-05-17 05:44:42+00:00,"Over the decades, NASCAR’s generational or sub-generational talents have almost always crossed the 30-win threshold. For some, their greatness was obvious from the start.. think Jeff Gordon, Dale Earnhardt, or Tony Stewart. Others took longer to hit their stride, like Martin Truex Jr. and Kevin Harvick, who racked up the bulk of their wins in the latter half of their careers.

With that in mind, I’ve put together my projections for where I think each currently active full-time driver will end up in terms of total NASCAR Cup Series wins. These predictions are based on current performance, team trajectory, age, and historical patterns.

Driver,Projected Career Wins
Kyle Larson, 55
Denny Hamlin, 68
Kyle Busch, 65
Joey Logano, 40
William Byron, 36
Chase Elliott, 28
Ryan Blaney, 22
Christopher Bell, 42
Tyler Reddick, 35
Ross Chastain, 15
Alex Bowman, 18
Brad Keselowski, 36
Austin Cindric, 7
Chase Briscoe, 32
Josh Berry, 3
Bubba Wallace, 5
Chris Buescher, 7
Erik Jones, 4
Ty Gibbs, 41
Noah Gragson, 2
Justin Haley, 2
Michael McDowell, 4
Austin Dillon, 5
AJ Allmendinger, 3
Zane Smith, 0
Todd Gilliland, 0
Ricky Stenhouse Jr, 6
Riley Herbst, 1
Cole Custer, 1
Ryan Preece, 1
Cody Ware, 0
Ty Dillon, 0
John Hunter Nemechek, 2
Shane van Gisbergen, 3

Major Points:
	•	Kyle Larson, William Byron, Christopher Bell, Tyler Reddick are projected to have generational careers with multiple multi-win seasons and championship contention well into the 2030s.
	•	Chase Elliott, Ross Chastain, Ryan Blaney, will remain solid winners but won’t hit the prolific pace of the sport’s upper tier.
	•	Ty Gibbs and Chase Briscoe are poised for late-career breakouts and could mirror the upward arcs of Harvick and Truex.
	•	Denny Hamlin still has gas in the tank and could break 65 wins before he retires, while Kyle Busch and Brad Keselowski may only add 1-2  wins at most.
	•	Alex Bowman, Michael McDowell  Austin Cindric, Bubba Wallace, and Chris Buescher, Ricky Stenhouse Jr will stay competitive and win occasionally, but aren’t projected to break out into consistent multi-win seasons.
	•	Drivers like Noah Gragson, Ryan Preece, and John Hunter Nemechek are still question marks if  talent is there, but team and timing will determine if they break through. I predict Ware, both Dillons, Todd Gilliland, Zane Smith, AJ Allmendinger will not visit victory lane ever / for the remainder of their careers.",2025-05-17
t3_1kqntk9,[@Basso488 on X] Todd Gilliland vs. Shane van Gisbergen for 12th place in the Open Race @ North Wilkesboro.,https://www.reddit.com/r/nascar/comments/1kqntk9/,/u/CNASFan1992,2025-05-19 21:30:18+00:00,,2025-05-19
t3_1kxsuwc,"2025 LASTCAR Cup, Xfinity, and Truck Playoff Standings (After Charlotte Oval)",https://www.reddit.com/r/nascar/comments/1kxsuwc/,/u/TIFUthebestSubreddit,2025-05-28 21:17:35+00:00,"Cup Series Playoff standings (Race 13/26)

1) AJ Allmendinger 2 Losses 297 (14 PP)

2) Cody Ware 1 Loss 515 (5 PP)

3) Riley Herbst 1 Loss 362 (6 PP)

4) Brad Keselowski 1 Loss 355 (5 PP)

5) Carson Hocevar 1 Loss 321 (5 PP)

6) Erik Jones 1 Loss 309 (8 PP)

7) Joey Logano 1 Loss 230 (7 PP)

8) Denny Hamlin 1 Loss 208 (7 PP)

9) Shane van Gisbergen 389 (1 PP)

10) Cole Custer 350

11) Ty Dillon 320 (1 PP)

12) Daniel Suarez 296

13) Zane Smith 294

14) Josh Berry 292

15) Justin Haley 276

16) Ty Gibbs 271

_____________________________________________

17) Noah Gragson 265

18) John Hunter Nemechek 249

19) Bubba Wallace 244

20) Michael McDowell 238 (1 PP)

21) Ryan Preece 236

22) Todd Gilliland 235

23) Ryan Blaney 231

24) Kyle Busch 230 (1 PP)

25) Alex Bowman 228

26) Austin Cindric 226

27) Austin Dillon 222

28) Chris Buescher 215

29) Ricky Stenhouse Jr 215

30) Chase Briscoe 201 (1 PP)

_____________________________________________

Other Losers outside top 30 that most likely won't make multiple starts in the playoffs 

31) JJ Yeley 1 Loss 193 (7 PP)

38) Josh Bilicki 1 Loss 114 (6 PP)

41) Jimmie Johnson 1 Loss 80 (7 PP)

43) Connor Zilisch 1 Loss 68 (5 PP)

**___________________________**

Xfinity Playoff standings (Race 13/26)

1) Christian Eckes 2 Losses 270 (13 PP)

2) Kris Wright 1 Loss 400 (7 PP)

3) William Sawalich 1 Loss 314 (7 PP)

4) Anthony Alfredo 1 Loss 292 (6 PP)

5) Parker Retzlaff 1 Loss 271 (7 PP)

6) Mason Maggio 1 Loss 247 (7 PP)

7) Dean Thompson 1 Loss 232 (8 PP)

8) Taylor Gray 1 Loss 211 (5 PP)

9) Sammy Smith 1 Loss 203 (7 PP)

10) Daniel Dye 1 Loss 198 (7 PP)

11) Kyle Sieg 364

12) Greg Van Alst 351

_____________________________________________

13) Garrett Smithley 343

14) Ryan Ellis 321

15) Matt DiBenedetto 292

16) Blaine Perkins 286

17) Brennan Poole 249

18) Josh Williams 240

19) Jeremy Clements 237

20) Sheldon Creed 230

21) Nick Sanchez 218

22) Josh Bilicki 214 (1 PP)

23) Leland Honeyman 206

24) Joey Gase 200

25) Brandon Jones 187

26) Nick Leitz 180

27) Katherine Legge 177

28) Ryan Sieg 177

29) Carson Kvapil 176

30) Jeb Burton 175

_____________________________________________

Other Losers that most likely won't make multiple starts in the playoffs 

38) Justin Bonsignore 1 Loss 121 (7 PP)

49) Carson Hocevar 1 Loss 60 (7 PP)

**___________________________**

Truck series Playoff Standings (race 11/18)

1) Kaden Honeycutt 1 Loss 222 (7 PP)

2) Layne Riggs 1 Loss 198 (7 PP)

3) Chandler Smith 1 Loss 144 (5 PP)

4) Frankie Muniz 399

5) Toni Briedinger 395 (2 PP)

6) Spencer Boyd 358

7) Nathan Byrd 322

8) Connor Mosack 281

9) Dawson Sutton 266

10) Jack Wood 254

_____________________________________________

11) Andres Perez de Lara 251

12) Norm Benning 2 Losses 249 (8 PP)

13) Matt Mills 247

14) Matt Crafton 244

15) Stephen Mallozzi 3 Losses 235 (21 PP)

16) Ben Rhodes 225

17) Tanner Gray 223

18) Justin Carroll 218 (1 PP)

19) Ty Majeski 206

20) Gio Ruggerio 203

21) Stewart Friesen 199

22) Cody Dennison 197

23) Rajah Caruth 184

24) Luke Fenhaus 182

25) Bayley Currey 148

26) Brandon Jones 148

27) Jake Garcia 144

28) Grant Enfinger 141

29) Corey Day 129

30) Josh Reaume 128

_____________________________________________

Other Losers that most likely won't make multiple starts in the playoffs 

32) Parker Kligerman 1 Loss 117 (7 PP)

34) Keith McGee 1 Loss 104 (6 PP)

35) Ryan Roulette 1 Loss 103 (5 PP)",2025-05-28
t3_1kzxtp1,Could we be have the exact same 36 drivers in cup next year? (And No Rookies),https://www.reddit.com/r/nascar/comments/1kzxtp1/,/u/InflatibleOrange,2025-05-31 14:02:16+00:00,"After reading Jordan Bianchi's article about how it could be a ""boring"" silly season yesterday, I got to thinking about just how few seats are even in question:

  
Teams with All Drivers Signed (HMS - 4, JGR - 4, Penske - 3, 23XI - 3, RCR - 2, Wood Bros - 1, HYAK - 1) - 18 cars total

Teams with some Drivers signed (Spire - 2, RFK - 1, Legacy - 1, FRM - 1, Kaulig - 1, Trackhouse - 1) - 7 cars total



That only leaves the following:

Brad Keselowski - will almost certainly be back unless he makes a surprise retirement

Justin Haley - Would be surprised if he doesn't get a second year

Ty Dillon - Probably the most likely to get replaced, but still running decent enough and none of Kaulig's xfinity drivers are exactly lighting the world on fire (only real scenario I see is Suarez goes here if he gets the boot)

Todd Gilliland - Has been with team for multiple years and is their best driver, would be shocked if he leaves

Zane Smith - like Haley, is only in first year with team

Cole Custer - like Haley and smith, is only in first year with team

John Hunter Nemechek - Don't see a better opportunity for him or the team

Cody Ware - Dad owns the team - back unless Legacy gets his charter

Ryan Preece - Back unless Legacy gets his charter in the Rick Ware Lawsuit

Shane Van Gisbergen - like Haley, Custer, and Smith, only in first year with team

Daniel Suarez - back unless Zilisch is ready, he's been good but not good enough to throw him in cup after just 1 year in my opinion



So really, the only 2 even remotely likely are if Legacy gets a third charter at Rick Ware's expense and if Zilisch moves up, and the former sounds much more likely than the latter, which would still mean no rookies in 2026, which to my knowledge has never happened (and potentially set up an epic 2027 rookie fight between Heim and Zilisch, maybe Love or A. Hill too if Austin Dillon retires or KB moves to a new team)",2025-05-31
t3_1l2j0ua,[FRM] Todd Gilliland’s Martin Transportation scheme for Michigan,https://www.reddit.com/r/nascar/comments/1l2j0ua/,/u/SoupMadeFreshDaily,2025-06-03 18:08:48+00:00,,2025-06-03
t3_1l3h3y3,"2025 LASTCAR Cup, Xfinity, and Truck Playoff Standings (after Nashville)",https://www.reddit.com/r/nascar/comments/1l3h3y3/,/u/TIFUthebestSubreddit,2025-06-04 21:06:35+00:00,"Cup Series Playoff standings (Race 14/26)

1) AJ Allmendinger 2 Losses 321 (14 PP)

2) Cody Ware 1 Loss 557 (5 PP)

3) Riley Herbst 1 Loss 385 (6 PP)

4) Brad Keselowski 1 Loss 378 (5 PP)

5) Carson Hocevar 1 Loss 322 (5 PP)

6) Erik Jones 1 Loss 313 (8 PP)

7) Ricky Stenhouse Jr 1 Loss 265 (6 PP)

8) Joey Logano 1 Loss 231 (7 PP)

9) Denny Hamlin 1 Loss 209 (7 PP)

10) Shane van Gisbergen 411 (1 PP)

11) Cole Custer 367

12) Ty Dillon 347 (1 PP)

13) Josh Berry 319

14) Daniel Suarez 312

15) Justin Haley 310

16) Noah Gragson 309

_____________________________________________

17) Zane Smith 304

18) Ty Gibbs 299

19) John Hunter Nemechek 279

20) Alex Bowman 270

21) Ryan Preece 261

22) Todd Gilliland 257

23) Michael McDowell 256 (1 PP)

24) Austin Dillon 248

25) Bubba Wallace 247

26) Austin Cindric 241

27) Kyle Busch 239 (1 PP)

28) JJ Yeley 1 Loss 238 (7 PP)

29) Ryan Blaney 232

30) Chris Buescher 226

_____________________________________________

Other Losers outside top 30 that most likely won't make multiple starts in the playoffs 

38) Josh Bilicki 1 Loss 114 (6 PP)

42) Jimmie Johnson 1 Loss 80 (7 PP)

44) Connor Zilisch 1 Loss 68 (5 PP)

**___________________________**

Xfinity Playoff standings (Race 14/26)

1) Christian Eckes 2 Losses 303 (13 PP)

2) Daniel Dye 2 Losses 258 (14 PP)

3) Kris Wright 1 Loss 439 (7 PP)

4) William Sawalich 1 Loss 346 (7 PP)

5) Parker Retzlaff 1 Loss 324 (7 PP)

6) Anthony Alfredo 1 Loss 322 (6 PP)

7) Mason Maggio 1 Loss 280 (7 PP)

8) Dean Thompson 1 Loss 263 (8 PP)

9) Taylor Gray 1 Loss 234 (5 PP)

10) Sammy Smith 1 Loss 211 (7 PP)

11) Kyle Sieg 389

12) Ryan Ellis 355

_____________________________________________

13) Greg Van Alst 351

14) Garrett Smithley 343

15) Blaine Perkins 324

16) Matt DiBenedetto 322

17) Brennan Poole 263

18) Josh Williams 255

19) Jeremy Clements 254

20) Sheldon Creed 232

21) Nick Sanchez 230

22) Josh Bilicki 214 (1 PP)

23) Nick Leitz 212

24) Leland Honeyman 206

25) Joey Gase 200

26) Brandon Jones 198

27) Mason Massey 197

28) Ryan Sieg 196

29) Jeb Burton 188

30) Carson Kvapil 183

_____________________________________________

Other Losers that most likely won't make multiple starts in the playoffs 

38) Justin Bonsignore 1 Loss 121 (7 PP)

50) Carson Hocevar 1 Loss 60 (7 PP)

**___________________________**

Truck series Playoff Standings (race 12/18)

**1) Frankie Muniz 1 Loss 460 (7 PP)**

**2) Kaden Honeycutt 1 Loss 232 (7 PP)

**3) Layne Riggs 1 Loss 205 (7 PP)**

**4) Chandler Smith 1 Loss 155 (5 PP)**

5) Toni Briedinger 444 (2 PP)

6) Spencer Boyd 397

7) Nathan Byrd 367

8) Connor Mosack 308

9) Dawson Sutton 281

10) Jack Wood 280

_____________________________________________

11) Matt Crafton 278

12) Matt Mills 275

13) Andres Perez de Lara 274

14) Norm Benning 2 Losses 249 (8 PP)

15) Tanner Gray 243

16) Ben Rhodes 243

17) Stephen Mallozzi 3 Losses 235 (21 PP)

18) Stewart Friesen 224

19) Gio Ruggerio 220

20) Ty Majeski 218

21) Justin Carroll 218 (1 PP)

22) Luke Fenhaus 204

23) Cody Dennison 197

24) Rajah Caruth 189

25) Bayley Currey 161

26) Jake Garcia 160

27) Grant Enfinger 155

28) Brandon Jones 148

29) Tyler Ankrum 141

30) Corey Day 129

_____________________________________________

Other Losers that most likely won't make multiple starts in the playoffs 

34) Parker Kligerman 1 Loss 117 (7 PP)

37) Keith McGee 1 Loss 104 (6 PP)

38) Ryan Roulette 1 Loss 103 (5 PP)",2025-06-04
t3_1l7d3bt,Nascar Cup Series stats since 2021 when Kyle Larson joined Hendrick Motosports.,https://www.reddit.com/r/nascar/comments/1l7d3bt/,/u/Fangio_The_Master,2025-06-09 18:54:31+00:00,"
Wins in Nascar Cup since 2021:

26 Kyle Larson

13 William Byron

13 Denny Hamlin

12 Christopher Bell

11 Joey Logano

10 Ryan Blaney

8 Chase Elliott

8 Tyler Reddick

7 Martin Truex Jr

6 Alex Bowman

6 Kyle Busch

6 Ross Chastain

5 Chris Buescher

3 Austin Cindric

2 AJ Allmendinger

2 Chase Briscoe

2 Kurt Busch

2 Austin Dillon

2 Brad Keselowski

2 Kevin Harvick

2 Ricky Stenhouse Jr

2 Michael McDowell

2 Daniel Suarez

2 Bubba Wallace

1 Aric Almirolla

1 Josh Berry

1 Harrison Burton

1 Erik Jones

1 Shane Van Gisbergen






Poles in Nascar Cup since 2021:

14 Christopher Bell

14 Kyle Larson

10 William Byron

10 Denny Hamlin

10 Tyler Reddick

9 Joey Logano

7 Michael McDowell

7 Chase Briscoe

6 Martin Truex Jr

5 Ryan Blaney

5 Alex Bowman

3 Bubba Wallace

3 Chase Elliott

2 Kyle Busch

2 Ross Chastain

2 Ty Gibbs

1 Chris Buescher

1 Austin Cindric

1 Cole Custer

1 Carson Hocevar

1 Brad Keselowski

1 Ryan Preece

1 Zane Smith

1 Daniel Suarez

1 Shane Van Gisbergen





Races Led Most Laps in Nascar Cup since 2021:

30 Kyle Larson

15 Denny Hamlin

15 William Byron

11 Joey Logano

11 Christopher Bell

10 Tyler Reddick

9 Ross Chastain

8 Chase Elliott

8 Martin Truex Jr

8 Ryan Blaney

7 Kyle Busch

5 Brad Keselowski

3 Kevin Harvick

3 Michael McDowell

2 Kurt Busch

2 Chris Buescher

2 Ty Gibbs

2 Austin Cindric

1 Daniel Suarez

1 Alex Bowman

1 Bubba Wallace

1 AJ Allmendiger

1 Aric Almirola

1 Ryan Preece

1 Chase Briscoe

1 Todd Gilliland





Stage Wins in Nascar Cup since 2021:

52 Kyle Larson

33 Denny Hamlin

27 Ryan Blaney

26 William Byron

23 Martin Truex Jr

20 Christopher Bell

19 Joey Logano

17 Tyler Reddick

16 Chase Elliott

13 Kyle Busch

12 Ross Chastain

8 Austin Cindric

8 Chris Buescher

6 Bubba Wallace

5 Kurt Busch

4 Chase Briscoe

4 Brad Keselowski

3 Kurt Busch

3 Daniel Suarez

3 Alex Bowman

3 Michael McDowell

2 Ty Gibbs

2 Ryan Preece

2 Josh Berry

1 Matt DiBenedetto

1 Aric Almirola

1 Kevin Harvick

1 Ryan Preece

1 Josh Berry

1 Joey Hand

1 Shane Van Gisbergen

1 AJ Allmendinger





Top 20 most Laps led since 2021:

6894 Kyle Larson

4522 Dennis Hamlin

3312 William Byron

2891 Martin Truex Jr

2566 Christopher Bell

2534 Ryan Blaney

2530 Chase Elliott

2261 Joey Logano

1763 Ross Chastain

1707 Tyler Reddick

1494 Kyle Busch

1222 Brad Keselowski

765 Chris Buescher

739 Bubba Wallace

625 Daniel Suarez

621 Austin Cindric

617 Chase Briscoe

569 Ty Gibbs

564 Alex Bowman

493 Kevin Harvick





Mile and a Half Track wins in Nascar Cup since 2021:

10 Kyle Larson

3 William Byron

3 Denny Hamlin

3 Joey Logano

3 Tyler Reddick

2 Christopher Bell

2 Ryan Blaney

2 Kurt Busch

2 Ross Chastain

1 Josh Berry

1 Alex Bowman

1 Kyle Busch

1 Bubba Wallace

1 Chase Elliott





Short Track(under a mile) wins in Nascar Cup since 2021:

5 Denny Hamlin

5 Kyle Larson

3 Ryan Blaney

2 Alex Bowman

2 Chris Buescher

2 William Byron

2 Martin Truex Jr

1 Christopher Bell

1 Kevin Harvick

1 Austin Dillon





Road-Course/Street Circuit wins in Nascar Cup since 2021:

6 Kyle Larson

3 Tyler Reddick

3 Christopher Bell

2 William Byron

2 Chase Elliott

2 AJ Allmendinger

1 Alex Bowman

1 Shane Van Gisbergen

1 Ross Chastain

1 Chris Buescher

1 Michael McDowell

1 Martin Truex Jr

1 Daniel Suarez





Restrictor Plate(Drafting) wins in Nascar Cup since 2021:

4 William Byron

2 Ryan Blaney

2 Ricky Stenhouse Jr

2 Austin Cindric

2 Chase Elliott

2 Joey Logano

1 Daniel Suarez

1 Ross Chastain

1 Bubba Wallace

1 Michael McDowell

1 Chris Buescher

1 Kyle Busch

1 Austin Dillon

1 Brad Keselowski

1 Tyler Reddick

1 Harrison Burton

1 Christopher Bell





Darlington, Phoenix, Indianapolis, Dover, Michigan, Nashville, New Hampshire
Pocono, Gateway and ×California× wins since 2021:

5 Kyle Larson

5 Joey Logano

5 Denny Hamlin

4 Martin Truex Jr

4 Christopher Bell

3 Chase Elliott

3 Kyle Busch

3 Ryan Blaney

2 William Byron

2 Alex Bowman

2 Chase Briscoe

2 Ross Chastain

1 Aric Almirola

1 Kevin Harvick

1 Erik Jones

1 Chris Buescher

1 Brad Keselowski

1 Austin Cindric

1 Tyler Reddick





Wins in the Playoffs since 2021:

10 Kyle Larson

5 Joey Logano

3 Denny Hamlin

3 Christopher Bell

3 Tyler Reddick

3 Ryan Blaney

2 Bubba Wallace

2 Ross Chastain

2 Chris Buescher

1 Martin Truex Jr

1 Alex Bowman

1 Erik Jones

1 Chase Elliott

1 William Byron

1 A.J. Allmendinger

1 Ricky Stenhouse Jr


",2025-06-09
t3_1l80v8e,Noah Gragson & Todd Gilliland’s 2025 Long John Silvers Paint Schemes for Mexico City,https://www.reddit.com/r/nascar/comments/1l80v8e/,/u/Dmacthegoat,2025-06-10 14:56:52+00:00,,2025-06-10
t3_1l8coqy,2025 LASTCAR Cup & Truck Playoff Standings (after Michigan),https://www.reddit.com/r/nascar/comments/1l8coqy/,/u/TIFUthebestSubreddit,2025-06-10 22:40:46+00:00,"Cup Series Playoff standings (Race 15/26)

1) AJ Allmendinger 2 Losses 338 (14 PP)

2) Cody Ware 1 Loss 596 (5 PP)

3) Riley Herbst 1 Loss 419 (6 PP)

4) Brad Keselowski 1 Loss 388 (5 PP)

5) Carson Hocevar 1 Loss 351 (5 PP)

6) Alex Bowman 1 Loss 326 (6 PP)

7) Erik Jones 1 Loss 324 (8 PP)

8) Ricky Stenhouse Jr 1 Loss 287 (6 PP)

9) Joey Logano 1 Loss 253 (7 PP)

10) Denny Hamlin 1 Loss 210 (7 PP)

11) Shane van Gisbergen 430 (1 PP)

12) Cole Custer 414

13) Ty Dillon 347 (1 PP)

14) Noah Gragson 338

15) Justin Haley 338

16) Daniel Suarez 336 (1 PP)

_____________________________________________

17) Josh Berry 331

18) John Hunter Nemechek 321

19) Zane Smith 311

20 Ty Gibbs 302

21) Todd Gilliland 295

22) Michael McDowell 294 (1 PP)

23) Austin Cindric 272

24) Ryan Blaney 271

25) Ryan Preece 271

26) Austin Dillon 267

27) Bubba Wallace 251

28) Kyle Busch 247 (1 PP)

29) Chase Briscoe 244 (1 PP)

30) JJ Yeley 1 Loss 238 (7 PP)

_____________________________________________

Other Losers outside top 30 that most likely won't make multiple starts in the playoffs 

39) Josh Bilicki 1 Loss 114 (6 PP)

42) Jimmie Johnson 1 Loss 80 (7 PP)

44) Connor Zilisch 1 Loss 68 (5 PP)

**___________________________**

Truck series Playoff Standings (race 13/18)

1) Frankie Muniz 1 Loss 484 (7 PP)

2) Kaden Honeycutt 1 Loss 257 (7 PP)

3) Layne Riggs 1 Loss 219 (7 PP)

4) Chandler Smith 1 Loss 167 (5 PP)

5) Toni Briedinger 486 (2 PP)

6) Spencer Boyd 433

7) Nathan Byrd 408

8) Connor Mosack 331

9) Matt Mills 304

10) Jack Wood 304

_____________________________________________

11) Norm Benning 3 Losses 309 (22 PP)

12) Dawson Sutton 298

13) Matt Crafton 288

14) Andres Perez de Lara 287

15) Tanner Gray 264

16) Ben Rhodes 256

17) Ty Majeski 237

18) Gio Ruggerio 236

19) Rajah Caruth 236

20) Stephen Mallozzi 3 Losses 235 (21 PP)

21) Stewart Friesen 229

22) Justin Carroll 218 (1 PP)

23) Luke Fenhaus 211

24) Cody Dennison 197

25) Josh Reaume 173

26) Jake Garcia 171

27) Tyler Ankrum 169

28) Grant Enfinger 161

29) Bayley Currey 161

30) Daniel Hemric 148

_____________________________________________

Other Losers that most likely won't make multiple starts in the playoffs 

35) Parker Kligerman 1 Loss 117 (7 PP)

37) Keith McGee 1 Loss 104 (6 PP)

38) Ryan Roulette 1 Loss 103 (5 PP)",2025-06-10
t3_1l8db80,does long john silver's actually sponsor front row motorsports?,https://www.reddit.com/r/nascar/comments/1l8db80/,/u/burner88971613,2025-06-10 23:07:52+00:00,i've been wondering if they actually pay frm anything because I've been seeing ljs on their cars more than often,2025-06-10
t3_1lc6h5n,Todd Gilliland getting some love in Mexico,https://www.reddit.com/r/nascar/comments/1lc6h5n/,/u/SloppyThurstonII,2025-06-15 17:53:06+00:00,,2025-06-15
t3_1lcxmmr,Predicting career win totals for full time cup drivers,https://www.reddit.com/r/nascar/comments/1lcxmmr/,/u/AwkwardAd9233,2025-06-16 16:37:19+00:00,"Ross Chastain 24
Austin Cindric 21
Austin Dillon 7
Noah Gragson 15
Kyle Larson 55
Brad Keselowski 39
Justin Haley 4
Kyle Busch 69
Chase Elliott 24
Ty Dillon 1
Denny Hamlin 65
Ryan Blaney 37
AJ Allmendinger 6
Chris Buescher 22
Chase Briscoe 28
Christopher Bell 49
Josh Berry 9
Joey Logano 59
Bubba Wallace 19
William Byron 64
Todd Gilliland 5
Riley Herbst 3
Zane Smith 4
Cole Custer 6
John Hunter 13
Erik Jones 16
Tyler Reddick 59
Ricky Stenhouse 5
Alex Bowman 27
Cody Ware 0
Ty Gibbs 22
Ryan Preece 22
Michael McDowell 3
Carson Hocevar 31
Shane Van Gisbergen 5
Daniel Suarez 3",2025-06-16
t3_1lg6tey,Lionel Racing: 2025 Todd Gilliland’s Grillo’s Pickles Diecast is now available for preorder but it appears that Lionel Racing will now add rubber tires and a diecast chassis to its 1:64 cars,https://www.reddit.com/r/nascar/comments/1lg6tey/,/u/Dmacthegoat,2025-06-20 15:26:42+00:00,,2025-06-20
t3_1lkgoyb,"2025 LASTCAR Cup, Xfinity, and Truck Playoff Standings (after Pocono)",https://www.reddit.com/r/nascar/comments/1lkgoyb/,/u/TIFUthebestSubreddit,2025-06-25 20:32:16+00:00,"Cup Series Playoff standings (Race 17/26)

**1) Riley Herbst 2 Losses 490 (13 PP)**

**2) AJ Allmendinger 2 Losses 371 (14 PP)**

3) Cody Ware 1 Loss 636 (5 PP)

4) Brad Keselowski 1 Loss 424 (5 PP)

5) Carson Hocevar 1 Loss 375 (5 PP)

6) Alex Bowman 1 Loss 362 (6 PP)

7) Erik Jones 1 Loss 348 (8 PP)

8) Ricky Stenhouse Jr 1 Loss 338 (6 PP)

9) Kyle Busch 1 Loss 327 (8 PP)

10) Joey Logano 1 Loss 294 (7 PP)

11) Denny Hamlin 1 Loss 211 (7 PP)

12) Shane van Gisbergen 491 (1 PP)

13) Cole Custer 490

14) Ty Dillon 442 (1 PP)

15 Noah Gragson 397

16) Justin Haley 393

_____________________________________________

17) Zane Smith 363

18) Daniel Suarez 359

19) Ty Gibbs 358

20) Michael McDowell 350 (1 PP)

21) Josh Berry 343

22) John Hunter Nemechek 343

23) Todd Gilliland 331

24) Austin Dillon 319

25) Bubba Wallace 317

26) Austin Cindric 298

27) Ryan Blaney 295

28) Ryan Preece 288

29) Chase Briscoe 256 (1 PP)

30) Kyle Larson 243

_____________________________________________

Other Losers outside top 30 that most likely won't make multiple starts in the playoffs 

32) JJ Yeley 1 Loss 238 (7 PP)

39) Josh Bilicki 1 Loss 114 (6 PP)

42) Jimmie Johnson 1 Loss 80 (7 PP)

45) Connor Zilisch 1 Loss 68 (5 PP)

**___________________________**

Xfinity Playoff standings (Race 16/26)

**1) Daniel Dye 2 Losses 310 (14 PP)**

**2) Christian Eckes 2 Losses 305 (13 PP)**

3) Kris Wright 1 Loss 488 (7 PP)

4) Parker Retzlaff 1 Loss 384 (7 PP)

5) William Sawalich 1 Loss 370 (7 PP)

6) Anthony Alfredo 1 Loss 357 (6 PP)

7) Dean Thompson 1 Loss 291 (8 PP)

8) Taylor Gray 1 Loss 249 (5 PP)

9) Sammy Smith 1 Loss 224 (7 PP)

10) Kyle Sieg 437

11) Ryan Ellis 416

12) Blaine Perkins 375

_____________________________________________

13) Garrett Smithley 371

14) Matt DiBenedetto 352

15) Greg Van Alst 351

16) Jeremy Clements 317

17) Brennan Poole 316

18) Josh Williams 287

19) Nick Sanchez 284

20) Mason Maggio 1 Loss 280 (7 PP)

21) Sheldon Creed 274

22) Josh Bilicki 256 (1 PP)

23) Brandon Jones 236

24) Leland Honeyman 229

25) Ryan Sieg 225

26) Mason Massey 215

27) Nick Leitz 212

28) Carson Kvapil 203

29) Jeb Burton 202

30) Joey Gase 200

_____________________________________________

Other Losers that most likely won't make multiple starts in the playoffs 

33) Justin Bonsignore 2 Losses 181 (14 PP)

48) Christopher Bell 1 Loss 70 (5 PP)

54) Carson Hocevar 1 Loss 60 (7 PP)

**___________________________**

Truck series Playoff Standings (race 14/18)

**1) Frankie Muniz 1 Loss 507 (7 PP)**

**2) Kaden Honeycutt 1 Loss 261 (7 PP)**

**3) Layne Riggs 1 Loss 221 (7 PP)**

**4) Chandler Smith 1 Loss 179 (5 PP)**

**5) Toni Briedinger 512 (2 PP) (clinched on points)**

6) Spencer Boyd 462

7) Nathan Byrd 430

8) Connor Mosack 338

9) Dawson Sutton 328

10) Matt Mills 325

_____________________________________________

11) Norm Benning 3 Losses 362 (22 PP)

12) Jack Wood 319

13) Matt Crafton 316

14) Andres Perez de Lara 304

15) Ben Rhodes 275

16) Tanner Gray 268

17) Gio Ruggerio 253

18) Rajah Caruth 251

19) Ty Majeski 247

20) Cody Dennison 246

21) Stewart Friesen 243

22) Stephen Mallozzi 3 Losses 235 (21 PP)

23) Justin Carroll 218 (1 PP)

24) Luke Fenhaus 211

25) Jake Garcia 200

26) Tyler Ankrum 196

27) Grant Enfinger 191

28) Josh Reaume 173

29) Bayley Currey 161

30) Daniel Hemric 154

_____________________________________________

Other Losers that most likely won't make multiple starts in the playoffs 

35) Parker Kligerman 1 Loss 117 (7 PP)

37) Keith McGee 1 Loss 104 (6 PP)

39) Ryan Roulette 1 Loss 103 (5 PP)

45) Bryan Dauzat 1 Loss 60 (7 PP)",2025-06-25
t3_1ll3frl,"Todd Gilliland is the only driver to have competed in every Next Gen race, but never raced in any Gen car before.",https://www.reddit.com/r/nascar/comments/1ll3frl/,/u/CanadianBaconiser,2025-06-26 15:43:14+00:00,"Interesting, but random stat I found. Todd Gilliland’s first career start was the 2022 Daytona 500, the next Gen debut. With FRM and briefly RWR, he has competed in every single Next Gen points paying race, but had zero start prior to 2022. 

With his other 2022 rookie of the year competition making starts in 2021, and not missing a single race. This means he is the sole driver with this unique stat.

To this day has never made a single xfinity series start either.",2025-06-26
t3_1lmc651,Beginners Guide to Every NASCAR Cup Series Charter Driver.,https://www.reddit.com/r/nascar/comments/1lmc651/,/u/JoeRogan016,2025-06-28 02:41:57+00:00,"There's been a lot of new/returning fans coming to this sub lately, so I've put together a short introduction for all the current drivers to give all the new people a starting point to jump off from. I've done my best to keep everything neutral regardless of my own bias, but it's not perfect lol.

1 car is Ross Chastain, the current best performing Trackhouse driver. He's a watermelon farmer from Florida who became famous for riding the wall at Martinsville in order to make it into the playoffs. His old car team (not the team itself) was shut down after it's sponsor got raided by the FBI, which eventually led to him landing at Trackhouse.

2 car is Austin Cindric, third best performing Penske car and occasional plate track winner. His dad recently got fired from Penske after a cheating scandal and now people are speculating on how that might affect him.

3 car is Austin Dillon. Richard Childress Racing (RCR) brought back the number for him after years of not running it after Dale Earnhardt died in 2001. Not a terrible driver, he can win on occasion, but he's not good enough to make up for the cars middling performance.

4 Car is Noah Gragson, who moved to Front Row Motorsports (FRM) after Stewart Hass Racing sold most of its assets to FRM and rebranded to Haas Factory Team. Another middling car/driver combo.

5 Car is Kyle Larson. Hendricks star driver, 2021 champion, and frequently called the greatest driver in the world by his fans after his 10 victory championship season. He's famous for pushing his cars to the edge and either dominating or wrecking out completely. There isn't much in-between for him.

6 Car is Brad Keselowski. 2012 champion, former Penske driver, and current co-owner of Roush Fenway Keselowski Racing (RFK). Used to be infamous as an on track terrorist, but now days has gained a reputation for sacrificing elements of his own success for the sake of his team.

7 Car is Justin Haley, driving for Spire Motorsports. A younger driver who was speculated to be a potential star, but so far hasn't lived up to that potential. At the moment another mid driver/car combo.

8 Car is Kyle Busch. Former Joe Gibbs driver, 2015 and 2019 champion, and current driver for RCR. A total hothead, but also a very very good driver who has struggled due to certain rule changes and the current car design. He has lately developed a reputation for pushing his midpack cars far beyond their limits and paying the price for it.

9 Car is Chase Elliott. Current Hendrick driver, 2020 champion, and son of 1988 champion Bill Elliott. His defining traits are his near unrivaled consistency, mellow personality, and a fan base that is going absolutely insane waiting for his next win.

10 Car is Ty Dillon, Kaulig Racing driver, and brother of Austin Dillon. Has yet to make his mark, but is relatively clean and keeps himself out of trouble. Mid car/driver combo.

11 Car is Denny Hamlin, Joe Gibbs star driver, and NASCAR'S winningest driver without a championship. Currently one of the most experienced drivers still on the field and so far that hasn't slowed him down much. Known for his adversarial relationship with fans and NASCAR itself. Also co-founder of NASCAR team 23XI.

12 Car is Ryan Blaney, second most senior Penske driver and 2023 champion. His father is former NASCAR driver Dave Blaney. Like Elliot he's known for his consistency,

16 car is AJ Allmendinger, Kaulig driver and another veteran of the sport. One of the so called ""Road course ringers"" for their skill on said tracks, which keeps them relevant despite their lack of speed on ovals.

17 car is Chris Beuscher, RFK driver who's mostly known for finding his pace in the second half of the season, and being a solid all-rounder. Gaid a lot of notoriety for out-dueling SVG at Watkins Glen last year.

19 car is Chase Briscoe. Joe Gibbs newest cup driver, taking over for former champion Martin Truex Jr since he retired. Has a reputation for being a monster in qualifying, but not always translating it into good finishes. You might see him around here on Reddit.

20 car is Christopher Bell. Another young Joe Gibbs driver who might also be one of cleanest in the series. One of the drivers people are expecting to win a championship soon, barring something crazy he'll have a very successful career.

21 car is Josh Berry. Driver of the Wood Brothers sole cup car, replacing Harrison Burton. He just got his first win this year at Las Vegas, and is so far proving to be a positive aspect to the revival of one of NASCARs oldest teams.

22 car is Joey Logano. Penske's veteran driver and three time champion (2018, 2022, 2024). A very strong driver known for aggressive racing and late season comebacks.

23 car is Darrell ""Bubba"" Wallace Jr. Driving for 23XI. A solid driver with a handful of wins under his belt, and a temper that doesn't often show itself, but when it does it comes out strong.

24 Car is William Byron. Hendrick driver, current Daytona 500 winner, and holding the points lead this season. Almost always running up front and competing for wins, but has recently developed a reputation for faltering at the last moment.

34 car is Todd Gilliland, son of former driver David Gilliland. Currently driving for FRM as a midpack performer.

35 car is Riley Herbst, driving for 23XI. A young driver in his rookie season this year, though is currently struggling to find speed.

38 car is Zane Smith. The final FRM driver, and as things stand the one most likely to win of the three, despite this being his second full time season.

41 car is Cole Custer, driving the HAAS Factory Team's sole car with what remains of the old SHR team. A slow car with a mediocre driver.

42 car is John Hunter Nemechek, driving for Legacy Motor Club which is owned by 7 time champion Jimmie Johnson. Despite driving for a backmarker team Nemechek has shown surprising speed, and might be a candidate to get his first win soon. He is the son of former driver Joe Nemechek.

43 car is another LMC car driven by Eric Jones, a well established driver who has managed a handful of wins in the cup series, and with his teams sudden boost in performance it's possible he might net a few more.

45 car is driven by 23XI's star driver Tyler Reddick, who managed to win 3 races in just his third season with RCR, and has won many more since switching teams. Another championship contender if they can put together the playoff season.

47 car is HYAK Motorsports only car, driven by Ricky Stenhouse Jr. Well known for not only his hot temper but also getting into fistfights with other drivers (granted he didn't start all of them). He's another driver who tends to overdrive his midpack cars and sometimes suffers for it. But he's won before and it's entirely possible he will again. Lately he's been feuding with Carson Hocevar.

48 car is the final Hendrick car, driven by Alex Bowman. While he's a very solid driver and has multiple wins, it's a tall order to keep up with his incredibly talented teammates. It hasn't helped that he's been involved in multiple very hard crashes resulting in various injuries, with the most recent one being at Michigan this year. Without a doubt their most scrappy driver.

51 car is represented by Cody Ware for his father's team, Rick Ware racing (which has recently obtained a co owner who wants to expand the team? Sorry this information is very new). I'm just going to be blunt, this team is a pure backmarker who's driver has never completed a full season and has only a single top five. If there was ever a driver to write off, it's Cody Ware.

54 car is the final Joe Gibbs car, driven by the owners grandson, Ty Gibbs. He's currently one of the youngest drivers (just 22 years old!) at the cup level in his third full time season. Despite driving for a top tier team he's has no victories, and only very recently begun to show race winning pace. But he likely has a long career ahead of him should he continue to improve.

60 car is RFK's most recent addition, Ryan Preece. Another former SHR driver on the hunt for his first win, and he's come very close multiple times this season. It's likely only a matter of time before he pulls it off.

71 car is driven by Michael McDowell, Spire Motorsports' resident road course ringer. He's a well established veteran and outspoken Christian. He's won before, with some luck and the right track he probably will again.

77 car is driven by Spire's star driver, Carson Hocevar. He's the same age as Gibbs, but has shown race winning pace much sooner despite driving in a midpack car. However this speed has also come with aggression which has cost several other drivers, most notably Ricky Stenhouse. Still, it's only a matter of time before he wins.

88 car is driven by Trackhouse's Shane van Gisbergen. The current most dominant road course specialist, and considered by most teams as the one to beat whenever one comes up. He's won the most recent road course at Mexico City, and his very first cup race at the Chicago street circuit. He is the second (and only other) rookie this year.

99 car is the third Trackhouse entry and final charter car, driven by Daniel Suarez. Currently their most senior driver, his performance is usually midpack.


This took way longer than I thought it would lol",2025-06-28
t3_1lnnyjy,What Round 1 of the In-Season Challenge would have looked like if you didnt seed and took the standings after Pocono.,https://www.reddit.com/r/nascar/comments/1lnnyjy/,/u/Weathergeekal,2025-06-29 19:57:25+00:00,"  
Round 1:  
**(1) William Byron** vs (32) Noah Gragson  
(16) Josh Berry vs **(17) AJ Allmendinger**  
(8) Ross Chastain vs **(25) Zane Smith**  
(9) Chase Briscoe vs **(24) Ricky Stenhouse Jr.**  
(4) Christopher Bell vs **(29) Justin Haley**  
**(13) Alex Bowman** vs (20) Carson Hocevar  
**(5) Chase Elliott** vs (28) Todd Gilliland  
(12) Bubba Wallace vs **(21) Michael McDowell**  
**(2) Kyle Larson** vs (31) Shane Van Gisbergen  
(15) Austin Cindric vs **(18) Erik Jones**  
**(7) Tyler Reddick** vs (26) Austin Dillon  
(10) Joey Logano vs **(23) Ty Gibbs**  
(3) Denny Hamlin vs **(30) Brad Keselowski**  
**(14) Ryan Preece** vs (19) Kyle Busch  
(6) Ryan Blaney vs **(27) Daniel Suarez**  
**(11) Chris Buescher** vs (22) John Hunter Nemechek

Round 2:  
(32) Noah Gragson vs (17) AJ Allmendinger  
(25) Zane Smith vs (24) Ricky Stenhouse Jr.  
(29) Justin Haley vs (13) Alex Bowman  
(5) Chase Elliott vs (21) Michael McDowell  
(2) Kyle Larson vs (18) Erik Jones  
(7) Tyler Reddick vs (23) Ty Gibbs  
(30) Brad Keselowski vs (14) Ryan Preece  
(27) Daniel Suarez vs (11) Chris Buescher



I saw some people prior to the race talk about there issues with how NASCAR decided to seed this tournament. (I also didnt like it) So I just decided to see what last night would have looked like if they did it how alot of people said and just took the standings after Pocono. 

Still alot of upsets as expected with how the race went last night. Biggest change I noticed was Larson advancing. 

Do you think NASCAR should have done it this way or do you like how they had recency bias towards the last few races?

",2025-06-29
t3_1lqjdyl,Which Drivers have been the biggest disappointments or success stories of this season across all 3 series?,https://www.reddit.com/r/nascar/comments/1lqjdyl/,/u/TakeDemPills,2025-07-03 07:23:28+00:00,"I’m gonna list my biggest disappointments and successes across the 3 series with a little explanation


Disappointments:

Connor Mosack: For a driver who I felt for a while deserved that good ride opportunity, he was finally given the chance and hasn’t really done anything this season

Tanner Gray: Honestly idk how this guy is still in trucks, his teammate is dominating the season while his rookie teammate is ahead of him in points

ThorSport: This team as a whole has just looked pathetic. When the defending champion can only barely hold on to a playoff spot, being hounded by Jake Garcia of all drivers, it’s clear big changes need to be brought to the team if they want to get back to their form last season.

Sheldon Creed: For a guy still looking for his first win, it’s feeling like the question is becoming if he will win, not when. Especially considering his teammate has run top 3 in points all year

Josh Williams: I’m not surprised he’s running poorly, I just wonder why Kaulig kept him on after last season

William Sawalich: Moved up to Xfinity way too fast especially considering he struggles to run top 10 consistently in trucks. Just another example of JGR rushing guys and then acting like it’s their fault when they struggle to perform (Logano, Suarez, Gibbs)

Kyle Busch: After looking stellar at COTA, he’s fallen off a cliff and is probably looking to go for back to back winless seasons

Ty Gibbs: Jesus what a let down after looking promising his first two seasons. I hope he can return to form because honestly, he’s shown he can run up front in cup.

Brad Keselowski: He’s finally starting to return to form but he needs to get Bullins off the box if he wants to compete again, it’s been clear since his days with Cindric that Bullins is not a good next-gen crew chief, and even then he was mid in the gen 6 era.

Todd Gilliland: For a guy who many thought took a big step up in 2024, he’s just shown no growth and has regressed in about every statistic

Justin Haley: It’s been a year to forget for Haley, getting his team stripped entirely by Hendrick and then having his crew chief leave, I’d be surprised if he isn’t trying to find his way out of the 7 car.

Noah Gragson: I really don’t think Gragson is this bad but he just cannot string consistent runs together. His best year was no doubt with SHR but it feels like he would be doing a lot better in a car that wasn’t the gen 7, I just don’t think the car is suited to his driving style.



Successes:

Bayley Currey: Once again Currey is proving in his limited starts that he can be rapid and he deserves a full season shot

Gio Ruggiero: I honestly think Tricon have found their future star with Gio, who’s been extremely impressive at points this season, and will only improve with time

Kaden Honeycutt: I honestly keep forgetting this guy is a rookie for how well he’s running. He’s fifth in points as a rookie and constantly will have these runs that surprise many. I think he’s another guy who will only improve with time and could be a real title contender in 2026

Layne Riggs: I knew I saw potential when I started backing him after the Bristol race last season. He is consistently the only driver able to bring the fight to Heim, and I personally think he could very well be a dark horse title pick once Phoenix comes around

Sam Mayer: He’s finally found the consistency his career has so desperately lacked, hopefully he can keep it up throughout the year and make himself a potential Championship 4 contender

Connor Zilisch: Is anyone surprised he’s been this rapid, He showed out at Kansas last year and has only improved since then oval-wise

Carson Kvapil: Quietly having a great rookie campaign, racing well and getting that consistency many drivers struggle to find

Taylor Gray: Running 8th in points as a Gibbs car may seem like it should be disappointing, but considering that team as a whole seems to be down this year in Xfinity, he’s had some real standout runs, especially considering his would-be first career win at martinsville if Sammy Smith hadn’t become a terrorist

Nick Sanchez: Has had several fantastic races where he drives well above his pay grade, I think he’s absolutely has potential and will no doubt be considered for RCR once Hill or Love get a call up to cup

Daniel Dye: Somehow always finds a way to finish 8th - 20th, I just want to see him raise his ceiling a little higher

Ross Chastain: My king somehow always finds a way to drive the wheels off those Trackhouse cars. He deserves a better ride because there is no way in hell anyone else could get one of those Trackhouse cars to a top 10 in points

Ryan Preece: I’ve been a homer for Preece since before the season started and I got flamed hard for it. Many people were saying that he was going to be 23rd - 30th in points. Clearly he’s out driven the opinions of the masses and continues to find ways to finish strong and score good points

Austin Cindric: Cindric has really improved his pace at many tracks and is finally looking like he deserves that Penske ride

LMC: Legacy as a whole gets a shout out, as not only has John Hunter Nemechek had several stand out runs, but Erik Jones has been on a tear of consistency, bringing himself back into the fringes of the points conversation for the playoffs

Josh Berry: Although his season as a whole has been up and down, he’s been far and away a massive improvement over Harrison Burton and finally is doing justice for the historic WBR. 

Ricky Stenhouse Jr: For a driver everyone thought would be one of the last in points this season, Ricky has really punched above his weight and kept his team around the top 20 all season.

Zane Smith: Zane has quietly become the sole bright spot for FRM in 2025. While the whole team struggles to find pace, he can pretty frequently find himself running top 20 and has kept himself out of many incidents he got into his rookie campaign



If you manage to read all of this, tell me what you think of my picks, and tell me if there are any drivers you’d add to this list




",2025-07-03
t3_1lxc1gk,Bob Pockrass: “23XI and Front Row Motorsports have indicated in a court filing they will ask for another preliminary injunction (I assume to keep the charters) based on evidence supporting likelihood of success on the merits of their claims and additional evidence of the irreparable harm.”,https://www.reddit.com/r/nascar/comments/1lxc1gk/,/u/Dmacthegoat,2025-07-11 16:53:12+00:00,,2025-07-11
t3_1m1p0ks,[CRANDALL] It looks like NASCAR’s response to the new restraining order and preliminary injunction filing by 23XI Racing and Front Row Motorsports (which was due by 5 pm today) is under seal.,https://www.reddit.com/r/nascar/comments/1m1p0ks/,/u/Funny-Supermarket926,2025-07-16 21:23:48+00:00,,2025-07-16
t3_1m1rqz6,Noah Gragson's reaction when he lost his charter car for Front Row Motorsports,https://www.reddit.com/r/nascar/comments/1m1rqz6/,/u/NickSamon,2025-07-16 23:16:54+00:00,[removed],2025-07-16
t3_1m2le20,[Bob] 23XI Racing and Front Row Motorsports will be open teams for at least upcoming races at Dover and Indianapolis after they were denied a temporary restraining order to keep NASCAR from revoking their chartered status.,https://www.reddit.com/r/nascar/comments/1m2le20/,/u/Huggy_Bear48,2025-07-17 22:28:31+00:00,,2025-07-17
t3_1m58vjm,Footage of JJ Yeley wheeling his #44 NY Racing Team machine past Todd Gilliland on pure speed,https://www.reddit.com/r/nascar/comments/1m58vjm/,/u/BucketOCheerios,2025-07-21 03:56:31+00:00,,2025-07-21
t3_1m5j7jz,"[Jayski] NASCAR has updated the rule book to state that they can limit race entries to 40 teams, with Open teams based on owner standings. This would prevent 23XI Racing and Front Row Motorsports from missing a race this year while the lawsuit is pending.",https://www.reddit.com/r/nascar/comments/1m5j7jz/,/u/Altracing34,2025-07-21 13:40:40+00:00,,2025-07-21
t3_1m6didz,[FRM] Todd Gilliland’s updated gener8tor/IU LAB scheme for Indy,https://www.reddit.com/r/nascar/comments/1m6didz/,/u/SoupMadeFreshDaily,2025-07-22 13:02:50+00:00,,2025-07-22
t3_1mbr0na,NASCAR 25’ Driver Ratings Predictions,https://www.reddit.com/r/nascar/comments/1mbr0na/,/u/22jburns,2025-07-28 20:14:15+00:00,"These are overall ratings like many sports games possess.

Kyle Larson: 94
Denny Hamlin: 94
Christopher Bell: 91
Ryan Blaney: 90
William Byron: 88
Joey Logano: 88
Tyler Reddick: 87
Chase Elliott: 86
Ross Chastain: 85
Chris Buescher: 84
Brad Keselowski: 83
Kyle Busch: 83
Chase Briscoe: 80
Alex Bowman: 80
Erik Jones: 79
Bubba Wallace: 77
Carson Hocevar: 77
Ryan Preece: 77
Ty Gibbs: 77
Austin Cindric: 77
Ricky Stenhouse Jr: 76
Aj Allmendinger: 76
Michael McDowell: 76
Josh Berry: 75
John Hunter Nemechek: 75
Daniel Suarez: 75
Zane Smith: 74
Todd Gilliland:74
Noah Gragson: 74
Shane Van Gisbergen: 73
Justin Haley: 73
Austin Dillon: 73 
Cole Custer: 73
Ty Dillon: 72
Riley Herbst: 70
Cody Ware: 67



Thoughts? Who is too high or too low? What do you agree with or disagree with? ",2025-07-28
t3_1mfqdga,It seems like the Great Food Truck Race is going to have a NASCAR-themed episode featuring Mamba Smith and Todd Gilliland.,https://www.reddit.com/r/nascar/comments/1mfqdga/,/u/ZilischsPoopyPants,2025-08-02 13:19:44+00:00,,2025-08-02
t3_1mki91k,This Week in the 3-Verse w/Chet Rollins,https://www.reddit.com/r/nascar/comments/1mki91k/,/u/debrisinturn3,2025-08-08 01:34:21+00:00,"# This Week in the 3-Verse w/ Chet Rollins

Debris In Turn 3 - [Fantrax.com](http://Fantrax.com) 

**""The Great Iowa Shuckdown""** – This week’s *This Week in the 3-Verse* has it all: playoff chaos in Bumper2Bumper, a 4-way tie busted in Flirtin’ w/Disaster, FatmanSports *not* making Tier A moves,.

I wasn’t at the track — still recovering from GenCon — but I dug through the DIT3 scoresheets like they were classified docs in a storage unit. The results? Some teams are on cruise control. Others… well, they’re one bad Joey Gase pick away from getting totally *shucked*.

It’s Iowa week, so buckle up — things are about to… pop off.

\-------------------------------------------------------------------------------------------------------

Look, I’m still running on convention hall fumes after GenCon. My step count for the weekend was north of 40,000, I’m still finding dice in my pockets, and I may or may not have spent half of Saturday explaining the Thunder Rolls expansion to a guy who thought it was a sea shanty card game. I’ve got about 36 hours to unpack, wash the good polo, and hit the road for Watkins Glen — but before I even think about climbing into that press box, I sat down with a strong coffee and the latest DIT3 scoresheets. If I wasn’t at the track, I was at least in the numbers.

\-------------------------------------------------------------------------------------------------------

# Bumper2Bumper

# B2B is the head-to-head cousin of the Debris in Turn 3 Championship — same scoring DNA, but you’re lining up against another owner each week and hoping their roster blows a tire. We’ve got 50 teams split into Wallace, Gordon, Burton, and Elliott Divisions, and almost all of them make their starts every week. In fantasy terms, that’s like a unicorn sighting.

# This is only the second season, but last year already gave us lore: Mythos took on FatmanSports in the inaugural B2B Bowl. Season two’s playoff race is starting to crystallize, but the playoff structure’s still in flux because the Competition Committee is, and I quote, “deliberating” — which in DIT3 means they’re running twelve spreadsheets, four simulations, and possibly feeding old Fantrax data into a refurbished slot machine to see what comes out. 

# As it stands, 36 teams make the dance: top five from each division (20 total), plus 16 wildcards. But there’s a push to cut that wildcard number to 8. Mythos floated the “8” idea, while other CC members are reportedly running playoff simulations from last year’s points data, but High Wide & Handsome just kind of hangs out at the coffee maker in the DIT3HQ break room showing us drum patterns and reminding us all again that Lars Ulrich of Metallica isn’t actually a good drummer. If you can’t topple them, you want to finish P2–P5 in your division to lock your spot. Oh, and the H2H tiebreaker? Needs to be total points. Pressed Mythos on it — he dodged like a guy avoiding eye contact at a merch table.

\-------------------------------------------------------------------------------------------------------

# Mano a Mano

# Another H2H format, but with just 14 of DIT3’s All-Stars in the cockpit. It’s one of those leagues that could grow some big off-season legs — full-season driver drafts, playoff tweaks and maybe a relegation system to bump folks up or down. Which I’m told is not like being sent to a farm upstate, but still sounds ominous.

#  Expansion’s in the air, and it’s got the smell of Torqwell rubber. But for now, congrats to KARMEL BUS STOP on taking sole possession of first place with the 129-127 victory over arf arf thanks to Bubba Wallace’s late charge and the 34 points that came with it. OuttaGas got a much needed victory over FKCIP 95-90 to try in the battle to get into a playoff position. 

# Which from what I hear will be the same as last year. 10 of the 14 will go and the top 2 teams in the standings get a first round bye. 

\-------------------------------------------------------------------------------------------------------

# DIT3 Invitational

# FatmanSports just bagged their third win of the season — on a Tier A roster-watch win, no less. Briscoe and Byron locked down P1 and P2 for Fats, and with BradK, Hocevar, and A. Dillon also in the Top 10, it was a statement from Louisiana with a nod of approval from TheMayor_99 and WarAndPreece who are on the playoff cutline and see them stay on the postseason side of it. For now. 

# On the flip side, Mythos rolled the Blaney/Bell A-tier dice and came up short. B/C picks were fine (BradK, Hocevar), but Gilliland’s finish outside the Top 30 was the anchor that sank the ship. Standings are up to date — but someone still needs to post the actual results. Players are waiting, HQ.

\-------------------------------------------------------------------------------------------------------

# The Winston Cup Game

# Another midfield run for Mythos in standings that are… elusive. We were promised an update last week. Instead, we got crickets and maybe an AI-generated reminder that “summer isn’t over yet.” Just remember — the first tiebreaker here is the FP of the driver whose score gets cut. That’s a custom DIT3 twist. As for where we’re at in standings, based on the last Mexico City update, we can guess… but that’s like guessing a fuel run without a lap counter.  

Dreamville and Mojo crossed the line w/530 Fantasy points. The same power trio of Byron, Briscoe and BradK got them top points on the day. Both carried Justin Haley so we need Mythos to get the standings together and break the tie. DIT3HQ… do you copy? 

\-------------------------------------------------------------------------------------------------------

# Flirtin’ w/Disaster – DramaDangerDedication

# If we swapped these game names, I’m not sure anyone would notice. Both formats limit your picks and make you sweat over your third starter.

* Flirtin’: Mythos nabs a rare W — Hocevar’s P8 broke a four-way tie. The MM Wave-Arounder team is in last, so no finger-pointing at coh-host, HandsomeDan for finishing at the bottom after Iowa with JHN, Todd Gilliland, and Justin Haley (who at least cracked the Top 15). Roadkill leads Jojolandis by 74 after Iowa.  
* DDD: If you didn’t pick Joey Gase, you were playing the wrong game. Everyone else did. The deciding factor? MN MotorHeads squeaked past OuttaGas and Mythos by a single position when Ty Dillon beat Zane Smith for P35. BristolBill leads Trans Am Racing by only 9 and with arf arf 20 pts off the leader’s pace.   

\-------------------------------------------------------------------------------------------------------

# Name It

# Still nameless. Still running. If you win it do you get naming rights? Mythos swears it’s a testbed for a no-salary-cap format in case Fantrax drops NASCAR like Fox and Yahoo did. Don’t bring up Fantasy Live — I’ve got my reasons. Mythos won the race. pick 4, score 3. It seems to be the most popular format of his lately.

It has some heavy hitters on the roster but I don’t know how that’s true if Mythos is getting another Win like he just did at Iowa. Two W’s in that league in the last few weeks. I see him posting congratulatory victory posts to himself. We’ll keep covering if you keep playing. 

Speaking of coverage, here’s some extra deep 3-Verse action with Trucks\_Xfinity.

\-------------------------------------------------------------------------------------------------------

# Trucks_Xfinity Fantasy Game

# We haven’t seen a full update since Stage 2 ended. a month ago! but weekly pick sheets are still going up. Something’s brewing at least. Hopefully we’ll see something soon. 

# Débris dans le Virage 3

# F1’s still alive on the Google Form. Mythos shocked us all by updating before Belgium… but Hungary’s in the books and we’re now two weeks behind. Again… Lucky for him the 

# GridRival

# F1 game? Yes. IndyCar game? Yes. Am I in them? No. Do I have standings? Also no. Maybe Mythos will post a screenshot.

\-------------------------------------------------------------------------------------------------------

# 🌀 Rollins Roll-Up

# Still shaking the GenCon glitter out of my backpack and already packing for Watkins Glen. If you’re in the playoffs, double-check your math. If you’re on the bubble, triple-check your Mythos-proofing. And if your storage unit starts making noises — it’s probably because you let Mythos put something in there and now it’s moving.. Growing. And probably doing DIT3 scoring tabulations. 

# I’m Chet Rollins, reporting for Debris In Turn 3 on This Week in the 3-Verse and I’ll see ya’ll in Watkins Glen. I’ll be back with a “Chet the Deck” pre-race blog with where the Chetpoint will be at the Glen. ",2025-08-08
t3_1mnqjwn,"2025 LASTCAR Cup, Xfinity, and Truck Playoff Standings (after Watkins Glen)",https://www.reddit.com/r/nascar/comments/1mnqjwn/,/u/TIFUthebestSubreddit,2025-08-11 21:58:36+00:00,"Cup Series Playoff standings (Race 24/26)

1) AJ Allmendinger 3 Losses 496 (19 PP)

2) Riley Herbst 2 Losses 674 (13 PP)

3) Cody Ware 1 Loss 880 (5 PP)

4) Noah Gragson 1 Loss 627 (5 PP)

5) Carson Hocevar 1 Loss 548 (5 PP)

6) Ricky Stenhouse Jr 1 Loss 536 (6 PP)

7) Brad Keselowski 1 Loss 523 (5 PP)

8) Erik Jones 1 Loss 500 (8 PP)

9) Kyle Busch 1 Loss 433 (8 PP)

10) Alex Bowman 1 Loss 417 (6 PP)

11) Joey Logano 1 Loss 416 (7 PP)

12) Ryan Blaney 1 Loss 415 (7 PP)

13) Kyle Larson 1 Loss 394 (10 PP)

14) Ross Chastain 1 Loss 378 (7 PP)

15) Denny Hamlin 1 Loss 331 (7 PP)

16) William Byron 1 Loss 326 (7 PP)

_____________________________________________

17) Cole Custer 673

18) Ty Dillon 614 (1 PP)

19) Shane van Gisbergen 613 (1 PP)

20) Todd Gilliland 537

21) Josh Berry 525

22) Daniel Suarez 521

23) Zane Smith 520

24) Justin Haley 518

25) Michael McDowell 493 (1 PP)

26) Austin Dillon 489

27) John Hunter Nemechek 487

28) Ty Gibbs 447

29) Austin Cindric 445

30) Bubba Wallace 401

_____________________________________________

Other Losers outside top 30 that most likely won't make multiple starts in the playoffs 

33) JJ Yeley 1 Loss 330 (7 PP)

38) Josh Bilicki 1 Loss 216 (6 PP)

44) Connor Zilisch 1 Loss 82 (5 PP)

45) Jimmie Johnson 1 Loss 80 (7 PP)

46) Joey Gase 1 Loss 61 (7 PP)

**___________________________**

Xfinity Playoff standings (Race 23/26)

1) Daniel Dye 2 Losses 450 (14 PP)

2) Christian Eckes 2 Losses 426 (13 PP)

3) Garrett Smithley 1 Loss 568 (7 PP)

4) Anthony Alfredo 1 Loss 556 (6 PP)

5) Parker Retzlaff 1 Loss 548 (7 PP)

6) William Sawalich 1 Loss 518 (7 PP)

7) Dean Thompson 1 Loss 391 (8 PP)

8) Ryan Sieg 1 Loss 388 (7 PP)

9) Taylor Gray 1 Loss 336 (5 PP)

10) Sammy Smith 1 Loss 317 (7 PP)

11) Jesse Love 1 Loss 243 (7 PP)

12) Ryan Ellis 603

_____________________________________________

13) Kyle Sieg 584

14) Blaine Perkins 563

15) Kris Wright 1 Loss 538 (7 PP)

16) Matt DiBenedetto 505

17) Josh Bilicki 453 (1 PP)

18) Jeremy Clements 449

19) Brennan Poole 429

20) Josh Williams 1 Loss 426 (7 PP)

21) Nick Sanchez 404

22) Sheldon Creed 379

23) Greg Van Alst 351

24) Jeb Burton 349

25) Brandon Jones 344

26) Mason Maggio 1 Loss 306 (7 PP)

27) Mason Massey 300

28) Leland Honeyman 296

29) Thomas Annunziata 295

30) Justin Allgaier 291

_____________________________________________

Other Losers that most likely won't make multiple starts in the playoffs 

37) Dawson Cram 1 Loss 217 (7 PP)

40) Justin Bonsignore 2 Losses 191 (14 PP)

48) Logan Bearden 1 Loss 122 (7 PP)

56) Christopher Bell 1 Loss 70 (5 PP)

58) Carson Hocevar 1 Loss 64 (7 PP)

63) Ross Chastain 1 Loss 52 (5 PP)

**___________________________**

Truck series Playoff Standings (race 17/18)

**1) Frankie Muniz 1 Loss 610 (7 PP)**

**2) Kaden Honeycutt 1 Loss 331 (7 PP)**

**3) Layne Riggs 1 Loss 248 (7 PP)**

**4) Chandler Smith 1 Loss 223 (5 PP)**

**5) Toni Briedinger 612 (2 PP)**

**6) Spencer Boyd 565**

7) Jack Wood 413

8) Dawson Sutton 394

9) Connor Mosack 390

10) Matt Mills 384

_____________________________________________

11) Matt Crafton 369

12) Andres Perez de Lara 367

13) Rajah Caruth 337

14) Nathan Byrd 430

15) Norm Benning 3 Losses 407 (22 PP)

16) Stewart Friesen 1 Loss 329 (7 PP)

17) Tanner Gray 327

18) Ben Rhodes 319

19) Cody Dennison 299

20) Gio Ruggerio 289

21) Ty Majeski 264

22) Jake Garcia 256

23) Stephen Mallozzi 3 Losses 235 (21 PP)

24) Grant Enfinger 232

25) Luke Fenhaus 225

26) Tyler Ankrum 222

27) Justin Carroll 218 (1 PP)

28) Daniel Hemric 178

29) Josh Reaume 173

30) Corey Heim 162

_____________________________________________

Other Losers that most likely won't make multiple starts in the playoffs 

33) Parker Kligerman 1 Loss 148 (7 PP)

38) Keith McGee 1 Loss 104 (6 PP)

40) Ryan Roulette 1 Loss 103 (5 PP)

41) Kyle Busch 1 Loss 102 (5 PP)

53) Bryan Dauzat 1 Loss 60 (7 PP)

54) Alex Labbe 1 Loss 59 (6 PP)",2025-08-11
t3_1mp4j3o,FRM has a driver problem and is wasting their Penske alliance,https://www.reddit.com/r/nascar/comments/1mp4j3o/,/u/dcarp1231,2025-08-13 13:30:49+00:00,"- Zane Smith: 27th in Points / 20th Avg finish
- Todd Gilliland: 31st in Points / 22nd Avg Finish
- Noah Gragson: 33rd in Points / 25th Avg Finish

Between the lawsuit and the poor on-track performance, there’s no reason to keep giving excuses. FRM needs to start over. Clean slate or just cease operations/merge with another team. 23XI is the only one of these two teams I see realistically surviving the lawsuit. At least that team is proven to contend for wins and is successful. FRM has been around for 20 years and can barely scrounge up Top 20 finishes.",2025-08-13
t3_1mtyt8r,2025 LASTCAR Cup Playoff standings & Truck Playoff Grid (After Richmond),https://www.reddit.com/r/nascar/comments/1mtyt8r/,/u/TIFUthebestSubreddit,2025-08-18 21:15:51+00:00,"Cup Series Playoff standings (Race 25/26)

1) AJ Allmendinger 3 Losses 517 (19 PP)

2) Riley Herbst 2 Losses 707 (12 PP)

3) Cody Ware 1 Loss 927 (6 PP)

4) Noah Gragson 1 Loss 654 (5 PP)

5) Ricky Stenhouse Jr 1 Loss 567 (6 PP)

6) Carson Hocevar 1 Loss 561 (5 PP)

7) Brad Keselowski 1 Loss 530 (5 PP)

8) Erik Jones 1 Loss 524 (8 PP)

9) Kyle Busch 1 Loss 450 (8 PP)

10) Joey Logano 1 Loss 418 (7 PP)

11) Alex Bowman 1 Loss 418 (6 PP)

12) Ryan Blaney 1 Loss 416 (7 PP)

13) Kyle Larson 1 Loss 398 (10 PP)

14) Ross Chastain 1 Loss 395 (7 PP)

15) Denny Hamlin 1 Loss 339 (7 PP)

16) William Byron 1 Loss 336 (7 PP)

_____________________________________________

17) Cole Custer 695

18) Ty Dillon 640 (1 PP)

19) Shane van Gisbergen 625 (2 PP)

20) Justin Haley 569

21) Todd Gilliland 562

22) Josh Berry 531

23) Zane Smith 529

24) Daniel Suarez 526

25) John Hunter Nemechek 525

26) Michael McDowell 508 (1 PP)

27) Austin Dillon 490

28) Ty Gibbs 472

29) Austin Cindric 448

30) Bubba Wallace 427

31) Chase Elliott 1 Loss 272 (5 PP) (since it's impossible for Chase Elliott to pass William byron to be the 16th loser, he's eliminated from making the lastcar playoffs

_____________________________________________

Other Losers outside top 30 that most likely won't make multiple starts in the playoffs 

36) JJ Yeley 1 Loss 330 (7 PP)

38) Josh Bilicki 1 Loss 216 (6 PP)

45) Connor Zilisch 1 Loss 82 (5 PP)

46) Jimmie Johnson 1 Loss 80 (7 PP)

47) Joey Gase 1 Loss 61 (7 PP)

**___________________________**

Truck series Playoff Grid (race 18/18)

1) Frankie Muniz 1 Loss 2022 (22 PP) (Regular Season champion)

2) Toni Briedinger 2012 (12 PP)

6) Spencer Boyd 2009 (9 PP)

4) Kaden Honeycutt 1 Loss 2007 (7 PP)

5) Layne Riggs 1 Loss 2007 (7 PP)

6) Dawson Sutton 2007 (7 PP)

7) Chandler Smith 1 Loss 2005 (5 PP)

8) Jack Wood 2005 (5 PP)

_____________________________________________

9) Connor Mosack 2004 (4 PP)

10) Matt Mills 2002 (2 PP)",2025-08-18
t3_1n03ehn,"[Adam Stern] 23XI and Front Row Motorsports said if the charters they had earlier this year are sold, they would shut down 'following the 2025 Cup Series season according to Fox News",https://www.reddit.com/r/nascar/comments/1n03ehn/,/u/Gragson18GOAT,2025-08-25 21:33:34+00:00,[removed],2025-08-25
t3_1n1jp1x,Predictions for Kaulig trucks numbers/driver lineup,https://www.reddit.com/r/nascar/comments/1n1jp1x/,/u/ScientistPowerful192,2025-08-27 15:10:36+00:00,"I think they should run the 00,8,10,16,31. I also think since Ram will be sponsoring majority of the races they should do something that FedEx did. And run a different main color on each truck. So each respective truck will have their own way of telling them apart. They could use like green,blue,red,yellow and white.

Now the driver lineup is where it’s going to get interesting. I’m not so sure of who they’re going to get. I know they definitely need a veteran driver for the team. Could go after Hemric maybe. I do think it’s pretty much confirmed that the Spire 7 car in cup next year will either be driven by Haley still or it will go to Daniel Saurez. I think whoever doesn’t get it will be in one of the trucks. Could we possibly see a Corey LaJoie or Parker Kligerman come back to full time racing. I don’t think Dye or Eckes will step down after only racing in Xfinity for a year. With the recent news about Front Row Motorsports may be needing to shut down could we see Riggs or Smith in a Ram? I do like the idea of an all star truck but I’m not sure how that would work for full time drivers that already have manufacture contracts like AJ or other cup drivers. 

So I think we’ll see a lineup of either Haley or Saurez, Corey Lajoie, a full time truck driver already(Hemric,Smith,Riggs), and either a all star truck and a truck for Arca drivers or the last two will be for Arca drivers. ",2025-08-27
t3_1n6mbw4,[FRM] Todd Gilliland’s Morton Buildings scheme for Gateway,https://www.reddit.com/r/nascar/comments/1n6mbw4/,/u/SoupMadeFreshDaily,2025-09-02 15:18:21+00:00,,2025-09-02
t3_1n6mcsw,[FRM] Todd Gilliland’s Morton Buildings scheme for Gateway,https://www.reddit.com/r/nascar/comments/1n6mcsw/,/u/SoupMadeFreshDaily,2025-09-02 15:19:19+00:00,https://www.instagram.com/p/DOGlTXzDSA1/?igsh=MW15OXRsNWltOTRlOA==,2025-09-02
t3_1ncol9p,2025 NASCAR Cup Series NOT Playoff Standings After Gateway [RO16 Race 2/3],https://www.reddit.com/r/nascar/comments/1ncol9p/,/u/FridgusDomin8or,2025-09-09 17:04:53+00:00,"John H. Nemechek 2072 \[+53\]

Chris Buescher 2067 \[+48\]

Erik Jones 2061 \[+42\]

Ryan Preece 2059 \[+40\]

AJ Allmendinger 2058 \[+39\]

Brad Keselowski 2058 \[+39\]

Carson Hocevar 2052 \[+33\]

Kyle Busch 2051 \[+32\]

Ty Gibbs 2050 \[+31\]

Michael McDowell 2032 \[+13\]

Zane Smith 2030 \[+11\]

Ricky Stenhouse Jr. 2024 \[+5\]

\---- ROUND OF 12 CUTOFF -----

Justin Haley 2019 \[-5\]

Todd Gilliland 2016 \[-8\]

Daniel Suarez 2014 \[-10\]

Ty Dillon 2006 \[-18\]



In case you are unfamiliar with what the Not Playoffs are, it is essentially a ""best of the rest"" of the Cup Series field -- 17th through 32nd in points -- seeded into a Playoff bracket the same way the actual Playoffs are set. You can check out more in my original thread[ here!](https://www.reddit.com/r/NASCAR/comments/1n0pof4/introducing_the_2025_nascar_cup_series_not/)",2025-09-09
t3_1ngupj4,2025 NASCAR Cup Series NOT Playoff Standings After Bristol [RO16 Race 3/3],https://www.reddit.com/r/nascar/comments/1ngupj4/,/u/FridgusDomin8or,2025-09-14 15:48:37+00:00,"Brad Keselowski 2103 \[+63\]

Chris Buescher 2102 \[+62\]

John H. Nemechek 2097 \[+57\]

Ty Gibbs 2096 \[+56\]

Carson Hocevar 2088 \[+48\]

Erik Jones 2078 \[+38\]

Ryan Preece 2075 \[+35\]

Zane Smith 2072 \[+32\]

Kyle Busch 2072 \[+32\]

AJ Allmendinger 2064 \[+24\]

Michael McDowell 2052 \[+12\]

Justin Haley 2043 \[+3\]

\---- ROUND OF 12 CUTOFF ----

Ricky Stenhouse Jr. 2040 \[-3\]

Todd Gilliland 2029 \[-14\]

Ty Dillon 2016 \[-27\]

Daniel Suarez 2015 \[-28\]



UPDATED NOT PLAYOFF STANDINGS HEADING INTO THE ROUND OF 12:  
  
Chris Buescher 3012 \[+9\]

Ryan Preece 3012 \[+9\]

Ty Gibbs 3010 \[+7\]

Kyle Busch 3008 \[+5\]

Brad Keselowski 3008 \[+5\]

AJ Allmendinger 3007 \[+4\]

Michael McDowell 3006 \[+3\]

Erik Jones 3004 \[+1\]

\---- ROUND OF 8 CUTOFF ----

Carson Hocevar 3003 \[-1\]

John Hunter Nemechek 3002 \[-2\]

Justin Haley 3000 \[-4\]

Zane Smith 3000 \[-4\]

",2025-09-14
t3_1noxid1,2025 NASCAR NOT Playoff Standings after New Hampshire [RO12 Race 1/3],https://www.reddit.com/r/nascar/comments/1noxid1/,/u/FridgusDomin8or,2025-09-23 23:59:36+00:00,"Carson Hocevar 3042 \[+30\]

Michael McDowell 3036 \[+24\]

Ryan Preece 3035 \[+23\]

Chris Buescher 3031 \[+19\]

AJ Allmendinger 3024 \[+12\]

Brad Keselowski 3022 \[+10\]

Kyle Busch 3015 \[+3\]

Erik Jones 3013 \[+1\]

**---- ROUND OF 8 CUTOFF ----**

Ty Gibbs 3012 \[-1\]

Zane Smith 3010 \[-3\]

John Hunter Nemechek 3005 \[-8\]

Justin Haley 3004 \[-9\]

**ALREADY ELIMINATED:**

13. Ricky Stenhouse Jr. 2052

14. Todd Gilliland 2047

15. Ty Dillon 2024

16. Daniel Suarez 2016",2025-09-23
t3_1nt43pd,2025 NASCAR Cup Series NOT Playoff Standings After Kansas [RO12 Race 2/3],https://www.reddit.com/r/nascar/comments/1nt43pd/,/u/FridgusDomin8or,2025-09-29 00:24:25+00:00,"Michael McDowell 3059 \[+35\]

Chris Buescher 3056 \[+32\]

Carson Hocevar 3051 \[+27\]

Brad Keselowski 3051 \[+27\]

Ryan Preece 3046 \[+22\]

Erik Jones 3034 \[+10\]

Kyle Busch 3033 \[+9\]

AJ Allmendinger 3025 \[+1\]

**---- ROUND OF 8 CUTOFF ----**

Ty Gibbs 3024 \[-1\]

Justin Haley 3023 \[-2\]

Zane Smith 3018 \[-7\]

John Hunter Nemechek 3009 \[-16\]



**ALREADY ELIMINATED:**

13. Todd Gilliland 2072

14. Ricky Stenhouse Jr. 2054

15. Ty Dillon 2048

16. Daniel Suarez 2036",2025-09-29
t3_1nx5u21,my prediction for the 23xi/frm lawsuit,https://www.reddit.com/r/nascar/comments/1nx5u21/,/u/Even-Persimmon-5299,2025-10-03 17:40:25+00:00,"The courtroom was packed. Lawyers in suits, reporters scribbling down notes, and fans of all three parties waiting for the verdict in the lawsuit of the century: 23XI Racing and Front Row Motorsports vs. NASCAR. Both sides were at a stalemate, and after months of deliberation, one of NASCAR’s lawyers finally stood up. 

“Your honor, why don't we settle this… the Fortnite way?”

The room gasped.

“You can't be serious,” Michael Jordan exclaimed. But it was too late.

Moments later, the lawyers wheeled in a bank of Xboxes and PCs. Headsets, battle passes, and Mountain Dew were distributed like legal briefs. The judge, clearly entertained, declared:
“Fine. Winner of the Fortnite match gets the case. The court will reconvene in the Battle Bus.”

And that was it. Both teams were given five minutes to select who would represent their ranks. 23XI and FRM chose Denny Hamlin, Bubba Wallace, Noah Gragson, and Todd Gilliland to make up their four-man squad, while NASCAR gave the reins to Steve Phelps and their team of lawyers.

Soon, everyone was ready. The Battle Bus launched, and everyone dove in.

Denny Hamlin, ever the experienced veteran, tried to play it safe: “Let’s land at Slappy Shores. Not too hot, not too cold.”

But Bubba yelled: “Tilted! We’re dropping Tilted Towers, boys!”

The squad followed him in, immediately greeted by chaos. Steve Phelps already had a gold shotgun and was going for the Megazord. Meanwhile, NASCAR’s lawyers camped in a bush, trying to figure out how to switch weapons.

Early on, 23XI/FRM gained the upper hand. Bubba was cranking 90s like he was born with a controller in hand. Gilliland sniped one of the lawyers from across the map. Gragson managed to get an elimination himself before getting vaporized by Phelps’ Megazord, causing him to throw his controller across the courtroom before throwing up on his rig. 

Michael Jordan, competitive as ever, was calling strats like he was courtside in the NBA: “Rotate left! Bubba, push high ground! Denny, cover fire!”

It was working—until the final circle.

Steve Phelps was the last one alive for his squad. After his Megazord was downed, he boxed up on top of a hill with a rocket launcher. Bubba and Denny pushed hard. Gragson and Gilliland were already knocked, leaving it to the 23XI duo.

Bubba: “We got this, Denny! He’s one shot!”

Hamlin: “Alright, team. Stand back. My actions are about to get detrimental.” 

He launched forward with a rift-to-go, shotgunned the president’s wall, and lined up the kill shot. But in his frenzy, he aimed just a little too low—BOOM!

Bubba Wallace exploded instantly, eliminated by his own teammate.

On the kill feed: dennytime blew up bubs23 (accident).

The courtroom howled. Even the judge spit out his coffee.

Bubba’s mic crackled like a walkie talkie being thrown down a flight of stairs. “DENNY. BRO. WHAT THE HELL?!”

Hamlin, stoic: “I won't apologize.”

With Bubba gone, the President of NASCAR popped out of his box, fired the rocket, and blasted Hamlin off the hill for the final elimination.

“Victory Royale – NASCAR.”

The courtroom erupted as NASCAR’s squad cheered. The lawyers, who didn’t even know how they won, fist-bumped awkwardly.

Bubba yanked off his headset:
“Man…I would think Denny would have wanted us to win this.” 

Hamlin sighed, staring at the ground. “Maybe the real lawsuit was the friends we made along the way.” 

With that, the case was settled. 23XI and FRM never regained their charters and shut down. NASCAR now had free reign to be a monopoly. Bubba Wallace would go on to race for Legacy Motor Club, only for them to be acquired by NASCAR itself and shut down out of pure pettiness. The case would go down in history as one of the moments of all time. The end. 
",2025-10-03
t3_1nz2ls6,2025 NASCAR Cup Series NOT Playoffs After Charlotte Roval [RO12 FINALE],https://www.reddit.com/r/nascar/comments/1nz2ls6/,/u/FridgusDomin8or,2025-10-05 22:49:46+00:00,"Michael McDowell 3096 \[+61\]

Chris Buescher 3089 \[+54\]

Ryan Preece 3077 \[+42\] 

Carson Hocevar 3058 \[+23\]

Ty Gibbs 3057 \[+22\]

AJ Allmendinger 3054 \[+19\]

Brad Keselowski 3052 \[+17\]

Erik Jones 3039 \[+4\]

**----ROUND OF 8 CUTOFF----**

Kyle Busch 3035 \[-4\]

Justin Haley 3034 \[-5\]

Zane Smith 3031 \[-8\]

John Hunter Nemechek 3021 \[-18\]

**ALREADY ELIMINATED:**

Todd Gilliland 2092

Ricky Stenhouse Jr. 2072

Daniel Suarez 2068

Ty Dillon 2059

  
**SEEDED ROUND OF 8 POINTS:**

Chris Buescher 4012 \[+5\]

Ryan Preece 4012 \[+5\] 

Ty Gibbs 4010 \[+3\]

Brad Keselowski 4008 \[+1\]

**----NOT CHAMPIONSHIP 4 CUTOFF----**

AJ Allmendinger 4007 \[-1\]

Michael McDowell 4006 \[-2\]

Erik Jones 4004 \[-4\]

Carson Hocevar 4003 \[-5\]

ALREADY ELIMINATED:

9. John H. Nemechek 2116

10. Zane Smith 2103

11. Kyle Busch 2099

12. Todd Gilliland 2092

13. Ricky Stenhouse Jr. 2072

14. Daniel Suarez 2068

15. Justin Haley 2066

16. Ty Dillon 2059",2025-10-05
t3_1nzwhbx,Long John Silver’s Rebrands with Chicken Front and Center,https://www.reddit.com/r/nascar/comments/1nzwhbx/,/u/thebigtymer,2025-10-06 21:45:50+00:00,"On-topic because it mentions FRM will soon be running a livery with the new logo. But this rebrand is dumb as a whole:

>Long John Silver’s is putting chicken on center stage.

>The seafood chain is swapping its classic fish logo for a chicken, along with a “Chicken + Seafood” tagline right below it. The redesign was rolled out across digital platforms and will be unveiled on the Long John Silver’s Front Row Motorsports car during an upcoming NASCAR Cup Series race. In the next few months, Long John Silver’s will launch the branding across other properties and materials.",2025-10-06
t3_1nzzbg5,Nascar Full Season Points,https://www.reddit.com/r/nascar/comments/1nzzbg5/,/u/AlphaEvolu,2025-10-06 23:45:26+00:00,"Hi everyone, with all the talk of going back to the full season points I decided I wanted to see what the updated standings would be if the playoff points didn't come into effect, and the points that they had leaving Daytona would just be added onto like normal through the roval yesterday.

I tried looking around for anyone else keeping track of this week to week, and didn't see anyone, however if this is already an ongoing weekly post, my apologies.

The number before each driver's name is where each driver finished the regular season. The points are up to date from the roval.

||
||
|Current Standing|Driver|Points as they run|Diff off Leader|
|1|1 - William Byron|1052||
|2|2 - Ryan Blaney|1025|27|
|3|3 - Kyle Larson|1017|35|
|4|5 - Christopher Bell|1006|46|
|5|4 - Chase Elliott|988|64|
|6|6 - Denny Hamlin|974|78|
|7|8 - Chase Briscoe|952|100|
|8|7 - Tyler Reddick|911|141|
|9|12 - Joey Logano|824|228|
|10|10 - Chris Buescher|822|230|
|11|11 - Bubba Wallace|808|244|
|12|13 - Ross Chastain|795|257|
|13|9 - Alex Bowman|794|258|
|14|14 - Ryan Preece|748|304|
|15|16 - Ty Gibbs|678|374|
|16|19 - Brad Keselowski|655|397|
|17|20 - Michael McDowell|647|405|
|18|17 - Kyle Busch|633|419|
|19|23 - Carson Hocevar|633|419|
|20|15 - Austin Cindric|630|422|
|21|18 - A.J. Allmendinger|625|427|
|22|22 - Erik Jones|615|437|
|23|25 - Shane van Gisbergen|605|447|
|24|24 - John Hunter Nemechek|601|451|
|25|26 - Austin Dillon|579|473|
|26|21 - Josh Berry|576|476|
|27|28 - Zane Smith|550|502|
|28|27 - Daniel Suarez|536|516|
|29|31 - Todd Gilliland|510|542|
|30|29 - Ricky Stenhouse Jr|508|544|
|31|30 - Justin Haley|507|545|
|32|32 - Ty Dillon|446|606|
|33|33 - Cole Custer|413|639|
|34|34 - Noah Gragson|398|654|
|35|35 - Riley Herbst|365|687|
|36|36 - Cody Ware|212|840|

  
",2025-10-06
t3_1o5lbgd,2025 NASCAR Cup Series NOT Playoff Standings After Las Vegas [RO8 Race 1/3],https://www.reddit.com/r/nascar/comments/1o5lbgd/,/u/FridgusDomin8or,2025-10-13 14:31:33+00:00,"Ryan Preece 4040 \[+14\]

Chris Buescher 4038 \[+12\]

Brad Keselowski 4035 \[+9\]

Michael McDowell 4027 \[+1\]

**----NOT CHAMPIONSHIP 4 CUTOFF----**

Erik Jones 4026 \[-1\]

AJ Allmendinger 4025 \[-2\]

Ty Gibbs 4019 \[-8\]

Carson Hocevar 4009 \[-18\]

**ALREADY ELIMINATED:**  
Kyle Busch 2128

John H. Nemechek 2124

Zane Smith 2116

Todd Gilliland 2108

Ricky Stenhouse Jr. 2095

Daniel Suarez 2085

Justin Haley 2076

Ty Dillon 2060",2025-10-13
t3_1o6loan,South Point 400 replay (time stamp 21m34s) when Todd Gilliland cuts across the width of the track to pit nearly causing a wreck with leader William Byron,https://www.reddit.com/r/nascar/comments/1o6loan/,/u/Turbulent-Pay-735,2025-10-14 17:20:04+00:00,Surprised this hasn’t been talked about more considering what happened later in the race and the fact that this incident was shown prominently on the tv broadcast. ,2025-10-14
t3_1oaey7f,[Front Row Motorsports] Found our first ‘Beneboner’ of the night,https://www.reddit.com/r/nascar/comments/1oaey7f/,/u/BucketOCheerios,2025-10-19 03:01:41+00:00,,2025-10-19
t3_1oe64u0,[@jeff_gluck] Front Row Motorsports has announced a “multi-year” contract extension for Zane Smith to drive the No. 38 car. Team also confirms crew chief Ryan Bergenty will continue to be paired with Smith next season.,https://www.reddit.com/r/nascar/comments/1oe64u0/,/u/NoahGragsonsBarfBag,2025-10-23 15:21:11+00:00,,2025-10-23
t3_1oe67d6,"[Srigley] Front Row Motorsports confirms that both Noah Gragson and Todd Gilliland will be returning to the organization, as well as Zane Smith. #NASCAR",https://www.reddit.com/r/nascar/comments/1oe67d6/,/u/ChaseTheFalcon,2025-10-23 15:23:53+00:00,,2025-10-23
t3_1og156i,[Hopkins] Todd Gilliland got locked in the porta-john,https://www.reddit.com/r/nascar/comments/1og156i/,/u/catsgr8rthanspoonies,2025-10-25 20:01:40+00:00,,2025-10-25
t3_1og5r11,Noah Gragson zip-tied the porta potty shut while Todd Gilliland was in it,https://www.reddit.com/r/nascar/comments/1og5r11/,/u/Buschfan08,2025-10-25 23:25:17+00:00,,2025-10-25
t3_1ojbykf,Layne Riggs is returning to Front Row Motorsports next season,https://www.reddit.com/r/nascar/comments/1ojbykf/,/u/Equivalent_Dish_1990,2025-10-29 18:09:10+00:00,,2025-10-29
t3_1ojhr5t,Discussion Thread: Creator Series Race 1,https://www.reddit.com/r/nascar/comments/1ojhr5t/,/u/my_son_is_a_box,2025-10-29 21:50:40+00:00,"[https://www.twitch.tv/nascar](https://www.twitch.tv/nascar)

  
Todd Gilliland, Mamba Smith, and Carson Hocevar on commentary.",2025-10-29
t3_1olxy6f,The Best of the Rest: a look at the Non-Championship 4,https://www.reddit.com/r/nascar/comments/1olxy6f/,/u/Juventus7shop,2025-11-01 20:20:40+00:00,"For the last 9 weeks, all eyes have been on the 16 playoff drivers as the field has gradually been winnowed to our 4 championship contenders who will vie for the title at Phoenix. 

However, receiving considerably less coverage has been the only-slightly-less-prestigious non-playoffs playoffs, where the top 16 drivers who did not qualify for the real playoffs have been conducting a parallel battle for the coveted title of Best of the Rest. 

Here’s a quick rundown of what you’ve missed if you’ve been too focused on the drivers at the top of the field so you can get up to speed on the other 4-way battle this Sunday!

Round of 16:
To set our field of 16, we took the 16 highest finishers in regular season points who didn’t qualify for the regular playoffs and awarded bonus playoff points to the top seeds. In this case, as our regular season “champion,” Chris Buescher received 15 bonus playoff points that would give him an edge throughout the playoffs. At the end of the first 3 races, we said farewell to Ty Dillion, Todd Gilliland, and Daniel Suárez, while Justin Haley did just enough at Bristol to leapfrog Ricky Stenhouse, Jr., and eliminate the 47 by a mere 3 points. 

Round of 12:
After a very strong first 3 races, it all came apart for John Hunter Nemechek in the Round of 12, and he was joined below the cutoff line by Haley and Zane Smith, neither of whom could find speed to hang with the main contenders. In the battle for the final transfer spot, A.J. Allmendinger and Ty Gibbs put together huge races at the Roval to survive and advance, while Erik Jones mustered just enough points to eliminate 2-time actual champion Kyle Busch. Meanwhile, it was Michael McDowell who announced his intentions to challenge Buescher by ending the round atop the standings. 

Round of 8:
At Las Vegas, decent days for everyone except Ty Gibbs and Carson Hocevar seemed to spell the end of both the 54 and 77’s chances. However, each responded with 40+ point efforts at Talladega, while untimely accidents for Buescher, Allmendinger, and Jones meant some of the top contenders were on the ropes heading into Martinsville. Ultimately, none of them would be able to dig out of the hole, and a disastrous day for Hocevar erased the ground he had gained at Dega, meaning our non-Championship 4 would officially be…

-Ty Gibbs (1 top 5, 3 top 10s in the playoffs; though somewhat streaky, he’s the only non-playoffs driver to win a stage or race since the playoffs began and has shown the ability to put big races together)

-Ryan Preece (0 top 5s, 3 top 10s in the playoffs; while he hasn’t finished in the top 5 since Iowa, only 2 sub-20th finishes throughout the playoffs meant the 60 was never truly in danger of being eliminated)

-Brad Keselowski (1 top 5, 4 top 10s in the playoffs; outside of a DNF at the Roval he’s been arguably the best non-playoffs driver over the last 9 weeks, one of two RFK drivers to survive to the C4)

-Michael McDowell (1 top 5, 1 top 10 in the playoffs; though he hasn’t been spectacular outside of the Round of 12, he’s been clutch when it’s mattered, escaping the Round of 16 just two positions above the cutline and pipping Buescher by 5 points to make it to Phoenix)

Gibbs, Preece, Keselowski, and McDowell; who do you think will lift the non-playoffs trophy when the dust settles on Sunday?",2025-11-01
t3_1ow5szd,What if NASCAR had a draft (pt. 2),https://www.reddit.com/r/nascar/comments/1ow5szd/,/u/sportstrap,2025-11-13 16:36:35+00:00,"So this is sort of a continuation inspired by a previous post series from earlier this year, just taken a step further.

Imagine this is the scenario (it’s absolutely completely far fetched and purely for fun), NASCAR teams as part of a new charter agreement agree to a draft after every season and this is how it works. Every chartered driver who wins a race is locked in to their ride for the next season as long as they want it or are able (exceptions being retirement, injury, etc.), and every chartered team who fails to win becomes a vacant seat. Drivers are too be selected from a pool of qualified free agents, in order to qualify you must have A.) competed in at least one cup series race in 2025 or B.) have won an Xfinity Series or Truck Series race in 2025. 

Manufacturer contracts, team contracts etc are now null in void, these are the available free agents

- Tyler Reddick
- Alex Bowman
- Chris Buescher
- Ryan Preece
- Ty Gibbs
- Brad Keselowski
- Kyle Busch
- Michael McDowell
- Carson Hocevar
- Erik Jones
- John Hunter Nemechek
- AJ Allmendinger
- Todd Gilliland
- Zane Smith
- Daniel Suarez
- Ricky Stenhouse Jr
- Justin Haley
- Cole Custer
- Ty Dillon
- Noah Gragson
- Riley Herbst
- Cody Ware
- Katherine Legge
- Jimmie Johnson
- Derek Kraus
- Chad Finchum
- Burt Myers
- Martin Truex Jr
- Will Brown
- JJ Yeley
- Josh Bilicki
- **Austin Hill**
- BJ McLeod
- **Jesse Love**
- Casey Mears
- **Corey Heim**
- Corey LaJoie
- **Connor Zilisch**
- Anthony Alfredo
- Joey Gase
- **Justin Allgaier**
- Ryan Truex
- David Starr
- Brennan Poole
- Timmy Hill
- Helio Castroneves
- **Aric Almirola**
- **Brandon Jones**
- **Sammy Smith**
- **Nick Sanchez**
- **Sam Mayer**
- **Taylor Gray**
- **Daniel Hemric**
- **Chandler Smith**
- **Tyler Ankrum**
- **Rajah Caruth**
- **Stewart Friesen**
- **Layne Riggs**
- **Gio Ruggiero**

And Draft Order (not reverse order like a normal draft)
#45 23XI
#48 Hendrick
#17 RFK
#60 RFK
#54 Joe Gibbs
#6 RFK
#8 Richard Childress
#71 Spire
#77 Spire
#43 Legacy
#42 Legacy
#16 Kaulig
#34 Front Row
#38 Front Row
#88 Trackhouse
#47 HYAK
#7 Spire
#41 Haas
#10 Kaulig
#4 Front Row
#35 23XI
#51 Rick Ware

Who do you think lands where?





",2025-11-13
t3_1owzc6i,Jayski - “Grillo’s Pickles will return to FRM and sponsor Todd Gilliland & Noah Gragson For 2026”,https://www.reddit.com/r/nascar/comments/1owzc6i/,/u/Dmacthegoat,2025-11-14 15:21:30+00:00,,2025-11-14
t3_1p27ptk,[Front Row Motorsports] Noah Gragsons Millertech paint scheme for 2026,https://www.reddit.com/r/nascar/comments/1p27ptk/,/u/JediKnightDusty,2025-11-20 16:31:27+00:00,"  
Millertech also posted this video: [https://www.youtube.com/watch?v=DPIfoQLENN8](https://www.youtube.com/watch?v=DPIfoQLENN8)

  
Will be racing in Dover, Pocono, and New Hampshire in 2026

https://preview.redd.it/7vahc88evf2g1.jpg?width=1080&format=pjpg&auto=webp&s=ec6ad8ce1fe1df36b8158cad051e4565e5762763

",2025-11-20
t3_1p27vj4,"MillerTech is BACK4MORE with Front Row Motorsports in a new multi-year deal hitting Dover, Pocono, and New Hampshire in 2026",https://www.reddit.com/r/nascar/comments/1p27vj4/,/u/JediKnightDusty,2025-11-20 16:37:21+00:00,Millertech also posted this video: [https://www.youtube.com/watch?v=DPIfoQLENN8](https://www.youtube.com/watch?v=DPIfoQLENN8),2025-11-20
t3_1p2cdl7,"Front Row Motorsports Performance Director, Johnny Roten has passed away.",https://www.reddit.com/r/nascar/comments/1p2cdl7/,/u/CaptainRon16,2025-11-20 19:22:49+00:00,,2025-11-20
t3_1p3pmnu,Unsealed texts in the 23XI / FRM vs NASCAR lawsuit – fan breakdown,https://www.reddit.com/r/nascar/comments/1p3pmnu/,/u/LiquidxOkogie,2025-11-22 10:04:04+00:00,"New court documents in the 23XI Racing & Front Row Motorsports antitrust case just dropped, and the internal NASCAR messages are… not flattering.

A few highlights:  
• Phelps allegedly calling Richard Childress a “stupid redneck” who “owes his entire fortune to NASCAR”  
• Execs calling SRX a “trash series” and saying “we need legal to take a shot at this” and “need to put a knife in this trash series”  
• Language that lines up with what teams have been saying about being backed into a corner on charters

I wrote up the backstory, the key quotes, and what this looks like from a fan’s perspective:  
[https://tuffcalls.com/f/leaked-texts-show-how-far-nascar-has-drifted-from-its-fans](https://tuffcalls.com/f/leaked-texts-show-how-far-nascar-has-drifted-from-its-fans)

Curious what everyone thinks: does this change how you see NASCAR leadership, or is this just how big leagues talk behind the scenes?",2025-11-22
t3_1p5l9c9,"Front Row Motorsports on Instagram: ""The dynamic duo is back.

Excited to have @therealspeedycash & @titlemaxofficial return in 2026.""",https://www.reddit.com/r/nascar/comments/1p5l9c9/,/u/mwr55fan,2025-11-24 16:16:42+00:00,,2025-11-24
t3_1pao1s1,"NASCAR, two race teams ready for Monday’s beginning of antitrust trial",https://www.reddit.com/r/nascar/comments/1pao1s1/,/u/sebas920118ruiz,2025-11-30 17:31:26+00:00,"The lawsuit brought against NASCAR by two of its Cup Series race teams is set to begin Monday at the Federal Courthouse in Charlotte, North Carolina.

Barring an 11th-hour development, the lawsuit titled “23XI Racing and Front Row Motorsports v. NASCAR” will open with jury selection and likely proceed to opening statements on the first day of trial before Judge Kenneth D. Bell.

In October of 2024, 23XI (co-owned by Cup Series driver Denny Hamlin and former NBA superstar Michael Jordan) and Front Row (owned by Bob Jenkins) filed suit against NASCAR under Sections 1 and 2 of the Sherman Antitrust Act, accusing the sanctioning body of anticompetitive practices following a two-plus year negotiation with race teams for a new charter agreement that began in 2025.

Though the lawsuit cites NASCAR’s ownership of race tracks, the exclusivity of sanctioning agreements and the use of single-source parts in the current Gen-7 race car, the crux of the lawsuit involves the 2025 Cup Series charter agreement, which 23XI and Front Row declined to sign.

The remaining 13 chartered NASCAR Cup Series teams, however, are parties to the agreement, which runs concurrent with the seven-year television broadcast package that will expire at the end of the 2031 season but includes another seven-year extension guaranteed through 2038 as well as additional exclusive negotiating period after that.

The charter system, created at the request of team owners, was introduced in 2016. All told, 36 charters, which guaranteed starting positions in all 36 points-paying Cup races as well as higher payouts, were awarded to established teams at no cost.

“The France family started NASCAR in 1948 using their own resources, grit and ingenuity,” NASCAR Commissioner Steve Phelps said. “They have taken countless personal and financial risks, investing billions of dollars and untold hours into growing this sport to create opportunity for teams to race in front of fans for nearly eight decades. We are proud of what we built for fans together with the race teams, especially since the charters were introduced.”

Over the course of 10 years, the aggregate value of the charters has grown to $1.5 billion, with individual charters selling for as much as $45 million. When NASCAR signed a new media rights deal with FOX, NBC, Turner and Prime in 2023 for nearly $8 billion, all new money over the previous rights deal went to race teams under the 2025 charters in addition to $50 million in other funds contributed directly from NASCAR and tracks.

In a recent filing that included declarations from team owners who have signed the charter agreement, Hendrick Motorsports owner Rick Hendrick offered the following:

“Shortly after Hendrick Motorsports signed its four charters, I made remarks to members of the press that conveyed my perspective: I think we worked really hard for two years and it got down to, you’re not going to make everybody happy,” Hendrick said. “But in any negotiation, you’re not going to get everything you want, and so I felt it was a fair deal and we protected the charters, which was number one, we got the revenue increase, I feel a lot of things we didn’t like we got taken out, so I’m happy with where we were.

“The Charter agreement is critical to the stability of the NASCAR ecosystem—the teams, the businesses that support us and NASCAR itself. Undoing what we have collectively negotiated will not only result in immeasurable damage to our sport and our respective businesses, it will, most importantly, hurt the people and families that depend on us for their livelihoods.”

NASCAR issued the following statement citing the declarations from Hendrick and such fellow team owners as Roger Penske, Joe Gibbs, Richard Childress and Brad Keselowski:

“Today’s filing demonstrates that NASCAR’s charter system has the support of race teams throughout the garage, and that the 23XI Racing and Front Row Motorsports lawsuit is not in the best interests of the sport. This lawsuit is not about antitrust; it is merely an attempt to renegotiate an agreement that was signed and is being honored by all other race teams.

“Together with our race team partners, we remain committed to delivering the best of stock car racing to our fans every weekend.”

Hendrick and Penske both are on NASCAR’s witness list for the trial. Jordan is expected to testify for the plaintiffs.

The lawsuit comes to trial after several significant rulings already have been made. In December 2024, Bell granted a preliminary injunction that would have allowed 23XI and Front Row to race as chartered teams while the lawsuit was being contested.

However, the Fourth District Court of Appeals vacated the injunction in June, and when the 2025 season concluded Nov. 2 at Phoenix Raceway, 23XI and Front Row were racing as unchartered or ‘open’ teams.

Two days after the season finale, Bell dismissed NASCAR’s counterclaim that 23XI and Front Row had colluded to form an “illegal cartel” with other race teams to manipulate charter negotiations.

Further, Bell granted a motion from 23XI and Front Row for partial summary judgment in limiting the relevant market definition for the lawsuit to “premier stock car racing.” NASCAR had sought a broader market definition that included other racing series.

“While we respect the Court’s decision, we believe it is legally flawed and we will address it at trial and in the Fourth Circuit if necessary,” NASCAR stated.

It is against this background that the jury will begin to decide the issues of fact when the trial begins on Monday.

— NASCAR Wire Service —",2025-11-30
t3_1pb3y1n,23XI Racing and Front Row Motorsports v. NASCAR Megathread,https://www.reddit.com/r/nascar/comments/1pb3y1n/,/u/dman6233,2025-12-01 05:00:08+00:00,"The trial between NASCAR and 23XI Racing and Front Row Motorsports begins December 1st. With many tidbits expected to come out during the trial and no timetable for the trial to come to a close, all posts related to the trial will be posted here. Unless the news is significant, such as a verdict, any other posts related to the trial will be removed. The text will be updated with every piece of info that comes out of the trial. If anyone has any questions related to the thread or the trial, please ask the mods, or feel free to read the article on Wikipedia about the trial [here.](https://en.wikipedia.org/wiki/23XI_Racing_v._NASCAR).",2025-12-01
t3_1pc8fkl,23XI Racing and Front Row Motorsports v. NASCAR Megathread: Day 2,https://www.reddit.com/r/nascar/comments/1pc8fkl/,/u/dman6233,2025-12-02 13:28:22+00:00,"The trial between NASCAR and 23XI Racing and Front Row Motorsports is now ongoing. With many tidbits expected to come out during the trial and no timetable for the trial to come to a close, all posts related to the trial will be posted here. The text will be updated with every piece of info that comes out of the trial. If anyone has any questions related to the thread or the trial, please ask the mods, or feel free to read the article on Wikipedia about the trial [here](https://en.wikipedia.org/wiki/23XI_Racing_v._NASCAR).    
    
Click here to view previous megathreads. [Day 1](reddit.com/r/NASCAR/comments/1pb3y1n/23xi_racing_and_front_row_motorsports_v_nascar/)",2025-12-02
t3_1pd4igb,23XI Racing and Front Row Motorsports v. NASCAR Megathread: Day 3,https://www.reddit.com/r/nascar/comments/1pd4igb/,/u/dman6233,2025-12-03 13:43:20+00:00,"The trial between NASCAR and 23XI Racing and Front Row Motorsports is now ongoing. With many tidbits expected to come out during the trial and no timetable for the trial to come to a close, all posts related to the trial will be posted here. The text will be updated with every piece of info that comes out of the trial. If anyone has any questions related to the thread or the trial, please ask the mods, or feel free to read the article on Wikipedia about the trial [here](https://en.wikipedia.org/wiki/23XI_Racing_v._NASCAR).    
    
Click here to view previous megathreads. [Day 1](https://www.reddit.com/r/NASCAR/comments/1pb3y1n/23xi_racing_and_front_row_motorsports_v_nascar/),[Day 2](https://www.reddit.com/r/NASCAR/comments/1pc8fkl/23xi_racing_and_front_row_motorsports_v_nascar/)",2025-12-03
t3_1pdiqrh,Cup Series LASTCAR Final 4 History,https://www.reddit.com/r/nascar/comments/1pdiqrh/,/u/TIFUthebestSubreddit,2025-12-03 22:33:47+00:00,"In honor of this season being the 10th season of me doing the LASTCAR playoffs, I've been posting the final 4 history for each of the 3 series over the course of 3 weeks. 

Two weeks ago, i pisted rhe [Truck Series](https://old.reddit.com/r/NASCAR/comments/1p1h75r/truck_series_lastcar_final_4_history/?ref=share&ref_source=link)

Last week i posted the [Xfinity Series](https://old.reddit.com/r/NASCAR/comments/1p8gang/xfinityoreillys_serves_lastcar_final_4_history/?ref=share&ref_source=link)

And Now it's time for the Cup Series LASTCAR Final 4 History

**_________________________________________**

Cup Series LASTCAR Final 4 History

(Drivers in bold finished last)

2016

1) Tommy Baldwin Racing (#7) Regan Smith 38th

2) Premium Motorsports (#55) Reed Sorenson 32nd

3) HScott Motorsports (#46) Michael Annett 28th

4) The Motorsports Group (#30) Josh Wise DNR (did not race)

2017

1) Circle Sport-The Motorsports Group (#33) Jeffrey Earnhardt 32nd

2) BK Racing (#23) Corey LaJoie 31st

3) TriStar Motorsports (#72) Cole Whitt 28th

4) BK Racing (#83) Gray Gaulding DNR (did not race)

2018

1) MBM (#66) Timmy Hill 37th

2) TriStar Motorsports(#72) Corey LaJoie 34th

3) Premium Motorsports (#15) Ross Chastain 33rd

4) StarCom Racing (#00) Landon Cassill 

2019

1) Spire Motorsports (#77) Reed Sorenson 37th

2) Premium Motorsports (#27) Ross Chastain 35th

3) StarCom Racing (#00) Landon Cassill 28th

4) Front Row Motorsports (#34) Michael McDowell 26th

2020

**1) StarCom Racing (#00) Quin Houff 39th**

2) MBM (#66) Timmy Hill 36th

3) Rick Ware Racing (#53) Joey Gase 32nd

4) Rick Ware Racing (#27) JJ Yeley 30th

2021

1) StarCom Racing (#00) Quin Houff 37th

2) Rick Ware Racing (#52) Josh Bilicki 30th

3) Rick Ware Racing (#53) Joey Gase 29th

4) Spire Motorsports (#77) Justin Haley 26th

2022

1) Live Fast Motorsports (#78) BJ McLeod 31st

2) Rick Ware Racing (#51) Cody Ware 30th

3) Petty-GMS (#42) Ty Dillon 26th

4) 23XI Racing (#23) Bubba Wallace 22nd

2023

1) Live Fast Motorsports (#78) BJ McLeod 33rd

2) Spire Motorsports (#77) Ty Dillon 28th

3) Rick Ware Racing (#15) JJ Yeley 27th

4) Wood Brothers Racing (#21) Harrison Burton 

2024

1) Spire Motorsports (#71) Zane Smith 39th

2) Rick Ware Racing (#51) Corey LaJoie 32nd

3) Spire Motorsports (#7) Justin Haley 28th

4) Front Row Motorsports (#38) Todd Gilliland 

2025

**1) Kaulig Racing (#16) AJ Allmendinger 38th**

2) Rick Ware Racing (#51) Cody Ware 30th

3) Front Row Motorsports (#4) Noah Gragson 27th

4) 23XI Racing (#35) Riley Herbst 23rd",2025-12-03
t3_1pe06bv,23XI Racing and Front Row Motorsports v. NASCAR Megathread: Day 4,https://www.reddit.com/r/nascar/comments/1pe06bv/,/u/dman6233,2025-12-04 13:36:16+00:00,"The trial between NASCAR and 23XI Racing and Front Row Motorsports is now ongoing. With many tidbits expected to come out during the trial and no timetable for the trial to come to a close, all posts related to the trial will be posted here. The text will be updated with every piece of info that comes out of the trial. If anyone has any questions related to the thread or the trial, please ask the mods, or feel free to read the article on Wikipedia about the trial [here](https://en.wikipedia.org/wiki/23XI_Racing_v._NASCAR).    
    
Click here to view previous megathreads. [Day 1](https://www.reddit.com/r/NASCAR/comments/1pb3y1n/23xi_racing_and_front_row_motorsports_v_nascar/), [Day 2](https://www.reddit.com/r/NASCAR/comments/1pc8fkl/23xi_racing_and_front_row_motorsports_v_nascar/), [Day 3] (https://www.reddit.com/r/NASCAR/comments/1pd4igb/23xi_racing_and_front_row_motorsports_v_nascar/)",2025-12-04
t3_1pev0xb,23XI Racing and Front Row Motorsports v. NASCAR Megathread: Day 5,https://www.reddit.com/r/nascar/comments/1pev0xb/,/u/dman6233,2025-12-05 13:27:05+00:00,"The trial between NASCAR and 23XI Racing and Front Row Motorsports is now ongoing. With many tidbits expected to come out during the trial and no timetable for the trial to come to a close, all posts related to the trial will be posted here. The text will be updated with every piece of info that comes out of the trial. If anyone has any questions related to the thread or the trial, please ask the mods, or feel free to read the article on Wikipedia about the trial [here](https://en.wikipedia.org/wiki/23XI_Racing_v._NASCAR).    
    
Click here to view previous megathreads. [Day 1](https://www.reddit.com/r/NASCAR/comments/1pb3y1n/23xi_racing_and_front_row_motorsports_v_nascar/), [Day 2](https://www.reddit.com/r/NASCAR/comments/1pc8fkl/23xi_racing_and_front_row_motorsports_v_nascar/), [Day 3](https://www.reddit.com/r/NASCAR/comments/1pd4igb/23xi_racing_and_front_row_motorsports_v_nascar/), [Day 4](https://www.reddit.com/r/NASCAR/comments/1pe06bv/23xi_racing_and_front_row_motorsports_v_nascar/)",2025-12-05
t3_1pfrcv1,Kenny Wallace Has Just One Message for NASCAR After Sensational Financial Disclosures: “Quit Losing Money,https://www.reddit.com/r/nascar/comments/1pfrcv1/,/u/TylerFortier_Photo,2025-12-06 15:03:14+00:00,">Bob Jenkins testified that he has never turned a profit since launching [Front Row Motorsports](https://thesportsrush.com/tag/front-row-motorsport/) in the early 2000s, **estimating his losses at roughly $100 million** despite winning the 2021 Daytona 500

>Steve O’Donnell, the league’s chief operating officer, then [laid out the numbers](https://thesportsrush.com/nascar-news-despite-incurring-losses-nascars-visits-to-chicago-and-mexico-led-to-amazons-interest-in-the-sport/), stating that **NASCAR lost $55 million over three years staging the Chicago Street Course experiment and another $6 million racing in Mexico City.**

>And that **$61 million in losses does not even factor in the LA Coliseum experiment**, which Wallace skeptically suggested was not exactly minting cash either.",2025-12-06
t3_1phc16w,23XI Racing and Front Row Motorsports v. NASCAR Megathread: Day 6,https://www.reddit.com/r/nascar/comments/1phc16w/,/u/dman6233,2025-12-08 13:11:41+00:00,"The trial between NASCAR and 23XI Racing and Front Row Motorsports is now ongoing. With many tidbits expected to come out during the trial and no timetable for the trial to come to a close, all posts related to the trial will be posted here. The text will be updated with every piece of info that comes out of the trial. If anyone has any questions related to the thread or the trial, please ask the mods, or feel free to read the article on Wikipedia about the trial [here](https://en.wikipedia.org/wiki/23XI_Racing_v._NASCAR).    
    
Click here to view previous megathreads. [Day 1](https://www.reddit.com/r/NASCAR/comments/1pb3y1n/23xi_racing_and_front_row_motorsports_v_nascar/), [Day 2](https://www.reddit.com/r/NASCAR/comments/1pc8fkl/23xi_racing_and_front_row_motorsports_v_nascar/), [Day 3](https://www.reddit.com/r/NASCAR/comments/1pd4igb/23xi_racing_and_front_row_motorsports_v_nascar/), [Day 4](https://www.reddit.com/r/NASCAR/comments/1pe06bv/23xi_racing_and_front_row_motorsports_v_nascar/), [Day 5](https://www.reddit.com/r/NASCAR/comments/1pev0xb/23xi_racing_and_front_row_motorsports_v_nascar/)",2025-12-08
t3_1pi81jl,23XI Racing and Front Row Motorsports v. NASCAR Megathread: Day 7,https://www.reddit.com/r/nascar/comments/1pi81jl/,/u/dman6233,2025-12-09 13:56:07+00:00,"The trial between NASCAR and 23XI Racing and Front Row Motorsports is now ongoing. With many tidbits expected to come out during the trial and no timetable for the trial to come to a close, all posts related to the trial will be posted here. The text will be updated with every piece of info that comes out of the trial. If anyone has any questions related to the thread or the trial, please ask the mods, or feel free to read the article on Wikipedia about the trial [here](https://en.wikipedia.org/wiki/23XI_Racing_v._NASCAR).    
    
Click here to view previous megathreads. [Day 1](https://www.reddit.com/r/NASCAR/comments/1pb3y1n/23xi_racing_and_front_row_motorsports_v_nascar/), [Day 2](https://www.reddit.com/r/NASCAR/comments/1pc8fkl/23xi_racing_and_front_row_motorsports_v_nascar/), [Day 3](https://www.reddit.com/r/NASCAR/comments/1pd4igb/23xi_racing_and_front_row_motorsports_v_nascar/), [Day 4](https://www.reddit.com/r/NASCAR/comments/1pe06bv/23xi_racing_and_front_row_motorsports_v_nascar/), [Day 5](https://www.reddit.com/r/NASCAR/comments/1pev0xb/23xi_racing_and_front_row_motorsports_v_nascar/), [Day 6](https://www.reddit.com/r/NASCAR/comments/1phc16w/23xi_racing_and_front_row_motorsports_v_nascar/)",2025-12-09
t3_1pj1r7b,23XI Racing and Front Row Motorsports v. NASCAR Megathread: Day 8,https://www.reddit.com/r/nascar/comments/1pj1r7b/,/u/dman6233,2025-12-10 12:49:54+00:00,"The trial between NASCAR and 23XI Racing and Front Row Motorsports is now ongoing. With many tidbits expected to come out during the trial and no timetable for the trial to come to a close, all posts related to the trial will be posted here. The text will be updated with every piece of info that comes out of the trial. If anyone has any questions related to the thread or the trial, please ask the mods, or feel free to read the article on Wikipedia about the trial [here](https://en.wikipedia.org/wiki/23XI_Racing_v._NASCAR).    
    
Click here to view previous megathreads. [Day 1](https://www.reddit.com/r/NASCAR/comments/1pb3y1n/23xi_racing_and_front_row_motorsports_v_nascar/), [Day 2](https://www.reddit.com/r/NASCAR/comments/1pc8fkl/23xi_racing_and_front_row_motorsports_v_nascar/), [Day 3](https://www.reddit.com/r/NASCAR/comments/1pd4igb/23xi_racing_and_front_row_motorsports_v_nascar/), [Day 4](https://www.reddit.com/r/NASCAR/comments/1pe06bv/23xi_racing_and_front_row_motorsports_v_nascar/), [Day 5](https://www.reddit.com/r/NASCAR/comments/1pev0xb/23xi_racing_and_front_row_motorsports_v_nascar/), [Day 6](https://www.reddit.com/r/NASCAR/comments/1phc16w/23xi_racing_and_front_row_motorsports_v_nascar/), [Day 7](https://www.reddit.com/r/NASCAR/comments/1pi81jl/23xi_racing_and_front_row_motorsports_v_nascar/)",2025-12-10
t3_1pjxwnu,23XI Racing and Front Row Motorsports v. NASCAR Megathread: Day 9,https://www.reddit.com/r/nascar/comments/1pjxwnu/,/u/dman6233,2025-12-11 13:46:32+00:00," The trial between NASCAR and 23XI Racing and Front Row Motorsports is now ongoing. With many tidbits expected to come out during the trial and no timetable for the trial to come to a close, all posts related to the trial will be posted here. The text will be updated with every piece of info that comes out of the trial. If anyone has any questions related to the thread or the trial, please ask the mods, or feel free to read the article on Wikipedia about the trial [here](https://en.wikipedia.org/wiki/23XI_Racing_v._NASCAR).    
    
Click here to view previous megathreads. [Day 1](https://www.reddit.com/r/NASCAR/comments/1pb3y1n/23xi_racing_and_front_row_motorsports_v_nascar/), [Day 2](https://www.reddit.com/r/NASCAR/comments/1pc8fkl/23xi_racing_and_front_row_motorsports_v_nascar/), [Day 3](https://www.reddit.com/r/NASCAR/comments/1pd4igb/23xi_racing_and_front_row_motorsports_v_nascar/), [Day 4](https://www.reddit.com/r/NASCAR/comments/1pe06bv/23xi_racing_and_front_row_motorsports_v_nascar/), [Day 5](https://www.reddit.com/r/NASCAR/comments/1pev0xb/23xi_racing_and_front_row_motorsports_v_nascar/), [Day 6](https://www.reddit.com/r/NASCAR/comments/1phc16w/23xi_racing_and_front_row_motorsports_v_nascar/), [Day 7](https://www.reddit.com/r/NASCAR/comments/1pi81jl/23xi_racing_and_front_row_motorsports_v_nascar/), [Day 8](https://www.reddit.com/r/NASCAR/comments/1pj1r7b/23xi_racing_and_front_row_motorsports_v_nascar/)",2025-12-11
t3_1pk23y8,"Jeffrey Kessler official statement: ""As part of today's resolution, 23XI's and Front Row Motorsports' charters have been returned for the 2026 season.""",https://www.reddit.com/r/nascar/comments/1pk23y8/,/u/Equivalent_Dish_1990,2025-12-11 16:37:56+00:00,https://x.com/i/status/1999154274140385657,2025-12-11
t3_1po6h6l,By The Numbers Todd Gilliland,https://www.reddit.com/r/nascar/comments/1po6h6l/,/u/TaharisatWork,2025-12-16 16:33:12+00:00,"So it is the Offseason. I am going to break down each full time driver by Car number, Who the best driver to ever drive the car(Cup only 36 starts min), who had the best Performance while driving said car, and what the Current driver would have to do or if they are the best driver in that said car.  We will only be doing current full time cup car drivers.  



\#34 car

Current Driver Todd Gilliland Career Stats

Total: 144 starts, 0 Championships, 0 wins, 2 top 5's, 15 top 10's, 21.7 average finish, 164 laps led

in the #34 car:  36 starts, 0 Championships, 0 Wins, 1 top 5's, 5 top 10's, 20.8 Average Finish, 23 laps led



Notable drivers to drive the #34 car, Wendell Scott, Chris ""Christopher"" Buescher



Championships won in the #34, No one is ever won a title in the #34



Most wins in the #34  Michael Mcdowell has the most with 2 wins, then it is tied between Wendell Scott, David Ragan and Chris Buescher



Top 5's in the #34:  Wendell Scott has the most with 20, Michael Mcdowell is second with 10, then it's tied at 3rd with 2 top 5's with David Ragan and Chris Buescher



top 10's in the car,  Wendell Scott has the most with 143, second is Michael Mcdowell with 39, third is tied between David Ragan and Todd Gilliland with 5 top 10's



Average Finish in the #34 car,  Wendell Scott has the best average Finish of 14.8, second is Todd Gilliland with a 20.8 and third is Michael Mcdowell with a 21.



Laps Lead in the #34: Michael Mcdowell has the most laps led with 503, Second would be David Ragan with 49 laps led, Third would be Wendell Scott with 27.



So the best Tenure in the 34 car would be between Wendell Scott and Michael Mcdowell, Wendell Scott had 469 starts to Michael McDowell has 252.  

both of their stats are obtainable, the question comes down to FRM, While Gilliland performed the best out of the group point wise he finished 27th in points with a single top 5. I really look forward to seeing what level of cars FRM is able to put forward this year with the lawsuit out of the way and that uncertainty not hanging over their heads. I want to be optimistic and say that we see a step forward with all of the FRM teams this year but being honest I don't see any wins coming their way outside of Restrictor plate tracks. This is a team full of young drivers, aged 25, 26 and 27. Gilliland being the youngest of the group. So I leave you with this question



Will FRM see a surge in performance? or will they continue to be a back marker team?

Who is had the best Tenure in the #34





(All stats from [driveraverages.com](http://driveraverages.com) )",2025-12-16
t3_1pptpuf,By The Numbers Zane Smith,https://www.reddit.com/r/nascar/comments/1pptpuf/,/u/TaharisatWork,2025-12-18 15:32:41+00:00,"So it is the Offseason. I am going to break down each full time driver by Car number, Who the best driver to ever drive the car(Cup only 36 starts min), who had the best Performance while driving said car, and what the Current driver would have to do or if they are the best driver in that said car.  We will only be doing current full time cup car drivers.  



\#38 car

Current Driver Zane Smith Career Stats

Total: 81 starts, 0 Championships, 0 wins, 3 top 5's, 10 top 10's, 22.52 average finish, 31 laps led

in the #38 car:  42 starts, 0 Championships, 0 Wins, 1 top 5's, 6 top 10's, 22 Average Finish, 25 laps led



Notable drivers to drive the #38 car, Elliott Sadler





Championships won in the #38, No one is ever won a title in the #38



Most wins in the #38 Elliott Sadler has the most out of qualifying drivers with 2, no other driver with more than 36 starts has won a race. (Gwyn Staley had 14 starts with 3 wins)



Top 5's in the #38:  Elliott Sadler has the most with 12 top 5's David Gilliland has the second most with 3. tied for 3rd with one top 5 are Todd Gilliland, Zane Smith 



top 10's in the car,  Elliott Sadler has the most with 40 top 10's, second is Todd Gilliland with 9, and tied for 3rd with 6 are David Gilliland, Zane Smith and Wayne Smith ( no Relation)



Average Finish in the #38 car,  Elliott Sadler has the best average Finish with a 19.2, Second is Todd Gilliland with a 21.8, third is Wayne Smith with a 21.9. Zane Smith is 4th on this list with a 22.0 Average Finish. 



Laps Lead in the #38:  Elliott Sadler has the most laps lead with 849, Second would be Todd Gilliland with 141, third would be David Gilliland with 61 (yes they are related)



So Elliott Sadler has set the bar for the best Tenure in the #38, Finishing in the top 10 40 times out of his 130 races.  While I think Robert Yates Racing during Sadler's time there is a better running team than what FRM is now. However FRM is young with their oldest driver being 27.  I would like to see how FRM continues to develop with their young drivers and more stability now the lawsuit is over. 



Zane Smith is performed about almost exactly the same as Todd Gilliland did in this car and even the same as last year where they were only separated by 1 point in the final standings.  So I leave you with this questions



What are your expectations for Zane Smith this year?

Will FRM be able to improve over their last year?

who would you take to start a team with Zane Smith or Todd Gilliland?



(All stats from [driveraverages.com](http://driveraverages.com) )",2025-12-18
t3_1q70zhl,I tried to put a list together of every NASCAR team's backup business,https://www.reddit.com/r/nascar/comments/1q70zhl/,/u/Think-Border4882,2026-01-08 03:30:52+00:00,"I'm trying to make a list for each NASCAR team's owner's primary business

  
Hendrick Motorsports - Hendrick Automotive Group [https://www.hendrickcars.com/](https://www.hendrickcars.com/)

  
Hyak Motorsports - Hyak Maritime [https://www.hyakmaritime.com/](https://www.hyakmaritime.com/)

  
Kaulig Racing - LeafFilter [https://www.leaffilter.com/](https://www.leaffilter.com/) / Kaulig Companies [https://www.kauligcompanies.com/](https://www.kauligcompanies.com/) 

  
Richard Childress Racing - no side business before he started his team / Childress Vineyards [https://childressvineyards.com/](https://childressvineyards.com/)

  
Spire Motorsports - Spire Sports + Entertainment [https://spiresportsinc.com/](https://spiresportsinc.com/)

  
Trackhouse Racing - Trackhouse Entertainment Group [https://www.trackhouse.com/](https://www.trackhouse.com/) / Trackhouse Motorplex [https://trackhousemotorplex.com/](https://trackhousemotorplex.com/)

  
Haas Factory Team - Haas Automation [https://www.haascnc.com/index.html/](https://www.haascnc.com/index.html/)

  
RFK Racing - Roush Performance [https://www.roushperformance.com/](https://www.roushperformance.com/) / Fenway Sports Group [https://fenwaysportsgroup.com/](https://fenwaysportsgroup.com/)

  
Rick Ware Racing - ?

  
Team Penske - Penske Corporation [https://www.penske.com/](https://www.penske.com/)

  
Wood Brothers Racing - no side business before they started team / Wood Brothers Racing Museum [https://www.woodbrothersracing.com/visit-us/](https://www.woodbrothersracing.com/visit-us/) 



Joe Gibbs Racing - no side business before they started team / Harris Blitzer Sports & Entertainment (minority owner) [https://www.hbse.com/](https://www.hbse.com/) / Arctos Partners (minority owner) [https://www.arctospartners.com/](https://www.arctospartners.com/) 

  
Legacy Motor Club - no side business before the Petty's started team / Petty's Garage [https://www.shophemi.com/m-58-pettys-garage.aspx](https://www.shophemi.com/m-58-pettys-garage.aspx) / Knighthead Capital Management (minority owner) [https://knighthead.com/](https://knighthead.com/)



Front Row Motorsports - Morristown Drivers Service [https://mdstrucking.com/](https://mdstrucking.com/) / franchises of restaurants / Four Oaks Partners / Long John Silver's [https://www.ljsilvers.com/](https://www.ljsilvers.com/)



23XI Racing - royalties from Air Jordan [https://www.nike.com/jordan](https://www.nike.com/jordan)

  
Beard Motorsports - Beard Oil Distributing & Leasing [https://beardoil.com/](https://beardoil.com/)

  
JR Motorsports - Dale Jr's DEJ Management / Filter Time [https://www.filtertime.com/](https://www.filtertime.com/) 

  
Live Fast Motorsports - no side business before he started team / Pigeon Forge Racing Coaster [https://pigeonforgeracingcoaster.com/](https://pigeonforgeracingcoaster.com/)

  
NY Racing - owned nightclubs and taverns and a trucking company [https://news.gram.edu/index.php/2020/12/15/making-his-own-lane/](https://news.gram.edu/index.php/2020/12/15/making-his-own-lane/)



Team AmeriVet - AmeriVet Securities [https://amerivetsecurities.com/](https://amerivetsecurities.com/) / Prime Gate Holdings [https://www.primegateholdings.com/](https://www.primegateholdings.com/)

  
MBM/Garage 66 - ? [https://www.hagerty.com/media/motorsports/nascars-last-cowboy-snakebit-carl-long-will-do-whatever-it-takes-to-race/](https://www.hagerty.com/media/motorsports/nascars-last-cowboy-snakebit-carl-long-will-do-whatever-it-takes-to-race/)

  
Alpha Prime Racing - Alpha Prime Apparel and Supplements [https://alphaprimeusa.com/](https://alphaprimeusa.com/)

  
Tricon Garage - sold Marbob Energy [https://www.dnb.com/business-directory/company-profiles.marbob\_energy\_corporation.ebd706b74e259ced2e3de200b4bf0a5d.html](https://www.dnb.com/business-directory/company-profiles.marbob_energy_corporation.ebd706b74e259ced2e3de200b4bf0a5d.html)

  
Barrett Cope Racing - ?

  
Big Machine Racing - Big Machine Records [https://www.bigmachinelabelgroup.com/](https://www.bigmachinelabelgroup.com/)

  
DGM Racing - ?

  
Jesse Iwuji Motorsports - ?

  
Jeremy Clements Racing - Clements Racing Engines [https://www.dnb.com/business-directory/company-profiles.clements\_automotive\_inc.880fadc01f0947103a7cf4f4b97e3be2.html](https://www.dnb.com/business-directory/company-profiles.clements_automotive_inc.880fadc01f0947103a7cf4f4b97e3be2.html)

  
Jordan Anderson Racing Bommarito Autosport - Bommarito Automotive Group [https://www.bommarito.com/](https://www.bommarito.com/)

  
Peterson Racing - 3Dimensional Services Group [https://3dimensional.com/](https://3dimensional.com/)

  
RSS Racing - S&W Towing Service [https://www.bbb.org/us/ga/atlanta/profile/towing-company/s-w-services-of-atlanta-inc-0443-6000510/addressId/21877](https://www.bbb.org/us/ga/atlanta/profile/towing-company/s-w-services-of-atlanta-inc-0443-6000510/addressId/21877)

  
SS-Green Light Racing - ?

  
BRK Racing - Knight Fire Protection [http://knightfire.net/](http://knightfire.net/)

  
Viking Motorsports - SciAps [https://www.sciaps.com/](https://www.sciaps.com/)

  
Hettinger Racing - Victory Custom Trailers [https://www.victorycustomtrailers.com/](https://www.victorycustomtrailers.com/)

  
Sigma Performance Services - Sigma Engineering Solutions [https://www.sigmanv.com/](https://www.sigmanv.com/)

  
Nitro Motorsports - Nitro Kart [https://nitro-kart.myshopify.com/?shpxid=24e5a2ad-fac9-428b-b6f8-66b16408cf02](https://nitro-kart.myshopify.com/?shpxid=24e5a2ad-fac9-428b-b6f8-66b16408cf02) 

  
Sam Hunt Racing - ?



Young's Motorsports - Young's Building Systems & Randco Industries [https://randcoindustries.com/](https://randcoindustries.com/)

  
Joey Gase Motorsports with Scott Osteen - East Coast Lumber [https://www.eastcoastlumber.com/](https://www.eastcoastlumber.com/) 



Our Motorsports - Robert B. Our Construction [https://robertbour.com/](https://robertbour.com/)

  
Pardus Racing - Danus Utilities [https://www.danusutilities.com/](https://www.danusutilities.com/)

  
CR7 Motorsports - Grant County Mulch [https://www.grantcountymulch.com/](https://www.grantcountymulch.com/)



ACR Motorsports - ALL Construction [https://www.allconstructiongroupwv.com/](https://www.allconstructiongroupwv.com/)



McAnally-Hilgemann Racing - franchises of NAPA [https://www.bmrnapa.com/](https://www.bmrnapa.com/) / Hilgemann owns Sanifab [https://www.bizapedia.com/wi/sanifab-inc.html](https://www.bizapedia.com/wi/sanifab-inc.html)

  
Rackley WAR - Rackley Roofing [https://rackleyroofing.com/](https://rackleyroofing.com/) / WAR Shocks [https://www.warshocks.com/](https://www.warshocks.com/)

  
ThorSport Racing - ThorSport Farm [https://thorsportfarm.com/](https://thorsportfarm.com/), TSport Trucks [https://tsporttruck.com/](https://tsporttruck.com/), SealMaster [https://sealmaster.net/](https://sealmaster.net/) / CURB Records [https://www.curb.com/](https://www.curb.com/)

  
Team Reaume - ?

  
Halmar Friesen Racing - CEO of Halmar International [https://halmarinternational.com/](https://halmarinternational.com/)

  
Niece Motorsports - Niece Equipment [https://nieceequipment.com/](https://nieceequipment.com/), CEO of Detroit Quality Staffing [https://www.dqstaff.com/](https://www.dqstaff.com/), CEO of JF Electric [https://www.jfelectric.com/](https://www.jfelectric.com/)

  
AM Racing - AM Technical Solutions [https://amts.com/](https://amts.com/)

  
Mike Harmon Racing - ?

  
Hill Motorsports - ? [https://www.dandb.com/businessdirectory/jerryhillmotorsportsinc-porttobacco-md-19770554.html](https://www.dandb.com/businessdirectory/jerryhillmotorsportsinc-porttobacco-md-19770554.html)

  
Bret Holmes Racing - Holmes II Excavation [https://www.buzzfile.com/business/Holmes-II-Excavation,-Inc-256-831-9545](https://www.buzzfile.com/business/Holmes-II-Excavation,-Inc-256-831-9545)

  
Pinnacle Racing Group - ?

  
GK Racing - Backyard Blues Pools [https://backyardbluestn.com/](https://backyardbluestn.com/)

  
Freedom Racing Enterprises - Freedom Warranty [https://www.freedomwarranty.com/](https://www.freedomwarranty.com/)

  
Jan's Towing Racing - Jan's Towing [https://www.janstowing.com/](https://www.janstowing.com/)

  
Rette Jones Racing - Jones Group Demolition [https://www.jonesgroup.ca/](https://www.jonesgroup.ca/)



Henderson Motorsports - Food Country USA [https://foodcountryusainc.com/](https://foodcountryusainc.com/)



Faction46 - Venture Food Stores [https://www.mooresventurefoods.com/](https://www.mooresventurefoods.com/)

  
Steve McGowan Motorsports - MMI Services [https://mmi-services.com/](https://mmi-services.com/)

  
Roper Racing - Preferred Industrial Contractors [https://preferredindustrialcontractors.com/](https://preferredindustrialcontractors.com/)

  
Brandonbilt Motorsports - Brandonbilt Foundations [https://www.brandonbilt.com/](https://www.brandonbilt.com/)

  
Rev Racing - Max Siegel Inc [https://www.maxsiegelinc.com/](https://www.maxsiegelinc.com/)

  
Leavine Family Racing - WRL General Contractors [https://www.wrl-gc.com/](https://www.wrl-gc.com/)

  
Furniture Row Racing - Furniture Row [https://www.furniturerow.com/](https://www.furniturerow.com/) / Visser Precision [https://visserprecision.com/](https://visserprecision.com/) 

  
Germain Racing - Germain Auto [https://www.germain.com/](https://www.germain.com/) / Germain Yachts [https://germainyachts.com/](https://germainyachts.com/) / SI Yachts [https://www.siyachts.com/](https://www.siyachts.com/) 

  
TC Motorsports - Carrolls Automotive [https://www.carrollsautomotive.net/](https://www.carrollsautomotive.net/)

  


",2026-01-08
t3_1q8amse,[Front Row Motorsports Website] “Front Row Motorsports Announces Changes to﻿ Competition Staff for 2026 Season”,https://www.reddit.com/r/nascar/comments/1q8amse/,/u/Dmacthegoat,2026-01-09 15:05:09+00:00,,2026-01-09
t3_1q8pktc,[NASCAR (@NASCAR) on X] There's no off switch.  The #DAYTONA500 is always racing through our minds.,https://www.reddit.com/r/nascar/comments/1q8pktc/,/u/jmnordan,2026-01-10 00:38:50+00:00,"Looks like a new ad for the upcoming 2026 Daytona 500 featuring Connor Zilisch, Ricky Stenhouse, Jr., and Todd Gilliland.",2026-01-10
t3_1qc3o1b,[Working Prediction] 2026 Daytona 500 Entry List,https://www.reddit.com/r/nascar/comments/1qc3o1b/,/u/FranticTikTok,2026-01-13 21:18:11+00:00,"Based off recent talk and Bob Pockrass, here's what I've gathered as the potential Daytona 500 entry list. Are we missing any?  


36 Chartered Teams:  


1. #1 - Ross Chastain  
2. #2 - Austin Cindric  
3. #3 - Austin Dillon  
4. #4 - Noah Gragson  
5. #5 - Kyle Larson  
6. #6 - Brad Keselowski  
7. #7 - Daniel Suarez  
8. #8 - Kyle Busch  
9. #9 - Chase Elliott  
10. #10 - Ty Dillon  
11. #11 - Denny Hamlin  
12. #12 - Ryan Blaney  
13. #16 - AJ Allmendinger  
14. #17 - Chris Buescher  
15. #19 - Chase Briscoe  
16. #20 - Christopher Bell  
17. #21 - Josh Berry  
18. #22 - Joey Logano  
19. #23 - Bubba Wallace  
20. #24 - William Byron  
21. #34 - Todd Gilliland  
22. #35 - Riley Herbst  
23. #38 - Zane Smith  
24. #41 - Cole Custer  
25. #42 - John Hunter Nemechek  
26. #43 - Erik Jones  
27. #45 - Tyler Reddick  
28. #47 - Ricky Stenhouse Jr.  
29. #48 - Alex Bowman  
30. #51 - Cody Ware  
31. #54 - Ty Gibbs  
32. #60 - Ryan Preece  
33. #71 - Michael McDowell  
34. #77 - Carson Hocevar  
35. #88 - Connor Zilisch  
36. #97 - Shane Van Gisbergen  


Provisional Guaranteed Spot  


37. #84 - Jimmie Johnson  


Open Cars:  


38. #33 - TBD  
39. #40 - Justin Allgaier  
40. #44 - JJ Yeley  
41. #62 - TBD? Alfredo?  
42. #66  -Casey Mears  
43. #67 - Heim  
44. #78 - BJ McLeod",2026-01-13
t3_1qcuzqn,(Rumor) Chandler Smith,https://www.reddit.com/r/nascar/comments/1qcuzqn/,/u/Trackside_rumblings,2026-01-14 18:22:59+00:00,"Hearing that for the second year in a row, Chandler Smith will be attempting to make the Daytona 500.  

The Garage 66 car he made the attempt with last year is already confirmed to be driven by Casey Mears, and with his full-time deal at Front Row Motorsports in the Truck Series, it seems likely that this attempt will be made in a fourth entry from FRM. ",2026-01-14
t3_1qk3k6b,Front Row Motorsports: “Chandler Smith will attempt to make the Daytona 509 in the #36 car”,https://www.reddit.com/r/nascar/comments/1qk3k6b/,/u/[deleted],2026-01-22 19:07:06+00:00,[deleted],2026-01-22
t3_1qk3l5b,Front Row Motorsports: “Chandler Smith will attempt to make the Daytona 500 in the #36 car”,https://www.reddit.com/r/nascar/comments/1qk3l5b/,/u/Dmacthegoat,2026-01-22 19:08:06+00:00,,2026-01-22
t3_1qk5ezc,[As of January 22] 2026 Daytona 500 Entry List Prediction,https://www.reddit.com/r/nascar/comments/1qk5ezc/,/u/FranticTikTok,2026-01-22 20:14:18+00:00,"With the newest announcements, talk and Bob Pockrass tweets, I've updated the Daytona 500 entry list as of today

36 Chartered Teams:

1. 1 - Ross Chastain
2. 2 - Austin Cindric
3. 3 - Austin Dillon
4. 4 - Noah Gragson
5. 5 - Kyle Larson
6. 6 - Brad Keselowski
7. 7 - Daniel Suarez
8. 8 - Kyle Busch
9. 9 - Chase Elliott
10. 10 - Ty Dillon
11. 11 - Denny Hamlin
12. 12 - Ryan Blaney
13. 16 - AJ Allmendinger
14. 17 - Chris Buescher
15. 19 - Chase Briscoe
16. 20 - Christopher Bell
17. 21 - Josh Berry
18. 22 - Joey Logano
19. 23 - Bubba Wallace
20. 24 - William Byron
21. 34 - Todd Gilliland
22. 35 - Riley Herbst
23. 38 - Zane Smith
24. 41 - Cole Custer
25. 42 - John Hunter Nemechek
26. 43 - Erik Jones
27. 45 - Tyler Reddick
28. 47 - Ricky Stenhouse Jr.
29. 48 - Alex Bowman
30. 51 - Cody Ware
31. 54 - Ty Gibbs
32. 60 - Ryan Preece
33. 71 - Michael McDowell
34. 77 - Carson Hocevar
35. 88 - Connor Zilisch
36. 97 - Shane Van Gisbergen

Provisional Guaranteed Spot

37. #84 - Jimmie Johnson

Open Cars:

38. #36 - Chandler Smith  
39. #40 - Justin Allgaier  
40. #44 - JJ Yeley  
41. #62 - Alfredo  
42. #66 -Casey Mears  
43. #67 - Heim  
44. #78 - BJ McLeod  
45. #99 - Corey Lajoie",2026-01-22
t3_1qnq2ov,Todd Gilliland’s Loves scheme for 2026,https://www.reddit.com/r/nascar/comments/1qnq2ov/,/u/BuschWhackerReviews,2026-01-26 19:25:39+00:00,,2026-01-26
t3_1qnsx6b,Todd Gilliland's scheme for the Clash,https://www.reddit.com/r/nascar/comments/1qnsx6b/,/u/Secure-Strike-1654,2026-01-26 21:05:09+00:00,[https://x.com/Team\_FRM/status/2015893098371371368](https://x.com/Team_FRM/status/2015893098371371368),2026-01-26
t3_1quh8se,2026 NASCAR Cup Series Open Teams,https://www.reddit.com/r/nascar/comments/1quh8se/,/u/BlissfullyInaware,2026-02-03 03:39:01+00:00,"01/15 - Rick Ware Racing  
2025 Stats:  
4 Starts (+2 Exhibitions)  
0 Wins  
0 Top 10's  
2 DNF's  
Average Finish - 33.3  


Nothing to confirm on this aspect of things. The only thing of note that Rick Ware Racing did was swap which charter was being leased between the 51 and 60 cars, which does not correlate with their open team. It's possible they run a 2nd car at an exhibition or a one-off race, but this appears unlikely.

13 - Kaulig Racing  
2025 Stats:  
1 Start  
0 Wins  
0 Top 10's  
1 DNF  
Average Finish - 39.0

Similarly for Kaulig to what was just said about the Rick Ware car, there isn't much to say on this one. Kaulig losing backing from Chevrolet certainly hurts them in the short-term, depending on how long it takes for Dodge to join Cup. Kaulig may throw in a 3rd car for road course races, but this does not appear to be an option. It might be that the 13 waits until Dodge joins the sport and then possibly runs as a full-time car for a 3 car team or as still a 3rd ""open"" car.

33 - Richard Childress Racing  
2025 Stats:  
8 Starts  
0 Wins  
1 Top 10  
0 DNF's  
Average Finish - 26.3

The 33 car will run races in 2026. One of the races they were potentially running was the Daytona 500, but that was confirmed to not be happening. Race dates are not confirmed, but it seems likely to be another split between Jesse Love and Austin Hill like we saw in 2025.

36 - Front Row Motorsports  
(Did Not Run 2025)

Front Row's 36 returns for the Daytona 500 with Chandler Smith. Smith's sponsorship helped secure a ride with MBM last year for Daytona before crashing out in the Duels, and he did not run another race the remainder of the season in Cup. This might just be a one-off run, but it's still subject to change. Ford's strong on Superspeedway's in qualifying, so this might be a car that pops up there barring sponsorship.

40 - JR Motorsports  
2025 Stats:  
1 Start  
0 Wins  
1 Top 10  
0 DNF's  
Average Finish - 9.0

Chris Stapleton and Dale Jr. reunite for Daytona! A likely one off, they will attempt the Daytona 500 for the 2nd year in a row. JR Motorsports running full-time in Cup only seems possible in a more friendly scenario for charters. At best, a one-off or small rotation of races for the team appear to be the option. Expect just this upcoming 500 for the 40.

44 - NY Racing  
2025 Stats:  
14 Starts (1 DNQ + 1 Withdrawal)  
0 Wins  
0 Top 10's  
5 DNF's  
Average Finish - 33.9

Whilst the schedule for the 44 is not known(they are not very open about which races they are going to run), they did show up for 15 of the 36 points races in Cup, up from 10 in 2024 and up from 5 in 2022. Similarly to MBM, this car should just be expected to run in the back of the pack logging laps and minding their business.

50 - Team AmeriVet  
2025 Stats:  
1 Start (+1 Exhibition)  
0 Wins  
0 Top 10's  
0 DNF's  
Average Finish - 36.0

Probably the smallest NASCAR Cup Team at this point, AmeriVet only ran in 2 events last year. It was rumored to be 15-17 races for 2025 but it seems like a lofty goal for a team that is focused on Veteran's Debt erasement to muster up the sponsorship to get to the race track often. Expect them to run very few races, but surprise runs at some tracks might be on the table.

56 - Tricon Garage  
2025 Stats:  
1 Start  
0 Wins  
0 Top 10's  
1 DNF  
Average Finish - 38.0

Nothing has been said on Tricon ever since the Daytona 500 run with MTJ. It appears this might be a one-off run for good for them. Tricon in the future might eye up the Cup Series as a potential option for them in their future in the sport, but don't expect this car to show up this season.

62 - Beard Motorsports  
2025 Stats:  
4 Starts (1 DNQ)  
0 Wins  
0 Top 10's  
0 DNF's  
Average Finish - 26.0

**The** Superspeedway team, they are probably a guarantee to run at least the big 4 ovals. Last year they ran a couple extra races prepped with RCR(as they are every year) with Jesse Love at some regular circuits. This might be the case this season again, but just expect 4 races for them and then some surprises would be very welcome.

66 - Garage 66/MBM  
2025 Stats:  
17 Starts (+2 Exhibition + 1 DNQ)  
0 Wins  
0 Top 10's  
7 DNF's  
Average Finish - 32.6

This team will very likely show up to more than half the races in 2026. Around 26 of 38 events is what the expectation is. It appears we know around 10 of their races this season based on news from Bilicki and Finchum's standpoint. Atlanta is a potential backup for them missing the 500, barring a tore up chassis which happened in the Duels last year. Sponsorship looks good for them in comparison to other open teams, this is the one you are probably going to see the most at the track.

67 - 23XI Racing  
2025 Stats:  
4 Starts (1 DNQ)  
0 Wins  
1 Top 10  
1 DNF  
Average Finish - 21.3  


Taking 23XI's word of mouth as the truth, we are going to see this car in ""at least"" 10 races this season. Heim attempted 5 races in 2025, failing to make the Chicago race. This will double up his schedule at least for this upcoming season if it is to be believed. Sponsorship is high and they are a well prepped team, so whenever they do run, it is going to be a competitive race car.

78 - Live Fast Motorsports  
2025 Stats:  
12 Starts (1 DNQ)  
0 Wins  
0 Top 10's  
3 DNF's  
Average Finish - 27.3

The original schedule for the 78 last year was the 6 Superspeedway races and Charlotte. They pulled out of Charlotte which would have had 41 cars, but they had 7 extra races from Katherine Legge that year. Probably don't expect as much Legge, as she is likely to use those resources to attempt an Indy 500 run. Phoenix double for her is on the cards potentially. Might not run as much, but the 78 will be a fast Superspeedway car as always.

84 - Legacy Motor Club  
2025 Stats:  
2 Starts  
0 Wins  
1 Top 10  
1 DNF  
Average Finish - 21.5

Jimmie Johnson is attempting 2 races this year we know about: Daytona and San Diego. How many more? Seems likely to be no more, but Jimmie's schedule is one that he can make on his own so who knows when and where he could appear. Possible drivers for the 3rd car are unknown if they acquire a charter, but they may end up in the car at some point this season if they are planning on shopping for the 2027 season.

91/99 - Trackhouse Racing  
2025 Stats:  
1 Start  
0 Wins  
0 Top 10's  
1 DNF  
Average Finish - 39.0

Project 91 is not dead! However, Trackhouse also kept the owners points for the 99 after transferring them from the 87, forcing RFK to create the 199 owners points instead of taking the 99 from a vacant occupant. This may not be anything, but it is definitely kindling to the fire that they may plan something. Whomever runs in the Project 91 is top secret, but given Marks' remarks on how it is very much alive and likely to return this season, the anticipation certainly is growing.

99 - RFK Racing  
(Did Not Run 2025)

RFK brings back the classic 99 to their team. From what Corey LaJoie was talking on his podcast, it seems likely that he could run 5-6 Superspeedway races, maybe something else as well. A bolster in the numbers game for Ford and for RFK to help them at the drafting tracks, as well as having a good Superspeedway driver, this is a very understandable move. Might not run elsewhere, but the 99 being back at Roush is a welcome reunion!

TL;DR

(RWR) 01/15 - Unknown, Unlikely  
(Kaulig) 13 - Unknown, Unlikely  
(RCR) 33 - Confirmed  
(FRM) 36 - Confirmed  
(JRM) 40 - Confirmed  
(NY) 44 - Confirmed  
(AmeriVet) 50 - Confirmed  
(TCG) 56 - Unknown, Unlikely  
(Beard) 62 - Confirmed  
(MBM) 66 - Confirmed  
(23XI) 67 - Confirmed  
(LFM) 78 - Confirmed  
(LMC) 84 - Confirmed  
(TH) 91/99 - Unknown, Likely  
(RFK) 99 - Likely

Any other open cars that may or may not run, I do not have any real information on nor do I believe they are noteworthy at this point. New teams may spring up, old teams might close. This is just a summary of what the open cars for 2026 look like at the moment in one large post.",2026-02-03
t3_1qvdtap,"[NASCAR] ❄️ Snow-clearing efforts have been continuing at Bowman Gray!! 

Luckily, we do have Todd Gilliland aka ""the Toddfather"" aka ""Todd Gilligoat"" on the case. trust, this will be dealt with.",https://www.reddit.com/r/nascar/comments/1qvdtap/,/u/US_Highway15,2026-02-04 03:42:42+00:00,[http://youtube.com/post/Ugkx5MOsds0KZvUFr3m07kIdn-VBuEeXLn2\_?si=MFaFmreDdS4lK77A](http://youtube.com/post/Ugkx5MOsds0KZvUFr3m07kIdn-VBuEeXLn2_?si=MFaFmreDdS4lK77A),2026-02-04
t3_1r25s39,"Jayski has revealed the paint scheme of almost every driver who will attempt the 2026 Daytona 500. Erik Jones, Todd Gilliland and Michael McDowell are missing. Of all the paint schemes, which is your favorite?",https://www.reddit.com/r/nascar/comments/1r25s39/,/u/NascarFan1896,2026-02-11 18:44:15+00:00,"https://www.jayski.com/paint-schemes/cup-series-paint-schemes/2026-nascar-cup-series-daytona-500-at-daytona-international-speedway-paint-schemes/

Mine is Bad Brad’s #6, Preece’s #60, The Dinger’s #16, and Bowman’s #48",2026-02-11
t3_1r2t4xo,Noah Gragson's Daytona 500 qualifying lap disallowed for using banned tactic,https://www.reddit.com/r/nascar/comments/1r2t4xo/,/u/TylerFortier_Photo,2026-02-12 13:15:59+00:00,">In every superspeedway race of the Next Gen era, NASCAR Cup drivers can be seen placing their hands against the opening between the A-pillar and window net in an effort to find every possible aero advantage. Drivers have gone as far as manipulating their gloves, including the infamous case where Joey Logano was penalized for illegal webbed racing gloves.

>To avoid the situation entirely, [NASCAR implemented a new rule for the 2026 season, stating that drivers can no longer use their hands to deflect air during qualifying runs.](https://www.motorsport.com/nascar-cup/news/nascar-rule-book-update-bans-using-hands-to-deflect-air-while-driving-/10795835/)

>Well, one driver forgot about that. Noah Gragson, driving the No. 4 Front Row Motorsports Ford, placed his hand against that opening during his qualifying run on Wednesday. His 49.504s lap would have left him deep in the pack anyway, but when NASCAR saw him use the now-banned tactic, officials disallowed his qualifying time.",2026-02-12
t3_1r2wwyy,"Team Resource Rankings, Accurate?",https://www.reddit.com/r/nascar/comments/1r2wwyy/,/u/PSU02,2026-02-12 15:48:06+00:00,"Obligatory yeah yeah, I used AI to compile this all into 1 table. But it can be hard to find a list of the resources/budget of each team in the Cup series. So since AI can sometimes hallucinate I thought I'd ask the experts. Are these team resource rankings accurate?

# Complete Team Resources Rankings

|Rank|Team|Charter Cars|Est. Resources|Notes|
|:-|:-|:-|:-|:-|
|1|Hendrick Motorsports|4|Highest ($315M val, $120M sponsors)|Elite Chevy R&D |
|2|Joe Gibbs Racing|4|$230M val, Toyota support|Massive purse shares ​|
|3|Team Penske|3|$152M val, Ford/PG empire|Diversified income ​|
|4|Stewart-Haas Racing (Haas Factory Team)|2+ (41,?)|$165M val|Gene Haas funding ​|
|5|Richard Childress Racing|3 (3,8,97?)|$158M val|Liberty/Castrol ​|
|6|23XI Racing|3 (23,35,45,67?)|$150M val|Jordan/McD ​|
|7|Trackhouse Racing|3 (1,88,97)|$100M+, Marks|Unlimited potential ​|
|8|RFK Racing|3 (6,17,60,99?)|$75M+, Fenway/Hendrick|Alliance boost ​|
|9|Front Row Motorsports|3 (34,36,38)|Mid charters, Gibbs tie|Opportunistic ​|
|10|Spire Motorsports|3 (7,71,77)|Hendrick alliance|Rising budget ​|
|11|JTG Daugherty Racing|1 (assumed #47?)|Single charter|Steady sponsors|
|12|Wood Brothers Racing|1 (21)|Historic, Motorcraft|Limited depth ​|
|13|Kaulig Racing|2 (10,16)|Xfinity focus|CELSIUS backing ​|
|14|Legacy Motor Club|2 (42,43,84?)|Silversmith|Improving ​|
|15|Rick Ware Racing|1 (51)|Minimal charters|Survival mode ​|
|16|Live Fast Motorsports|1 (78)|Open-heavy|Low funding ​|
|17|Beard Motorsports|0|Open (62)|Sporadic entries|
|18|NY Racing Team|0|Open (44)|Budget-limited|
|19|Garage 66|0|Open (66)|Part-time|
|20+|JR Motorsports, HYAK, etc.|0|Open (40,47)|Non-charter scraps ​|

  
",2026-02-12
t3_1r5nk5n,"[Front Row Motorsports] For the 2nd time this Speedweeks, Noah is the victim of the 66 not knowing how to stop.",https://www.reddit.com/r/nascar/comments/1r5nk5n/,/u/US_Highway15,2026-02-15 19:28:18+00:00,,2026-02-15
t3_1r6p68g,"2026 LASTCAR Cup, O'Reilly, & Truck series Chase standings (After Daytona I)",https://www.reddit.com/r/nascar/comments/1r6p68g/,/u/TIFUthebestSubreddit,2026-02-16 23:09:29+00:00,"Cup Series Playoff standings (Race 1/26)

1) BJ McLeod 82

2) Chase Briscoe 46

3) Justin Allgaier 43

4) Casey Mears 42

5) Austin Dillon 41

6) Alex Bowman 40

7) Austin Cindric 38

8) Connor Zilisch 38

9) Todd Gilliland 37

10) Jimmie Johnson 34

11) Christopher Bell 30

12) John Hunter Nemechek 27

13) Denny Hamlin 26

14) Shane van Gisbergen 26

15) AJ Allmendinger 25

16) Corey Heim 24

_____________________________________________

17) Ross Chastain 23

18) Cody Ware 23

19) Ryan Blaney 22

20) Ryan Preece 20

21) Cole Custer 20

22) Ty Gibbs 18

23) Kyle Busch 18

24) Michael McDowell 17

25) Erik Jones 16

26) William Byron 16

27) Ty Dillon 15

28) Carson Hocevar 13

29) Chris Buescher 12

30) Kyle Larson 11

31) Anthony Alfredo 10 (Pts from duel)

32) Josh Berry 9

33) JJ Yeley 9 (Pts from Duel)

34) Daniel Suarez 8

35) Noah Gragson 6

36) Corey LaJoie 6 (Pts from duel)

37) Bubba Wallace 5

38) Riley Herbst 4

39) Zane Smith 3

40) Chandler Smith 3 (Pts from duel) 

41) Brad Keselowski 1

42) Chase Elliott 1

43) Joey Logano 1

44) Ricky Stenhouse Jr 1

45) Tyler Reddick 1

**___________________________**

O'Reilly Playoff standings (Race 1/26)

1) Mason Maggio 75

2) Gio Ruggerio 53

3) Nick Sanchez 48

4) Harrison Burton 40

5) Dean Thompson 33

6) Luke Fenhaus 33

7) Josh Williams 32

8) Corey Day 32

9) Sheldon Creed 32

10) Natalie Decker 31

11) Sam Mayer 31

12) Jeremy Clements 30

_____________________________________________

13) Brandon Jones 28

14) Taylor Gray 26

15) William Sawalich 24

16) Jeb Burton 23

17) Carson Hocevar 23

18) Austin Green 20

19) Carson Ware 20

20) Daniel Dye 19

21) Patrick Staropoli 16

22) Josh Bilicki 15

23) Lavar Scott 14

24) Kyle Sieg 13

25) Parker Retzlaff 12

26) Patrick Emerling 11

27) Brennan Poole 10

28) Anthony Alfredo 9

29) Rajah Caruth 8

30) Jesse Love 7

31) Blaine Perkins 6

32) Carson Kvapil 5

33) Ryan Ellis 5

34) Sammy Smith 5

35) Ryan Sieg 5

36) Jordan Anderson 2

37) Justin Allgaier 1

38) Austin Hill 1


**___________________________**

Truck series Chase standings (Race 1/18)

1) Cleetus McFarland 75

2) Jason White 46

3) Tony Stewart 43

4) Jake Garcia 38

5) Jason Kitzmiller 37

6) Daniel Hemric 34

7) Carson Hocevar 34

8) Corey LaJoie 33

9) Layne Riggs 30

10) Josh Reaume 29

_____________________________________________

11) Grant Enfinger 28

12) Taylor Gray 27

13) Clay Greenfield 27

14) Frankie Muniz 27

15) Dawson Sutton 26

16) Spencer Boyd 25

17) Kris Wright 24

18) Michael McDowell 23

19) Tanner Gray 22

20) Justin Haley 21

21) Mini Tyrell 19

22) Daniel Dye 16

23) Travis Pastrana 16

24) Cole Butcher 13

25) Andres Perez de Lara 12

26) Ben Rhodes 11

27) Nick Leitz 10

28) Stewart Friesen 929) Tyler Ankrum 8

30) Kaden Honeycutt 7

31) Butterbean Queen 6

32) Ricky Stenhouse Jr 6

33) Chandler Smith 5

34) John Hunter Nemechek 4

35) Ty Majeski 3

36) Christian Eckes 2

37) Gio Ruggerio 1",2026-02-16
t3_1r7j48h,Beginners Guide to NASCAR's Full Time Drivers,https://www.reddit.com/r/nascar/comments/1r7j48h/,/u/JoeRogan016,2026-02-17 21:19:08+00:00,"It's a new season, new rules, and a new (old) era! With that I thought it made sense to make a basic overview of the cup drivers for anyone new or old fans returning to the sport. Hopefully you can find someone to keep an eye on across the season! I've done my best to be objective, but like everyone I have my biases.


#97: Shane Van Gisbergen. The road course demon driving for Trackhouse. He won 4 out of 5 such races last year. There are only a select few drivers who can rival him in his element, but everywhere else he still has a ways to go to be competitive. He's not afraid to move someone or get his hands dirty when the chips are down, but overall he's a smooth, cool headed driver. The more complex the track, the brighter he shines.

#88: Connor Zilisch. The only rookie in the field, also driving for Trackhouse. One of the youngest in the field at 19, and yet quite mature according to those who know him. Connor is one of the most hyped rookies to come up to cup in many years. His debut season in Xfinity/O’rielly saw him take 10 wins and EIGHTEEN top fives in a row! People expect great things from him this season and in the years to come.

#77: Carson Hocevar. Given that he just signed a long term contract extension with Spire, it's safe to say this kid is their star driver for the foreseeable future. He's fast, aggressive, and full of potential. But that also comes with mistakes which have cost him both finishes and reputation with the rest of the garage. Has yet to win a race, but he's come just short over and over again. It's only a matter of time till he pulls it off.

#71: Michael McDowell. Spire’s oldest current driver at 41, winner of the Daytona 500, and solid all-round driver. He's known to be outspoken about his religion and a father of many children. Was also known as one of the best drivers on the road courses as well, but given SVG’s current dominance it might be some time before he takes another.

#60: Ryan Preece got his big break with Roush Fenway Keselowski Racing last year, after leaving the sunsetting Stewart Haas team. Born and raised in the north east US racing scene. Preece is a short track ace infamous for his awful superspeedway luck. While still technically on the hunt for his first win, he placed first in the Clash at Bowman Gray at the start of the year.

#54: Ty Gibbs. The youngest driver at his grandfather's team, Joe Gibbs Racing. Expectations were high after his tenure in the lower divisions. He's a champion in the ARCA and Xfinity/O’Reilly series. However his cup career has been slow going despite driving cars for one of the top teams. Also hunting for his first win.

#48: Alex Bowman. Taking over the number from the seven time champion Jimmie Johnson, Bowman has become known today as the 4th and weakest Hendrick car. His overall results were noticeably lower than his teammates despite driving top tier equipment. Many fans see his car as the best chance for their favorite driver to drive top tier equipment, speculation is everywhere about him losing his ride. This is the best chance in years he's had to prove them all wrong.

#47: Ricky Stenhouse Jr. The lone driver for Hyak Motorsports. His career has been chaotic and prone to conflict with many drivers young and old alike. However he's also made a name for himself as a respectable superspeedway driver, even winning a Daytona 500. He won't be winning championships anytime soon, but his team has shown surprising speed on rare occasions.

#45: Tyler Reddick. Starr driver of Micheal Jordan and Denny Hamlin’s team, 23XI. Winner of this year's Daytona 500. He made a name for himself by pulling off multi-win seasons in midpack Richard Childress equipment. He was poached by his current team in 2023, leaving sore feelings and burned bridges. If 23XI wins a championship, Reddick will almost certainly be the one to do it.

#43: Erik Jones. Former Joe Gibbs driver and winner of the Southern 500. He now drives for the up and coming Legacy Motor Club, run by former champion Jimmie Johnson. Last season Jones came close to winning more than once, and is a dark horse pick to pull off a surprise win this year.

#42: John Hunter Nemechek. Teammate of Erik Jones at LMC and son of former driver Joe Nemechek. He’s somewhat prone to mistakes and has yet to make a name for himself, but has shown flashes of potential on occasion.

#41: Cole Custer. The only driver left in the once great Stewart Haas team, now Haas Factory Team. His lone win came almost six years ago, and it doesn't seem like that will change anytime soon. The fate of this driver and his team is very much unsure at the moment.

#38: Zane Smith. Driver for Front Row Motorsports. An inconsistent mid pack team. Much like his team when he gets those rare days when he's on, he's a contender to win. He just needs to have more of those on days.

#35: Riley Herbst. A 23XI driver. His rookie season last year was…less than stellar. He finished second to last in the points and was almost completely forgotten by everyone except his team. But at this year's Daytona 500 he finally got his shining moment, pushing his teammate to the win on the final lap before wrecking himself.

#34: Todd Gilliland. Son of former driver David Gilliland, and Zane Smith's teammate at FRM. Though he is technically driving the team's flagship car, more often than not Smith is the one with better finishes. But he's still young and has a lot to learn.

#24: William Byron. The successor to four time champion Jeff Gordon. Byron has already had a strong career, winning 16 cup races before the age of 30, including 2 Daytona 500’s. He's come just short of the championship multiple times and has recently developed a reputation of failing to close out races. With the new rules it will be more important than ever for Byron to turn his misfortune around if he wants to finally take a championship.

#23: Bubba Wallace. Full name William Darrell Wallace Jr. He completes the 3 car team of 23XI. Known for being a hot head and wearing his emotions on his sleeve. He's proven himself to be a winner, including a victory at the Brickyard 400. However he's also a bit inconsistent. This year will be his chance to join his teammate, and prove that he can compete with the best for a championship.

#22: Joey Logano. Penske’s most successful active driver with three championships, and 35 victories with the team. A polarizing driver in both attitude and performance. Known for his ability to make the most of even the worst scenarios, this year will be his chance to prove that he's a winner regardless of the rules. Also helps that it's an even year…

#21: Josh Berry. He was left out of a ride when Stewart Haas fell apart, and managed to find stability with one of the oldest teams in the sport. The newly reforming/Penske allied Wood Brothers. Despite having a win and some decent runs last season, he had the worst playoff run in history to cap off the year. They will certainly be looking for redemption this year.

#20: Christopher Bell. Joe Gibbs’ bread and butter driver. Known for driving clean, getting good finishes, and taking as much as he can get no matter the track. Make no mistake he's proven himself a highly skilled driver, getting at least one win every year he's been with the team. He's come very close to a championship multiple times. Thanks to the new format his chances are looking better than ever.

#19: Chase Briscoe. Gibbs newest driver, and another Stewart Haas refugee. There was doubt if he was worthy of replacing the championship driver Martin Truex Jr last year, but he swiftly put the doubts to rest with 8 poles, 3 wins (including the Southern 500), and 3rd in the championship. Now the only question is can he finish the job in only his second year with the team?

#17: Chris Buescher. It's fitting that he's taken the 17 car because he's quickly made a reputation as the new Matt Kenseth. While RFK is no longer the powerhouse team It was in the early 2000’s, he's still finished high in the points and earned himself a handful of wins, including a victory against SVG at Watkins Glen. A sleeper pick to make the top 10 in points this year.

#16: AJ Allmendinger. Kaulig Racing’s veteran driver and road course expert. He lost his Penske ride in 2012 to a failed drug test (it was Adderall). After completing rehab he bounced around various mid/back marker teams, went into soft retirement, then Kaulig brought him back in 2021 and he's been slowly improving ever since. While he's best on the road courses, he's found surprising speed on some ovals as well.

#12: Ryan Blaney. Penske's long run, flat track master and in-car-radio demon. He won the championship in 2023 and has had at least 3 wins a season for the last 3 years. He shows no signs of slowing down. Much like a certain other champion, his greatest weakness is his many DNF’s. Unlike Larson however he's very solid on superspeedways.

#11: Denny Hamlin. Gibbs veteran driver and NASCAR legend. 60 wins. 3 Daytona 500’s. 3 Southern 500’s. 1 Coca Cola 600. Zero championships. This fact has haunted his career for over a decade, now made even worse by his final run at Phoenix last year losing the championship in the final restart to a bad pit call. This plus his off season from hell and legal battles with NASCAR have earned this traditional villain character more fans than he's had in a very long time.

#10: Ty Dillon. Grandson of Richard Childress, and current teammate of AJ Allmendinger in Kaulig. He's spent his whole career driving for mid to backmarker teams, though he's never shown himself capable of more. If the rumors of Kaulig going to Dodge next year are true, that may be the best chance Ty Dillon will ever get to show what he can really do.

#9: Chase Elliott. Full name William Clyde Elliott II, Son of champion Bill Elliott, 2020 champion, and the most popular driver in NASCAR. Famous for his cool under pressure demeanor and rock solid consistency. He may not win as many races as he used to, but he's still a champion level driver in a championship capable car. Expect him to be top 10 to top 5 in points this year

Also his fans seem to have a blood feud with his crew chief.

#8: Kyle Busch. Two time champion with an infamously antagonistic personality. Since he was removed from Gibbs and moved to RCR he seems to have mellowed out somewhat. His last season was his worst on record, with no wins and not even making it to the first championship round. One of the few active legends on the track, this will likely be the season that shows if he has any fight left in him.

#7: Daniel Suarez. Former Trackhouse star and the only Mexican driver in cup. He was replaced in favor of the rookie sensation Connor Zilisch. Suarez previously drove for top teams including Stewart Haas and Joe Gibbs. But his only wins came with the team he just left. Now he’s replaced Justin Haley at Spire, but this season will be his final chance to prove he belongs in the cup series.

#6: Brad Keselowski. 2012 champion and majority owner of RFK Racing. He's begun to develop a reputation for putting his team above his own career, on top of his resilience in the face of injury. Despite a broken leg in the off season, that hasn't stopped him from taking a top five at Daytona to start the year. There’s a strong chance he wins a race this year if this trend continues.

#5: Kyle Larson. The defending two time champion. He's known for his aggressive driving style that pushes his car to the razor's edge. The result is either a dominant win where he leads the most laps by far, or he crashes half way through. Despite being fast on most tracks, he does have a small weakness on superspeedways. Time will tell if he can adjust to the new format and defend his title.

#4: Noah Gragson. An attention grabbing personality with awful luck getting caught in wrecks. His was by far the worst of the FRM cars with only three top tens and a single top five. This year he will need to prove that he can keep up with the rest of his team, or else his seat will be in grave danger indeed.

#3: Austin Dillon. Grandson of Richard Childress, and inheritor of a number made famous by the late Dale Earnhardt. So far he's not had near the success the intimidator earned. He occasionally has a good run, but more often than not he finishes midpack. The one exception is Richmond for some reason? Somehow this typically mediocre driver has won at that track two years in a row in dominant fashion (though not always without controversy).

#2: Austin Cindric. His career started strong with a Daytona 500 win, but in the former Penske flagship car he's only won three races in four years. He's not a terrible driver, but he still has a ways to go before he can rival his teammates. It remains to be seen how long Penske will let him keep trying.

#1: Ross Chastain. The veteran Trackhouse driver made famous for his Martinsville wall ride to make the final championship round in 2022. His early career consisted of taking any ride he could find until he got his big break thanks to Chip Ganassi Racing…taking a solar company sponsor which was later found out to be a ponzi scheme by the FBI…

Last year was a down year for the team overall. Few drivers have fought through and overcome as much adversity as the Melon Man.

#51: Cody Ware. I'll be honest I almost forgot about this dude, Rick Ware Racing is pretty much irrelevant. They made the top 20 only twice the entire season last year. They finished dead last, over a hundred and fifty points behind Herbst. Even part time driver Katherine Legge in a non charter team matched his results with only SEVEN STARTS through the whole year! That's how bad this team is!


Also, some honorable mentions for the part time drivers!

#62: Anthony Alfredo. Driving for Beard Motorsports. They have on occasion shown speed comparable to some charter cars! Possibly the ultimate dark horse pick for a win someday.

#67: Corey Heim. Last year's truck series champion with TWELVE wins! He'll get 12 starts in the cup series this year with solid 23XI cars. This will be his first big chance to prove that he can keep up with the best in the top Nascar series. Has a fierce rivalry with cup driver Ty Gibbs.

#66: Casey Mears. Former Hendrick driver who got his only win in the 2007 Coca Cola 600. A hard working driver driving absolute junk.

#44: JJ Yeley. 2009 F1 champion. Former Joe Gibbs driver. Wheelman of scrap metal. I have no idea how this guy keeps showing up after all these years.",2026-02-17
t3_1rd08vj,"2025 LASTCAR Cup, O'Reilly, and Truck Standings (After Atlanta I)",https://www.reddit.com/r/nascar/comments/1rd08vj/,/u/TIFUthebestSubreddit,2026-02-24 01:07:56+00:00,"Cup Series Chase standings (Race 2/26)

1) BJ McLeod 128

2) Josh Berry 74

3) Austin Dillon 70

4) Connor Zilisch 66

5) Todd Gilliland 63

6) Ty Gibbs 62

7) Austin Cindric 62

8) Alex Bowman 61

9) Kyle Busch 55

10) JJ Yeley 50

11) Christopher Bell 49

12) Cody Ware 48

13) Chase Briscoe 47

14) John Hunter Nemechek 47

15) Erik Jones 47

16) Cole Custer 45

_____________________________________________

17) Ricky Stenhouse Jr 45

18) Riley Herbst 44

19) Justin Allgaier 43

20) Casey Mears 42

21) William Byron 42

22) Kyle Larson 41

23) Denny Hamlin 37

24) Shane van Gisbergen 36

25) Michael McDowell 35

26) AJ Allmendinger 35

27) Jimmie Johnson 34

28) Ryan Preece 31

29) Ryan Blaney 30

30) Ty Dillon 29

31) Carson Hocevar 25

32) Chris Buescher 25

33) Corey Heim 24

34) Ross Chastain 24

35) Noah Gragson 18

36) Joey Logano 17

37) Brad Keselowski 17

38) Daniel Suarez 11

39) Bubba Wallace 11

40) Chase Elliott 10

41) Anthony Alfredo 10

42) Zane Smith 8

43) Corey LaJoie 6

44) Chandler Smith 3

45) Tyler Reddick 2

**___________________________**

O'Reilly Chase standings (Race 2/26)

1) Mason Maggio 99

2) Kyle Sieg 88

3) Harrison Burton 87

4) Gio Ruggerio 78

5) Ryan Sieg 58

6) Josh Williams 57

7) Jeremy Clements 57

8) Blaine Perkins 56

9) Luke Fenhaus 51

10) Nick Sanchez 49

11) Dean Thompson 46

12) William Sawalich 45

_____________________________________________

13) Joey Gase 44

14) Sam Mayer 44

15) Anthony Alfredo 42

16) Lavar Scott 40

17) Austin Green 39

18) Jeb Burton 37

19) Brandon Jones 36

20) Carson Kvapil 35

21) Cody Ware 34

22) Corey Day 34

23) Sammy Smith 33

24) Taylor Gray 33

25) Sheldon Creed 33

26) Justin Allgaier 32

27) Natalie Decker 31

28) Josh Bilicki 28

29) Brennan Poole 27

30) Patrick Staropoli 27


**___________________________**

Truck series Chase standings (Race 2/18)

1) Christian Eckes 78

2) Cleetus McFarland 75

3) Daniel Hemric 68

4) Spencer Boyd 61

5) Tanner Gray 60

6) Josh Reaume 59

7) Dawson Sutton 58

8) Layne Riggs 57

9) Grant Enfinger 57

10) Frankie Muniz 54

_____________________________________________

11) Justin Carroll 50

12) Caleb Costner 50

13) Jason White 46

14) Jake Garcia 45

15) Cole Butcher 44

16) Tony Stewart 43

17) Kris Wright 42

18) Mini Tyrell 39

19) Ty Majeski 38

20) Jason Kitzmiller 37

21) Tyler Tomassi 37

22) Carson Hocevar 34

23) Corey LaJoie 33

24) Kaden Honeycutt 33

25) Justin Haley 31

26) Stewart Friesen 29

27) Daniel Dye 29

28) Taylor Gray 27

29) Clayton Green 27

30) Clay Greenfield 27",2026-02-24
t3_1reg2qf,Front Row Motorsports question,https://www.reddit.com/r/nascar/comments/1reg2qf/,/u/watches_and_warnings,2026-02-25 15:20:43+00:00,"A couple of years ago it was said that FRM were or would be receiving Tier One support from Ford and support from Team Penske. Since then, we haven't heard much about it. Did this come to fruition?

McDowell ran better that year (I believe it was the year he won on the RC at IMS). Gilliland ran better, but nothing that was really that shocking.

Zane has been running better since late last season, but it seems like Noah has trouble keeping it out of the wall (whether bad-luck, or self-inflicted) and Todd Gilliland has been almost non-existent. Is this due to not actually having T1 support? Or driver regression? Something else?",2026-02-25
t3_1rj85i3,"2026 LASTCAR Cup, O'Reilly, and Truck series Chase standings (After COTA/St. Pete)",https://www.reddit.com/r/nascar/comments/1rj85i3/,/u/TIFUthebestSubreddit,2026-03-02 22:57:21+00:00,"Cup Series Chase standings (Race 3/26)

1) BJ McLeod 128

2) Alex Bowman 103

3) Chase Briscoe 102

4) Austin Dillon 101

5) Josh Berry 99

6) Austin Cindric 93

7) Erik Jones 92

8) Todd Gilliland 91

9) Cody Ware 88

10) Connor Zilisch 86

11) Cole Custer 79

12) Ricky Stenhouse Jr 72

13) John Hunter Nemechek 68

14) Kyle Busch 66

15) Riley Herbst 66

16) Ty Gibbs 65

_____________________________________________

17) Carson Hocevar 60

18) Ross Chastain 58

19) Noah Gragson 57

20) William Byron 54

21) Christopher Bell 52

22) JJ Yeley 50

23) Zane Smith 49

24) Ryan Preece 48

25) Chris Buescher 48

26) Kyle Larson 46

27) Denny Hamlin 46

28) Ty Dillon 44

29) AJ Allmendinger 43

30) Justin Allgaier 43

31) Casey Mears 42

32) Michael McDowell 39

33) Daniel Suarez 39

34) Brad Keselowski 38

35) Shane van Gisbergen 37

36) Ryan Blaney 37

37) Jimmie Johnson 34

38) Joey Logano 33

39) Jesse Love 26

40) Corey Heim 24

41) Bubba Wallace 23

42) Chase Elliott 17

43) Anthony Alfredo 10

44) Corey LaJoie 6

45) Tyler Reddick 3

46) Chandler Smith 3

**___________________________**

O'Reilly Chase standings (Race 3/26)

1) Harrison Burton 117

2) Kyle Sieg 110

3) Mason Maggio 99

4) Jeremy Clements 89

5) Nick Sanchez 80

6) Blaine Perkins 78

7) Gio Ruggerio 78

8) Austin Hill 76

9) Dean Thompson 74

10) Ryan Sieg 72

11) Austin Green 70

12) Josh Bilicki 70

_____________________________________________

13) Anthony Alfredo 68

14) Lavar Scott 60

15) Ryan Ellis 57

16) Josh Williams 57

17) Sam Mayer 56

18) Jeb Burton 53

19) Carson Kvapil 52

20) Luke Fenhaus 51

21) William Sawalich 50

22) Brandon Jones 49

23) Baltazar Leguizamon 49

24) Sage Karam 48

25) Parker Retzlaff 47

26) Sheldon Creed 46

27) Patrick Staropoli 45

28) Taylor Gray 44

29) Joey Gase 44

30) Rajah Caruth 43


**___________________________**

Truck series Chase standings (Race 3/18)

1) Frankie Muniz 98

2) Christian Eckes 97

3) Dawson Sutton 91

4) Tanner Gray 91

5) Grant Enfinger 79

6) Daniel Hemric 76

7) Cleetus McFarland 75

8) Wesley Slimp 75

9) Mini Tyrell 68

10) Jake Garcia 63

_____________________________________________

11) Spencer Boyd 61

12) Kris Wright 61

13) Josh Reaume 59

14) Layne Riggs 58

15) Cole Butcher 58

16) Stewart Friesen 57

17) Tyler Ankrum 53

18) Justin Haley 52

19) Justin Carroll 50

20) Caleb Costner 50

21) Derek White 49

22) Timmy Hill 48

23) Jason White 46

24) Brendan Queen 46

25) Daniel Dye 46

26) Tony Stewart 43

27) Adam Andretti 42

28) Ty Majeski 40

29) Nathan Nicholson 38

30) Kaden Honeycutt 38",2026-03-02
t3_1rmnezy,I have a what if scenario: FRM runs a third part-time Truck for Gilliland and Zane Smith,https://www.reddit.com/r/nascar/comments/1rmnezy/,/u/Tough_Guard_9460,2026-03-06 19:21:41+00:00,"I think it would be cool if Todd Gilliland and Zane Smith could make some select starts in the truck series again. 
They could even run the #36. Thoughts?",2026-03-06
t3_1rpeefu,2026 LASTCAR Cup & O'Reilly Chase standings (aaftet Phoenix II),https://www.reddit.com/r/nascar/comments/1rpeefu/,/u/TIFUthebestSubreddit,2026-03-09 22:06:32+00:00,"Cup Series Chase standings (Race 4/26)

1) Chase Briscoe 167

2) Josh Berry 130

3) BJ McLeod 128

4) Austin Cindric 126

5) Cole Custer 126

6) Cody Ware 125

7) Connor Zilisch 117

8) Austin Dillon 116

9) Noah Gragson 110

10) Erik Jones 104

11) Alex Bowman 103

12) Todd Gilliland 102

13) Kyle Busch 95

14) Ricky Stenhouse Jr 93

15) John Hunter Nemechek 92

16) Ross Chastain 85

_____________________________________________

17) Riley Herbst 83

18) Zane Smith 83

19) Carson Hocevar 79

20) Ty Dillon 69

21) Daniel Suarez 68

22) Ty Gibbs 68

23) Ryan Preece 65

24) Brad Keselowski 63

25) Joey Logano 63

26) AJ Allmendinger 61

27) Chris Buescher 61

28) William Byron 60

29) Christopher Bell 53

30) Denny Hamlin 50

31) JJ Yeley 50

32) Anthony Alfredo 49

33) Michael McDowell 49

34) Kyle Larson 48

35) Shane van Gisbergen 47

36) Justin Allgaier 43

37) Casey Mears 42

38) Chase Elliott 39

39) Ryan Blaney 38

40) Jimmie Johnson 34

41) Bubba Wallace 26

42) Jesse Love 26

43) Austin Hill 24

44) Corey Heim 24

45) Tyler Reddick 10

46) Corey LaJoie 6

47) Chandler Smith 3

**___________________________**

O'Reilly Chase standings (Race 4/26)

1) Mason Maggio 142

2) Harrison Burton 138

3) Ryan Ellis 133

4) Kyle Sieg 132

5) Nick Sanchez 130

6) Austin J Hill 121

7) Blaine Perkins 105

8) Josh Bilicki 105

9) Lavar Scott 98

10) Jeremy Clements 98

11) Dean Thompson 97

12) Austin Green 90

_____________________________________________

13) Ryan Sieg 87

14) William Sawalich 85

15) Gio Ruggerio 78

16) Anthony Alfredo 76

17) Patrick Staropoli 69

18) Joey Gase 65

19) Brandon Jones 63

20) Brennan Poole 60

21) Sam Mayer 59

22) Parker Retzlaff 59

23) Jeb Burton 58

24) Josh Williams 57

25) Taylor Gray 57

26) Carson Kvapil 53

27) Dawson Cram 51

28) Luke Fenhaus 51

29) Baltazar Leguizamon 49

30) Rajah Caruth 49",2026-03-09
t3_1rvrtef,2026 LASTCAR Cup & Xfinity Chase Standings (After Las Vegas I),https://www.reddit.com/r/nascar/comments/1rvrtef/,/u/TIFUthebestSubreddit,2026-03-17 00:40:16+00:00,"Cup Series Chase standings (Race 5/26)

1) Chase Briscoe 177

2) Cody Ware 172

3) Josh Berry 170

4) Cole Custer 162

5) Connor Zilisch 149

6) Noah Gragson 147

7) Todd Gilliland 146

8) Austin Cindric 145

9) Ricky Stenhouse Jr 130

10) BJ McLeod 128

11) Austin Dillon 128

12) Kyle Busch 125

13) Erik Jones 124

14) Shane van Gisbergen 118

15) John Hunter Nemechek 113

16) Ty Dillon 112

_____________________________________________

17) Riley Herbst 106

18) Alex Bowman 103

19) Ross Chastain 102

20) Carson Hocevar 101

21) Zane Smith 97

22) Daniel Suarez 86

23) Justin Allgaier 85

24) AJ Allmendinger 85

25) Michael McDowell 84

26) Joey Logano 78

27) Ryan Preece 76

28) Ty Gibbs 73

29) Brad Keselowski 73

30) Chris Buescher 67

31) William Byron 63

32) Christopher Bell 57

33) Kyle Larson 55

34) Ryan Blaney 54

35) Denny Hamlin 51

36) JJ Yeley 50

37) Anthony Alfredo 49

38) Casey Mears 42

39) Chase Elliott 41

40) Bubba Wallace 35

41) Jimmie Johnson 34

42) Jesse Love 26

43) Corey Heim 24

44) Austin Hill 24

45) Tyler Reddick 23

46) Corey LaJoie 6

47) Chandler Smith 3

**___________________________**

O'Reilly Chase standings (Race 5/26)

1) Nick Sanchez 185

2) Ryan Ellis 176

3) Mason Maggio 175

4) Harrison Burton 155

5) Kyle Sieg 144

6) Josh Bilicki 135

7) Blaine Perkins 132

8) Jeremy Clements 129

9) Dean Thompson 126

10) Lavar Scott 123

11) Austin J Hill 121

12) Ryan Sieg 119

_____________________________________________

13) Austin Green 113

14) Anthony Alfredo 107

15) Joey Gase 104

16) Sam Mayer 102

17) Patrick Staropoli 96

18) Taylor Gray 92

19) William Sawalich 92

20) Nathan Byrd 88

21) Jeb Burton 84

22) Gio Ruggerio 78

23) Brennan Poole 78

24) Brandon Jones 74

25) Josh Williams 71

26) Rajah Caruth 71

27) Parker Retzlaff 69

28) Carson Kvapil 62

29) Chandler Smith 59

30) Dawson Cram 51",2026-03-17
t3_1rw6x6z,Todd Gilliland’s Bill Elliott throwback for Darlington,https://www.reddit.com/r/nascar/comments/1rw6x6z/,/u/SoupMadeFreshDaily,2026-03-17 13:43:49+00:00,https://x.com/team\_frm/status/2033891924227059864?s=46,2026-03-17
t3_1s1x4d0,"2026 LASTCAR Cup, Xfinity, and Truck Chase standings (After Darlington I)",https://www.reddit.com/r/nascar/comments/1s1x4d0/,/u/TIFUthebestSubreddit,2026-03-23 23:20:06+00:00,"Cup Series Chase standings (Race 6/26)

1) Cody Ware 225

2) Cole Custer 199

3) Chase Briscoe 188

4) Josh Berry 186

5) Todd Gilliland 177

6) Noah Gragson 175

7) Connor Zilisch 166

8) Ricky Stenhouse Jr 163

9) Ty Dillon 155

10) Austin Dillon 152

11) Austin Cindric 149

12) Kyle Busch 145

13) John Hunter Nemechek 143

14) Riley Herbst 140

15) Erik Jones 133

16) Shane van Gisbergen 131

_____________________________________________

17) BJ McLeod 128

18) Joey Logano 123

19) AJ Allmendinger 119

20) Zane Smith 118

21) Ross Chastain 117

22) Justin Allgaier 110

23) Carson Hocevar 104

24) Alex Bowman 103

25) Michael McDowell 103

26) Daniel Suarez 92

27) Ryan Preece 88

28) Kyle Larson 86

29) Ty Gibbs 78

30) Timmy Hill 76

31) Bubba Wallace 76

32) Christopher Bell 75

33) Chris Buescher 75

34) Brad Keselowski 74

35) William Byron 70

36) Denny Hamlin 61

37) Ryan Blaney 56

38) Chase Elliott 55

39) JJ Yeley 50

40) Anthony Alfredo 49

41) Casey Mears 42

42) Jimmie Johnson 34

43) Jesse Love 26

44) Tyler Reddick 24

45) Corey Heim 24

46) Austin Hill 24

47) Corey LaJoie 6

48) Chandler Smith 3

**___________________________**

O'Reilly Chase standings (Race 6/26)

1) Ryan Ellis 221

2) Nick Sanchez 199

3) Kyle Sieg 179

4) Blaine Perkins 177

5) Mason Maggio 175

6) Harrison Burton 175

7) Lavar Scott 158

8) Josh Bilicki 153

9) Joey Gase 141

10) Austin Green 147

11) Jeremy Clements 146

12) Dean Thompson 145

_____________________________________________

13) Nathan Byrd 134

14) Ryan Sieg 130

15) Patrick Staropoli 128

16) Austin J Hill 121

17) Anthony Alfredo 117

18) Sam Mayer 110

19) Jeb Burton 109

20) William Sawalich 107

21) Taylor Gray 105

22) Brennan Poole 94

23) Josh Williams 93

24) Rajah Caruth 92

25) Austin E Hill 79

26) Gio Ruggerio 78

27) Brandon Jones 75

28) Parker Retzlaff 75

29) Alex Labbe 71

30) Carson Kvapil 65


**___________________________**

Truck series Chase standings (Race 4/18)

1) Frankie Muniz 127

2) Josh Reaume 112

3) Mini Tyrell 111

4) Dawson Sutton 110

5) Tanner Gray 104

6) Spencer Boyd 103

7) Christian Eckes 100

8) Kris Wright 99

9) Ben Rhodes 93

10) Caleb Costner 86

_____________________________________________

11) Jake Garcia 86

12) Cole Butcher 86

13) Grant Enfinger 86

14) Daniel Hemric 85

15) Justin Carroll 82

16) Stewart Friesen 82

17) Tyler Ankrum 77

18) Wesley Slimp 75

19) Cleetus McFarland 75

20) Clayton Green 73

21) Ty Majeski 71

22) Layne Riggs 70

23) Brendan Queen 69

24) Andres Perez de Lara 67

25) Justin Haley 52

26) Timmy Hill 48

27) Carson Hocevar 58

28) Corey LaJoie 54

29) Derek White 49

30) Jason White 46",2026-03-23
t3_1s2fk92,The winless drivers,https://www.reddit.com/r/nascar/comments/1s2fk92/,/u/Randybobandy75,2026-03-24 14:36:48+00:00,"Who will be next?  Who will have the most career wins? Who do you think deserves a better ride? Who should go back down to the lower series?....and which guy probably should hang it up??

Here are the facts

Ryan Preece 35 years old 229 career starts 
4 ORAPS/Truck wins

Ty Dillon 34 years old 287 career starts
4 ORAPS/Truck wins

Cody ware 30 years old 148 career starts
No wins anywhere 

John Hunter Nemechek 28 years old 119 career starts 
24 ORAPS/Truck wins 

Noah Gragson 27 years old 117 career starts 
15 ORAPS/Truck wins

Riley Herbst 27 years old 50 career starts 
3 ORAPS wins

Zane Smith 26 years old 87 career starts 
9 Truck wins

Todd Gilliland 25 years old 150 starts 
3 Truck wins 

Ty Gibbs 23 years old 129 starts 
12 ORAPS wins

Carson Hocevar 87 starts 
5 Truck wins

Connor Zilisch 19 years old 9 starts 
11 ORAPS wins

I think Preece is the next to win...maybe even this week!!! 

I have to go with CZ with the most potential for the most career wins

I think Zane has a ton of talent and is outperforming the FRM cars...I would love to see him take over the 6,2 or 21 

I think the other two FRM drivers would excel in the lower series, send Dillon and Riley down there too. 

Hocevar, Gibbs, CZ, Preece and JHN are the right places for now. 

Cody ware probably should be a professional dog food tester. ",2026-03-24
t3_1s797ui,Visiting Charlotte again - shops to visit?,https://www.reddit.com/r/nascar/comments/1s797ui/,/u/KM964,2026-03-29 22:34:54+00:00,"Hey guys, I am going to Charlotte in a few weeks and plan on going to several shops in addition to the Hall of Fame, again. The trip will be Thursday through Saturday for the upcoming Heritage Invitational. I plan on saving the HOF for Saturday after the show since they are open on Saturday while most shops are not.

Last year I visited RFK, Hendrick, Childress, and Penske. This year I do plan on visiting those same four shops again, but adding 23XI and Joe Gibbs to that list. And possibly Front Row Motorsports. I am also considering the NC Motorsports Hall of Fame.

Any other NASCAR related things I should consider? Or places to go to get diecast or possibly some sheet metal?",2026-03-29
t3_1s871bw,2026 LASTCAR Cup & Xfinity Chase standings (after Martinsville I),https://www.reddit.com/r/nascar/comments/1s871bw/,/u/TIFUthebestSubreddit,2026-03-30 23:32:32+00:00,"Cup Series Chase standings (Race 7/26)

1) Cody Ware 276

2) Cole Custer 238

3) Noah Gragson 210

4) Ricky Stenhouse Jr 205

5) Todd Gilliland 201

6) Chase Briscoe 201

7) Ty Dillon 201

8) Connor Zilisch 198

9) Josh Berry 195

10) John Hunter Nemechek 189

11) Austin Dillon 179

12) Riley Herbst 175

13) Kyle Busch 174

14) Austin Cindric 156

15) Erik Jones 153

16) Zane Smith 151

_____________________________________________

17) AJ Allmendinger 150

18) Shane van Gisbergen 141

19) Ross Chastain 132


20) Justin Allgaier 131

21) BJ McLeod 128

22) Joey Logano 125

23) Carson Hocevar 120

24) Michael McDowell 120

25) Bubba Wallace 111

26) Daniel Suarez 111

27) Alex Bowman 103

28) Ryan Preece 99

29) Kyle Larson 94

30) Chris Buescher 93

31) Brad Keselowski 86

32) Ty Gibbs 81

33) Christopher Bell 81

34) Timmy Hill 76

35) William Byron 74

36) Austin Hill 71

37) Denny Hamlin 62

38) Ryan Blaney 61

39) Chase Elliott 56

40) JJ Yeley 50

41) Anthony Alfredo 49

42) Casey Mears 42

43) Tyler Reddick 38

44) Jimmie Johnson 34

45) Jesse Love 26

46) Corey Heim 24

47) Corey LaJoie 6

48) Chandler Smith 3

**___________________________**

O'Reilly Chase standings (Race 7/26)

1) Ryan Ellis 260

2) Nick Sanchez 226

3) Kyle Sieg 213

4) Josh Bilicki 200

5) Harrison Burton 195

6) Blaine Perkins 193

7) Jeremy Clements 191

8) Joey Gase 189

9) Lavar Scott 182

10) Austin Green 175

11) Mason Maggio 175

12) Anthony Alfredo 164

_____________________________________________

13) Dean Thompson 151

14) Patrick Staropoli 144

15) Ryan Sieg 141

16) Jeb Burton 137

17) Nathan Byrd 133

18) Sam Mayer 131

19) Josh Williams 128

20) William Sawalich 125

21) Austin J Hill 121

22) Taylor Gray 116

23) Rajah Caruth 115

24) Brennan Poole 106

25) Garrett Smithley 100

26) Carson Kvapil 91

27) Brandon Jones 91

28) Austin E Hill 84

29) Parker Retzlaff 84

30) Alex Labbe 71",2026-03-30
t3_1s9461i,"I just learned that Todd Gilliland, Christian Ekes and Harrison Burton are the same age. Idk but that’s weird to me.",https://www.reddit.com/r/nascar/comments/1s9461i/,/u/hilbyy,2026-03-31 23:45:20+00:00,What are some drivers you either thought were older or thought were younger.,2026-03-31
t3_1s9ye21,Zane Smith’s Vermeer Midwest scheme for Chicagoland [Front Row Motorsports on X],https://www.reddit.com/r/nascar/comments/1s9ye21/,/u/Comfortable_Rock4877,2026-04-01 21:42:13+00:00,https://x.com/team\_frm/status/2039418594342187285?s=46,2026-04-01
t3_1skpbrf,"2026 LASTCAR Cup, Xfinity, and Truck Chase Standings (After Bristol I)",https://www.reddit.com/r/nascar/comments/1skpbrf/,/u/TIFUthebestSubreddit,2026-04-13 21:52:52+00:00,"Cup Series Chase standings (Race 8/26)

1) Cody Ware 314

2) Cole Custer 277

3) Ty Dillon 237

4) Noah Gragson 235

5) John Hunter Nemechek 234

6) Connor Zilisch 231

7) Josh Berry 226

8) Ricky Stenhouse Jr 221

9) Todd Gilliland 210

10) Chase Briscoe 205

11) Kyle Busch 198

12) Austin Dillon 196

13) Riley Herbst 195

14) Shane van Gisbergen 191

15) Erik Jones 175

16) Austin Cindric 171

_____________________________________________

17) Alex Bowman 169

18) Zane Smith 169

19) AJ Allmendinger 164

20) Ross Chastain 151

21) Michael McDowell 143

22) Justin Allgaier 131

23) Joey Logano 131

24) Carson Hocevar 129

25) BJ McLeod 128

26) Daniel Suarez 122

27) Bubba Wallace 121

28) William Byron 117

29) Christopher Bell 113

30) Ryan Preece 106

31) Chris Buescher 105

32) Brad Keselowski 99

33) Kyle Larson 96

34) Ty Gibbs 82

35) Chase Elliott 77

36) Timmy Hill 76

37) Austin Hill 71

38) Denny Hamlin 70

39) Ryan Blaney 62

40) Chad Finchum 52

41) JJ Yeley 50

42) Anthony Alfredo 49

43) Casey Mears 42

44) Tyler Reddick 41

45) Jimmie Johnson 34

46) Jesse Love 26

47) Corey Heim 24

48) Corey LaJoie 6

49) Chandler Smith 3

**___________________________**

O'Reilly Chase standings (Race 9/26)

1) Ryan Ellis 321

2) Joey Gase 280

3) Kyle Sieg 271

4) Josh Bilicki 260

5) Austin Green 255

6) Blaine Perkins 234

7) Jeremy Clements 227

8) Nick Sanchez 226

9) Lavar Scott 225

10) Harrison Burton 224

11) Mason Maggio 222

12) Anthony Alfredo 220

_____________________________________________

13) Sam Mayer 214

14) Garrett Smithley 213

15) Dean Thompson 203

16) Patrick Staropoli 203

17) Josh Williams 186

18) Jeb Burton 166

19) Ryan Sieg 157

20) Nathan Byrd 154

21) Brennan Poole 134

22) William Sawalich 131

23) Rajah Caruth 129

24) Taylor Gray 129

25) Austin J Hill 121

26) Austin E Hill 112

27) Brandon Jones 109

28) Dawson Cram 100

29) Carson Kvapil 97

30) Parker Retzlaff 97


**___________________________**

Truck series Chase standings (Race 6/18)

1) Frankie Muniz 224

2) Clayton Green 184

3) Spencer Boyd 177

4) Mini Tyrell 158

5) Kris Wright 158

6) Andres Perez de Lara 143

7) Timmy Hill 140

8) Tanner Gray 140

9) Dawson Sutton 136

10) Caleb Costner 132

_____________________________________________

11) Cole Butcher 124

12) Grant Enfinger 124

13) Ben Rhodes 122

14) Daniel Hemric 121

15) Christian Eckes 118

16) Josh Reaume 112

17) Chandler Smith 109

18) Brenden Queen 108

19) Ty Majeski 102

20) Stewart Friesen 102

21) Carson Hocevar 101

22) Jake Garcia 101

23) Tyler Ankrum 96

24) Layne Riggs 95

25) Justin Haley 94

26) Corey LaJoie 90

27) Adam Andretti 88

28) Justin Carroll 82

29) Cleetus McFarland 75

30) Wesley Slimp 75",2026-04-13
t3_1sr4bof,2026 LASTCAR Cup & O'Reilly Chase standings (After Kansas I),https://www.reddit.com/r/nascar/comments/1sr4bof/,/u/TIFUthebestSubreddit,2026-04-20 21:54:05+00:00,"Cup Series Chase standings (Race 9/26)

1) Cody Ware 388

2) Cole Custer 306

3) Ty Dillon 280

4) Connor Zilisch 270

5) Noah Gragson 269

6) John Hunter Nemechek 261

7) Josh Berry 252

8) Ricky Stenhouse Jr 241

9) Kyle Busch 239

10) Shane van Gisbergen 231

11) Todd Gilliland 226

12) AJ Allmendinger 213

13) Austin Dillon 211

14) Zane Smith 209

15) Riley Herbst 208

16) Chase Briscoe 207

_____________________________________________

17) Erik Jones 199

18) Alex Bowman 186

19) Michael McDowell 184

20) Austin Cindric 182

21) Ross Chastain 177

22) Joey Logano 161

23) Carson Hocevar 141

24) Daniel Suarez 140

25) Christopher Bell 132

26) Justin Allgaier 131

27) BJ McLeod 128

28) Bubba Wallace 125

29) William Byron 123

30) Ryan Preece 116

31) Chris Buescher 1114

32) Brad Keselowski 104

33) Kyle Larson 97

34) Ty Gibbs 90

35) Ryan Blaney 85

36) Chase Elliott 84

37) Timmy Hill 76

38) Denny Hamlin 73

39) Austin Hill 71

40) Chad Finchum 52

41) JJ Yeley 50

42) Anthony Alfredo 49

43) Tyler Reddick 42

44) Casey Mears 42

45) Corey Heim 38

46) Jimmie Johnson 34

47) Jesse Love 26

48) Corey LaJoie 6

49) Chandler Smith 3

**___________________________**

O'Reilly Chase standings (Race 10/26)

1) Ryan Ellis 342

2) Joey Gase 307

3) Austin Green 291

4) Josh Bilicki 287

5) Kyle Sieg 285

6) Mason Maggio 260

7) Blaine Perkins 256

8) Anthony Alfredo 252

9) Harrison Burton 251

10) Lavar Scott 243

11) Jeremy Clements 241

12) Nick Sanchez 226

_____________________________________________

13) Sam Mayer 222

14) Patrick Staropoli 216

15) Dean Thompson 213

16) Garrett Smithley 213

17) Josh Williams 202

18) Ryan Sieg 181

19) Nathan Byrd 179

20) Jeb Burton 178

21) Carson Kvapil 172

22) Austin E Hill 159

23) William Sawalich 153

24) Brennan Poole 152

25) Parker Retzlaff 150

26) Rajah Caruth 149

27) Dawson Cram 134

28) Blake Lothian 133

29) Taylor Gray 130

30) Austin J Hill 121",2026-04-20
t3_1swvzvm,Top 10 Most Starts Without a Win,https://www.reddit.com/r/nascar/comments/1swvzvm/,/u/NASCARUnderdogs77,2026-04-27 06:51:27+00:00,"Unless I'm missing something, these are the drivers with the most starts without winning a single time, either in a specific series or overall:

Most Starts Without a Cup Win (active)

J.J. Yeley  - 397 (pt)

Ty Dillon - 291

Corey LaJoie - 276 (pt)

Ryan Preece - 233

Todd Gilliland - 154

Cody Ware - 152

B.J. McLeod - 151 (pt)

Timmy Hill - 145 (pt)

John Hunter Nemechek - 123

Noah Gragson - 121

Most Starts Without an O'Reilly Win (active)

Ryan Sieg - 411

J.J. Yeley - 398 (pt)

Joey Gase - 314 (pt)

David Starr - 271 (pt)

Josh Williams - 258

Garrett Smithley - 212 (pt)

Brennan Poole - 201

Ryan Ellis - 175

Alex Labbé - 166 (pt)

Anthony Alfredo - 162

Most Starts Without a Truck Win (active)

Norm Benning - 260 (pt)

Tanner Gray - 148

Timmy Hill - 123 (pt)

Josh Reaume - 86 (pt)

Jake Garcia - 81

Clay Greenfield - 74 (pt)

Kaden Honeycutt - 65

Taylor Gray - 57 (pt)

Kris Wright - 55 

Daniel Dye - 49 (pt)

Most Starts Without a Win (active)  
J.J. Yeley - 832  
Ryan Sieg - 525  
Timmy Hill - 511  
Joey Gase - 413

B.J. McLeod - 365  
Corey Lajoie - 316

Garrett Smithley - 298

Brennan Poole - 282  
Norm Benning - 267  
Josh Williams - 265

Most Starts Without a Cup Win (all-time)

J.D. McDuffie - 653

Buddy Arrington - 560

Neil Castles - 498

Dave Blaney - 473

Jimmy Means - 455

Cecil Gordon - 449

G.C. Spencer - 415

Frank Warren - 397

J.J. Yeley - 397

Henley Gray - 374

Most Starts Without an O'Reilly Win (all-time)

Ryan Sieg - 411

J.J. Yeley - 398

Mark Green - 318

Joey Gase 314

Mike Harmon - 290

Eric McClure - 288

Tony Raines - 282

David Starr - 271

Josh Williams - 258

Timmy Hill - 243

Most Starts Without a Truck Win (all-time)  
Norm Benning - 260 

Jennifer Jo Cobb - 234

Jason A. White  - 157

Lance Norick - 154

Tanner Gray - 148

Austin Wayne Self - 147

Bill Lester - 143

Jordan Anderson - 139

Timmy Hill - 123

T.J. Bell - 121

Most Starts Without a Win (all-time)

J.J. Yeley - 832

J.D. McDuffie - 664

Buddy Arrington - 560

Ryan Sieg - 525

Timmy Hill - 511

Neil Castles - 498

Jimmy Means - 458

Cecil Gordon - 449

G.C. Spencer - 415

Joey Gase - 413",2026-04-27
t3_1sxivk2,2026 LASTCAR Cup & O'Reilly Chase standings (after Talladega I),https://www.reddit.com/r/nascar/comments/1sxivk2/,/u/TIFUthebestSubreddit,2026-04-27 22:26:56+00:00,"Cup Series Chase standings (Race 10/26)

1) Cody Ware 388

2) Cole Custer 306

3) Ty Dillon 280

4) Connor Zilisch 270

5) Noah Gragson 269

6) John Hunter Nemechek 261

7) Josh Berry 252

8) Ricky Stenhouse Jr 241

9) Kyle Busch 239

10) Shane van Gisbergen 231

11) Todd Gilliland 226

12) AJ Allmendinger 213

13) Austin Dillon 211

14) Zane Smith 209

15) Riley Herbst 208

16) Chase Briscoe 207

_____________________________________________

17) Erik Jones 199

18) Alex Bowman 186

19) Michael McDowell 184

20) Austin Cindric 182

21) Ross Chastain 177

22) Joey Logano 161

23) Bubba Wallace 163

24) Kyle Larson 162

25) William Byron 158

26) Daniel Suarez 148

27) Christopher Bell 145

28) Carson Hocevar 142

29) Brad Keselowski 134

30) Justin Allgaier 131

31) Ryan Preece 130

32) BJ McLeod 128

33) Ryan Blaney 125

34) Ty Gibbs 122

35) Chris Buescher 115

36) Denny Hamlin 90

37) Chase Elliott 85

38) Chad Finchum 84

39) Timmy Hill 76

40) Austin Hill 71

41) Tyler Reddick 52

42) JJ Yeley 50

43) Anthony Alfredo 49

44) Jesse Love 49

45) Casey Mears 42

46) Corey Heim 38

47) Joey Gase 36

48) Jimmie Johnson 34

49) Daniel Dye 27

50) Corey LaJoie 6

51) Chandler Smith 3

**___________________________**

O'Reilly Chase standings (Race 11/26)

1) Ryan Ellis 342

2) Joey Gase 307

3) Austin Green 291

4) Josh Bilicki 287

5) Kyle Sieg 285

6) Anthony Alfredo 281

7) Mason Maggio 280

8) Harrison Burton 276

9) Patrick Staropoli 269

10) Lavar Scott 267

11) Blaine Perkins 266

12) Sam Mayer 245

_____________________________________________

13) Jeremy Clements 244

14) Garrett Smithley 241

15) Josh Williams 235

16) Nick Sanchez 226

17) Dean Thompson 217

18) Jeb Burton 202

19) Ryan Sieg 200

20) Carson Kvapil 192

21) William Sawalich 179

22) Nathan Byrd 179

23) Rajah Caruth 177

24) Dawson Cram 176

25) Austin Hill 170

26) Brennan Poole 166

27) Taylor Gray 157

28) Parker Retzlaff 157

29) Blake Lothian 133

30) Brandon Jones 122",2026-04-27
t3_1sxm4zp,"After Race 10 in Talladega, here is what the cup series points would look like IF we still had win and your in with the CURRENT point system.",https://www.reddit.com/r/nascar/comments/1sxm4zp/,/u/Suspicious-Dust-6628,2026-04-28 00:44:35+00:00,"1. Tyler Reddick WIN(x5)  
2. Denny Hamlin WIN  
3. Ryan Blaney WIN  
4. Chase Elliott WIN  
5. TY Gibbs WIN  
6. Carson Hocevar WIN  
7. Kyle Larson +93  
8. Chris Buescher +87  
9. Christopher Bell +68  
10. Brad Keselowski +57  
11. William Byron +55  
12. Bubba Wallace +54  
13. Ryan Preece +47  
14. Daniel Suarez +13  
15. Joey Logano +12  
16. Austin Cindric +4  
\--------------------------------------------------------------------------  
17. Chase Briscoe -4  
18. Ross Chastain -21  
19. Shane Van Gisbergen -31  
20. Zane Smith -43  
21. AJ Allmendinger -43  
22. Todd Gilliland -45  
23. Michael McDowell -47  
24. Austin Dillion -63  
25. Ricky Stenhouse Jr -65  
26. Erik Jones -65  
27. Kyle Busch -66  
28. Josh Berry -79  
29. Riley Herbst -82  
30. Noah Gragson -82  
31. John Hunter Nemechek -85  
32. TY Dillion -104  
33. Connor Zilisch -124  
34. Cole Custer -138  
35. Cody Ware -142  
36. Alex Bowman -147",2026-04-28
t3_1szqvzg,Question about something Denny said on his podcast regarding Gilliland getting a lap back,https://www.reddit.com/r/nascar/comments/1szqvzg/,/u/84UTK07,2026-04-30 09:15:19+00:00,"If I’m understanding correctly what Denny said on his podcast this week, he was alleging that Todd Gilliland got a lap back at Talladega that he wasn’t supposed to and NASCAR supposedly acknowledged its mistake but just let him keep the lap. Do I have this right? If so, how exactly did this happen? Did he take the wave around when he wasn’t supposed to or something like that? And if so, why wouldn’t NASCAR correct it? ",2026-04-30
t3_1t3w1ca,"2026 LASTCAR Cup, Xfinity, and Truck Chase standings (After Texas)",https://www.reddit.com/r/nascar/comments/1t3w1ca/,/u/TIFUthebestSubreddit,2026-05-04 21:55:05+00:00,"Cup Series Chase standings (Race 11/26)

1) Cody Ware 443

2) Cole Custer 396

3) Ty Dillon 316

4) Josh Berry 313

5) Connor Zilisch 307

6) Noah Gragson 302

7) John Hunter Nemechek 298

8) Todd Gilliland 274

9) Kyle Busch 263

10) Shane van Gisbergen 262

11) Ricky Stenhouse Jr 260

12) Chase Briscoe 258

13) Riley Herbst 252

14) AJ Allmendinger 249

15) Joey Logano 248

16) Austin Dillon 246

_____________________________________________

17) Michael McDowell 238

18) Zane Smith 237

19) Erik Jones 228

20) Christopher Bell 219

21) Ross Chastain 204

22) Austin Cindric 204

23) Kyle Larson 199

24) Alex Bowman 188

25) Bubba Wallace 170

26) William Byron 164

27) Ty Gibbs 163

28) Daniel Suarez 152

29) Carson Hocevar 147

30) Brad Keselowski 145

31) Ryan Preece 142

32) Ryan Blaney 133

33) Chad Finchum 132

34) Justin Allgaier 131

35) BJ McLeod 128

36) Chris Buescher 118

37) Denny Hamlin 91

38) Chase Elliott 86

39) Timmy Hill 76

40) Austin Hill 71

41) Corey Heim 67

42) Tyler Reddick 54

43) JJ Yeley 50

44) Anthony Alfredo 49

45) Jesse Love 49

46) Casey Mears 42

47) Joey Gase 36

48) Jimmie Johnson 34

49) Daniel Dye 27

50) Corey LaJoie 6

51) Chandler Smith 3

**___________________________**

O'Reilly Chase standings (Race 12/26)

1) Ryan Ellis 402

2) Joey Gase 357

3) Austin Green 346

4) Kyle Sieg 333

5) Josh Bilicki 326

6) Mason Maggio 321

7) Harrison Burton 296

8) Anthony Alfredo 291

9) Blaine Perkins 289

10) Lavar Scott 284

11) Patrick Staropoli 284

12) Garrett Smithley 276

_____________________________________________

13) Dawson Cram 252

14) Jeremy Clements 252

15) Josh Williams 251

16) Sam Mayer 246

17) Jeb Burton 234

18) Dean Thompson 231

19) Nick Sanchez 226

20) Ryan Sieg 212

21) Rajah Caruth 209

22) Carson Kvapil 201

23) Taylor Gray 194

24) William Sawalich 192

25) Brennan Poole 184

26) Nathan Byrd 179

27) Austin Hill 175

28) Parker Retzlaff 160

29) Corey Day 134

30) Blake Lothian 133


**___________________________**

Truck series Chase standings (Race 7/18)

1) Frankie Muniz 260

2) Clayton Green 213

3) Spencer Boyd 202

4) Kris Wright 197

5) Cole Butcher 189

6) Mini Tyrell 180

7) Andres Perez de Lara 174

8) Caleb Costner 171

9) Tanner Gray 169

10) Grant Enfinger 157

_____________________________________________

11) Dawson Sutton 153

12) Josh Reaume 143

13) Timmy Hill 140

14) Corey LaJoie 133

15) Jake Garcia 131

16) Christian Eckes 129

17) Daniel Hemric 129

18) Ben Rhodes 128

19) Brenden Queen 127

20) Justin Haley 122

21) Stewart Friesen 122

22) Chandler Smith 120

23) Tyler Ankrum 112

24) Ty Majeski 112

25) Carson Hocevar 103

26) Layne Riggs 102

27) Adam Andretti 88

28) Justin Carroll 82

29) Kaden Honeycutt 79

30) Cleetus McFarland 75",2026-05-04
t3_1taih4x,"2026 LASTCAR Cup, Xfinity, and Truck Chase standings (after Watkins Glen)",https://www.reddit.com/r/nascar/comments/1taih4x/,/u/TIFUthebestSubreddit,2026-05-11 22:20:19+00:00,"Cup Series Chase standings (Race 12/26)

1) Cody Ware 478

2) Cole Custer 411

3) Josh Berry 358

4) Ty Dillon 355

5) Noah Gragson 331

6) Connor Zilisch 325

7) John Hunter Nemechek 312

8) Joey Logano 303

9) Todd Gilliland 298

10) Ricky Stenhouse Jr 289

11) Riley Herbst 279

12) Michael McDowell 276

13) Kyle Busch 269

14) Shane van Gisbergen 263

15) Chase Briscoe 260

16) Zane Smith 259

_____________________________________________

17) AJ Allmendinger 254

18) Austin Dillon 250

19) Erik Jones 246

20) Christopher Bell 239

21) Ross Chastain 229

22) Kyle Larson 223

23) Alex Bowman 215

24) Austin Cindric 211

25) William Byron 208

26) Bubba Wallace 197

27) Brad Keselowski 145

28) Ty Gibbs 164

29) Daniel Suarez 163

30) Ryan Preece 159

31) Carson Hocevar 148

32) Ryan Blaney 142

33) Chad Finchum 132

34) Justin Allgaier 131

35) BJ McLeod 128

36) Chris Buescher 128

37) Chase Elliott 108

38) Denny Hamlin 105

39) Timmy Hill 76

40) Austin Hill 71

41) Corey Heim 67

42) Tyler Reddick 57

43) JJ Yeley 50

44) Anthony Alfredo 49

45) Jesse Love 49

46) Katherine Legge 45

47) Casey Mears 42

48) Joey Gase 36

49) Jimmie Johnson 34

50) Daniel Dye 27

51) Josh Bilicki 26

52) Corey LaJoie 6

53) Chandler Smith 3

**___________________________**

O'Reilly Chase standings (Race 13/26)

1) Ryan Ellis 448

2) Kyle Sieg 363

3) Patrick Staropoli 359

4) Joey Gase 357

5) Austin Green 353

6) Josh Bilicki 346

7) Mason Maggio 321

8) Lavar Scott 313

9) Anthony Alfredo 313

10) Blaine Perkins 313

11) Harrison Burton 311

12) Jeremy Clements 291

_____________________________________________

13) Garrett Smithley 276

14) Dean Thompson 269

15) Jeb Burton 264

16) Sam Mayer 257

17) Dawson Cram 252

18) Josh Williams 251

19) William Sawalich 242

20) Ryan Sieg 233

21) Nick Sanchez 226

22) Rajah Caruth 219

23) Carson Kvapil 216

24) Brennan Poole 202

25) Taylor Gray 195

26) Austin Hill 184

27) Nathan Byrd 179

28) Parker Retzlaff 165

29) Corey Day 147

30) Blake Lothian 133


**___________________________**

Truck series Chase standings (Race 8/18)

1) Frankie Muniz 260

2) Cole Butcher 236

3) Kris Wright 226

4) Clayton Green 213

5) Tanner Gray 204

6) Spencer Boyd 202

7) Grant Enfinger 194

8) Mini Tyrell 191

9) Andres Perez de Lara 187

10) Ben Rhodes 178

_____________________________________________

11) Dawson Sutton 172

12) Caleb Costner 171

13) Timmy Hill 168

14) Christian Eckes 145

15) Corey LaJoie 145

16) Justin Haley 145

17) Josh Reaume 143

18) Jake Garcia 142

19) Stewart Friesen 141

20) Ty Majeski 140

21) Brenden Queen 136

22) Carson Hocevar 134

23) Daniel Hemric 133

24) Tyler Ankrum 129

25) Chandler Smith 128

26) Layne Riggs 123

27) Adam Andretti 121

28) Wesley Slimp 120

29) Tyler Reif 88

30) Gio Ruggerio 87",2026-05-11
t3_1tb9uqz,"Chandler Smith, Noah Gragson and Zane Smith’s Hard Rock Casino schemes for Sonoma and San Diego [Front Row Motorsports on X]",https://www.reddit.com/r/nascar/comments/1tb9uqz/,/u/Comfortable_Rock4877,2026-05-12 18:14:27+00:00,https://x.com/team\_frm/status/2054263352923238851?s=46,2026-05-12
t3_1td6qy1,[Pockrass] Silly Season Tracker,https://www.reddit.com/r/nascar/comments/1td6qy1/,/u/Several-Result5902,2026-05-14 18:24:34+00:00,"Notes include:

Spire with the Hendrick Alliance possibly being a place for Bowman, Zilisch or Day if Hendrick needs to find a Cup Spot for any of them.

Bob Jenkins and Sponsor Love's like Todd Gilliland so he should get renewed but implies Gragson might be out saying he's got a strong personality but the results don't show.

Also mentions Preece as the Open RFK Car is a Possibility

Jesse Love remains a candidate for Legacy even with Herbst getting the 84",2026-05-14
t3_1tgp3vx,BELL 50% Wrecks,https://www.reddit.com/r/nascar/comments/1tgp3vx/,/u/YourFaceCausesMePain,2026-05-18 14:56:04+00:00,"He’s still in this and once this crap luck goes away he’s gonna get aggressive. I’m ready. He’s had a disaster of a season yet he’s still in the chase. 

—-

Christopher Bell has been involved in **at least 6 races** where his car sustained significant accident damage or he was taken out by wrecks across the season's first 12 NASCAR Cup Series points races.

**The specific incidents leading to heavy damage or early exits include:** 

**Daytona 500:** Caught up in a late-race wreck, resulting in a 35th-place finish. 

**Atlanta:** Collected in an early multi-car incident, leaving him with a 21st-place result. 

**Bristol:** Spun and hit the wall in Stage 1 while pushing hard to recover from a speeding penalty, breaking a toe-link on his No. 20 Toyota. 

**Kansas:** Squeezed into the wall and spun into the pit lane on an overtime restart, ending his winning bid. 

**Texas:** Led the race but was hit by a spinning car (Todd Gilliland) on Lap 68, which sent Bell hard into the outside wall and ended his day (38th-place DNF). 

**NASCAR All-Star Race (Dover):** Out in race 1 as he got involved in an accident and also race 3 where he got clipped and did not finish. ",2026-05-18
t3_1tk5qhh,Kyle Busch's legacy goes far beyond just himself and his family,https://www.reddit.com/r/nascar/comments/1tk5qhh/,/u/TakeDemPills,2026-05-22 02:31:42+00:00,"Bubba Wallace, Christopher Bell, William Byron, Daniel Suarez, Erik Jones, Todd Gilliland, John Hunter Nemechek, Riley Herbst, Noah Gragson, Corey Heim, Harrison Burton, Chandler Smith, Sammy Smith, and Christian Eckes are all drivers in the top 3 divisions of NASCAR who have Kyle Busch largely to thank for their careers playing out the way they have. Kyle always had a real eye for talent, and just about every guy he helped bring up found success in their own ways. In the coming weeks and months, it'd be nice to see the KBM graduates come together to just reminisce about one of the greatest to ever do it in a stock car. 



Rest in peace Kyle Busch, you're not gone, only a lap ahead <3",2026-05-22
t3_1tknj2f,The only drivers I want to see win this weekend,https://www.reddit.com/r/nascar/comments/1tknj2f/,/u/Mshel24,2026-05-22 16:09:58+00:00,"FORNER KBM DRIVERS : Erik Jones, Christopher Bell, Todd Gilliland, John Hunter Nemechek, William Byron, Denny Hamlin, Harrison Burton, Noah Gragson, Christian Eckes, Chandler Smith, Brandon Jones, Riley Herbst, Daniel Suarez, Corey Heim, Bubba Wallace, and Sammy Smith

CURRENT RCR DRIVERS : Austin Dillon, Austin Hill, and Jesse Love

CURRENT JGR DRIVERS : Chase Briscoe, Ty Gibbs, William Sawalich, Brent Crews, and Taylor Gray

CURRENT HENDRICK DRIVERS : Kyle Larson, Chase Elliott, Alex Bowman, and Corey Day

CURRENT SPIRE DRIVERS : Michael McDowell, Carson Hocevar, and Connor Zilisch

OTHERS : Tyler Ankrum cause he drives the 18 and Tyler Reddick cause he’s in Kurt’s 45

Rest in peace Rowdy. You will be missed.",2026-05-22
t3_1tl3mut,Father-child pairings that Kyle Busch raced against in NASCAR national series,https://www.reddit.com/r/nascar/comments/1tl3mut/,/u/1-800-DADJOKE,2026-05-23 02:28:55+00:00,"Before the Trucks race earlier this evening was called off for good, the FS1 crew interviewed Layne Riggs who'd said he didn't know Kyle all that well, but recalled conversations in driver intros about Kyle mentioning how he'd raced both him and his father, Scott.  

With how long he'd been racing and how many racing series he'd been in, I wondered just how many such pairs he'd done this with. I started doing some quick tallying and came up with quite a few duos, plus a trio. Also not all of these are fathers and sons! If there are any I missed, let me know and I will add to the list. Criteria is that Kyle Busch had to have made one start with each family member in Cup, Grand National, or Trucks.

Dave and Ryan Blaney  

Jeff and Harrison Burton  

Ward and Jeb Burton  

Kerry and Jeffrey Earnhardt  

Bill and Chase Elliott  

Coy and Ty Gibbs  

David and Todd Gilliland  

Bobby Hamilton Sr. and Jr.  

Jerry, Timmy, and Tyler Hill

Terry and Justin Labonte  

Randy and Corey LaJoie  

Sterling and Steadman Marlin  

Joe and John Hunter Nemechek  

Robert and Coleman Pressley  

Scott and Layne Riggs  

Mike and Chrissy Wallace  

Rusty and Steve Wallace",2026-05-23
t3_1tlr4at,Current Cup Series drivers who were part of Kyle Busch Motorsports,https://www.reddit.com/r/nascar/comments/1tlr4at/,/u/jafarjones69,2026-05-23 20:22:11+00:00,"John Hunter Nemechek - #4 2021/22

William Byron - #9 2016

Corey Heim - #51 2022

Bubba Wallace - #54 2013/2014

Daniel Suarez - #51 2015/16

Erik Jones - #4 2015 CHAMPION

Christopher Bell - #4 2016/17

Riley Herbst - #51 2020

Todd Gilliland - #4 #46 #51 2017/18/19

Noah Gragson - #18 2017/18

All under Kyle Busch's wing!",2026-05-23
t3_1tnm7kz,"2026 LASTCAR Cup, O'Reilly, and Truck Chase standings (After Charlotte I) (RIP Kyle Busch)",https://www.reddit.com/r/nascar/comments/1tnm7kz/,/u/TIFUthebestSubreddit,2026-05-25 21:17:24+00:00,"Cup Series Chase standings (Race 13/26)

1) Cody Ware 513

2) Cole Custer 424

3) Connor Zilisch 410

4) Josh Berry 384

5) Ty Dillon 377

6) Noah Gragson 352

7) John Hunter Nemechek 338

8) Todd Gilliland 318

9) Joey Logano 308

10) Ricky Stenhouse Jr 298

11) Riley Herbst 297

12) Michael McDowell 292

13) Chase Briscoe 291

14) Austin Dillon 283

15) Austin Cindric 273

16) Shane van Gisbergen 271

_____________________________________________

17) AJ Allmendinger 269

18) Kyle Busch 269 (RIP Rowdy 🕊)

19) Zane Smith 266

20) Ross Chastain 265

21) Erik Jones 256

22) Christopher Bell 242

23) Alex Bowman 233

24) Kyle Larson 225

25) Bubba Wallace 219

26) William Byron 214

27) Brad Keselowski 196

28) Ryan Preece 189

29) Carson Hocevar 173

30) Ty Gibbs 167

31) Chase Elliott 166

32) Daniel Suarez 165

33) Chris Buescher 155

34) Ryan Blaney 146

35) Chad Finchum 132

36) Justin Allgaier 131

37) Timmy Hill 130

38) BJ McLeod 128

39) Denny Hamlin 106

40) Austin Hill 96

41) Katherine Legge 92

42) Corey Heim 83

43) Tyler Reddick 58

44) JJ Yeley 50

45) Anthony Alfredo 49

46) Jesse Love 49

47) Casey Mears 42

48) Joey Gase 36

49) Jimmie Johnson 34

50) Daniel Dye 27

51) Josh Bilicki 26

52) Corey LaJoie 6

53) Chandler Smith 3

**___________________________**

O'Reilly Chase standings (Race 15/26)

1) Ryan Ellis 495

2) Josh Bilicki 399

3) Kyle Sieg 395

4) Patrick Staropoli 395

5) Harrison Burton 390

6) Joey Gase 389

7) Austin Green 377

8) Lavar Scott 376

9) Blaine Perkins 372

10) Jeb Burton 337

11) Jeremy Clements 334

12) Anthony Alfredo 332

_____________________________________________

13) Dawson Cram 329

14) Mason Maggio 321

15) Garrett Smithley 308

16) Sam Mayer 300

17) Dean Thompson 298

18) Taylor Gray 257

19) Josh Williams 251

20) Parker Retzlaff 246

21) William Sawalich 246

22) Ryan Sieg 244

23) Rajah Caruth 239

24) Brennan Poole 238

25) Carson Kvapil 228

26) Nick Sanchez 226

27) Nathan Byrd 209

28) Austin Hill 188

29) David Starr 183

30) Brandon Jones 175


**___________________________**

Truck series Chase standings (Race 10/18)

1) Frankie Muniz 311

2) Cole Butcher 305

3) Kris Wright 277

4) Spencer Boyd 263

5) Mini Tyrell 260

6) Andres Perez de Lara 234

7) Tanner Gray 228

8) Grant Enfinger 225

9) Dawson Sutton 216

10) Clayton Green 213

_____________________________________________

11) Caleb Costner 206

12) Ben Rhodes 202

13) Ty Majeski 195

14) Brenden Queen 192

15) Timmy Hill 188

16) Josh Reaume 181

17) Stewart Friesen 179

18) Justin Haley 177

19) Daniel Hemric 174

20) Tyler Ankrum 174

21) Chandler Smith 140

22) Carson Hocevar 165

23) Corey LaJoie 165

24) Jake Garcia 164

25) Christian Eckes 158

26) Luke Baldwin 155

27) Layne Riggs 127

28) Adam Andretti 121

29) Wesley Slimp 120

30) Gio Ruggerio 112",2026-05-25
t3_1tsiq5f,"[The Frontstretch] Ty Gibbs, Todd Gilliland & Ryan Preece on If/How NASCAR’s New Points Format Has Changed the Racing This Season",https://www.reddit.com/r/nascar/comments/1tsiq5f/,/u/USHighway14,2026-05-31 02:30:46+00:00,,2026-05-31
t3_1tu6cgl,"2026 LASTCAR CUP, O'Reilly & Truck Chase standings (After Nashville)",https://www.reddit.com/r/nascar/comments/1tu6cgl/,/u/TIFUthebestSubreddit,2026-06-01 21:25:46+00:00,"Cup Series Chase standings (Race 14/26)

1) Cody Ware 540

2) Connor Zilisch 485

3) Cole Custer 449

4) Josh Berry 413

5) Ty Dillon 390

6) Noah Gragson 368

7) John Hunter Nemechek 360

8) Todd Gilliland 340

9) Joey Logano 308

10) Ross Chastain 318

11) Riley Herbst 312

12) AJ Allmendinger 309

13) Michael McDowell 306

14) Austin Dillon 304

15) Ricky Stenhouse Jr 300

16) Austin Cindric 297

_____________________________________________

17) Chase Briscoe 292

18) Shane van Gisbergen 274

19) Zane Smith 273

20) Kyle Busch 269 (RIP Rowdy 🕊)

21) Erik Jones 265

22) Alex Bowman 264

23) Bubba Wallace 249

24) Kyle Larson 246

25) Christopher Bell 243

26) William Byron 242

27) Ryan Preece 239

28) Brad Keselowski 228

29) Carson Hocevar 183

30) Chris Buescher 182

31) Daniel Suarez 182

32) Ty Gibbs 178

33) Chad Finchum 172

34) Chase Elliott 171

35) Ryan Blaney 152

36) Justin Allgaier 131

37) Timmy Hill 130

38) BJ McLeod 128

39) Austin Hill 127

40) Denny Hamlin 107

41) Corey Heim 106

42) Katherine Legge 92

43) Tyler Reddick 62

44) JJ Yeley 50

45) Anthony Alfredo 49

46) Jesse Love 49

47) Casey Mears 42

48) Joey Gase 36

49) Jimmie Johnson 34

50) Daniel Dye 27

51) Josh Bilicki 26

52) Corey LaJoie 6

53) Chandler Smith 3

**___________________________**

O'Reilly Chase standings (Race 16/24) (i forgot there's 9 races in the O'Reilly chase not 7. I just now realized it should say 24 not 26 lol)

1) Ryan Ellis 530

2) Joey Gase 443

3) Josh Bilicki 437

4) Lavar Scott 418

5) Patrick Staropoli 418

6) Kyle Sieg 417

7) Harrison Burton 415

8) Austin Green 405

9) Blaine Perkins 390

10) Dawson Cram 377

11) Jeb Burton 358

12) Garrett Smithley 351

_____________________________________________

13) Mason Maggio 351

14) Jeremy Clements 350

15) Anthony Alfredo 347

16) Dean Thompson 311

17) Sam Mayer 302

18) Taylor Gray 294

19) Brennan Poole 257

20) Rajah Caruth 256

21) Parker Retzlaff 256

22) Ryan Sieg 255

23) Josh Williams 251

24) William Sawalich 247

25) Carson Kvapil 233

26) David Starr 228

27) Nick Sanchez 226

28) JJ Yeley 215

29) Nathan Byrd 209

30) Austin Hill 197


**___________________________**

Truck series Chase standings (Race 11/18)

1) Frankie Muniz 341

2) Cole Butcher 321

3) Kris Wright 305

4) Spencer Boyd 302

5) Mini Tyrell 280

6) Tanner Gray 268

7) Clayton Green 254

8) Andres Perez de Lara 253

9) Caleb Costner 245

10) Dawson Sutton 233

_____________________________________________

11) Grant Enfinger 232

12) Ben Rhodes 230

13) Brenden Queen 212

14) Justin Haley 210

15) Ty Majeski 207

16) Jake Garcia 202

17) Daniel Hemric 189

18) Timmy Hill 188

19) Corey LaJoie 187

20) Stewart Friesen 185

21) Josh Reaume 181

22) Tyler Ankrum 179

23) Chandler Smith 173

24) Christian Eckes 166

25) Carson Hocevar 165

26) Luke Baldwin 155

27) Tyler Reif 153

28) Layne Riggs 128

29) Gio Ruggerio 121

30) Adam Andretti 121",2026-06-01
t3_1tvcp0o,Whose autograph is this?,https://www.reddit.com/r/nascar/comments/1tvcp0o/,/u/LollyEllie,2026-06-03 02:56:03+00:00,Husband got me this autograph at the Atlanta Cup race back in February. He has no idea who it was 🙄 but Todd Gilliland was there at the same time. I thought maybe Chandler Smith but it doesn’t look similar enough. ,2026-06-03
t3_1twuuz3,Which current active drivers will never win a cup race?,https://www.reddit.com/r/nascar/comments/1twuuz3/,/u/-Tickery-,2026-06-04 17:42:37+00:00,"There are currently nine active drivers without a cup win throughout their career: Cody Ware, Connor Zilisch, Ty Dillon, Noah Gragson, John Hunter Nemecheck, Riley Herbst, Todd Gilliland, Zane Smith, & Ryan Preece. Which of them will be able to win at least once before their career is finished?",2026-06-04
t3_1u0q5dj,2026 LASTCAR Cup & Truck Chase standings (After Michigan),https://www.reddit.com/r/nascar/comments/1u0q5dj/,/u/TIFUthebestSubreddit,2026-06-09 00:45:36+00:00,"Cup Series Chase standings (Race 15/26)

1) Cody Ware 569

2) Connor Zilisch 561 (WE HAVE OURSELVES A LASTCAR BATTLLE NOW)

3) Cole Custer 460

4) Josh Berry 432

5) Ty Dillon 413

6) Noah Gragson 394

7) John Hunter Nemechek 376

8) Todd Gilliland 375

9) Austin Dillon 348

10) Ross Chastain 340

11) Michael McDowell 331

12) Ricky Stenhouse Jr 300

13) Joey Logano 326

14) AJ Allmendinger 325

15) Riley Herbst 324

16) Austin Cindric 307

_____________________________________________

17) Shane van Gisbergen 307

18) Zane Smith 305

19) Chase Briscoe 301

20) Alex Bowman 285

21) Christopher Bell 273

22) Kyle Busch 269 (RIP Rowdy 🕊)

23) Brad Keselowski 268

24) Ryan Preece 268

25) Erik Jones 266

26) William Byron 259

27) Bubba Wallace 251

28) Kyle Larson 249

29) Ty Gibbs 208

30) Chase Elliott 202

31) Chris Buescher 190

32) Daniel Suarez 187

33) Carson Hocevar 187

34) Chad Finchum 172

35) Ryan Blaney 159

36) Austin Hill 149

37) Justin Allgaier 131

38) Timmy Hill 130

39) BJ McLeod 128

40) Denny Hamlin 108

41) Corey Heim 106

42) Tyler Reddick 104

43) Katherine Legge 92

44) JJ Yeley 82

45) Anthony Alfredo 49

46) Jesse Love 49

47) Casey Mears 42

48) Joey Gase 36

49) Jimmie Johnson 34

50) Daniel Dye 27

51) Josh Bilicki 26

52) Corey LaJoie 6

53) Chandler Smith 3

**___________________________**

Truck series Chase standings (Race 12/18)

1) Frankie Muniz 369

2) Kris Wright 355

3) Cole Butcher 354

4) Spencer Boyd 340

5) Mini Tyrell 300

6) Dawson Sutton 298

7) Tanner Gray 286

8) Caleb Costner 285

9) Andres Perez de Lara 272

10) Clayton Green 254

_____________________________________________

11) Justin Haley 253

12) Ben Rhodes 251

13) Grant Enfinger 243

14) Ty Majeski 242

15) Josh Reaume 227

16) Brenden Queen 226

17) Corey LaJoie 216

18) Daniel Hemric 213

19) Jake Garcia 211

20) Stewart Friesen 207

21) Christian Eckes 198

22) Tyler Ankrum 189

23) Timmy Hill 188

24) Chandler Smith 178

25) Carson Hocevar 168

26) Luke Baldwin 155

27) Tyler Reif 153

28) Layne Riggs 137

29) Gio Ruggerio 133

30) Adam Andretti 121",2026-06-09
t3_1u271rm,Every Driver Possibility for the Wood Bros #21 car in 2027,https://www.reddit.com/r/nascar/comments/1u271rm/,/u/Fast-Loud,2026-06-10 16:24:35+00:00,"If I make the base assumption that the Wood Bros will choose from:

**1) Current Cup drivers that are not top 16 in points**

**2) O'Reilly/Truck drivers that are top 16 in points**

Then that leaves this list of potential candidates:

___

-Joey Logano

-Erik Jones

-Ryan Preece

-Michael McDowell

-AJ Allmendinger

-Zane Smith

-Ricky Stenhouse Jr.

-Ross Chastain

-Todd Gilliland

-Riley Herbst

-Austin Dillon

-John Hunter Nemechek

-Noah Gragson

-Ty Dillon

-Alex Bowman

-Cole Custer

-Connor Zilisch

-Cody Ware

-Justin Allgaier

-Jesse Love

-Corey Day

-Sheldon Creed

-Brandon Jones

-Austin Hill

-Carson Kvapil

-Sammy Smith

-William Sawalich

-Parker Retzlaff

-Sam Mayer

-Taylor Gray

-Rajah Caruth

-Brent Crews

-Ryan Sieg

-Brennan Poole

-Layne Riggs

-Kaden Honeycutt

-Chandler Smith

-Gio Ruggiero

-Christian Eckes

-Ben Rhodes

-Ty Majeski

-Tyler Ankrum

-Daniel Hemric

-Jake Garcia

-Corey Heim

-Stewart Friesen

-Grant Enfinger

-Brenden Queen

-Justin Haley

-Andres Perez

___

Some of those are **obviously not going to be the guy**, like Joey Logano, Corey Heim, Riley Herbst, and Ricky Stenhouse Jr, so here is a smaller subset that the 21 driver will almost certainly be chosen from:

___

***-Ryan Preece***

***-Michael McDowell***

***-AJ Allmendinger***

***-Zane Smith***

***-Todd Gilliland***

***-Noah Gragson***

***-Alex Bowman***

***-Justin Allgaier***

***-Jesse Love***

***-Sheldon Creed***

***-Austin Hill***

***-Carson Kvapil***

***-William Sawalich***

***-Parker Retzlaff***

***-Sam Mayer***

***-Taylor Gray***

***-Layne Riggs***

***-Chandler Smith***

***-Gio Ruggiero***

***-Ty Majeski***

___

The Cup drivers would basically have to lose their current ride to consider the 21, since its performance hasn't been substantially better than any other team and they're 30th in points.

The lower series drivers would jump from Chevy/Toyota to Ford in a heartbeat to get a chance at a Cup ride, unless the pathway to Cup in the next 3 years is already there in Chevy/Toyota, which seems like it only applies to Brent Crews and Corey Day.

Many of these drivers are ""not ready"" but have $10M+ money. Many of them have shown ability but do not have 10M+ money. The last 4 Wood Bros drivers were Paul Menard, Matt DiBenedetto, Harrison Burton, and Josh Berry, so it's reasonable to think both types are on the table.

___

Who would you pick and who do you think the Wood Bros are going to pick?",2026-06-10
t3_1u6dbaf,"The Day After the Races - June 15, 2026",https://www.reddit.com/r/nascar/comments/1u6dbaf/,/u/NASCARThreadBot,2026-06-15 11:00:06+00:00,"Welcome to this week's Day After the Races thread! The dust has settled, the track has cooled, and the confetti's been swept.  With this weekend's activities over, what are your thoughts?  Here's a summary of the previous week's race(s):

---

[NCS](#theNCS)[](#trackPocono) ***Great American Getaway 400 at Pocono Raceway***

**Elapsed Time**: 2:56:36 for 160 laps (400&nbsp;mi / 643.74&nbsp;km)

**Cautions**: 5 cautions for 23 laps

**Leaders**: 17 lead changes among 11 leaders (John H. Nemechek led most with 42)

**Stage 1**: Denny Hamlin at 30 Laps

**Stage 2**: Todd Gilliland at 95 Laps

**Race Winner**: Denny Hamlin at 160 Laps

[Current Standings at NASCAR.com](http://www.nascar.com/standings/nascar-cup-series)

**Race Threads**: [[Pre](/r/NASCAR/comments/1u5kjsl/prerace_discussion_thread_ncs_great_american/)]:[[Race](/r/NASCAR/comments/1u5oxa7/race_thread_ncs_great_american_getaway_400_at/)]:[[Post](/r/NASCAR/comments/1u5vlys/postrace_discussion_thread_ncs_great_american/)]

---

[NORAPS](#theNORAPS)[](#trackPocono) ***MillerTech Battery 250 at Pocono Raceway***

**Elapsed Time**: 2:31:28 for 100 laps (250&nbsp;mi / 402.34&nbsp;km)

**Cautions**: 10 cautions for 39 laps

**Leaders**: 18 lead changes among 10 leaders (Justin Allgaier led most with 35)

**Stage 1**: Taylor Gray at 25 Laps

**Stage 2**: Brent Crews at 50 Laps

**Race Winner**: Justin Allgaier at 100 Laps

[Current Standings at NASCAR.com](http://www.nascar.com/standings/nascar-oreilly-auto-parts-series)

**Race Threads**: [[Race](/r/NASCAR/comments/1u4z59e/race_thread_noraps_millertech_battery_250_at/)]:[[Post](/r/NASCAR/comments/1u54q0s/postrace_discussion_thread_noraps_millertech/)]",2026-06-15
t3_1u6wjun,2026 LASTCAR Cup & Xfinity Chase standings (After Pocono),https://www.reddit.com/r/nascar/comments/1u6wjun/,/u/TIFUthebestSubreddit,2026-06-15 23:10:14+00:00,"Cup Series Chase standings (Race 16/26)

1) Cody Ware 600

2) Connor Zilisch 589

3) Cole Custer 482

4) Josh Berry 463

5) Ty Dillon 447

6) Noah Gragson 436

7) Todd Gilliland 392

8) John Hunter Nemechek 382

9) Austin Dillon 371

10) Joey Logano 365

11) Zane Smith 356

12) Ross Chastain 346

13) Michael McDowell 346

14) AJ Allmendinger 345

15) Shane van Gisbergen 341

16) Ricky Stenhouse Jr 341

_____________________________________________

17) Riley Herbst 338

18) Brad Keselowski 332

19) Austin Cindric 327

20) Alex Bowman 319

21) Chase Briscoe 311

22) Christopher Bell 297

23) Ryan Preece 294

24) Bubba Wallace 270

25) Erik Jones 270

26) Kyle Busch 269 (RIP Rowdy 🕊)

27) William Byron 260

28) Kyle Larson 252

29) Ty Gibbs 215

30) Chase Elliott 211

31) Carson Hocevar 205

32) Daniel Suarez 198

33) Chris Buescher 195

34) Ryan Blaney 174

35) Chad Finchum 172

36) Austin Hill 165

37) Justin Allgaier 131

38) Timmy Hill 130

39) BJ McLeod 128

40) Tyler Reddick 110

41) Denny Hamlin 109

42) Corey Heim 106

43) Katherine Legge 92

44) Casey Mears 89

45) JJ Yeley 82

46) Daniel Dye 59

47) Anthony Alfredo 49

48) Jesse Love 49

49) Joey Gase 36

50) Jimmie Johnson 34

51) Josh Bilicki 26

52) Corey LaJoie 6

53) Chandler Smith 3

**___________________________**

O'Reilly Chase standings (Race 17/26)

1) Ryan Ellis 554

2) Joey Gase 493

3) Josh Bilicki 458

4) Kyle Sieg 450

5) Lavar Scott 445

6) Patrick Staropoli 441

7) Harrison Burton 424

8) Blaine Perkins 408

9) Austin Green 405

10) Jeb Burton 384

11) Dawson Cram 377

12) Jeremy Clements 364

_____________________________________________

13) Mason Maggio 351

14) Garrett Smithley 351

15) Anthony Alfredo 351

16) Dean Thompson 322

17) Sam Mayer 304

18) Ryan Sieg 282

19) Taylor Gray 279

20) Brennan Poole 273

21) Parker Retzlaff 269

22) William Sawalich 266

23) Rajah Caruth 261

24) Nathan Byrd 256

25) Nick Sanchez 251

26) Josh Williams 251

27) Carson Kvapil 241

28) Corey Day 230

29) David Starr 228

30) JJ Yeley 215",2026-06-15
t3_1uc8805,Single Season First-Time Winners Record in 2026?,https://www.reddit.com/r/nascar/comments/1uc8805/,/u/Fine-Lifeguard-4234,2026-06-22 02:24:53+00:00,"We're one race shy of officially being halfway through the 2026 NASCAR Cup Series, and with Corey Heim's victory today we now have three drivers who earned their maiden Cup wins this year. 

The modern era record for most first-time winners in a single season is split between 2001, 2002, 2011, and 2022, with five first-time winners in each of those seasons.

With 19 races to go, do you see three of Ryan Preece, Zane Smith, Riley Herbst, Todd Gilliland, John Hunter Nemechek, Noah Gragson, Ty Dillon, Connor Zilisch, or Cody Ware taking a checkered flag in 2026?

Given how some of these guys run well on superspeedways, it's hard to rule anything out of the realm of the possibility - but the odds are probably best with Preece eventually getting his win, or perhaps Zane Smith or John Hunter Nemechek finding themselves in the right place at the right time, or Connor Zilisch next week at Sonoma (Austin Hill-isms aside).

Do we see a record this year, or have we reached to peak with Gibbs, Hocevar, and Heim?",2026-06-22
t3_1ucx7r0,"2026 LASTCAR Cup, Xfinity, and Truck Chase standings (after Coronado)",https://www.reddit.com/r/nascar/comments/1ucx7r0/,/u/TIFUthebestSubreddit,2026-06-22 21:13:35+00:00,"Cup Series Chase standings (Race 17/26)

1) Connor Zilisch 631

2) Cody Ware 622

3) Cole Custer 510

4) Josh Berry 489

5) Ty Dillon 479

6) Noah Gragson 474

7) Todd Gilliland 410

8) Austin Dillon 399

9) John Hunter Nemechek 396

10) Shane van Gisbergen 385

11) Ricky Stenhouse Jr 381

12) Joey Logano 380

13) Christopher Bell 363

14) Brad Keselowski 363

15) Zane Smith 357

16) Michael McDowell 356

_____________________________________________

17) Ross Chastain 350

18) AJ Allmendinger 347

19) Austin Cindric 346

20) Riley Herbst 344

21) Alex Bowman 342

22) Chase Briscoe 330

23) Ryan Preece 302

24) Erik Jones 295

25) William Byron 285

26) Bubba Wallace 275

27) Kyle Busch 269 (RIP Rowdy 🕊)

28) Kyle Larson 253

29) Ty Gibbs 231

30) Carson Hocevar 221


31) Chase Elliott 220

32) Daniel Suarez 211

33) Austin Hill 205

34) Chris Buescher 198

35) Ryan Blaney 180

36) Chad Finchum 172

37) Tyler Reddick 133

38) Justin Allgaier 131

39) Timmy Hill 130

40) BJ McLeod 128

41) Denny Hamlin 126

42) Corey Heim 107

43) Katherine Legge 92

44) Casey Mears 89

45) JJ Yeley 82

46) Jimmie Johnson 68

47) Daniel Dye 59

48) Anthony Alfredo 49

49) Jesse Love 49

50) Joey Gase 36

51) Josh Bilicki 26

52) Kevin Magnussen 24

53) Corey LaJoie 6

54) Chandler Smith 3

**___________________________**

O'Reilly Chase standings (Race 18/24)

1) Ryan Ellis 592

2) Joey Gase 528

3) Kyle Sieg 513

4) Lavar Scott 483

5) Josh Bilicki 479

6) Patrick Staropoli 460

7) Harrison Burton 432

8) Blaine Perkins 425

9) Austin Green 412

10) Dawson Cram 406

11) Jeb Burton 405

12) Anthony Alfredo 385

_____________________________________________

13) Jeremy Clements 378

14) Mason Maggio 351

15) Garrett Smithley 351

16) Dean Thompson 349

17) Sam Mayer 337

18) William Sawalich 301

19) Ryan Sieg 301

20) Brennan Poole 296

21) Rajah Caruth 282

22) Taylor Gray 280

23) Parker Retzlaff 275

24) Nathan Byrd 256

25) Nick Sanchez 251

26) Josh Williams 251

27) Corey Day 249

28) Carson Kvapil 244

29) David Starr 228

30) JJ Yeley 215


**___________________________**

Truck series Chase standings (Race 13/18)

1) Frankie Muniz 391

2) Cole Butcher 380

3) Kris Wright 369

4) Spencer Boyd 340

5) Dawson Sutton 339

6) Mini Tyrell 320

7) Tanner Gray 299

8) Andres Perez de Lara 294

9) Caleb Costner 285

10) Corey LaJoie 281

_____________________________________________

11) Grant Enfinger 273

12) Justin Haley 262

13) Ben Rhodes 260

14) Clayton Green 254

15) Ty Majeski 248

16) Jake Garcia 244

17) Stewart Friesen 241

18) Brenden Queen 234

19) Josh Reaume 227

20) Tyler Ankrum 221

21) Daniel Hemric 216

22) Christian Eckes 208

23) Chandler Smith 201

24) Timmy Hill 188

25) Tyler Reif 173

26) Carson Hocevar 168

27) Luke Baldwin 155

28) Gio Ruggerio 144

29) Adam Andretti 143

30) Layne Riggs 139",2026-06-22
t3_1uj708m,2026 LASTCAR Cup & Xfinity Chase standings (After Sonoma),https://www.reddit.com/r/nascar/comments/1uj708m/,/u/TIFUthebestSubreddit,2026-06-29 22:25:53+00:00,"Cup Series Chase standings (Race 18/26)

1) Cody Ware 655

2) Connor Zilisch 638

3) Cole Custer 543

4) Josh Berry 522

5) Ty Dillon 515

6) Noah Gragson 512

7) Todd Gilliland 477

8) Austin Dillon 436

9) John Hunter Nemechek 423

10) Joey Logano 411

11) Ricky Stenhouse Jr 405

12) Shane van Gisbergen 386

13) Riley Herbst 384

14) Brad Keselowski 383

15) Zane Smith 378

16) Christopher Bell 368

_____________________________________________

17) Michael McDowell 365

18) Ross Chastain 364

19) AJ Allmendinger 363

20) Austin Cindric 359

21) Alex Bowman 352

22) Chase Briscoe 332

23) Erik Jones 318

24) Ryan Preece 310

25) William Byron 301

26) Bubba Wallace 297

27) Kyle Busch 269 (RIP Rowdy 🕊)

28) Daniel Suarez 258

29) Kyle Larson 257

30) Austin Hill 246

31) Chase Elliott 237

32) Ty Gibbs 234

33) Carson Hocevar 232

34) Chris Buescher 219

35) Tyler Reddick 202

36) Ryan Blaney 186

37) Chad Finchum 172

38) Denny Hamlin 152

39) Justin Allgaier 131

40) Timmy Hill 130

41) BJ McLeod 128

42) Corey Heim 107

43) Katherine Legge 92

44) Casey Mears 89

45) JJ Yeley 82

46) Jimmie Johnson 68

47) Daniel Dye 59

48) Anthony Alfredo 49

49) Jesse Love 49

50) Joey Gase 36

51) Josh Bilicki 26

52) Kevin Magnussen 24

53) Corey LaJoie 6

54) Chandler Smith 3

**___________________________**

O'Reilly Chase standings (Race 19/26)

1) Ryan Ellis 613

2) Kyle Sieg 550

3) Joey Gase 528

4) Lavar Scott 513

5) Josh Bilicki 500

6) Patrick Staropoli 483

7) Blaine Perkins 453

8) Harrison Burton 452

9) Dawson Cram 438

10) Austin Green 432

11) Jeb Burton 419

12) Jeremy Clements 402

_____________________________________________

13) Anthony Alfredo 387

14) Dean Thompson 378

15) Mason Maggio 351

16) Garrett Smithley 351

17) Sam Mayer 344

18) Brennan Poole 324

19) William Sawalich 314

20) Ryan Sieg 314

21) Taylor Gray 307

22) Rajah Caruth 294

23) Parker Retzlaff 278

24) Josh Williams 276

25) Nathan Byrd 256

26) Corey Day 254

27) Carson Kvapil 251

28) Nick Sanchez 251

29) Brandon Jones 246

30) Austin Hill 231",2026-06-29
