id,title,link,author,published,content,date
t3_1ifn13b,Arctos Investment Group and Kings Hawaiian to JGR?,https://www.reddit.com/r/nascar/comments/1ifn13b/,/u/democracywon2024,2025-02-02 02:28:00+00:00,"Brought up how there's some interesting connections between RFK, Arctos, Tad Geshickter, and JGR a couple weeks ago. The new wrinkle now is that RFK's Kings Hawaiian sponsorship has moved over to Denny Hamlin at JGR. Pretty dang obvious at this point these aren't coincidences. It's now just a question how closely related these entities are and at what point does NASCAR need to step in?",2025-02-02
t3_1ig3jry,[Joe Gibbs Racing on YouTube] Showing off those fresh cuts ✂️✂️ @sportclipshaircuts,https://www.reddit.com/r/nascar/comments/1ig3jry/,/u/AgentofChaos17,2025-02-02 18:15:06+00:00,,2025-02-02
t3_1ihizjw,2025 Joe Gibbs Racing Interstate Batteries Paint Scheme (For Christopher Bell),https://www.reddit.com/r/nascar/comments/1ihizjw/,/u/Dmacthegoat,2025-02-04 14:33:38+00:00,,2025-02-04
t3_1ihzno0,12 Days Until the 67th Daytona 500: Greenville-Pickens Speedway,https://www.reddit.com/r/nascar/comments/1ihzno0/,/u/bruhmoment2248,2025-02-05 02:28:44+00:00,"# S1ap's Home Track

To the land of rice farms and swamps we go, to find a track awaiting word on whether it can go racing again: the Greenville-Pickens Speedway.

[you can tell by the sign's design that this thing has been here for awhile](https://preview.redd.it/cea7023ne8he1.png?width=1140&format=png&auto=webp&s=573afee46d74cd813f2cd564d3b20ff2087b7e2f)

'

'

# Overview and History

Just off the Calhoun Memorial Highway in Easley, the Greenville-Pickens Speedway is one of South Carolina’s oldest racetracks. Opened originally as a dirt track in 1940, the speedway shut down for the world war but reopened on Independence Day of 1946 with a race promoted by the future founder of NASCAR himself: Bill France Sr. Greenville-Pickens eventually found itself on the 1955 NASCAR Grand National Series’ calendar in early October, Tim Flock leading all 199 of a (supposedly) 200 lap race en route to victory (according to Racing Reference, anyhow).

'

From 1940 to 1969, Greenville-Pickens remained with a dirt surface throughout NASCAR's pioneer era. The track was paved with asphalt in April 1970, by which time a lot of the smaller tracks were getting removed from the schedule for being too “small” for the quickly expanding Cup Series. Being at half a mile, it didn’t seem that Greenville-Pickens was on the chopping block, until you consider the fact that NASCAR also vetted out racetracks that didn’t host any races longer than 250 miles, of which the speedway certainly did not meet that requirement having only hosted 100 mile races in its Cup history. By the end of 1971, the track was left off the Winston Cup schedule for 1972 and beyond. 

[until 1971, races were usually aired in predetermined timeslots and heavily edited to be shown on tape delay; the spring race that year changed all of that](https://preview.redd.it/qlhdityed8he1.png?width=505&format=png&auto=webp&s=80508e9d282376dcebddb60bd2d7504de9f20b5c)

'

However, the loss of the Cup Series didn’t stop the racing for another 50 years; hell, the [first ever stock car race seen live on television happened at Greenville-Pickens the year it left the Cup calendar on ABC's Wide World of Sports](https://www.youtube.com/watch?v=_tVIvJYaQDw), no way the track was going away anytime soon. Weekly races on Friday and Saturday nights were the backbone of the speedway’s calendar and culture, along with the plethora of testing that Cup teams did at the track until the practice was banned in 2015. Even then, touring series still came by every so often to the small confines of Easley for a race, most notably the Busch Series in 1983 for two races, won by Jack Ingram and Butch Lindley respectively. Series like the Southeast and Southern Modified Tour frequented the track for decades. More recently, the CARS Tour visited in 2020 and 2022 to the tune of Josh Berry winning both races from the pole.

[one wonders why they haven't gone back... until you read the local papers](https://preview.redd.it/6n09nrfbd8he1.png?width=922&format=png&auto=webp&s=3d61474d371b9d261275b5d1a2401a383480637f)

'  
'

# Did You Know?

\- The Upper South Carolina State Fair has been held every year at the Greenville-Pickens Speedway since 1964, with only one interruption in 2020 due to the global pandemic.

\- The Dale Earnhardt Backstretch contains a multi-tiered parking area between the track and the Old Easley Highway where fans can tailgate on a hillside above the racing surface.

\- Butch Lindley's son Mardy won the 1995 track championship, becoming the only father-son duo in the speedway's history to do so.

\- Emanuel Zervakis scored his first career Cup Series win at Greenville-Pickens on April Fool’s Day in 1961, the first of two victories that season and of his Cup career.

[he and Denny Hamlin are in rare company: two of the only drivers to be disqualified from winning after post-race inspection; in the case of Zervakis, an oversized fuel tank erased what was his first victory in April 1960 at Wilson Speedway](https://preview.redd.it/w9jkwmzuc8he1.png?width=2809&format=png&auto=webp&s=1a9afe57690796ff94641e95234f4cf8bad6ef67)



'

# Life After Racing

The speedway has sat in limbo for awhile now, with no immediate buyers at the ready to take over operations of the track. Rumors had been swirling for multiple years, but only as recently as January 2025 were plans approved for development on the site; crucially, plans to demolish the speedway were NOT approved, so the speedway remains for now. Who knows what awaits the speedway going into 2025 and beyond, but something is bound to happen…

'

[history has not generally been favorable to racetracks that attempt to co-exist with industrial parks...](https://preview.redd.it/k73ve4zdc8he1.png?width=1080&format=png&auto=webp&s=07a034557eea415f172889681de8c9fd8279cdf5)

'

'

# On the next episode of 2025 Daytona 500 Countdown...

From a racetrack on the verge of sale, to a racetrack that has all but vanished from the state of South Carolina...",2025-02-05
t3_1iide4j,Denny Hamlin’s National Debt Relief Scheme,https://www.reddit.com/r/nascar/comments/1iide4j/,/u/DDowd86,2025-02-05 16:03:28+00:00,,2025-02-05
t3_1iiyyb3,Denny hamlin next sponors Buc ees ?,https://www.reddit.com/r/nascar/comments/1iiyyb3/,/u/Amigo84z,2025-02-06 09:47:39+00:00,Wander if  jgr would turn  down  Buc ees  chain  for    a sponsor ship if they decided to offer  jgr,2025-02-06
t3_1ijw6h9,[BOB] Among the things Chase Briscoe has had to change in moving from Stewart-Haas Racing to Joe Gibbs Racing: His diet. Crew chief James Small wanted him to lose weight.,https://www.reddit.com/r/nascar/comments/1ijw6h9/,/u/justBusinessbb,2025-02-07 14:26:52+00:00,,2025-02-07
t3_1ilr7n3,We Need To Talk About The Daytona 500! Thoughts on Eric Estepp Video?,https://www.reddit.com/r/nascar/comments/1ilr7n3/,/u/Alwoldey1996,2025-02-09 22:32:38+00:00,"I think Eric made a lot of good points that being that the 500 lost 51% of it’s viewership since 2013, speed weeks doesn’t live up to its hype anymore being that the clash was moved and there’s no pre season testing in January. I remember coming home from school just to watch testing and getting excited for February and the clash to get me more excited for qualifying and the duels! I also think the pack racing has been kind of subpar to say the least with how much drag the car has. I liked Denny Hamlin quote in the video on bringing down the HP and putting a smaller taper spacer with a smaller rear spoiler! Don’t get me wrong I’m still excited for next the 500 but it doesn’t feel the same like it used to!

 Do you think the Daytona 500 has sort of lost its spark? And if you do what would you change being it pertains to the race, the cars, or media attention leading up to speed weeks!",2025-02-09
t3_1im9oz5,Daytona 500 Betting Odds,https://www.reddit.com/r/nascar/comments/1im9oz5/,/u/Beerguy2727,2025-02-10 16:10:12+00:00,"Denny Hamlin +1200
Joey Logano +1300
Brad Keselowski +1300
Ryan Blaney +1300
Kyle Busch +1400
Kyle Larson +1400
Chase Elliott +1600
Chris Buescher +1700
William Byron +1800
Bubba Wallace +2400
Christopher Bell +2400
Josh Berry +2400
Austin Cindric +2400
Ricky Stenhouse Jr +2600
Tyler Reddick +2800
Chase Briscoe +2800
Ross Chastain +2800
Alex Bowman +3100
Todd Gilliland +3200
Michael McDowell +3400
Ty Gibbs +3500
*Martin Truex Jr +3500
*Justin Allgaier +3500
Daniel Suarez +4100
Noah Gragson +4300
Erik Jones +4400
Ryan Preece +4500
Austin Dillion +5000
Cole Custer +5500
Justin Haley +5500
Carson Hocevar +6000
Riley Herbert +6500
Shane Van Gisbergen +6500
AJ Allmendinger +7000
Zane Smith +7000
Helio Castroneves +7500
*Corey Lajoie +8000
Ty Dillion +8500
*Chandler Smith +9000
John Hunter Nemechek +10000
*Jimmie Johnson +12500
Cody Ware +15000
*Anthony Alfredo +20000
*JJ Yeley +50000
*BJ McLeod +50000",2025-02-10
t3_1immdz2,Denny Hamlin: “I heard a dirty rumor from somebody at NASCAR that they’re considering expanding the championship round to 5 drivers”,https://www.reddit.com/r/nascar/comments/1immdz2/,/u/LBHMS,2025-02-11 00:59:47+00:00,Mentioned at the 48 min mark of this episode ,2025-02-11
t3_1in0isz,2025 Driver Photo Albums,https://www.reddit.com/r/nascar/comments/1in0isz/,/u/puffadda,2025-02-11 15:01:09+00:00,"Howdy folks, I'm about to fly out to Daytona to start year five on the part-time NASCAR beat.

Figured I'd drop this year's driver galleries now to head off everyone asking if I got any shots of their favorite driver when I do my posts for the rest of the season. 😅

---

##Cup Series Driver Galleries
Number | Team | Driver(s) | Google Photos Gallery
:-:|:-:|:-:|:-:
*01* | Rick Ware Racing | Corey LaJoie | [Link](https://photos.app.goo.gl/y2Jaa7gbcKoW923Y9)
**1** | Trackhouse Racing | Ross Chastain | [Link](https://photos.app.goo.gl/ri3ekMkQZ3Gh2uMw9)
**2** | Team Penske | Austin Cindric | [Link](https://photos.app.goo.gl/otUGvD4cBUbrJhtC9)
**3** | Richard Childress Racing | Austin Dillon | [Link](https://photos.app.goo.gl/ZvwYqcYDbxgAY4396)
**4** | Front Row Motorsports | Noah Gragson | [Link](https://photos.app.goo.gl/pFcgMycobfEP6oZW7)
**5** | Hendrick Motorsports | Kyle Larson | [Link](https://photos.app.goo.gl/cvjwiEva9y5zBm7Z9)
**6** | RFK Racing | Brad Keselowski | [Link](https://photos.app.goo.gl/7q4kjoU62KiuZFdV9)
**7** | Spire Motorsports | Justin Haley | [Link](https://photos.app.goo.gl/dEjrMQGfkqAxNZTA7)
**8** | Richard Childress Racing | Kyle Busch | [Link](https://photos.app.goo.gl/FtnVxhTwWUGK8dicA)
**9** | Hendrick Motorsports | Chase Elliott | [Link](https://photos.app.goo.gl/zYdJvc57nMTo5uxeA)
**10** | Kaulig Racing | Ty Dillon | [Link](https://photos.app.goo.gl/Po2WTGAr9KhALxTC7)
**11** | Joe Gibbs Racing | Denny Hamlin | [Link](https://photos.app.goo.gl/q36TQ9fEXxSkovVv9)
**12** | Team Penske | Ryan Blaney | [Link](https://photos.app.goo.gl/4Jycg7Vkz8z8Fvby6)
**16** | Kaulig Racing | A.J. Allmendinger | [Link](https://photos.app.goo.gl/gVJdJCyZpV3UAHjr5)
**17** | RFK Racing | Chris Buescher | [Link](https://photos.app.goo.gl/yr5DFwY6CeDgXkWc7)
**19** | Joe Gibbs Racing | Chase Briscoe | [Link](https://photos.app.goo.gl/nssTXT9GsftwQr6x9)
**20** | Joe Gibbs Racing | Christopher Bell | [Link](https://photos.app.goo.gl/ycGT3vvs9v5DmJuKA)
**21** | Wood Brothers Racing | Josh Berry | [Link](https://photos.app.goo.gl/yizCwaCj5kuZNsxx9)
**22** | Team Penske | Joey Logano | [Link](https://photos.app.goo.gl/9kGZQppuzVsCibFh6)
**23** | 23XI Racing | Bubba Wallace | [Link](https://photos.app.goo.gl/JqrFb3ygR87moXzK6)
**24** | Hendrick Motorsports | William Byron | [Link](https://photos.app.goo.gl/EnuoJ76iVdju72rC9)
*33* | Richard Childress Racing | Austin Hill | [Link](https://photos.app.goo.gl/UJCGKUnqg6DGcjvf6)
**34** | Front Row Motorsports | Todd Gilliland | [Link](https://photos.app.goo.gl/kxvL6Uza1iCEWY7e9)
**35** | 23XI Racing | Riley Herbst | [Link](https://photos.app.goo.gl/Bs5htXvPWkwKA3az8)
**38** | Front Row Motorsports | Zane Smith | [Link](https://photos.app.goo.gl/mhYkJ3C1ANUhNzkk8)
*40* | JR Motorsports | Justin Allgaier | [Link](https://photos.app.goo.gl/ddwe7oBkTnPXiRmc8)
**41** | Haas Factory Team | Cole Custer | [Link](https://photos.app.goo.gl/a3pwH7L2LcmUK5YY8)
**42** | Legacy Motor Club | John Hunter Nemechek | [Link](https://photos.app.goo.gl/p2VAnu2W5FuLaJ1t5)
**43** | Legacy Motor Club | Erik Jones | [Link](https://photos.app.goo.gl/uHVeVWc8A99913UD8)
*44* | NY Racing | Miscellaneous | [Link](https://photos.app.goo.gl/4FNS5UkqWmZ2DE7y8)
**45** | 23XI Racing | Tyler Reddick | [Link](https://photos.app.goo.gl/oQYa6qDnp9p3e1d48)
**47** | HYAK Motorsports | Ricky Stenhouse, Jr. | [Link](https://photos.app.goo.gl/u8jotcG1Y2EKtDrn6)
**48** | Hendrick Motorsports | Alex Bowman | [Link](https://photos.app.goo.gl/rVCQxkfGiNHu4oNG6)
*50* | Team AmeriVet | Miscellaneous | [Link](https://photos.app.goo.gl/pQ4XyFTMpRsH1KnT7)
**51** | Rick Ware Racing | Cody Ware | [Link](https://photos.app.goo.gl/RTwfEWrxdFntdBKRA)
**54** | Joe Gibbs Racing | Ty Gibbs | [Link](https://photos.app.goo.gl/b8X2JmYPPKYqfmFdA)
*56* | TRICON Garage | Martin Truex, Jr. | [Link](https://photos.app.goo.gl/NiSAds9dNYj8YcrZA)
**60** | RFK Racing | Ryan Preece | [Link](https://photos.app.goo.gl/wWfP2wujs5G5SCq28)
*62* | Beard Motorsports | Anthony Alfredo | [Link](https://photos.app.goo.gl/92CLRTwP7R5eh1aW8)
*66* | MBM Motorsports | Chandler Smith | [Link](https://photos.app.goo.gl/ejm1gUEjoaMjJwVr6)
**71** | Spire Motorsports | Michael McDowell | [Link](https://photos.app.goo.gl/boajKqcfjnQygDKPA)
**77** | Spire Motorsports | Carson Hocevar | [Link](https://photos.app.goo.gl/Yos9yFmpNWVCD6q66)
*78* | Live Fast Motorsports | B.J. McLeod | [Link](https://photos.app.goo.gl/vhfJKFEUhmaDmjcK8)
*84* | Legacy Motor Club | Jimmie Johnson | [Link](https://photos.app.goo.gl/vjEn2Zo2nXQs7vDt6)
**88** | Trackhouse Racing | Shane van Gisbergen | [Link](https://photos.app.goo.gl/ZCWjcQhHYGEWxRDc7)
*91* | Trackhouse Racing | Helio Castroneves | [Link](https://photos.app.goo.gl/V5rumQm3osnL4td57)
**99** | Trackhouse Racing | Daniel Suarez | [Link](https://photos.app.goo.gl/A7M8GdTnukYTVvoV8)
N/A | NASCAR | Generic | [Link](https://photos.app.goo.gl/koSr8VgpMuGo3QBE7)

---

##Bonus Driver Galleries
Number | Team | Driver | Google Photos Gallery
:-:|:-:|:-:|:-:
11 | TRICON Garage | Corey Heim | [Link](https://photos.app.goo.gl/nxmqukPeqMeGM6HU7)
25 | Venturini Motorsports | Toni Breidinger | [Link](https://photos.app.goo.gl/d1f7upC1CN2M9DB76)
33 | Reaume Brothers Racing | Frankie Muniz | [Link](https://photos.app.goo.gl/mnwfaaAxvkgQv2ve9)
71 | Spire Motorsports | Rajah Caruth | [Link](https://photos.app.goo.gl/AJnLRCEebaweHA9D6)
88 | JR Motorsports | Connor Zilisch | [Link](https://photos.app.goo.gl/Y3eTyVeYPwbLFf8QA)",2025-02-11
t3_1in14jh,"Denny Hamlin talking about Ohio State, becoming a Buckeye fan",https://www.reddit.com/r/nascar/comments/1in14jh/,/u/NobleJaguar293,2025-02-11 15:26:53+00:00,"Denny Hamlin and his podcast are featured in a [prominent Ohio State news/blog site Eleven Warriors](https://www.elevenwarriors.com/skull-sessions/2025/02/153773/skull-session-buckeyes-mock-draft-joe-burrow-transfer-nil-free-denny-hamlin-evan-mahaffey). As an Ohio State alum/fan and a fan of Denny's, this was cool to see him in a Buckeye publication this morning.  ",2025-02-11
t3_1inj9g5,Some Speedweeks stats,https://www.reddit.com/r/nascar/comments/1inj9g5/,/u/phoenixv07,2025-02-12 04:57:52+00:00,"161 drivers are attempting at least one race this weekend.

--Oldest Drivers--

ARCA: Bryan Dauzat (65), Dale Quarterley (64), Chuck Buchanan (63), Scott Melton (63), Robert Martin (63), Ed Pompa (62), Michael Maples (61), Eric Caudell (58), Brad Smith (56), Craig Bracken (52)

Truck: Norm Benning (73, the oldest driver racing this weekend), Bryan Dauzat (65), Jason White (51), Matt Crafton (48), Johnny Sauter (46)

Xfinity: Caesar Bacarella (49), Greg Van Alst (43), Jeremy Clements (40), Justin Allgaier (38), Ryan Sieg (37) [good god there's only three Xfinity drivers older than me, I feel old]

Cup: Helio Castroneves (49), Jimmie Johnson (49), J.J. Yeley (48), Martin Truex Jr. (44), Denny Hamlin (44) [worth noting that the oldest Cup driver is also the ***14th oldest*** ARCA driver]

--Youngest Drivers--

ARCA: Chase Pinsonneault (18, youngest driver racing this weekend), William Sawalich (18), Nick White (18), Corey Day (19), Jake Finch (19)

TRUCK: William Sawalich (18), Dawson Sutton (19), Andres Perez de Lara (19), Jake Garcia (19), Gio Ruggiero (20)

XFINITY: William Sawalich (18), Connor Zilisch (18), Taylor Gray (19), Leland Honeyman (19), Jesse Love (20)

CUP: Carson Hocevar (22), Ty Gibbs (22), Chandler Smith (22), Todd Gilliland (24), Zane Smith (25)

--Women--

Five women are racing this weekend - four in ARCA (Katherine Legge, Becca Monopoli, Amber Balcaen and Isabella Robusto) and one in Trucks (Toni Breidinger). 44-year-old Katherine Legge is the oldest woman racing, while 20-year-old Isabella Robusto is the youngest.

--By State--

At least five drivers from: North Carolina (20, including seven who are related to racing families from somewhere else who moved to NC), California (18), Florida (14), Georgia (8), New York (8), Virginia (8), Wisconsin (6), Arizona (5), Michigan (5)

States with no drivers: Alaska, Arkansas, Colorado, Delaware, Hawaii, Idaho, Kansas, Maine, Montana, Nebraska, New Hampshire, Rhode Island, South Dakota, Utah, Vermont, Washington, Wyoming

There are 12 foreign born drivers entered: six Canadian (Amber Balcaen, Craig Bracken, Jason White, Stewart Friesen, Kyle Steckly, Chase Pinsonneault), two Mexican (Daniel Suarez, Andres Perez de Lara), and one each Brazilian (Helio Castroneves), Japanese (Takuma Koga), New Zealander (Shane Van Gisbergen) and British (Katherine Legge).",2025-02-12
t3_1inkmxa,The Charter lawsuit is Denny Hamlin's chance to be the good guy.,https://www.reddit.com/r/nascar/comments/1inkmxa/,/u/anabolicthrowout13,2025-02-12 06:22:11+00:00,"It's 2025. Nobody is fooling anyone. NASCAR has struggled for viewership since 2008 and many of the veterans we grew up watching have long retired. 

Denny Hamlin is perhaps the last of a generation. On the wrong side of 30 and losing sponsors left and right while being probably the most expensive driver on the payroll for any NASCAR team, his time is near on his career.  

Hamlin has spent a career as the bad guy. Someone you wanted to root against. From his bullish driving to some questionable actions off the track, he's rattled the cages of fans, drivers, and media alike. He's bumped our favorites out of the way from Larson to Elliott to Keselowski and many more on his unrelenting quest to win. 

In my opinion, he has a slightly tarnished legacy from being in the shadows of Kyle Busch, his former teammate, who won 2 championships when he couldn't in the same equipment. 

I think Hamlin has a chance to revitalize his reputation and no longer be the bad guy with the Charter lawsuit. 

If he can negotiate a better deal with NASCAR, he's forever going to be a beacon of team rights. Whatever the teams may get out of the negotiation whether increased share of TV revenue, better purses, more friendly agreements with Charter ownership, or a complete shakeup in the stronghold NASCAR has in building cars and parts resources. 

If the lawsuit is successful, Denny becomes the good guy. Potentially even heads a drivers or teams union into the future and help keep NASCAR from going off the rails. ",2025-02-12
t3_1inve3g,Daytona 500 Betting Odds,https://www.reddit.com/r/nascar/comments/1inve3g/,/u/hawkfan100,2025-02-12 16:48:47+00:00,"I’m pumped for another Daytona 500 race and sharing the odds to win in 2025!

Who’s your favorite longshot driver to beat the odds?

Kyle Busch +1000   
Denny Hamlin +1100   
Joey Logano +1200   
Ryan Blaney +1200     
Chase Elliott +1300     
Brad Keselowski +1400   
Kyle Larson +1400   
William Byron +1900     
Chris Buescher +2200    
Christopher Bell +2300   
Bubba Wallace +2300   
Austin Cindric +2400   
Josh Berry +2400    
Ricky Stenhouse Jr. +2500     
Tyler Reddick +2800   
Ross Chastain +2800     
Alex Bowman +2900     
Chase Briscoe +3000   
Michael McDowell +3000   
Todd Gilliland +3200     
Ty Gibbs +3300   
Ryan Preece +3800   
Daniel Suarez +4000   
Erik Jones +4400   
Noah Gragson +4500   
Martin Truex Jr. +5000   
Austin Dillon +5000   
Carson Hocevar +5000   
Shane van Gisbergen +7000   
Corey Lajoie +8000

Odds take directly from BettorEdge at [Bettoredge.com/NASCAR](http://Bettoredge.com/NASCAR)",2025-02-12
t3_1inw748,The Most Notable Wreck for Each Driver,https://www.reddit.com/r/nascar/comments/1inw748/,/u/Icy-Consequence-4372,2025-02-12 17:20:30+00:00,"Each driver's much notable wreck. What do yall think?

Dale Jr: Fontana 2002

Jeff Gordon: Las Vegas 2008

Jimmie Johnson: Watkins Glen 2000

Kyle Busch: Daytona 2015

Kevin Harvick: Richmond 2003

Tony Stewart: Daytona 2001

Ryan Newman: Daytona 2020

Denny Hamlin: Fontana 2013

Joey Logano: Martinsville 2015

Carl Edwards: Talladega 2009

Mark Martin: Michigan 2012

Dale Jarrett: New Hampshire 2003

Geoffrey Bodine: Daytona 2000

Derrike Cope: Richmond 2002

Brad Keselowski: Atlanta 2010

Kurt Busch: Indy 2002

Juan Pablo Montoya: Daytona 2012

Austin Dillon: Daytona 2015

Elliott Sadler: Pocono 2010

Chase Elliott: Martinsville 2017

Bubba Wallace: Pocono 2018

Clint Bowyer: Daytona 2007

Cale Yarborough: Daytona 1979

Richard Petty: Daytona 1976

Kyle Petty: Bristol 2003

Davey Allison: Charlotte 1992

Darrell Waltrip: Richmond 1986

Michael Waltrip: Bristol 1990

Brian Vickers: Charlotte 2008

Kasey Kahne: Charlotte 2004

Sterling Marlin: Kansas 2002

Aric Almirola: Kansas 2017

Scott Riggs: Texas 2006

Dale Earnhardt: Daytona 2001",2025-02-12
t3_1io38cj,Chris Knight: Comments made by Denny Hamlin regarding 23XI Racing,https://www.reddit.com/r/nascar/comments/1io38cj/,/u/Dmacthegoat,2025-02-12 22:08:06+00:00,,2025-02-12
t3_1iq8ojk,Championship or Daytona 500,https://www.reddit.com/r/nascar/comments/1iq8ojk/,/u/Ok_Sand2507,2025-02-15 19:08:16+00:00,"This has probably been discussed a thousand times, but I’m new to this subreddit and curious. Would y’all rather have a championship or win multiple Daytona 500s? A Denny Hamlin career, you could say. ",2025-02-15
t3_1irvk72,"My list of every Kyle Busch Daytona 500 start, and how it ends",https://www.reddit.com/r/nascar/comments/1irvk72/,/u/JERALDEDWARDS33,2025-02-17 21:34:17+00:00,"2005: Finished 38th. Involved in a early multi-car incident and never fully recovered.
2006: 23rd. Never really was a factor in the race, but at least kept the car in mint condition. 
2007: In position to win the 500, until he spins out and finished 24th
2008: Also had another chance to win the 500, until being outclassed by both Penske cars and finished 4th.
2009: Led the most laps, like 2008, but finished 4th again. 
2010: Got damage from an early multi-car accident and finished 14th.
2011: Fairly mid race and finished 10th.
2012: Involved in another multi-car incident and finished in 17th
2013: Has a mechanical failure and finished 34th.
2014: Crashed on the final lap and finished 19th.
2016: Comes up short of another victory and finished 3rd.
2017: Crashed early in the race and finished 38th
2018: Blows tire, spins early in the race, and never recovered. Finished 7 laps down in 25th.
2019: His best finish to date in the 500. Finished 2nd behind teammate Denny Hamlin. 
2020: Managed to avoid late-race chaos, but has a mechanical failure and finished 34th. 
2021: Has a chance to win the 500, but wrecked on the last lap thanks to Joey Logano.
2022: Involved in early race wreck, but recovered to 6th in his final Daytona 500 for Joe Gibbs Racing.
2023: Involved in another last lap wreck and finishes 19th.
2024: Never really a factor in the race and finished 12th.
2025: Crashed, thanks to Stenhouse, and finishes 34th.
",2025-02-17
t3_1is0k8i,Denny Hamlin on his latest Actions Detrimental episode: “Entertainment has taken over.”,https://www.reddit.com/r/nascar/comments/1is0k8i/,/u/Mellow200,2025-02-18 01:15:05+00:00,,2025-02-18
t3_1iskssn,Denny Hamlin Yahoo scheme for Atlanta,https://www.reddit.com/r/nascar/comments/1iskssn/,/u/Pollito_48,2025-02-18 19:10:36+00:00,https://x.com/joegibbsracing/status/1891925516485070910?s=46&t=aAem-TPCx4TTmAPWMMUSRg,2025-02-18
t3_1it5qui,Super Speedway changes,https://www.reddit.com/r/nascar/comments/1it5qui/,/u/GizUSN,2025-02-19 13:42:09+00:00,"Denny Hamlin is right. Give them more HP and less downforce. Get them in a position where they have to lift to enter the corner. As long as that throttle stays on the floor, we're going to have pack racing and big wrecks. When they have to lift to make the corners single car racing will be back and they will be safer. Even though they are running faster. Better racing for all.",2025-02-19
t3_1itit3p,No. 19 Joe Gibbs Racing team levied L2-level penalty after Daytona,https://www.reddit.com/r/nascar/comments/1itit3p/,/u/Comfy_as_hell,2025-02-19 22:36:41+00:00," https://www.nascar.com/news-media/2025/02/19/no-19-joe-gibbs-racing-team-levied-l2-level-penalty-after-daytona/


Only took Briscoe one race to be a cheatin Yoder. Better pray he gets a W.....
",2025-02-19
t3_1itkxlx,Got to meet the legend himself!,https://www.reddit.com/r/nascar/comments/1itkxlx/,/u/boigary,2025-02-20 00:10:39+00:00,"I usually take a week or two to myself every year to drive down to NC and enjoy all the team shops and museums in the area. This year, I decided to stop at Joe Gibbs Racing right before heading home to see if the current cars on display were any different from last year and to pick up some new Chase Briscoe merch.

Sure enough, while talking to the receptionist in the front lobby, I had Joe himself walk up behind me, ready to shake my hand and sign an autograph! The receptionist had an extra copy of Joe’s book at the desk, and he was happy to sign it for me, as well as take some pictures! What a cool experience!",2025-02-20
t3_1itqxhm,"Since 1972, Ricky Stenhouse Jr. is only 1 out of 9 drivers to win all 4 superspeedway races in their career. (Daytona 500, Spring 'Dega, Summer Daytona, Summer/Fall 'Dega)",https://www.reddit.com/r/nascar/comments/1itqxhm/,/u/TheLaFlameEffect,2025-02-20 05:17:08+00:00,"Ricky Stenhouse Jr. wins

* 2023 - Daytona 500
* 2017 - Spring Talladega
* 2017 - Summer Daytona
* 2024 - Fall Talladega



The other 8 drivers are:

* Richard Petty ('73, '74, '79, '81 Daytona 500) ('83 Spring Talladega) ('75, '77, '84 Summer Daytona) ('74 Summer Talladega)

* Buddy Baker ('80 Daytona 500) ('75, '76, '80 Spring Talladega) ('83 Summer Daytona) ('75 Summer Talladega)
* Cale Yarborough ('77, '83, '84 Daytona 500) ('78, '84 Spring Talladega) ('76, '81 Summer Daytona) ('85 Summer Talladega)
* Bill Elliott ('85, '87 Daytona 500) ('85 Spring Talladega) ('88, '91 Summer Daytona) ('87 Summer Talladega)
* Ernie Irvan ('91 Daytona 500) ('93 Spring Talladega) ('92 Summer Daytona) ('92 Summer Talladega)
* Sterling Marlin ('94, '95 Daytona 500) ('96 Spring Talladega) ('96 Summer Daytona) ('95 Summer Talladega)
* Dale Earnhardt ('98 Daytona 500) ('90, '94, '99 Spring Talladega) ('90, '93 Summer Daytona) ('83, '84, '90, '91, '93, '99, '00 Summer / Fall Talladega)
* Jeff Gordon ('97, '99, '05 Daytona 500) ('00, '04, '05, '07 Spring Talladega) ('95, '98, '04 Summer Daytona) ('96, '07 Summer / Fall Talladega)
* Dale Earnhardt Jr. ('04, '14 Daytona 500) ('02, '03, '15 Spring Talladega) ('01, '15 Summer Daytona) ('01, '02, '04 Fall Talladega)

  
Current drivers who are one superspeedway win away from winning all 4 in their career.

* Brad Keselowski (Daytona 500)
* Denny Hamlin (Summer Daytona)
* Joey Logano (Summer Daytona)
* Ryan Blaney (Daytona 500)

",2025-02-20
t3_1iu7voa,"2025 LASTCAR Cup, Xfinity, and Truck Playoff standings (after Daytona I)",https://www.reddit.com/r/nascar/comments/1iu7voa/,/u/TIFUthebestSubreddit,2025-02-20 20:04:08+00:00,"Cup Series Playoff standings (Race 1/26)

1) AJ Allmendinger 1 Loss 61 (7 PP)

2) Zane Smith 59

3) Helio Castroneves 50

4) Josh Berry 46

5) Ross Chastain 43

6) Martin Truex Jr 41

7) Carson Hocevar 37

8) Shane van Gisbergen 34

9) Joey Logano 30

10) Noah Gragson 29

11) Brad Keselowski 29

12) Kyle Busch 29

13) Justin Haley 28

14) Ryan Preece 27

15) Christopher Bell 26

16) Cody Ware 26

_____________________________________________

17) Bubba Wallace 24

18) Todd Gilliland 22

19) Cole Custer 20

20) Denny Hamlin 19

21) Austin Dillon 18

22) Daniel Suarez 17

23) Corey LaJoie 17

24) Ty Dillon 16

25) Ricky Stenhouse Jr 16

26) Kyle Larson 15

27) Jimmie Johnson 15

28) Riley Herbst 12

29) Alex Bowman 11

30) Ty Gibbs 11


**___________________________**

Xfinity Playoff standings (Race 1/26)

1) Daniel Dye 1 Loss 60 (7 PP)

2) Brandon Jones 54

3) Kyle Sieg 49

4) Brennan Poole 43

5) Nick Sanchez 39

6) Garrett Smithley 36

7) Kris Wright 33

8) Blaine Perkins 32

9) Austin Hill 31

10) Parker Retzlaff 27

11) William Sawalich 26

12) Greg van Alst 26

_____________________________________________

13) Ryan Ellis 25

14) Connor Zilisch 25

15) Justin Bonsignore 23

16) Sammy Smith 22

17) Anthony Alfredo 20

18) Caesar Bacarella 20

19) Leland Honeyman 19

20) Josh Williams 18

21) Joey Gase 18

22) Ryan Sieg 17

23) Justin Allgaier 16

24) Ryan Truex 15

25) Jeb Burton 14

26) Josh Bilicki 12

27) Patrick Emerling 12

28) Christian Eckes 10

29) Mmatt DiBenedetto 9

30) Taylor Gray 8


**___________________________**

Truck series Playoff Standings (race 1/18

1) Parker Kligerman 1 Loss 60 (7 PP)

2) Kaden Honeycutt 52

3) Connor Mosack 50

4) Toni Briedinger 41

5) Matt Mills 36

6) Nathan Byrd 36

7) Tyler Ankrum 34

8) Matt Crafton 33

9) Clay Greenfield 33

10) Rajah Caruth 30

_____________________________________________

11) Michael McDowell 26

12) Dawson Sutton 25

13) Spencer Boyd 24

14) Jack Wood 24

15) Josh Reaume 23

16) Stewart Friesen 23

17) Tanner Gray 22

18) Norm Benning 21

19) Bayley Currey 21

20) Ben Rhodes 20

21) Mason Maggio 19

22) Johnny Sauter 17

23) Frankie Muniz 15

24) Andres Perez de Lara 15

25) Layne Riggs 13

26) Jake Garcia 12

27) Timmy Hill 11

28) William Sawalich 8

29) Jason White 8

30) Daniel Hemric 7",2025-02-20
t3_1iv5afq,"If you were a top tier team owner and you’d be willing to pay out of your own pocket for any driver just so they can finally get the opportunity they deserve, which driver would you go for?",https://www.reddit.com/r/nascar/comments/1iv5afq/,/u/JT810,2025-02-21 23:41:23+00:00,"I’d go for Ryan Truex because after all of these years having to work his ass off just to secure a ride with Joe Gibbs Racing in Xfinity even if only part time, he’s shown he’s more than deserving and ready for a full time ride with a top tier team. Honorable mentions for me go to Kyle Weatherman, Kyle Benjamin, Austin Theriault, Landon Cassill, or Parker Kligerman ",2025-02-21
t3_1iv5ft6,"If you were a top tier team owner and you’d be willing to pay out of your own pocket for any driver just so they can finally get the opportunity they deserve, which driver would you go for?",https://www.reddit.com/r/nascar/comments/1iv5ft6/,/u/JT810,2025-02-21 23:48:20+00:00,"I’d go for Ryan Truex because after all of these years having to work his ass off just to secure a ride with Joe Gibbs Racing in Xfinity even if only part time, he’s shown he’s more than deserving and ready for a full time ride with a top tier team there. Honorable mentions for me go to Kyle Weatherman, Kyle Benjamin, Austin Theriault, Landon Cassill, or Parker Kligerman ",2025-02-21
t3_1ivkhoh,Christopher Bell/Denny Hamlin,https://www.reddit.com/r/nascar/comments/1ivkhoh/,/u/Senior-Wrangler-2662,2025-02-22 14:56:42+00:00,"2 topics I’d love to hear everyones opinions on

1. Will Denny Hamlin win a championship? I feel like at the most he will race another 3-4 years. Can he do it? I know there’s a lot of Denny haters but put that aside. 

2. Will Christopher Bell win a championship before Denny does? I feel more confident Bell will get one before Hamlin. 

Thoughts?",2025-02-22
t3_1iwl0d0,"Hamlin, Logano, Kyle Busch",https://www.reddit.com/r/nascar/comments/1iwl0d0/,/u/Intravertical,2025-02-23 21:25:34+00:00,"So I am a very casual NASCAR fan. Super casual.  I don't really have a favorite driver.  There is a driver that is from my area, but I wouldn't even consider that driver a favorite.  However, there are a few drivers that I have been drawn towards following since I first started watching NASCAR back in 2011.

As mentioned in the title of this thread, those guys are Denny Hamlin Joey Logano, and Kyle Busch. 

On a whim, I just decided to Google who the most hated drivers in NASCAR are and all 3 of these guys made the short list (also Tony Stewart).

Now here I am, trying to figure out what has drawn me towards following these particular drivers because from the get go.

Curious to know what criteria others have used to choose that one favorite driver.

",2025-02-23
t3_1ixf62r,"Denny Hamlin: I can assure you there's not a driver in the field who would want that race to stay green, given the scenarios that were going on",https://www.reddit.com/r/nascar/comments/1ixf62r/,/u/Batman424242,2025-02-24 22:34:56+00:00,,2025-02-24
t3_1ixwcji,"Denny Hamlin says Corey Heim will also run cup races for 23XI next year, implying that Heim will still not be full-time in Cup in 2026.",https://www.reddit.com/r/nascar/comments/1ixwcji/,/u/turnleftright,2025-02-25 14:32:58+00:00,,2025-02-25
t3_1ixz99l,[Dustin Long] Joe Gibbs Racing appeal of Chase Briscoe penalties after Daytona will be March 5,https://www.reddit.com/r/nascar/comments/1ixz99l/,/u/Altracing34,2025-02-25 16:37:08+00:00,,2025-02-25
t3_1ixzyd0,Austin Hills cars front bumper has the wrap off.,https://www.reddit.com/r/nascar/comments/1ixzyd0/,/u/subzach,2025-02-25 17:05:37+00:00,Looks like the front bumper wrap was taken off. If I'd had to guess nascar had them take it off after the race for inspection or to show they weren't cheating like how Denny Hamline did at Pocono a couple years ago.,2025-02-25
t3_1j3nmy0,2025 LASTCAR Cup & Xfinity Playoff standings (After COTA),https://www.reddit.com/r/nascar/comments/1j3nmy0/,/u/TIFUthebestSubreddit,2025-03-04 22:32:55+00:00,"Cup Series Playoff standings (Race 3/26)

1) AJ Allmendinger 1 Loss 101 (7 PP)

2) Brad Keselowski 1 Loss 95 (5 PP)

3) Connor Zilisch 1 Loss 44 (5 PP)

4) Zane Smith 110

5) Cody Ware 108

6l Josh Berry 105

7) Ty Dillon 91 (1 PP)

8) Erik Jones 89 (1 PP)

9) Daniel Suarez 88

10) Cole Custer 83

11) Noah Gragson 77

12) Ryan Preece 75

13) Ty Gibbs 74

14) Austin Dillon 69

15) Justin Haley 65

16) Joey Logano 65

_____________________________________________

17) Corey LaJoie 61

18) Ross Chastain 59

19) Shane van Gisbergen 59

20) Austin Cindric 58

21) Kyle Larson 57 (1 PP)

22) Carson Hocevar 50

23) Helio Castroneves 50

24) Bubba Wallace 49

25) JJ Yeley 49

26) Todd Gilliland 45

27) Denny Hamlin 42

28) Riley Herbst 42

29) Alex Bowman 42

30) Chris Buescher 41

**___________________________**

Xfinity Playoff standings (Race 3/26)

1) Daniel Dye 1 Loss 80 (7 PP)

2) Carson Hocevar 1 Loss 60.(7 PP)

3) Taylor Gray 1 Loss 53 (5 PP)

4) Kyle Sieg 123

5) Kris Wright 99

6) Brandon Jones 93

7) Dean Thompson 77 (2 PP)

8) Brennan Poole 76

9) Nick Sanchez 75

10) Anthony Alfredo 74

11) Ryan Ellis 66

12) Garrett Smithley 65

_____________________________________________

13) Josh Bilicki 63

14) Connor Zilisch 58

15) Blaine Perkins 56

16) Baltazar Leguizamon 54

17) Ryan Sieg 52

18) Parker Retzlaff 52

19) Justin Allgaier 51

20) Preston Pardus 50

21) Matt DiBenedetto 49

22) Carson Ware 47

23) Carson Kvapil 46

24) Harrison Burton 45

25) William Sawalich 45

26) Jeb Burton 44

27) Mason Maggio 43

28) Joey Gase 43

29) Josh Williams 43

30) Jeremy Clements 42",2025-03-04
t3_1j3u74j,Searching for DH11 Diecast,https://www.reddit.com/r/nascar/comments/1j3u74j/,/u/Royal-Archer-6110,2025-03-05 03:48:54+00:00,"Anyone willing to sell the Denny Hamlin 2024 Spring Bristol Express Oil Change diecast? Either 1:24 or 1:64. 

Family friend is a franchisee of Express Oil Change, they were invited to sit on the pitbox during the race and I ordered the diecast as a gift but it was cancelled due to lack of interest. ",2025-03-05
t3_1j4abcs,[Denny Hamlin]: Come see me actively promoting and growing our sport this Saturday.,https://www.reddit.com/r/nascar/comments/1j4abcs/,/u/Mellow200,2025-03-05 18:39:17+00:00,,2025-03-05
t3_1j5lb1l,2025 Winners,https://www.reddit.com/r/nascar/comments/1j5lb1l/,/u/joewazzard,2025-03-07 11:23:45+00:00,"So I figured it’d be fun to go to pick winners for each race this year then look back at years end and see how many I get right. I’m a little late but I will still add my winners for the first 3 races honestly.

Add ur predictions below I’m curious to see how you all think the season will play out. 

Daytona 500- Denny Hamlin (1)

Atlanta 1- Austin Cindric (1)

COTA- Tyler Reddick (1)

Phoenix 1- Christopher Bell (1)

Vegas 1- Kyle Larson (1)

Homestead Miami- William Byron (1)

Martinsville 1- Ryan Blaney (1)

Darlington 1- Kyle Larson (2)

Bristol 1- Chase Briscoe (1)

Talladega 1- William Byron (2)

Texas 1- Chase Briscoe (2)

Kansas 1- Ross Chastain (1)

Coke 600- Chase Elliott (1)

Nashville- Tyler Reddick (2)

Michigan- Ryan Blaney (2)

Autodromo- SVG (1)

Pocono- William Byron (3)

Atlanta 2- Joey Logano (1)

Chicago Street Race- Tyler Reddick (3)

Sonoma- Kyle Larson (3)

Dover- Chase Elliott (2)

Indy- Denny Hamlin (2)

Iowa- Ryan Blaney (3)

Watkins Glen- Christopher Bell (2)

Richmond- Kyle Busch (1)

Daytona 2- Brad Keselowski (1)

Darlington 2- Christopher Bell (3)

Gateway- Denny Hamlin (3)

Bristol 2- Chase Elliott (3)

Kansas 2- Ross Chastain (2)

Charlotte Roval- AJ Allmendinger (1)

Vegas 2- Christopher Bell (4)

Talladega 2- Todd Gilliland (1)

Martinsville 2- William Byron (4)

Championship- Kyle Larson (5)


Kyle Larson 5 Wins 
Ryan Blaney 4 Wins
Christopher Bell 4 Wins
William Byron 4 Wins
Chase Elliott 3 Wins
Tyler Reddick 3 Wins
Denny Hamlin 3 Wins
Chase Briscoe 2 Wins
Ross Chastain 2 Wins
Austin Cindric 1 Win
Brad Keselowski 1 Win
SVG 1 Win
Kyle Busch 1 Win
Todd Gilliland 1 Win
AJ Allmendinger 1 Win
Joey Logano 1 Win




",2025-03-07
t3_1j5vf0f,The next driver to qualify for the Cup playoffs will be the 50th playoff driver and other stats,https://www.reddit.com/r/nascar/comments/1j5vf0f/,/u/Senninha27,2025-03-07 18:04:58+00:00,"* 2025 is the 22nd season with a form of NASCAR Cup Playoffs.  To date, 49 drivers have qualified for the playoffs. Last year, Harrison Burton became the 48th, and Ty Gibbs became the 49th.
* Of the 49 drivers, Denny Hamlin has qualified for the most playoffs with 18.  The only year of his full-time career that he didn't qualify was 2013.
* The longest playoff streak was Jimmie Johnson, who qualified for the playoffs in all 15 seasons in which he competed.
* The only years without a new playoff driver were 2008 and 2010.
* The year with the highest number of new playoff drivers was 2006 when Kevin Harvick, Denny Hamlin, Jeff Burton, Kasey Kahne, and Kyle Busch all made their first appearances.
* Drivers with only one playoff appearance are Elliott Sadler (2004), Rusty Wallace (2005), Brian Vickers and Juan Pablo Montoya (2009), A.J. Allmendinger (2014), Paul Menard (2015), Cole Custer and Matt DiBenedetto (2020), Darrell Wallace, Jr. (2023), and Harrison Burton and Ty Gibbs (2024).",2025-03-07
t3_1j7ok4r,Any other weekend sweeps in numerical order?,https://www.reddit.com/r/nascar/comments/1j7ok4r/,/u/dcarp1231,2025-03-10 02:34:42+00:00,"This weekend, Joe Gibbs Racing swept all three Phoenix races with Brent Crews winning in ARCA, Aric Almirola in Xfinity, and Christopher Bell in Cup.

They also pulled off the team sweep in numerical order (18-19-20).

Are there any other instances of this from teams or just in general?",2025-03-10
t3_1j7pmzg,First Time Ever the oldest driver in Cup Field was a Female,https://www.reddit.com/r/nascar/comments/1j7pmzg/,/u/Obvious_Skill_2630,2025-03-10 03:33:13+00:00,"Correct me if I am wrong- but Katherine Legge at 44 (born July 12, 1980) was the oldest driver in today's field. She is few months older than Denny Hamlin (November 18, 1980). ",2025-03-10
t3_1j7s5ff,"Stupid middle of the night NASCAR fact #2: At the 1994 Tyson Holly Farms 400 at North Wilkesboro, Geoff Bodine, ahem, “Geoffrey Bodine,” became the last Cup driver to lap the entire field. He finished exactly 1 lap ahead of Terry Labonte, Rick Mast, and Rusty Wallace. Leading 334, of 400 laps.",https://www.reddit.com/r/nascar/comments/1j7s5ff/,/u/MkeBucksMarkPope,2025-03-10 06:11:28+00:00,"Bodine would finish 1994 with 3 wins, this being his 3rd and final of the season. 

Jimmy Spencer would start the race on pole in the #27 Junior Johnson Ford, alongside Bill Elliot in another Junior Johnson ride, car #11. 

Geoffs brother Brett (#26 Ford,) would out qualify the #7, starting 15th, to Geoff’s 18th. 

Meanwhile, younger brother Todd would fail to qualify for the race all together in his #75 ford. 

Out of the six drivers that failed to qualify for the event, shockingly, the #18 Joe Gibbs racing Chevy, piloted by Dale Jarrett would be among the six. Jarrett would post a lap of 19.280, failing to beat out Jeremy Mayfield’s lap of 19.263. 

Morgan Shepard (#21,) and Lake Speed (#15,) would make up the two provisional slots, all in all leading to a 36 car field. 

The race featured six rookies. Jeff Burton, Ward Burton, John Andretti in the iconic #43, Joe Nemechek, Steve Grissom, and Jeremy Mayfield. 

Fun side fact: John Andretti would start the year in the #14 Billy Hagan Chevy, taking over the Petty #43 in race 21 at Michigan. He would remain with the #43 running races 21-31 in 1994. Following that season, he found full time rides with two different cup teams. And in 1998, when he would rejoin Petty Enterprises back in the #43 Petty Pontiac. ",2025-03-10
t3_1j9m3qz,Ampm has announced that it will sponsor Denny Hamlin in 2025 for 2 races,https://www.reddit.com/r/nascar/comments/1j9m3qz/,/u/Dmacthegoat,2025-03-12 15:05:12+00:00,,2025-03-12
t3_1j9rd4u,Who do you think are good historical comparisons for modern drivers?,https://www.reddit.com/r/nascar/comments/1j9rd4u/,/u/iamkingjamesIII,2025-03-12 18:41:20+00:00,"Who would you say are good historical counterparts to modern drivers?

Some of mine:

Martin Truex Jr- Dale Jarrett: Career paths pretty similar

Ricky Stenhouse- Jimmy Spencer: Stenhouse is better but both only won on plate tracks in cup and run in mid rides. 

Kyle Busch- Rusty Wallace: Short track aces and sorta whine a lot.

Denny Hamlin- Junior Johnson: Similar win count and became team owners

Ryan Blaney- Dale Jr.: Chill out of the car, animated inside of it, really good at plate tracks and short tracks

Ross Chastain- Ernie Irvan: Similar stories with roughing up the field and coming from junk to contending rides. 

Clint Boywer- Sterling Marlin: Contended for a couple of championships but had a lot of ups and downs and both won ten times. 

Christopher Buescher- Bobby Labonte: Neither are flashy, but seem to be consistent. Both Texas drivers. 

Chase Elliott- Matt Kenseth: Consistent, at times go on real hot streaks, but never win a ton of races in a year. Dry humor. 

Joey Logano- Tony Stewart (LOL): Get really pissy at guys driving rough but drive rough. 3x champs. 

",2025-03-12
t3_1j9xpn2,I’m looking for a specific quote from Denny Hamlin,https://www.reddit.com/r/nascar/comments/1j9xpn2/,/u/OrneryInterest7647,2025-03-12 23:11:59+00:00,"In full speed Denny has a comment about how he could hit a three point shot that Jordan would miss, but no athlete from an another sport could run a lap faster than he can.

Does anyone remember what episode that was in? 

My daughter is doing an essay and nascar and I want to giver her that quote to use.

Thanks ",2025-03-12
t3_1jbbsny,Denny Hamlin appearing on podcast that platformed known human trafficker Andrew Tate,https://www.reddit.com/r/nascar/comments/1jbbsny/,/u/thaatpoppunkguy,2025-03-14 19:17:06+00:00,I’ve been a fan of Denny for 17 years. No longer. ,2025-03-14
t3_1jcc9d7,Denny Hamlin won $126k on a Vegas slot machine,https://www.reddit.com/r/nascar/comments/1jcc9d7/,/u/michigan_matt,2025-03-16 03:06:50+00:00,,2025-03-16
t3_1jcdi9s,Return to Watching NASCAR,https://www.reddit.com/r/nascar/comments/1jcdi9s/,/u/Cool-Highlight4433,2025-03-16 04:20:17+00:00,"Hey everyone, tomorrow I want to watch the nascar race, I haven’t watched a race in years I’m only 21 but I used to watch it when I was like 8-13 just wanna know if any veterans still race from that time frame that I would’ve watched it like 2010. 

My favorite nascar racers is Dale Earnhardt Jr. (Best car was Amp Energy)

Tony Stewart (Home Depot) 

Denny Hamlin (FedEx)

Jimmie Johnson (Lowe’s) 


Who should I root for because I sadly couldn’t find any of them still racing. 

",2025-03-16
t3_1jcfiya,[Denny Hamlin] The show goes on,https://www.reddit.com/r/nascar/comments/1jcfiya/,/u/Mellow200,2025-03-16 06:37:48+00:00,,2025-03-16
t3_1jcz2vd,Joe Gibbs Racing - A Tale of Two Teams?,https://www.reddit.com/r/nascar/comments/1jcz2vd/,/u/SentenceSudden9802,2025-03-16 23:38:24+00:00,"Is there a divide building at JGR between the ""haves"" (11 and 20) and the ""have nots"" (19 and 54)? The 11 and 20 seem to be living up to the expectations we have for JGR, with both teams winning multiple races and making deep playoff runs each year. But on the other side of the shop, we have the 19 and 54. Outside of a pole and a 4th place finish at Daytona, Chase Briscoe's had a fairly mediocre start to the season. He sits 20th in points with no top 10s since Daytona. And Ty Gibbs is on an absolutely atrocious run of form going back to last year. His last top 10 was Kansas in September, and he sits a miserable 34th in points. The 19 hasn't won since July 2023, and the 54 hasn't won since April 2022- When it was still the 18 driven by Kyle Busch. Both cars went out in the round of 16 last year.

This divide sort of reminds me of Hendrick Motorsports in the 2000s. You had the 24 and 48 with Gordon and Johnson who were perennial championship contenders, and then you had the 5 and 25 who could win a race here and there, but they were never quite on the same level as the 24 and 48.

What do you think, are we starting to see a real divide within JGR in terms of performance, or is it just a run of bad luck for the 19 and 54 teams?",2025-03-16
t3_1jd049f,New fan after watching nascar full speed documentary,https://www.reddit.com/r/nascar/comments/1jd049f/,/u/papaturp6125,2025-03-17 00:28:12+00:00,Both sides of my family were really into NASCAR when I was growing up. Honestly I never got into it. I just watched the first season of nascar full speed on Netflix and I am hooked. I am pretty sure my favorites are now Denny Hamlin and Joey Logano. I like the ones who trash talk and don’t mind bumping into other cars to win. Not for sure what others think of these two lol. I am sure there are other drivers out there that weren’t on this show who are similar to these two? If so who else is similar in personality? Now I need to go to a race!,2025-03-17
t3_1jd1jmv,"[Stern] .@Progressive insurance is in discussions to add a team deal to its advertising presence in NASCAR, sources say, with @JoeGibbsRacing pegged as the favorite to land the Ohio-based company's business.",https://www.reddit.com/r/nascar/comments/1jd1jmv/,/u/ChaseTheFalcon,2025-03-17 01:41:21+00:00,,2025-03-17
t3_1jd2bn1,Inagural Winners,https://www.reddit.com/r/nascar/comments/1jd2bn1/,/u/gsizemo1,2025-03-17 02:22:11+00:00,"So with the recent win by Josh Berry as Las Vegas Motor Speedway, it becomes another track for a driver to get their inagural win at, at the 35th race of being on schedule.  The new data point got me curious as to what other tracks remain...

First the tracks with inagural winners, disclaimer the list below isn't all inclusive, it was just to check the box...

Daytona International Speedway - Trevor Bayne, Harrison Burton, Derrick Cope, Michael Waltrip, David Ragan, etc etc

Atlanta Motor Speedway - Kevin Harvick, Carl Edwards

Las Vegas Motor Speedway - Josh Berry

Phoenix Raceway - Alan Kulwicki, Chase Briscoe

Martinsville Speedway - Geoff Bodine, Ricky Craven

Darlington Raceway - Terry Labonte, Lake Speed, Regan Smith

Bristol Motor Speedway - Dale Earnhardt Sr., Rusty Wallace, Ernie Irvan, Elliot Sadler, Kurt Busch

Talladega Superspeedway - Richard Brickhouse, Brad Keselowski, Ricky Stenhouse Jr

Charlotte Motor Speedway - Jeff Gordon, Bobby Labonte, Austin Dillon, Jamie McMurray

Michigan International Speedway - Kyle Larson, Dale Jarrett

Pocono Raceway - Denny Hamlin, Jeremy Mayfield

Chicago Street Course - SVG

Sonoma Raceway - Juan Pablo Montoya, Robby Gordon

Dover Speedway - Martin Truex Jr

Indianapolis Motor Speedway - Paul Menard

Richmond Raceway - Tony Stewart

Texas Motor Speedway - Jeff Burton, Dale Earnhardt Jr.

Watkins Glen International - Steve Park

New Hampshire - Joe Nemecheck, Joey Logano

Tracks on the Cup circuit with no inagural winner yet...
*(x) being the number of races
Homestead (26), COTA (5), Kansas (38), Nashville (4), Gateway (3), Charlotte Roval (7)

Tracks that are on the Cup circuit and obviosly no inagural winners yet...
Iowa Raceway, Autódromo Hermanos Rodríguez

This means Homestead and Kansas remain the longest-standing tracks without a first-time Cup Series winner. Given their history, it’s surprising that no driver has earned their inaugural win at either.


",2025-03-17
t3_1jd8ngu,"Tyler Reddick, Chase Elliot, Denny Hamlin, Kyle Larson, and John H. Nemechek are the 5 remaining drivers to complete every lap through 5 Cup Series races",https://www.reddit.com/r/nascar/comments/1jd8ngu/,/u/thekekboi,2025-03-17 09:31:10+00:00,"These 5 drivers have completed all 1141 laps (1852.64 miles) so far this season. Alex Bowman and Ricky Stenhouse Jr. both barely miss the cut with 1140 laps completed. 

The full-time drivers with the least time on track this year:

36: A.J Allmendinger- 981 laps (1454.14 mi)

35: Brad Keselowski- 810 laps (1456.96 mi)

34: Cole Custer- 845 laps (1511.82 mi).",2025-03-17
t3_1jddcb3,Is Josh Berry the best driver in NASCAR history?,https://www.reddit.com/r/nascar/comments/1jddcb3/,/u/ITMAKESSENSE72,2025-03-17 14:01:37+00:00,"If you think about it...

Won in 53rd start, that's faster than:
Chase Elliott
Kyle Larson
Truex
Byron
Blaney
Jeff Burton

Wins to 2nds is 50%, better than Bobby Allison's ratio, better than Kevin Harvick, Mark Martin, Kyle Larson, Chase Elliott, Ryan Blaney, Tyler Reddick

First win at Vegas, no one has done that, not even Richard Petty or Cale Yarborough!

Broke up Bell's consecutive winning streak

Never had a DNQ in Cup, better than Kyle Busch

Won in the 21 car which Jeff Gordon Jimmie Johnson, Denny Hamlin or Dale Earnhardt never did

More Xfinity wins than David Pearson

More truck series top tens than Junior Johnson

20% win ratio with Miles Stanley, one of the best ratios of a CC and driver pairing ever

20% win ratio in the 21 car, highest ever for the team.",2025-03-17
t3_1jddxs4,Joe Gibbs Racing could be on the verge of filling the No. 11 Toyota's open inventory through a deal with Progressive Insurance.,https://www.reddit.com/r/nascar/comments/1jddxs4/,/u/DDowd86,2025-03-17 14:28:10+00:00,,2025-03-17
t3_1jdiy9u,What current full time drivers do you think have already won their final race?,https://www.reddit.com/r/nascar/comments/1jdiy9u/,/u/CompleteUnknown65,2025-03-17 17:51:46+00:00,"Everyone was excited about a first time winner yesterday, but it got me thinking about final career wins.

It's very likely that at least one full time driver has already won their last race. Except in rare cases, you usually can't tell at the time.

Did anyone really think Dover '17 would be Johnson’s last win? Jr. at Phoenix in '15? Edwards at Texas in '16?

Or think about Bobby Labonte, who won the championship in 2000 and never won again after 2003. 

Could it be Busch? Maybe Keselowski? Someone like Erik Jones?

Or could it be someone who you'd least expect, who has been a recent regular winner/championship contender? Kind of like a Bobby Labonte or Johnson. 

Maybe Denny Hamlin?",2025-03-17
t3_1jdjjol,Joe Gibbs Racing co-owner's concerns about the 54 team.,https://www.reddit.com/r/nascar/comments/1jdjjol/,/u/ZilischsPoopyPants,2025-03-17 18:15:04+00:00,,2025-03-17
t3_1jdqdp1,Run into a driver outside of the race track?,https://www.reddit.com/r/nascar/comments/1jdqdp1/,/u/One-MegaManXCM,2025-03-17 22:55:18+00:00,"Has there ever been any occasion you bumped into a driver outside of the racetrack? I wanna hear all the fun stories on this one, did anyone see Denny Hamlin at a Denny's diner? Run into Paul Menard at a Menard's superstore? Was Josh Berry your teller at a bank? Or how about Ryan Blaney at your local Shell?",2025-03-17
t3_1je8coc,Progressive Announcement Coming This Afternoon!,https://www.reddit.com/r/nascar/comments/1je8coc/,/u/PJ1TRACKBITE,2025-03-18 15:59:00+00:00,I am surprised that no one is talking about it but Hamlin teased in his weekly podcast that we will be seeing some consistency on the 11 car once again. ,2025-03-18
t3_1je9r6c,Nascar part time driver approval process drawing heavy scrutiny,https://www.reddit.com/r/nascar/comments/1je9r6c/,/u/thekekboi,2025-03-18 16:56:52+00:00,"Some quotes from drivers in this article:

**Daniel Suarez:** *“I believe that I'm one of the best racing drivers in a stock car in the world, and if I want to run Formula 1 tomorrow or Formula 2, I can't. I'm not qualified to do that… and I shouldn’t. I believe that the process to allow somebody to run in the Cup Series should be a little bit harder for respect to the driver that is trying, to respect the fans and to respect the drivers and teams that are running full time because we work very hard to get into silly accidents like the one [at Phoenix].”*

Suarez would also add:
*“She got set for failure. It doesn't matter if you're a great driver or a bad driver. If you are thrown in one of the most difficult series in the world to be competitive, is just not fair. That’s the way I saw it. I was more disappointed in NASCAR than her.”*


**Joey Logano:** *”I would consider Phoenix a fairly high-speed oval. I know it's only a mile, but you're carrying some good speed around there, and there's a lot of potential to get in trouble, and we saw two cautions [at Phoenix] that unfortunately ruined Suarez’s day and it was not his fault. If I was him, I'd be very upset. Very upset.*

**Kyle Busch:** *”Being an owner [previously] in the Truck Series and seeing some young drivers get opportunities at different tracks versus my drivers that I was trying to get them opportunities at some of those same tracks getting denied —  I was very confused, and probably I'm even more confused now on how it all works, I think it's broken. There’s a lot of work that could be done to make it better. I also do feel as though it shouldn't be ‘suit and ties’ making the decisions.”*

**Denny Hamlin:**
It should open eyes to NASCAR that we're not very strict in who gets to run Cup cars. It should be the most elite series and you shouldn’t be able to come in whenever you want."" 
Hamlin would also add:
*“I feel bad for Katherine because I told Kyle Larson at the drivers' meeting, ‘How impressive is it? She's only a second off in an underfunded car, and never running in this type of series. ""That's really, really, really impressive.”*


",2025-03-18
t3_1je9tiu,Nascar “part-time driver” approval process is under heavy scrutiny,https://www.reddit.com/r/nascar/comments/1je9tiu/,/u/thekekboi,2025-03-18 16:59:33+00:00,"Some quotes from drivers in this article:

Daniel Suarez: “I believe that I'm one of the best racing drivers in a stock car in the world, and if I want to run Formula 1 tomorrow or Formula 2, I can't. I'm not qualified to do that… and I shouldn’t. I believe that the process to allow somebody to run in the Cup Series should be a little bit harder for respect to the driver that is trying, to respect the fans and to respect the drivers and teams that are running full time because we work very hard to get into silly accidents like the one [at Phoenix].”

Suarez would also add: “She got set for failure. It doesn't matter if you're a great driver or a bad driver. If you are thrown in one of the most difficult series in the world to be competitive, is just not fair. That’s the way I saw it. I was more disappointed in NASCAR than her.”

Joey Logano: ”I would consider Phoenix a fairly high-speed oval. I know it's only a mile, but you're carrying some good speed around there, and there's a lot of potential to get in trouble, and we saw two cautions [at Phoenix] that unfortunately ruined Suarez’s day and it was not his fault. If I was him, I'd be very upset. Very upset.

Kyle Busch: ”Being an owner [previously] in the Truck Series and seeing some young drivers get opportunities at different tracks versus my drivers that I was trying to get them opportunities at some of those same tracks getting denied —  I was very confused, and probably I'm even more confused now on how it all works, I think it's broken. There’s a lot of work that could be done to make it better. I also do feel as though it shouldn't be ‘suit and ties’ making the decisions.”

Denny Hamlin: It should open eyes to NASCAR that we're not very strict in who gets to run Cup cars. It should be the most elite series and you shouldn’t be able to come in whenever you want."" Hamlin would also add: “I feel bad for Katherine because I told Kyle Larson at the drivers' meeting, ‘How impressive is it? She's only a second off in an underfunded car, and never running in this type of series. ""That's really, really, really impressive.”",2025-03-18
t3_1jea23w,Nascar “part-time driver” approval process under heavy scrutiny,https://www.reddit.com/r/nascar/comments/1jea23w/,/u/thekekboi,2025-03-18 17:09:04+00:00,"Some quotes from drivers in this article:

**Daniel Suarez:** *“I believe that I'm one of the best racing drivers in a stock car in the world, and if I want to run Formula 1 tomorrow or Formula 2, I can't. I'm not qualified to do that… and I shouldn’t. I believe that the process to allow somebody to run in the Cup Series should be a little bit harder for respect to the driver that is trying, to respect the fans and to respect the drivers and teams that are running full time because we work very hard to get into silly accidents like the one [at Phoenix].”*
Suarez would also add: *“She got set for failure. It doesn't matter if you're a great driver or a bad driver. If you are thrown in one of the most difficult series in the world to be competitive, is just not fair. That’s the way I saw it. I was more disappointed in NASCAR than her.”*

**Joey Logano:** *”I would consider Phoenix a fairly high-speed oval. I know it's only a mile, but you're carrying some good speed around there, and there's a lot of potential to get in trouble, and we saw two cautions [at Phoenix] that unfortunately ruined Suarez’s day and it was not his fault. If I was him, I'd be very upset. Very upset.*

**Kyle Busch:** *”Being an owner [previously] in the Truck Series and seeing some young drivers get opportunities at different tracks versus my drivers that I was trying to get them opportunities at some of those same tracks getting denied —  I was very confused, and probably I'm even more confused now on how it all works, I think it's broken. There’s a lot of work that could be done to make it better. I also do feel as though it shouldn't be ‘suit and ties’ making the decisions.”*

**Denny Hamlin:** *It should open eyes to NASCAR that we're not very strict in who gets to run Cup cars. It should be the most elite series and you shouldn’t be able to come in whenever you want.""* Hamlin would also add: *”I feel bad for Katherine because I told Kyle Larson at the drivers' meeting, ‘How impressive is it? She's only a second off in an underfunded car, and never running in this type of series. ""That's really, really, really impressive.”*",2025-03-18
t3_1jecpie,Fox Sports Post-Vegas Power Rankings,https://www.reddit.com/r/nascar/comments/1jecpie/,/u/thekekboi,2025-03-18 18:56:05+00:00,"For those who don’t want to click the link here are the rankings.

**1.** William Byron *(up 1 spot)* 

**2.** Christopher Bell *(down 1 spot)* 

**3.** Kyle Larson 

**4.** Alex Bowman *(up 5 spots)* 

**5.** Ryan Blaney 

**6.** Denny Hamlin *(down 2 spots)*

**7.** Chase Elliot *(down 1 spot)*

**8.** Tyler Reddick *(down 1 spot)* 

**9.** Josh Berry *(unranked)*

**10.** Ross Chastain *(unranked)*

Chris Buescher and Kyle Busch drop out of the rankings. Fox places those two along with Joey Logano, Michael McDowell, Ryan Preece, and Bubba Wallace as honorable mentions.",2025-03-18
t3_1jee3p8,Kyle Busch and Chase Briscoe make changes to pit crew ahead of looming suspensions,https://www.reddit.com/r/nascar/comments/1jee3p8/,/u/thekekboi,2025-03-18 19:51:37+00:00,"Chase Briscoe brings in Adam Riley (rear changer) and Nathan McBride (jackman) from Noah Gragson’s crew which is owned by Joe Gibbs Racing. 

Kyle Busch will bring in Chris Jackson (rear changer) who currently is on the Matt DiBenedetto crew in Xfinity. He also brings in Garrett Crall (jackman) from Kris Wright’s Xfinity crew. ",2025-03-18
t3_1jeekd2,[JGR] Sneak peek at Denny Hamlin’s scheme to be announced at 7:20 EST tonight,https://www.reddit.com/r/nascar/comments/1jeekd2/,/u/SoupMadeFreshDaily,2025-03-18 20:10:06+00:00,,2025-03-18
t3_1jeeklf,Sneak Peek at the new Denny Hamlin Paint Scheme that will be revealed later tonight,https://www.reddit.com/r/nascar/comments/1jeeklf/,/u/Dmacthegoat,2025-03-18 20:10:22+00:00,,2025-03-18
t3_1jeelko,Denny Hamlin new scheme preview,https://www.reddit.com/r/nascar/comments/1jeelko/,/u/EWall100,2025-03-18 20:11:27+00:00,Received from JGR's text subscription ,2025-03-18
t3_1jegj8j,[Joe Gibbs Racing YouTube Page] Link to see Hamlin’s new paint scheme tonight at 7:20 EST,https://www.reddit.com/r/nascar/comments/1jegj8j/,/u/Dmacthegoat,2025-03-18 21:30:57+00:00,,2025-03-18
t3_1jehxe1,Denny Hamlin’s Yard Goes Up in Flames After Lawn Mower Fire - The Daily Downforce,https://www.reddit.com/r/nascar/comments/1jehxe1/,/u/ZilischsPoopyPants,2025-03-18 22:31:15+00:00,,2025-03-18
t3_1jeiudf,"2025 LASTCAR Cup, Xfinity, and Truck Playoff Standings (After Las Vegas I)",https://www.reddit.com/r/nascar/comments/1jeiudf/,/u/TIFUthebestSubreddit,2025-03-18 23:11:38+00:00,"Cup Series Playoff standings (Race 5/26)

1) Cody Ware 1 Loss 196 (5 PP)

2) Brad Keselowski 1 Loss 142 (5 PP)

3) AJ Allmendinger 1 Loss 130 (7 PP)

4) Riley Herbst 1 Loss 118 (6 PP)

5) Cole Custer 152

6) Shane van Gisbergen 146

7) Zane Smith 141

8) Ty Dillon 140 (1 PP)

9) Noah Gragson 135

10) Ty Gibbs 133

11) Erik Jones 133 (1 PP)

12) Carson Hocevar 124

13) Justin Haley 119

14) Austin Dillon 118

15) Chase Briscoe 116 (1 PP)

16) Daniel Suarez 113

_____________________________________________

17) Josh Berry 109

18) Bubba Wallace 105

19) Joey Logano 94

20) Todd Gilliland 94

21) Ryan Preece 92

22) Michael McDowell 91 (1 PP)

23) Ryan Blaney 90

24) Kyle Busch 87 (1 PP)

25) Austin Cindric 82

26) Denny Hamlin 77

27) John Hunter Nemechek 77

28) Ross Chastain 74

29) Ricky Stenhouse Jr 73

30) Kyle Larson 68 (1 PP)

_____________________________________________

Other Losers that most likely won't make multiple starts in the playoffs 

38) Connor Zilisch 1 Loss 44 (5 PP)

**___________________________**

Xfinity Playoff standings (Race 5/26)

1) Dean Thompson 1 Loss 140 (8 PP)

2) William Sawalich 1 Loss 116 (7 PP)

3) Daniel Dye 1 Loss 107 (7 PP)

4) Taylor Gray 1 Loss 74 (5 PP)

5) Kyle Sieg 148

6) Kris Wright 147

7) Ryan Ellis 142

8) Garrett Smithley 132

9) Josh Bilicki 132

10) Anthony Alfredo 125

11) Greg Van Alst 118

12) Joey Gase 114

_____________________________________________

13) Brennan Poole 111

14) Blaine Perkins 102

15) Nick Sanchez 101

16) Matt DiBenedetto 100

17) Brandon Jones 98

18) Mason Massey

19) Carson Kvapil 85

20) Jeremy Clements 85

21) Josh Williams 84

22) Parker Retzlaff 80

23) Austin Hill 80

24) Austin Green 80

25) Connor Zilisch 79

26) Jeb Burton 78

27) Sheldon Creed 76

28) Dawson Cram 73

29) Harrison Burton 69

30) Leland Honeyman 64

_____________________________________________

Other Losers that most likely won't make multiple starts in the playoffs 

32) Carson Hocevar 1 Loss 60 (7 PP)

**___________________________**

Truck series Playoff Standings (race 3/18)

1) Stephen Mallozzi 1 Loss 61 (7 PP)

2) Parker Kligerman 1 Loss 60 (7 PP)

3) Keith McGee 1 Loss 58 (6 PP)

4) Nathan Byrd 128

5) Toni Briedinger 116 (1 PP)

6) Connor Mosack 104

7) Josh Reaume 98

8) Spencer Boyd 98

9) Frankie Muniz 91

10) Jack Wood 91

_____________________________________________

11) William Sawalich 87

12) Matt Mills 83

13) Matt Crafton 82

14) Kaden Honeycutt 79

15) Rajah Caruth 75

16) Dawson Sutton 74

17) Andres Perez de Lara 69

18) Jake Garcia 56

19) Tyler Ankrum 56

20) Layne Riggs 55

21) Bayley Currey 52

22) Ben Rhodes 50

23) Tanner Gray 49

24) Luke Fenhaus 48

25) Justin Carroll 48

26) Daniel Hemric 45

27) Michael McDowell 42

28) Corey Heim 41

29) Stewart Friesen 40

30) Gio Ruggerio 37",2025-03-18
t3_1jej9gu,Denny Hamlin's 2025 Progressive Paint Scheme,https://www.reddit.com/r/nascar/comments/1jej9gu/,/u/randomaccount330,2025-03-18 23:30:35+00:00,,2025-03-18
t3_1jej9mt,[JGR] Progressive to sponsor Denny Hamlin for 18 races this year,https://www.reddit.com/r/nascar/comments/1jej9mt/,/u/SoupMadeFreshDaily,2025-03-18 23:30:46+00:00,,2025-03-18
t3_1jejcfe,[@JoeGibbsRacing] IT'S HERE! Take a look at @dennyhamlin's  new @progressive  Camry race car! It will be on track for 18 races this #NASCAR season.,https://www.reddit.com/r/nascar/comments/1jejcfe/,/u/NoahGragsonsBarfBag,2025-03-18 23:34:20+00:00,,2025-03-18
t3_1jejcgy,"Denny Hamlin's new Progressive paint scheme, 18-race deal",https://www.reddit.com/r/nascar/comments/1jejcgy/,/u/[deleted],2025-03-18 23:34:24+00:00,[deleted],2025-03-18
t3_1jelnv6,[Dustin Long] James Small knew what was happening when he saw Christopher Bell slow on pit road at Las Vegas,https://www.reddit.com/r/nascar/comments/1jelnv6/,/u/NoahGragsonsBarfBag,2025-03-19 01:25:32+00:00,"Some highlights:

>“If you’re down on that end of pit road (close to pit exit), we just, for years, we’ve had an agreement that if somebody rolls up to your pit box, you know what you need to do,” “I could see Bell trying to get to our box and I’m like he must have a loose wheel,” Small said. “He came in and he was pointing and I got on our in-car radio and started yelling, ‘Left front! Left front!

>Briscoe, who was on the track under the caution, said he was startled when he heard Small yelling on the radio about the left front tire and thought that was something wrong with his car. Once Bell was away from Briscoe’s pit stall, Briscoe was told what happened.

>Small said that Joe Gibbs Racing’s teams have talked about having a teammate pull into another’s pit to have a wheel tightened “for many years now and that’s just the first time it’s happened.”

Please give Dustin a click or two on his article and read for quotes from other drivers. ",2025-03-19
t3_1jf98yd,Denny Hamlin Haters Have Gone Too Far,https://www.reddit.com/r/nascar/comments/1jf98yd/,/u/Turbo28Sports,2025-03-19 22:07:21+00:00,"
I understand disliking a driver, but wishing harm on them is insane to me. I left the group as a result of many comments similar to the ones pictured.",2025-03-19
t3_1jfcrib,Writeup Wednesday Every Week Until the 2025 NASCAR Championship Weekend #4: Penalties in NASCAR,https://www.reddit.com/r/nascar/comments/1jfcrib/,/u/bruhmoment2248,2025-03-20 00:48:38+00:00,"Last week we talked about all of NASCAR’s different flags; one of which being the black flag that signifies that you’ve received a penalty of some sort, which can be a death blow to a driver’s hopes of winning a race, or even a driver’s entire season. Whether the call comes from something that happened on the racetrack or in the garage, let’s take a look at what makes NASCAR throw their version of the penalty flag out.

'

[I still fail to understand why the staffs of NASCAR's flags are so small, you DON'T want that thing slipping out of your hands and onto the racetrack](https://preview.redd.it/zp285q6jqqpe1.png?width=840&format=png&auto=webp&s=5f04a942329a03fbb3dd422b744e93d5b5186103)

'

# On-Track Penalties

The most common type of penalties you can receive during a race usually stem from infringements on pit road. Speeding on pit road at any point, pitting with the car partially out of the box, and your pit crew being too quick to jump over the wall to service a car are all common penalties that get handed down during the course of a race. Speeding penalties are backbreakers in crucial situations, accentuated by NASCAR’s policy of allowing a 5 MPH tolerance on top of the posted speed limit on pit road and drivers pushing the limits to gain every millisecond of time possible.

'

[this one certainly wasn't, though](https://preview.redd.it/8t09suufqqpe1.png?width=576&format=png&auto=webp&s=18ab902bdf17328d997d15fb44565e6f31c3e804)

'

As far as conduct ON the racing surface goes, you’d best make sure to not piss off the tower with your driving. In the past, drivers that wrecked other cars and generally drove like a lifted truck on the highway would be held for multiple laps on pit road as a deterrent. In some cases, drivers that made egregious moves on the track would get parked, as in they were called off-track to go to the garage and not return to the race, essentially an in-race disqualification. The same can be done if you’re going too slow on the track, as NASCAR tries to enforce a “minimum speed” on the racetrack to make sure no one’s being a moving chicane at high speed; in the days of the Damaged Vehicle Policy, that minimum speed becomes a mammoth of a benchmark when trying to fix a damaged racecar.

'

There’s also this one obscure rule that everyone talks about, what was its name again… ah yes, the yellow line rule. We’ll revisit this one at another time; it’s too controversial to take just a quick swipe at it.

'

[and that's not even mentioning trying to manipulate races...](https://preview.redd.it/91wov04opqpe1.png?width=2560&format=png&auto=webp&s=6a7976b158c7a8537fc98126b3a3a467a28c8266)

'

# Off-track Penalties

You don’t even need to be on the racetrack to get a penalty; in the case of Dale Jr in 2004 at Talladega, all you need to do is swear in victory lane and that FCC invoice will show up Tuesday morning without so much as a “how do you do?”, along with NASCAR’s own requests for money. Fines and points deductions are commonly used to leverage penalties against drivers, teams, and owners if some rule has been broken not during a race. Pre and post-race inspections are breeding grounds for all sorts of infractions to pop up, which can (and has) decided races in the past.

'

Pre-race inspection is necessary to make sure all cars are race-legal and can be admitted into the site of competition on raceday. Failing these extensive checks by trying to skirt some part of the rules usually results in a huge disadvantage when the green flag drops, namely losing your starting spot and having to serve a drive-through penalty almost immediately. In fact, failing ANY inspection before the race can have major effects on one’s weekend; in the case of Michael Waltrip in 2007 at Daytona during Speedweeks, it can have a major impact on an entire season.

'

[also make sure you don't leave any extra tape laying around...](https://preview.redd.it/zzf6ihfwpqpe1.png?width=2989&format=png&auto=webp&s=4cd93f010df431d3faf9555bedc735adfe1ec324)

'

But it’s failing post-race inspection that can do a lot more damage a lot quicker; just ask Denny Hamlin, who is the most recent driver to have had an entire win stripped away because of infractions found in post-race inspection, along with Kyle Busch who finished 2nd behind him at Pocono in 2022. Believe it or not, this phenomenon has only happened a few times before, the first being in THE very first Strictly Stock race at Charlotte in 1949. Jim Roper is listed as the first ever winner in Cup Series history because of Glenn Dunaway putting illegal rear leaf springs in the back of his 1947 Ford and winning by 3 laps over Roper, only for officials to strike down the win and give it to Roper who’d only completed 197 of 200 laps; Dunaway then sued for $10,000 but had his case dismissed by a Greensboro judge expeditiously.

'

[Before Denny Hamlin, you had to go back 62 years to find the previous disqualified winner in Cup history, that being Emanuel Zervakis in 1960 at Wilson Speedway for having an oversized fuel cell](https://preview.redd.it/u5nntsw6qqpe1.png?width=3000&format=png&auto=webp&s=6acdeeb30ec888daf96d1b68ea14b00d2c73c180)

  
'

# How Does NASCAR Decide on Penalties?

Today, NASCAR uses a level system when deciding on penalties, divided into 3 tiers: L1, L2, and L3. 



\- L1 infractions are for things like being too light in post-race inspection or not using the right parts for a car, and range from between 20-75 points deducted (driver and owner) and between $25,000 to $100,000 in fines

\- L2 infractions are for things like modifying single-source parts or messing with components in the engine, and range from 75-120 points deducted and up to $250,000 in fines along with suspensions for team members

\- L3 penalties are the harshest, usually for messing with the Big 3 of engines, tires, or fuel; sanctions for L3 penalties include points deductions in the 120-180 point range, and fines up to half a million dollars. All 3 of L1, L2, and L3 infractions found after the race result in the race result being wiped, essentially a disqualification.

'

[Reddit's darling Chase Briscoe became the first to get a massive penalty completely overturned in the Next Gen era, wiping out an L2 infraction from Daytona 500 qualifying without his crew having to serve any suspension or pay any fine](https://preview.redd.it/s4vfwe9wqqpe1.png?width=5249&format=png&auto=webp&s=e71a790c2e3f5c4a95a1a4acfd74be30217710b5)

'

# Are There Good Types of Penalties?

Just because you receive a penalty does not necessarily mean that you got punished. In fact, one particular event this past weekend proved that taking a penalty is sometimes the better outcome compared to what could have made things MUCH worse. Last Sunday’s race in Las Vegas saw a number of teams struggle with getting lug nuts tightened on their racecars, resulting in quite a few detachments of Goodyear tires from NASCAR stock cars north of the Strip. The most pivotal incident of these involved a driver looking to match history: Christopher Bell; off the back of 3 consecutive victories to start the season and looking to match Bill Elliott’s feat of 4 straight wins from race #2 to race #5 in 1992, felt a wheel loose after leaving his pit box late in the race under caution. 

'

[so... is NASCAR gonna fix this loophole or...](https://preview.redd.it/m69ek287rqpe1.png?width=788&format=png&auto=webp&s=50447666cafb564a2ba4b44f7f5734420870ff64)

'

Knowing he and his team would get severe penalties if he went onto the racetrack with a wiggly wheel, Bell called an audible and parked it in teammate Chase Briscoe’s box (who also had lost a wheel earlier in the race and had gone multiple laps down). Briscoe’s crew tightened the loose lug and sent their fellow team car on their way, with NASCAR posting the #20 with a penalty for pitting outside the box. However, considering the penalty for letting a wheel go involves getting held for multiple laps and crew members getting suspended for a few weeks… it was a timely and quite fortunate decision by Bell to drag his car into a friendly pit box. 

'

[whatever you do on the racetrack, don't make the officials' jobs harder than they need to be](https://preview.redd.it/sidbb6knrqpe1.png?width=922&format=png&auto=webp&s=fbad07fc7bbc7a86d899892f8018fd02e8b01bc1)

'

# Next Week...

Penalties in NASCAR can have long-ranging implications outside of race weekend; they can even prevent a driver from becoming an iron man...",2025-03-20
t3_1jfth0p,Heels of Xfinity and craftsman truck series,https://www.reddit.com/r/nascar/comments/1jfth0p/,/u/papaturp6125,2025-03-20 16:51:33+00:00,New to nascar and motorsports in general. My favorite nascar cup drivers are Joey Lagono and Denny Hamlin. Watched the Netflix documentary and they seem like they don’t mind talking smack and bumping into other cars to win which makes them similar to heels in wrestling. Who are similar drivers in xfinity and craftsman truck series that I can look forward to watching?,2025-03-20
t3_1jhba6x,We’re in the Timeline where Denny Hamlin could win a championship in a car not sponsored by FedEx,https://www.reddit.com/r/nascar/comments/1jhba6x/,/u/dcarp1231,2025-03-22 15:41:39+00:00,,2025-03-22
t3_1jia8wd,Little piggy,https://www.reddit.com/r/nascar/comments/1jia8wd/,/u/PeanutMiserable1767,2025-03-23 21:27:12+00:00,I want Denny Hamlin to have a pig hanging put his back windows with pin wheels.,2025-03-23
t3_1jiny4m,"The Day After the Races - March 24, 2025",https://www.reddit.com/r/nascar/comments/1jiny4m/,/u/NASCARThreadBot,2025-03-24 11:00:05+00:00,"Welcome to this week's Day After the Races thread! The dust has settled, the track has cooled, and the confetti's been swept.  With this weekend's activities over, what are your thoughts?  Here's a summary of the previous week's race(s):

---

[NCS](#theNCS)[](#trackHomestead) ***Straight Talk Wireless 400 at Homestead-Miami Speedway***

**Elapsed Time**: 3:02:13 for 267 laps (400.5&nbsp;mi / 644.54&nbsp;km)

**Cautions**: 4 cautions for 27 laps

**Leaders**: 27 lead changes among 9 leaders (Ryan Blaney led most with 124)

**Stage 1**: Ryan Blaney at 80 Laps

**Stage 2**: Denny Hamlin at 165 Laps

**Race Winner**: Kyle Larson at 267 Laps

[Current Standings at NASCAR.com](http://www.nascar.com/standings/nascar-cup-series)

**Race Threads**: [[Pre](/r/NASCAR/comments/1ji2art/prerace_discussion_thread_ncs_straight_talk/)]:[[Race](/r/NASCAR/comments/1ji5d1y/race_thread_ncs_straight_talk_wireless_400_at/)]:[[Post](/r/NASCAR/comments/1jibg9t/postrace_discussion_thread_ncs_straight_talk/)]

---

[NXS](#theNXS)[](#trackHomestead) ***TBA at Homestead-Miami Speedway***

**Elapsed Time**: 2:32:56 for 201 laps (301.5&nbsp;mi / 485.22&nbsp;km)

**Cautions**: 6 cautions for 31 laps

**Leaders**: 19 lead changes among 11 leaders (Kyle Larson led most with 132)

**Stage 1**: Sammy Smith at 45 Laps

**Stage 2**: Kyle Larson at 90 Laps

**Race Winner**: Justin Allgaier at 201 Laps

[Current Standings at NASCAR.com](http://www.nascar.com/standings/xfinity-series)

**Race Threads**: [[Race](/r/NASCAR/comments/1jhfuev/race_thread_nxs_hard_rock_bet_300_at/)]:[[Post](/r/NASCAR/comments/1jhkspm/postrace_discussion_thread_nxs_hard_rock_bet_300/)]

---

[NCTS](#theNCTS)[](#trackHomestead) ***Baptist Health 200 at Homestead-Miami Speedway***

**Elapsed Time**: 1:43:01 for 134 laps (201&nbsp;mi / 323.48&nbsp;km)

**Cautions**: 4 cautions for 22 laps

**Leaders**: 13 lead changes among 4 leaders (Corey Heim led most with 78)

**Stage 1**: Corey Heim at 30 Laps

**Stage 2**: Corey Heim at 60 Laps

**Race Winner**: Kyle Larson at 134 Laps

[Current Standings at NASCAR.com](http://www.nascar.com/standings/nascar-craftsman-truck-series)

**Race Threads**: [[Race](/r/NASCAR/comments/1jgu3ps/race_thread_ncts_baptist_health_200_at/)]:[[Post](/r/NASCAR/comments/1jgxzuq/postrace_discussion_thread_ncts_baptist_health/)]",2025-03-24
t3_1jit51n,POST FOR HELP,https://www.reddit.com/r/nascar/comments/1jit51n/,/u/Apprehensive-Gap-548,2025-03-24 15:18:02+00:00,"Hello, my girlfriend is a huge Denny Hamlin fan (save the hate, I don’t care) she has hats,shirts and all the normal things but I wanted to look for something more niche, maybe something you can’t just buy on a website or maybe something you can buy on a website I’m not super knowledgeable about nascar merch but I want to get her something Denny Hamlin that’s “Rare” (I always recommend a championship but she doesn’t find that as funny) any tips are appreciated! ",2025-03-24
t3_1jj4yfj,Denny Hamlin: Richard Childress ‘destroyed’ a JGR car in police escort leaving Homestead,https://www.reddit.com/r/nascar/comments/1jj4yfj/,/u/CNASFan1992,2025-03-24 23:10:47+00:00,,2025-03-24
t3_1jjuiac,Denny Hamlin will be throwing back to Carl Edwards this year,https://www.reddit.com/r/nascar/comments/1jjuiac/,/u/Extreme-Bite-9123,2025-03-25 21:12:37+00:00,"Twitter link

https://x.com/JoeGibbsRacing/status/1904641392380412111",2025-03-25
t3_1jjuj27,Denny Hamlin’s throwback to Carl Edwards,https://www.reddit.com/r/nascar/comments/1jjuj27/,/u/[deleted],2025-03-25 21:13:29+00:00,[deleted],2025-03-25
t3_1jn1eop,Denny Hamlin's reaction to today's Xfinity Martinsville race via X,https://www.reddit.com/r/nascar/comments/1jn1eop/,/u/Mellow200,2025-03-30 01:16:37+00:00,,2025-03-30
t3_1jn1vt3,Denny Hamlin's reaction to today's events in the Xfinity Martinsville race,https://www.reddit.com/r/nascar/comments/1jn1vt3/,/u/Mellow200,2025-03-30 01:42:24+00:00,Source of posts: [https://x.com/dennyhamlin](https://x.com/dennyhamlin),2025-03-30
t3_1jngb8b,Free NASCAR CUP Ticket for Today's Race,https://www.reddit.com/r/nascar/comments/1jngb8b/,/u/EasilyManageable,2025-03-30 16:31:27+00:00,"tldr;

Buddy was too hungover to come today, sorry for the short notice, but figured I'd shoot it here and see if someone wanted to tag along with two of my buddies and I.

We're a good time and enjoy long walks on the beach, cold beer, and rooting against denny hamlin.

BYOB but the laughs and ticket are free. 🤷

The seat is in section AA Row 34 with us. 

If someone's close by and can make the race dm me. We'll be at the merch haulers for about 2 hrs",2025-03-30
t3_1jnpmaz,Denny Hamlin Captures First Win for Progressive!,https://www.reddit.com/r/nascar/comments/1jnpmaz/,/u/Raptorex_414,2025-03-30 23:24:18+00:00,,2025-03-30
t3_1jnpt70,Progressive's First Win!,https://www.reddit.com/r/nascar/comments/1jnpt70/,/u/Raptorex_414,2025-03-30 23:33:42+00:00,,2025-03-30
t3_1jnr3lu,Ty Gibbs is now the longest tenured Cup driver at Joe Gibbs Racing without his first win with 79 starts,https://www.reddit.com/r/nascar/comments/1jnr3lu/,/u/MrCheggersPartyQuiz,2025-03-31 00:40:26+00:00,"Previously, the record belonged to JJ Yeley who drove 78 starts for Joe Gibbs Racing, including 2 full seasons in 2006-2007 before he was let go. With Ty Gibbs still not having a checkered flag in the 54 in year three of his career & continuing to do so after today, he now has one more start over Yeley.",2025-03-31
t3_1jo0hy5,"The Day After the Races - March 31, 2025",https://www.reddit.com/r/nascar/comments/1jo0hy5/,/u/NASCARThreadBot,2025-03-31 11:00:06+00:00,"Welcome to this week's Day After the Races thread! The dust has settled, the track has cooled, and the confetti's been swept.  With this weekend's activities over, what are your thoughts?  Here's a summary of the previous week's race(s):

---

[NCS](#theNCS)[](#trackMartinsville) ***Cook Out 400 at Martinsville Speedway***

**Elapsed Time**: 3:05:11 for 400 laps (210.4&nbsp;mi / 338.61&nbsp;km)

**Cautions**: 10 cautions for 86 laps

**Leaders**: 9 lead changes among 6 leaders (Denny Hamlin led most with 274)

**Stage 1**: Joey Logano at 80 Laps

**Stage 2**: Denny Hamlin at 180 Laps

**Race Winner**: Denny Hamlin at 400 Laps

[Current Standings at NASCAR.com](http://www.nascar.com/standings/nascar-cup-series)

**Race Threads**: [[Pre](/r/NASCAR/comments/1jne9p5/prerace_discussion_thread_ncs_cook_out_400_at/)]:[[Race](/r/NASCAR/comments/1jnibsg/race_thread_ncs_cook_out_400_at_martinsville/)]:[[Post](/r/NASCAR/comments/1jnoacm/postrace_discussion_thread_ncs_cook_out_400_at/)]

---

[NXS](#theNXS)[](#trackMartinsville) ***US Marine Corps 250 at Martinsville Speedway***

**Elapsed Time**: 2:27:56 for 256 laps (134.66&nbsp;mi / 216.71&nbsp;km)

**Cautions**: 14 cautions for 104 laps

**Leaders**: 14 lead changes among 10 leaders (Connor Zilisch led most with 100)

**Stage 1**: Connor Zilisch at 60 Laps

**Stage 2**: Connor Zilisch at 120 Laps

**Race Winner**: Austin Hill at 256 Laps

[Current Standings at NASCAR.com](http://www.nascar.com/standings/xfinity-series)

**Race Threads**: [[Race](/r/NASCAR/comments/1jmut4y/race_thread_nxs_us_marine_corps_250_at/)]:[[Post](/r/NASCAR/comments/1jmzstg/postrace_discussion_thread_nxs_us_marine_corps/)]

---

[NCTS](#theNCTS)[](#trackMartinsville) ***Boys and Girls Club of the Blue Ridge 200 at Martinsville Speedway***

**Elapsed Time**: 1:50:02 for 200 laps (105.2&nbsp;mi / 169.3&nbsp;km)

**Cautions**: 10 cautions for 69 laps

**Leaders**: 5 lead changes among 5 leaders (Corey Heim led most with 149)

**Stage 1**: Corey Heim at 50 Laps

**Stage 2**: Corey Heim at 100 Laps

**Race Winner**: Daniel Hemric at 200 Laps

[Current Standings at NASCAR.com](http://www.nascar.com/standings/nascar-craftsman-truck-series)

**Race Threads**: [[Race](/r/NASCAR/comments/1jm7jwm/race_thread_ncts_boys_and_girls_club_of_the_blue/)]:[[Post](/r/NASCAR/comments/1jmbjq6/postrace_discussion_thread_ncts_boys_and_girls/)]",2025-03-31
t3_1jo9um9,Can someone explain what the little blue clock emoji means by Denny Hamlin’s name during yesterday’s NASCAR race at Martinsville?,https://www.reddit.com/r/nascar/comments/1jo9um9/,/u/GearJammer1993,2025-03-31 18:10:07+00:00,,2025-03-31
t3_1joidbs,Do you think that Austin Dillion would've been penalized last year at Richmond if he didn't right hook Denny Hamlin?,https://www.reddit.com/r/nascar/comments/1joidbs/,/u/DrFuckwad,2025-04-01 00:12:06+00:00,Hearing that Sammy Smith might be penalized somewhat reminded me last year at Richmond when Austin Dillion got penalized. My question is do you think that Austin would've gotten penalized if him spinning out Joey Logano was the only thing he did and he didn't also right hook Denny? ,2025-04-01
t3_1jom105,Denny Hamlin puts the bumper to Chase Elliott—,https://www.reddit.com/r/nascar/comments/1jom105/,/u/Icy_Nectarine_8143,2025-04-01 03:18:35+00:00,"This is the same dude calling for heads in the Xfinity series after Martinsville, I can add a couple more clips if you need more prove of the hypocrisy. 
",2025-04-01
t3_1jp132v,Denny Hamlin Calls on Austin Cindric to Clean Up His Driving,https://www.reddit.com/r/nascar/comments/1jp132v/,/u/ZilischsPoopyPants,2025-04-01 17:15:31+00:00,,2025-04-01
t3_1jp4tb2,Kris Wright to the 11?,https://www.reddit.com/r/nascar/comments/1jp4tb2/,/u/Dry-Membership3867,2025-04-01 19:43:57+00:00,"What’d you think about it. We’ve seen him in competitive equipment shine at VMS being a title threat in ARCA, he’s just scored a top 10 in his shitbox and has driven the wheels off of it (and off of the field). Imagine if he could finally get competitive equipment. In comes JGR, will a cup slot opened up to replace Denny. They have to get sponsorship filled out for the remainder of the races not sponsored by Progressive, and he brings it. Also he brings loads of talent to the field as well. He seriously should be considered for the 11 car next year at JGR and I’d back him. I can assure you, if he was in that car, he’d be the first rookie up champion ",2025-04-01
t3_1jp63qa,NASCAR Cup Series standings (points only at the chequered flag) Denny Hamlin takes the lead of the Short Track Cup,https://www.reddit.com/r/nascar/comments/1jp63qa/,/u/Christodej,2025-04-01 20:34:40+00:00,"Denny Hamlin takes the lead of the Short Track Cup, it is the first race of the cup so the standings are just the race results. at least we have another race in 2 weeks.",2025-04-01
t3_1jqp238,11 against the world,https://www.reddit.com/r/nascar/comments/1jqp238/,/u/Willsignor10,2025-04-03 17:47:25+00:00,"If Joe Gibbs racing cuts up pieces for the martinsville car of Denny Hamlin 2025 win, I would love to be able to get the door number 
Would anyone be able to help me achieve locking that down?
I would gladly buy it.
I was the fan who created the flag for Denny!
11 against the world 
",2025-04-03
t3_1jsc45d,What if Sammy Smith never left Joe Gibbs Racing?,https://www.reddit.com/r/nascar/comments/1jsc45d/,/u/Zestyclose_Worth_232,2025-04-05 19:57:18+00:00,"He probably would have gotten 1-2 Xfinity wins in both 2024 and probably by the end of 2025 as well, while not setting the world on fire in the process due to the fact that Jeff Meendering has never been a dominant crew chief in NASCAR.

Still baffled by the fact that both Sammy and Brandon Jones fixed something that wasn’t broke. Thankfully, Jones is back at JGR with Sam McAulay, and I’m looking forward to seeing his results the rest of the season.

Was it indeed a mistake by Sammy Smith to join JRM? Will the door ever re-open for a Gibbs reunion?",2025-04-05
t3_1jsycx8,"Predicting the entire Darlington finishing order, using only paint schemes",https://www.reddit.com/r/nascar/comments/1jsycx8/,/u/NascarBozo,2025-04-06 16:41:14+00:00,"With my favorite track Darlington Raceway coming up on the schedule, and the much-celebrated throwback paint scheme weekend returning, I decided to predict the entire finishing order for all 38 cars in the 2025 Goodyear 400. But I’m not using a mathematical model, since finishing order in NASCAR often flies in the face of mathematics. I’m using pure Graphic Design Energy. Ugliest scheme finishes last, prettiest scheme wins.

Here’s where it gets difficult. Some very good cars have ugly schemes, and some very bad cars knocked their throwbacks out of the park. And in my hypothetical scenario, these cars all have to run in the exact same Goodyear 400 to finish where they do. So, ***in order to justify the paint scheme finishing order, I’ll need to create scenarios that could transpire and create this exact result in a way that’s believable for the drivers involved and at this track.***

Paint schemes here: [https://www.jayski.com/paint-schemes/cup-series-paint-schemes/2025-goodyear-400-at-darlington-raceway-paint-schemes/](https://www.jayski.com/paint-schemes/cup-series-paint-schemes/2025-goodyear-400-at-darlington-raceway-paint-schemes/)

# 38. Ryan Preece

THERE’S A BUTTER ON THE CAR. Normally I am against photographs in graphic design, but this? This will not be an exception. This is whatever the opposite of an exception is. I will use the corner butter as my forever example of why figurative images are forbidden. It is distracting, alienating, cheap, and gross looking. It even cuts off the bottom of the corner butter! This fails in every way, and that’s before you get to the rest of it.

Obviously all the colors clash and the hood logos are somehow both in the wrong place. The multiple different fonts and sizes on the side of the car look like those soulless computer generated Airbnb decorations, the grey cube on the dining table that says `AnÔthęR WINE? WINE ñ0T!` Almost fittingly, the car has the same overly-textured fake wood paneling that you often see in those same Airbnbs!

I love Preece, and I think he has upside this weekend, but sadly he is going to run over a bunch of tire spikes coming to the green flag and flip his car somehow. 0 laps completed in this jalopy.

# 37. Ty Gibbs

This is very boring. This is so boring that an identical boring car in this same race is made to look much better because of this one.

Ty Gibbs has had an abysmal stretch of races going back to the start of the 2024 playoffs. This time a year ago, he was a top 5 threat every week, and sharps were convinced that “this is the week to lay your bankroll on Ty, I know we said that last week but the first win is finally here!” Now, 6 starts away from the milestone 100th start, Ty looks further away from a win than he did on start number 6. So, while it’s becoming strange to see a driver/car combo with this much upside still winless, no one will be surprised when Ty wrecks out of Sunday’s race on lap 30 after attempting to clear himself in front of Austin Hill’s bumper trying to pass for 25th.

# 36. Austin Hill

Busy, yet forgettable. Austin Hill will be making one of his handful of starts in the part-time RCR #33, an entry that increasingly looks like a concession car, a “Please Don’t Leave” car that RCR uses to keep its two talented Xfinity Series drivers around while the team owner’s grandson putters around in 29th.[2](https://nasstack.substack.com/p/predicting-the-complete-results-of#footnote-2-160237876)

RCR can’t give their main cars anything better than C-tier speed on a regular basis, so their part-time entry is unlikely to be better. And though Austin is a veteran at the lower levels, the Cup Series is a different beast entirely, so I have him wrecking out early through little fault of his own.

# 35. AJ Allmendinger

AJ Allmendinger HATES Darlington. He has had the occasional decent run here over his 876 year career, but for the most part, he can’t figure out how to string four good corners in a row here (his words!) So I think he told Kaulig Racing to try even less than they normally do with the Action Industries paint scheme. The only time it will be on tv is when he spins it out just before the end of stage 1 and breaks a toe link when it hits the fence.

# 34. Chase Elliott

Originally I wanted to rank all the cars with throwback schemes ahead of all the cars who refused to do throwbacks, regardless of driver skill or how unlikely the finishing order would be. But some throwbacks deserve to be shunned. This is the worst throwback I’ve seen in years, particularly when you attempt to compare it to the actual car it’s referencing. This is a triumph of arbitrary brand guidelines over the evil forces of doing a good job and having fun.

Chase Elliott has never been a standout at Darlington, and I expect him to struggle, compounding his middling speed with slow pit stops, before getting collected in a larger crash on lap 91 just after the stage 2 restart.

# 33. Austin Cindric

Cindric’s throwback sucks. The black stroke on the number 2 and plain colors makes it look like a Me Doing Photoshop At My Old Office Job job. It’s the absolute bare minimum to not get fired, and maybe a bit less. So he’s going in the crash with Elliott. I call this crash on lap 91 the Bad Throwbacks crash; I’m putting them all in here. But this happens at Darlington. The track is pretty narrow, and a coming together on a restart can take out a lot of competitive cars.

# 32. Ty Dillon

If you are a casual/new NASCAR fan, you would be forgiven for thinking this is a throwback to a very famous and iconic car, otherwise, why would they do it? It’s not, and this is bad, and the name Beaver Street Fisheries is not fun to say. So Ty Dillon is going into the Bad Throwbacks crash, albeit from a little further back. He’ll be running 30th when the cars spin in front of him and will plow into the wreckage from 1000 feet back.

# 31. Carson Hocevar

Full disclosure: I think Carson Hocevar is going to be very fast in this race. He is knocking on the door of his first win. I also think he drives over his head, and he could very easily wreck himself trying to make a pass in the top 5 on lap 116. This is what he gets for driving an extremely boring, non-throwback scheme.

# 30. Riley Herbst

At least this has a better looking number than Ty Gibbs’s car. And green on the bottom. Herbst and Shane Van Gisbergen are both rookies, and both are running perilously behind on ovals. That’s why they’ll get caught up in the lap 123 Big One that wipes out half a dozen guys on the restart after the Hocevar spin.

# 29. Shane Van Gisbergen

This looks unfinished. The primary color stripes are ok, I guess. Another piece of flotsam and jetsam in the lap 123 Big One. SVG really needs to run higher than 30th on ovals soon, or win a road course, because I’m about to hit the panic button.

# 28. Brad Keselowski

Unfortunately this looks like pee. You know what else looks like pee? Brad Keselowski in 2025. I blame new crew chief Jeremy Bullins, who seems completely lost with the Gen 7 car if his 3 years running in the 30s with the 21 are anything to go by. But it could also be age; Keselowski is 41 and that’s pretty much been his average running position too. Keselowski won this race last year, but his car has been so genuinely slow this year that it’s easier to see him running 27th than leading laps. He’ll be running back with Herbst and SVG when the wreck happens.

# 27. Chase Briscoe

The Bass Pro Shops paint schemes just get grayer and grayer. More bad, vaguely fascist design trends. Why can’t we have fun? Why can’t we have ORANGE?

Another race winner at Darlington last year, Briscoe could easily set the pace early and lead laps, especially now that he’s in a top tier ride at JGR. But in this race, he’ll speed on pit road when the whole field pits after the Carson Hocevar caution, and have to start in the back on lap 121. And he’s a bit of a wrecking ball too, so on his way through the field, he makes a low percentage move that takes himself out, along with a few other backmarker cars in the lap 123 Big One. Briscoe is always causing some shit.

# 26. Justin Haley

Slightly boring but not offensively ugly scheme for the 7 here, this is the usual sponsor they run for most races. Justin Haley has shockingly good runs in bad cars in this race, and while I could see him contending for the win late, I could also see him running 30th. No idea. I’m going to wreck him out in stage 3 while racing back in the pack for 15th with Ross Chastain.

# 25. Kyle Busch

While this is a bad paint scheme, I do enjoy seeing the Tron Croissant every now and then. Kyle Busch needs a win bad, and when someone needs a win bad, they push too hard. I can vividly picture Kyle Busch either wrecking out or messing up on pit road while running in the top 3 with 35 laps to go. Let’s give him a loose wheel on the last round of green flag pit stops. Sorry Kyle, maybe you should have done a throwback.

# 24. JJ Yeley

JJ Yeley is not supposed to be up here. He’s driving a part-time entry for NY Racing, and they’re going to be more than a second per lap off the pace, guaranteed. However, he’s running a throwback, and while it’s not a particularly interesting one, it looks clean enough and accurate enough that it’s at least better than 14 other paint schemes here.

So we have an issue. This car that will get lapped on pure speed every 30 laps, but we have it finishing 24th. It’s not common that the 25th-38th place cars all wreck out in different crashes, but that’s what it’s going to take for a car that will finish at least 5 laps down to finish P24, if it finishes at all. These wrecks have to be big, so they’re going to involve 7-10 cars.

# 23. Cole Custer

I get what they were going for, and it’s an iconic scheme, but without the Target logo to incorporate into the design, there’s a lot of empty space on the car. Plus the number looks really weird. Custer will be another victim of the Bad Throwbacks wreck, but he’ll keep it going well enough to finish as the last car one lap down.

# 22. Austin Dillon

This has a lot going on, but I like the kind of corny futuristic stuff. I don’t know what Breztri is, but I’m sure it’s some evil pharmaceutical made by the Umbrella Corporation that turns people into zombies. Anyway, Dillon will get lapped early, and after all the wrecks, metriculate up to 22nd, where he’ll finish a lap down.

# 21. Michael McDowell

This looks alright, but there’s not enough of the white and red on it. It could be a good design, but it threw away the potential. Michael McDowell’s team also loves to throw away decent runs. There will be numerous times throughout the year where the entire field will pit during green flag racing to get fresh tires, and that’ll be the optimal strategy. Staying out until your fuel runs out on older, slower tires is an atrocious strategy at most tracks unless a caution comes out during the pit cycle. Then the guy who stayed out pins the entire field a lap down, and he can pit for free and still keep the lead.

McDowell tries this all the time and it *never* works. I really think they should stop this, but I think they’ll be a 15th place car at Darlington, which is exactly the type of situation where they’re incentivized to pull this crap. They’ll fall two laps down when their strategy doesn’t work, and only make it as far back as P21.

# 20. Ross Chastain

Normally I am against photographs in graphic design, but a big ass fish with a huge mouth makes me laugh. This is ok. Chastain will finish 1 lap down after getting some damage in his wreck with Justin Haley.

# 19. Ricky Stenhouse Jr

Get rid of the bottle! We’re so close to an all-time paint scheme, in fact Stenhouse has even driven some great Sunny D schemes in the past, but alas. In this coming race, Stenhouse will run poorly, outside the top 20, get lapped, but keep it clean enough that he’ll be the first car one lap down by the end. Like we said before, this race is going to be a wreckfest, so weird things will happen.

# 18. Tyler Reddick

Points for trying, but I don’t like that the (way too close up) sesame seed bun is seemingly floating in a sea of ketchup. Ketchup grosses me out, especially when there’s way too much of it. I’ve had a funny feeling that Tyler Reddick is going to win this race since before the season started, but just like at this race last year, he could have a serious problem late. I predict a close quarters battle for the win with Reddick and our eventual winner that sees Reddick spinning out on the final lap, leaving him finishing as the last car on the lead lap.

# 17. Zane Smith

Long John Silver’s! Look at the little guy! And the parrot! Why the hell not? Zane Smith will get some damage in the Big One but keep it pointed straight enough for a lead lap finish.

# 16. Todd Gilliland

Very little going on here, but it uses fonts I like. Todd Gilliland will get some damage in the Big One but keep it pointed straight enough for a lead lap finish. Front Row Motorsports is banking on you not ever really noticing or knowing the difference between Todd Gilliland and Zane Smith, and I think they’re right.

# 15. Cody Ware

Oh dear. This car is not supposed to be up here. We can get JJ Yeley to 24th with a lot of wrecks, but it’s genuinely impossible for me to envisage Cody Ware having a legit top 15 finish at a track like Darlington. But his throwback car is very clean and accurate! Quandary.

The only way I can think of that this will happen: Cody Ware gets a very bad stomach virus eating at the Shoney’s a few miles down the road from Darlington. This means they will need to do a last minute driver swap, and Corey Lajoie has run a couple of races for Rick Ware Racing in their part time 01 car this year. He lost his full-time ride last year for being kind of a bum, but he’s pretty good at Darlington. So he gets in this last place car and survives the wrecks well enough to be on the lead lap in the final stint.

# 14. Christopher Bell

I have no idea what’s going on here. It’s a throwback to a really old dirt sprint car I guess? Sure, it looks very bad, but I’m giving Bell a lead lap finish because the 0 in the 20 has quotation marks on it. He’ll be a top 10 car until he speeds on pit road during a stage 3 round of green flag pit stops, get the free pass on the final caution, and finish towards the back of the lead lap.

# 13. Alex Bowman

This is boring, but in an ominous way. It’s a throwback to peak era Jimmie Johnson, who was himself ominous and boring. Bowman will lose track position early and slowly inch his way up through the field. This is not one of Bowman’s better tracks.

# 12. Noah Gragson

BEEF A ROO! That’s all.

# 11. Denny Hamlin

This is the best of the Boring Good throwback schemes. It looks exactly like Carl Edwards’s Office Depot cars from the 2000s, and I fully expect Hamlin to put on Edwards-style dominance at one of Hamlin’s best tracks. But, in typical Hamlin/Edwards fashion, something will go wrong late. They’ll get trapped a lap down when Kyle Busch loses his wheel on the final round of pit stops, and this is as far back up as they’ll get.

# 10. John Hunter Nemechek

Slight demerits for being based on his father’s old ride but using [much less cool colors](https://x.com/NascarPaint/status/1686539934297948160/photo/1). This still has a lot going for it; it’s a fun design and the number thing is different. We are now left with the unenviable task of figuring out how to get John Hunter Nemechek a top 10 at Darlington. Not that he’s bad at Darlington - he has lower series wins here - but Legacy Motor Club is so off on speed that it’s hard to envisage. But if he can have a good run early on in the race and keep himself from going a lap down, I am forced to believe in him.

# 9. Joey Logano

It’s not my favorite weird, antiquated scheme (the different yellows and reds clash too much,) but there are some old fonts that make it look extra historic. Plus it says Supreme Quality Safe Lubrication. Logano could be a survivor, working the attrition to be there at the end like he did when he won in 2022, or he could run outside the top 20. I lean towards the latter, with him using pit strategy to steal some track position late, but ultimately he’ll fade to ninth with a car as slow as he’s been most of the last 24 months.

# 8. Ryan Blaney

Ryan Blaney has been the fastest car all year, and he’ll likely be the fastest car again at Darlington. But he’s been snakebit this year, and at Darlington throughout his career. One can so easily see him winning or crashing out and finishing in last. So with that in mind, I’m giving him a boring 8th place run.

As for his paint scheme, I don’t think I’m going to get a lot of people to go with me on this one. This doesn’t look “good,” but it does look like what I picture when I picture a race car. It’s good appropriately garish racecar-esque colors. Plus, the slashes make the car go faster!

# 7. Chris Buescher

I don’t know, do I have boring taste? The pattern is intriguing but not busy, and the gradient works well with it. It’s corporate but not plain. This is the car I picture when I picture when I think about Chris Buescher’s dominant runs in the Gen 7 car. It’s a throwback to 2023. Let’s say Chris Buescher runs top 10 all day, and if he’d only have been better at restarts he’d have contended for the win.

# 6. Bubba Wallace

Colors, obviously we love them. Fake paint splatters, obviously not as much, but they are extremely retro even if this isn’t a real throwback scheme. Bubba has been qualifying up front and mostly maintained his track position at Darlington lately, and has the most laps run in the top 5 so far this season. He can keep it around sixth all day.

# 5. Daniel Suarez

Huh. I didn’t think I liked this paint scheme *that* much, but I guess I do. It wasn’t on my radar, but I love the little bits of primary colors against some pleasing greens and golds. Likewise, we have to figure out how in the world to get Daniel Suarez a top 5 at Darlington, something that seems very unlikely. I guess they’re going to have to try the Michael McDowell play and stay out during green flag pit stop in stage 3. And when Kyle Busch loses a wheel, Suarez will be the major beneficiary, trapping better cars a lap down. Still, he’ll have to hold on to his lead late, and that will take a miracle. But what did I say about slashes?

# 4. Erik Jones

Erik Jones is super elite at Darlington, as long as his equipment allows him to be. He has two wins here, while he’s mostly struggled and remained winless at other tracks. It’s not often that a car that runs 30th most weeks has genuine winning upside, but if Jones can find a shred of competency in the Legacy Motor Club Toyotas, he will lead laps here. I’ve put both Legacy cars in the top 10, since they’ve brought the best paint schemes as an organization this week. They’re probably going to have the slowest cars though. But that red and blue 43 is up there with the Jeff Gordon 24 in terms of iconic paint schemes.

# 3. William Byron

Speaking of the 24, this is a carbon copy of the car Jeff Gordon drove in his final Cup Series start. It gets accuracy points, shiny points, and flames points. Byron is absolutely lethal at tracks like Darlington when he gets track position early. He doesn’t run out to a 10 second lead, but he has enough short run speed and precision on pit road to always make up spots and never fall out of the Top 5. He’ll do the same in our hypothetical race.

# 2. Kyle Larson

I hate having the clear race favorite this far up, but that scheme is just perfect. It’s a dead ringer for the Terry Labonte 2003 Darlington-winning Frosted Flakes car, and those colors just scream peak NASCAR. Kyle Larson is either going to lead 100 laps, get mired in the pack somehow and wreck going through traffic, or both. But as much as I love this scheme, I’m so relieved to give another car the winning drive.

# 1. Josh Berry

British Racing Green. Ahhhhh. What a beautiful color. The Wood Brothers were faced with the difficult task of making a very old Indy 500 paint scheme translate to a Gen 7 stock car, and they smashed it. They have a main color we never see in NASCAR, a couple of Old Fonts (and you know how much we love those), and a number inside a white circle that just screams vintage racing.

Berry was one of the biggest question marks going into the season. Was he someone who didn’t win enough in the Xfinity Series to prove he belonged here, or is he an above average driver who made terrible Stewart Haas Racing equipment in 2024 look better than it was as a rookie? Is the Wood Brothers 21 a true Penske car, or does it belong in last where Harrison Burton had it? Seven races in, Berry has a win at Las Vegas and multiple strong runs where he’s run as good as or better than some of his Penske “team”mates. He’s not setting the world on fire, but he’s proving a lot of doubters wrong, and if he wins Darlington, no one will be shocked.",2025-04-06
t3_1jt6jug,Denny Hamlin,https://www.reddit.com/r/nascar/comments/1jt6jug/,/u/hunterharris33,2025-04-06 22:41:16+00:00,This sport sucks to allow this bullshit. You want me to sit here and believe like 23 didn’t have directions from the 45 to create a fucking caution. I’m not fucking stupid and neither is anybody in this sub. Disgraceful.,2025-04-06
t3_1jtczjf,History being made that it seems like has been entirely glossed over,https://www.reddit.com/r/nascar/comments/1jtczjf/,/u/TakeDemPills,2025-04-07 04:28:31+00:00,"Denny Hamlin has now tied Kyle Busch for wins with JGR (56). I’m shocked that there’s been very little noise made about this because, if Hamlin crosses well into the 60s with Gibbs, some conversations might be able to start surrounding who was all around a better driver for the team.",2025-04-07
t3_1jtihxk,"The Day After the Races - April 7, 2025",https://www.reddit.com/r/nascar/comments/1jtihxk/,/u/NASCARThreadBot,2025-04-07 11:00:06+00:00,"Welcome to this week's Day After the Races thread! The dust has settled, the track has cooled, and the confetti's been swept.  With this weekend's activities over, what are your thoughts?  Here's a summary of the previous week's race(s):

---

[NCS](#theNCS)[](#trackDarlington) ***Goodyear 400 at Darlington Raceway***

**Elapsed Time**: 3:21:14 for 297 laps (405.7&nbsp;mi / 652.91&nbsp;km)

**Cautions**: 8 cautions for 45 laps

**Leaders**: 4 lead changes among 4 leaders (William Byron led most with 243)

**Stage 1**: William Byron at 90 Laps

**Stage 2**: William Byron at 185 Laps

**Race Winner**: Denny Hamlin at 297 Laps

[Current Standings at NASCAR.com](http://www.nascar.com/standings/nascar-cup-series)

**Race Threads**: [[Pre](/r/NASCAR/comments/1jsw29x/prerace_discussion_thread_ncs_goodyear_400_at/)]:[[Race](/r/NASCAR/comments/1jt07hj/race_thread_ncs_goodyear_400_at_darlington/)]:[[Post](/r/NASCAR/comments/1jt6j1m/postrace_discussion_thread_ncs_goodyear_400_at/)]

---

[NXS](#theNXS)[](#trackDarlington) ***Sport Clips Haircuts VFW Help a Hero 200 at Darlington Raceway***

**Elapsed Time**: 1:54:57 for 147 laps (200.8&nbsp;mi / 323.16&nbsp;km)

**Cautions**: 6 cautions for 36 laps

**Leaders**: 14 lead changes among 9 leaders (Justin Allgaier led most with 56)

**Stage 1**: Harrison Burton at 45 Laps

**Stage 2**: Justin Allgaier at 90 Laps

**Race Winner**: Brandon Jones at 147 Laps

[Current Standings at NASCAR.com](http://www.nascar.com/standings/xfinity-series)

**Race Threads**: [[Race](/r/NASCAR/comments/1jsa4id/race_thread_nxs_sport_clips_haircuts_vfw_help_a/)]:[[Post](/r/NASCAR/comments/1jsef5j/postrace_discussion_thread_nxs_sport_clips/)]",2025-04-07
t3_1jtt3d7,"As of yesterday's Goodyear 400, two drivers have won a Cup Series race for Joe Gibbs Racing at least 56 times",https://www.reddit.com/r/nascar/comments/1jtt3d7/,/u/miboyl,2025-04-07 18:54:30+00:00,,2025-04-07
t3_1ju1pik,Joe Gibbs Racing has now won 5 of the first 8 races,https://www.reddit.com/r/nascar/comments/1ju1pik/,/u/-Tickery-,2025-04-08 01:17:15+00:00,"That's 62.5%, or almost two thirds of races. Obviously Denny and Christopher have been lucky in places, but Briscoe and Gibbs both seem to be lagging substantially behind. How is the team simultaneously so hot and cold? I remember the storyline near the start of the season was JGR seemed on the verge of collapse, and now they're in an excellent position.",2025-04-08
t3_1ju1u9y,Joe Gibbs Racing has won 5 of the first 8 races,https://www.reddit.com/r/nascar/comments/1ju1u9y/,/u/-Tickery-,2025-04-08 01:24:13+00:00,"That's 62.5%, or almost two thirds of races. Obviously Denny and Christopher have been lucky in places, but Briscoe and Gibbs both seem to be lagging substantially behind. How is the team simultaneously so hot and cold? I remember the storyline near the start of the season was JGR seemed on the verge of collapse, and now they're in an excellent position.",2025-04-08
t3_1jufc1d,"[Gluck] Was Darlington a good race? 45.9% of you said Yes. 

-- Lowest Darlington race in the poll (out of 16). Previous low: 71.6% in 2018

-- Lowest race of 2025 so far. Previous low: Martinsville last week, 50.9%

-- Ranks No. 27 of 29 Denny Hamlin wins in the poll",https://www.reddit.com/r/nascar/comments/1jufc1d/,/u/EWall100,2025-04-08 14:46:34+00:00,,2025-04-08
t3_1juhz5n,"How would you rank all the Intermediate Tracks in NASCAR (Including intermediate-style tracks Darlington, Nashville, Michigan, Pocono, and Indianapolis). Do not include Atlanta, that’s a Superspeedway. Also where do you think Chicagoland would rank on this list if it came back?",https://www.reddit.com/r/nascar/comments/1juhz5n/,/u/Rowdyfan0823,2025-04-08 16:35:41+00:00,"For me it would be:

1. Kansas

2. Charlotte

3. Homestead

4. Las Vegas-Fall (Las Vegas is a very weather dependent track. Typically the high line comes in better in the warmer fall race than the spring race)

5. Michigan

6. Nashville 

7. Darlington

8. Las Vegas-Spring

9. Pocono

10. Texas

11. Indianapolis

If Chicagoland came back I think it would be number 2 because it’s the sister track to Kansas and has multiple groves and an extremely worn out track surface. The racing would probably be like and old Atlanta with a tri-oval instead of quad. Kansas would still be 1 to me because it has progressive banking which Chicagoland doesn’t have.",2025-04-08
t3_1junqzh,"In Hindsight, Did JGR’s 2009-2012 lineup ended up being three of the best drivers of all time. Was this the best complete combination of teammates of all-time?",https://www.reddit.com/r/nascar/comments/1junqzh/,/u/jcard9-12-24,2025-04-08 20:30:39+00:00,"Kyle Busch- Denny Hamlin- Joey Logano - 
155 Cup Wins, 5 Championships, 4 All-Star wins, 14 Championship 4 Appearances. Hendrick has had some great line-ups with Jeff Gordon and Jimmie, but the most of the other teammates careers had not turned out as great. 

Looking back are there any other combinations of teammates that were odd to think about given how their career’s panned out? 

",2025-04-08
t3_1jvcrv4,Difficulty picking favorite driver.,https://www.reddit.com/r/nascar/comments/1jvcrv4/,/u/AM8895,2025-04-09 18:19:03+00:00,"Am I the only one with this problem? I used to watch nascar in the early 2000s let’s say 2000-2010 my favorites were mark martin and Jimmie Johnson growing up, it was easy for me. I started watching the sport again about a year ago and I find myself rooting for/liking several different drivers. I like Larson because of his skill set and the fact that he races everything dirt, Indy you name it and he’s just always working on his craft a lot of respect for that. I like Denny Hamlin because of his podcast and the insights he brings of the sport I also like how he heckles the crowd back and gives it to them seems like a good personality. I’m a fan of bubba Wallace seems like a great dude as well as Ryan Blaney, Alex bowman, I want to like William Byron but he just seems so boring.. I also like all of the RFK guys, Josh Berry! AND Ross Chastain (see how this is a problem?) I guess I’m just wondering if I’m alone here or if other people have the same issue and maybe some comments could help me decide who MY #1 guy is. Sorry for the long and confusing rant. Side note I do at least know who I DO NOT like and that’s Ty Gibbs, Hocevar, Kyle Busch, Ty Dillion, Austin Dillion, Joey Logano. ",2025-04-09
t3_1jviuhi,Denny Hamlin All Time Leader,https://www.reddit.com/r/nascar/comments/1jviuhi/,/u/kidd8604,2025-04-09 22:36:06+00:00,"With his win this past weekend at Darlington, Denny Hamlin has moved into first place in driver's who won in the #11 with 56 total wins all coming in a #11 Car. Cale Yarborough was the previous record holder at 55 total wins in a #11 car. ",2025-04-09
t3_1jyl339,"10 comments | Denny Hamlin on the Lack of Tire Falloff: ""It Certainly Seems Like a Track Temperature Issue”. | By Frontstretch |",https://www.reddit.com/r/nascar/comments/1jyl339/,/u/[deleted],2025-04-13 23:30:05+00:00,[deleted],2025-04-13
t3_1jyl3k3,"Denny Hamlin on the Lack of Tire Falloff: ""It Certainly Seems Like a Track Temperature Issue”.",https://www.reddit.com/r/nascar/comments/1jyl3k3/,/u/Equivalent_Dish_1990,2025-04-13 23:30:41+00:00,,2025-04-13
t3_1jz48zw,"Entering Bristol, Kyle Larson and Denny Hamlin had finished 1-2 in a race together six times. Hamlin was the race winner in all of them, until yesterday.",https://www.reddit.com/r/nascar/comments/1jz48zw/,/u/randomaccount330,2025-04-14 17:13:34+00:00,"2024 Dover, 2023 Bristol, 2023 Kansas I, 2021 Darlington II, 2017 New Hampshire I, & 2016 Richmond II saw Denny Hamlin finish 1st and Kyle Larson finish 2nd.",2025-04-14
t3_1k02erg,Are there rules prohibiting drivers from driving vehicles that are not under their manufacturers umbrella,https://www.reddit.com/r/nascar/comments/1k02erg/,/u/clark_peters,2025-04-15 20:36:57+00:00,"I get that it might not make for a good look for Denny Hamlin to be seen driving around in a Corvette but are the rules that prohibit drivers from doing so ??

 Can drivers have or drive cars which the manufacturer does not compete in NASCAR?? Pretty sure the answer to that is yes but I just don't know for sure the only evidence I had to say yes is I saw Jeremy Mayfield driving his wife's BMW around the track on  NASCAR drivers 360 back in the day showing Kasey Kahne the line.",2025-04-15
t3_1k22xj6,NASCAR is showing the drivers and the fans that they’re not serious enough about improving this car,https://www.reddit.com/r/nascar/comments/1k22xj6/,/u/nascar9495,2025-04-18 11:45:13+00:00,"I've been a fan since I was a kid during the mid to late 90's and I've seen the ups and downs in the sport that I love. I'm not one of those nostalgia freaks that think everything in the past was perfect and everything today is horrible, but I think NASCAR is at an crossroad with this next Gen car, and the problem is that I don't think NASCAR is serious enough about making changes to the short track package or this car in general. 

We hear from NASCAR that they're not sleeping on this car, but if they really were desperate enough about improving this car, I think we would have already heard through leaks about emergency industry meeting on what to do to improve this car. It is very concerning that Denny Hamlin on his podcast stated that as of right now, there have been no discussions on any changes to the car or any upcoming schedule test. It just blows my mind that we're actually having discussions about taking a race away from Bristol and Martinsville, if you told me that in the 2000's , I would have said you're fucking insane, but here we are in 2025 watching these guys shift and hearing aero tight, blocking air(wtf) at Martinsville, let me repeat, at Martinsville!! 

One thing that pisses me off is that this isn't something new, everyone in NASCAR knows the short tracks/RC has been a problem since 2022, but here we are in 2025 praying and putting all of the pressure on Goodyear to save NASCAR's ass with this car just because they don't wanted add more HP. Then we had Elton Sawyer get on the radio and make comments that they're ""open ears"" on suggestions, have they been living under the damn rock since 2022, he can't be serious?! He is a former Busch series driver and drove in the Cup Series in 1996, he knows what the issues are. I understand that adding another OEM is important , but they're sacrificing the racing on the short tracks and RC by not at least testing extra HP in the car and that is why I say that NASCAR is not desperate enough to fix this problem and eventually we will wake up one day and see more RC and plate races on the Cup schedule if they don't figure this out. 

",2025-04-18
t3_1k2cgd9,[Bob] Toyota: ‘Toyota continues to see value in the ARCA Menards Series as part of our Toyota Driver Development program and will continue to support both the Joe Gibbs Racing and Nitro Motorsports teams in ARCA competition in 2026 and beyond.’,https://www.reddit.com/r/nascar/comments/1k2cgd9/,/u/Equivalent_Dish_1990,2025-04-18 18:48:02+00:00,,2025-04-18
t3_1k5ho4p,"Chase Briscoe talks Full Speed, transition to Joe Gibbs Racing and more",https://www.reddit.com/r/nascar/comments/1k5ho4p/,/u/No-Beat9246,2025-04-22 21:10:00+00:00,,2025-04-22
t3_1k6bthk,"[Denny Hamlin] It is true. I’ll talk about it Monday, and why the decision was made. (Referring to why teams declined NASCAR’s offer for an open innovation All-Star Race)",https://www.reddit.com/r/nascar/comments/1k6bthk/,/u/LBHMS,2025-04-23 22:05:00+00:00,,2025-04-23
t3_1k6c6e7,"I’m not a personality fan in NASCAR, and all of Motorsports…",https://www.reddit.com/r/nascar/comments/1k6c6e7/,/u/ASRO-Alexander,2025-04-23 22:20:45+00:00,"Hey everyone,

I wanna approach this topic as respectfully as possible while also being able to be as honest and open as possible I need to be.

I hear this topic regularly that NASCAR Drivers “Need more personality”. The way I view it, is the fans want drivers to be funny, goofy, charismatic, or talk smack. And as I’ll mention more specifically later, I cringe when people talk like that in the broadcast. I guess I’m more used to the status quo of drivers like the ones on my favorite team, Hendrick Motorsports being more polished and professional, especially current and former HMS Drivers like; Jimmie Johnson, Chase Elliott, and William Byron who most fans deem “Boring” or “Vanilla”.

As for the broadcast partners, FOX has always rubbed me the wrong way for nearly a decade. I can’t stand the constant joking, laughing and smack talking that comes from: Chris Myers, Clint Bowyer, and Kevin Harvick. Everything has to be funny, and it isn’t. I find it annoying. Then Michael Waltrip would’ve been shown the door for some of his antics during the grid walk.  Just because you’re talking to a Mexican driver like Daniel Suarez, doesn’t make it okay under any circumstances to mock the Latin accent. Not to mention the failed dab with “The Migos” and spelling a soft Taco on Denny Hamlins car was ultra unprofessional in my view. 

Personally, I’ve been an NBC fan since they broadcasted races originally in 2001. They present all the Cup and Grand National(Busch, Nationwide, Xfinity) Series races in a more serious and meaningful manner. NBC has done a magnificent job in making the race you’re watching feel important to broad scope of the season, and the challenges the driver will face that day. They don’t treat it like a party where a race breaks out. While I and many would love to see a day NBC got all 36 Cup Races, I’m grateful we have them for the Final 13.

The reason I feel this way is because I used to be a super goofy and rambunctious person myself when I was in middle school and high school. Now at age 29, I continue to mature in a way where I want to come off more professional in my own life and like up to the Hendrick drivers like Larson or Byron for how to do so in order to obtain a positive reputation. I get there’s an audience for drivers who are more fun like the Penske Drivers, Noah Gragson, and Brad Keselowski, but I view racing in a way that the entertainment is the cars, and the racing the cars produce. I can watch Comedy Central if I wanna hear jokes and laugh.

I’d look forward to hearing everyone’s feedback, and have a good day.",2025-04-23
t3_1k7d8u7,Best Denny Hamlin paint scheme?,https://www.reddit.com/r/nascar/comments/1k7d8u7/,/u/JERALDEDWARDS33,2025-04-25 05:23:38+00:00,,2025-04-25
t3_1k7lffj,"NASCAR villains, the 70s to the present.",https://www.reddit.com/r/nascar/comments/1k7lffj/,/u/Secure-Employee-1469,2025-04-25 13:50:12+00:00,"Good morning! The post is put up yesterday ( sexiest drivers) was so much fun! Keep 'em coming! 

I have a new question that should be a lot of fun! I started watching NASCAR  races on TV in the early 70s( Thank you, Wide World Of Sports on ABC!) The first NASCAR ""villain"" that i truly remember was Darrell Waltrjp ( other drivers called him ""Jaws"" because of his constant trash talking). There have been a lot of villains since then, from Dale "" The Intimidator"" Earnhardt to Kyle ""Rowdy"" Bush to the current villain, Denny Hamlin! So, who is your favorite villain from the 70s to now? I was 9 when I started watching, so I don't remember the early villains. That's why I said the 70s on. Have fun! ",2025-04-25
t3_1k7q62p,"Give me your thoughts on this: keep the underbody, remove the diffuser, softer tires, and bigger spoiler(warning: wall of text)",https://www.reddit.com/r/nascar/comments/1k7q62p/,/u/DrFuckwad,2025-04-25 17:07:12+00:00,"I heard that one of the problems with the next gen is that It rides so high in the front that when you get behind another car and you lose front downforce and that if we could get the nose down to the ground that it could improve the racing. Well I also heard from Denny Hamlin on Actions Detrimental that they tried a setup like that during testing befor the car's debut but the cars were not drivable at all because air wasn’t getting to the diffuser. Well picture this: keep the underbody, remove the diffuser, keep the current tire width but make them softer so that they don't last forever, and a bigger spoiler in place of the diffuser. Think high downforce, low horsepower of the previous generation but with 670hp instead of 550hp. Would this produce good or bad racing on 1 mile or bigger tracks excluding drafting tracks and road courses? Also be nice, no need for rude behavior ",2025-04-25
t3_1k9lmkj,What if NASCAR used the points system from Mario Kart 8: Deluxe? (After 10 of 36 events),https://www.reddit.com/r/nascar/comments/1k9lmkj/,/u/Samniss_Arandeen,2025-04-28 03:01:42+00:00,"If NASCAR used the points format from Mario Kart 8 (in which the winner gets 12 points and 12th place gets 1, everyone back of that gets nothing), the standings would look like this:

1.  **Kyle Larson (74)**
2. **Christopher Bell (-1)****^(1)**
3. **William Byron (-1)****^(1)**
4. **Denny Hamlin (-5)**
5. Alex Bowman (-33)
6. Chase Elliott (-37)
7. Tyler Reddick (-38)
8. Ross Chastain (-39)
9. Ryan Blaney (-41)
10. Chase Briscoe (-43)^(2)
11. Chris Buescher (-43)^(2)
12. Bubba Wallace (-45)

Note 1: Christopher Bell over William Byron on countback, 3 wins to 1.

Note 2: Chase Briscoe over Chris Buescher on countback, 3 4th place finishes to 0.

**Bold** entries are within one race of the points lead. Results are official as of Dega post-race tech.",2025-04-28
t3_1kaan95,Going to my first race in 12 days!,https://www.reddit.com/r/nascar/comments/1kaan95/,/u/ChiefRandallOfKansas,2025-04-29 00:09:18+00:00,"I live about 45 minutes west of Kansas Speedway and will be going to my first race there with my wife and mother for Mother’s Day. Mom and I were fans about 20 years ago and have really just come back to NASCAR this year. 

We have our tickets, pre-race passes, and headsets ready to go. We have our soft-sided coolers ready to go. I have my Denny Hamlin shirt and my wife has her Ricky Bobby shirt ready to go. My mom has her Kasey Kane shirt ready to go. 

I just want to be sure I’m not missing anything obvious - what’s one thing you would tell a fan going to their first Cup Series race (either at Kansas Speedway or just in general)? ",2025-04-29
t3_1kacwhc,Denny Hamlin explains why NASCAR teams rejected lawless All Star Race,https://www.reddit.com/r/nascar/comments/1kacwhc/,/u/Equivalent_Dish_1990,2025-04-29 02:04:00+00:00,,2025-04-29
t3_1kacy3l,Future NASCAR Championship Format (if it were up to me),https://www.reddit.com/r/nascar/comments/1kacy3l/,/u/bodenator2,2025-04-29 02:06:26+00:00,"This points format is designed to balance consistency with a strong emphasis on winning races and running up front, ensuring drivers who run up front are rewarded while steady performers remain competitive.

**Points Structure**:

* **Position Points**: Points are awarded from 1st to 40th, with a steep drop-off to prioritize top finishes:
   * 1st: 100 points
   * 2nd: 65 points
   * 3rd: 60 points
   * 4th: 55 points
   * 5th: 50 points
   * 6th–10th: 45, 42, 39, 36, 33 points
   * 11th–20th: 30 to 21 points (decreasing by 1)
   * 21st–30th: 20 to 11 points
   * 31st–40th: 10 to 1 point
* **Bonus Points**:
   * **Pole Position**: 5 points for starting first, rewarding qualifying excellence.
   * **Leading a Lap**: 5 points for leading at least one lap, encouraging aggressive racing.
   * **Most Laps Led**: 10 points for leading the most laps, recognizing race dominance.
   * **Fastest Lap**: 5 points for the quickest lap, highlighting speed and car setup.

**Purpose and Balance**: This points system aims to reward drivers who consistently finish well while placing a premium on victories and front-running performances. The significant gap between 1st (100 points) and 2nd (65 points) underscores the importance of winning, making race victories pivotal for championship contention. Bonus points for pole, leading laps, most laps led, and fastest lap further incentivize drivers to compete aggressively at the front, even if they don’t secure the win. For instance, a driver who wins, leads the most laps, and sets the fastest lap could earn up to 125 points, far outpacing a second-place finisher’s maximum of 70 points. .

However, the gradual points decline from 6th to 40th supports consistency, allowing drivers who regularly finish in the top 10 or top 20 to accumulate competitive points totals. For example, Tyler Reddick’s consistent top-10 finishes keep him near the top despite no wins. This balance prevents a single poor result from ruining a season while ensuring that drivers who frequently win or lead, like William Byron or Kyle Larson, have a clear advantage. The format thus creates a dynamic championship where both race-day dominance and season-long reliability are critical for success. 

I have put the results of the 2025 NASCAR Cup Series races into an AI model to calculate how the point standings would look under this format. There may be errors in the calculations that I may have missed, if you see these errors, I will attempt to correct them. I have not included penalties or points lost to disqualifications(such as bonuses) that have incurred over 2025, I can recalculate with these penalties included if there's interest.

# NASCAR Standings After Talladega Superspeedway (Apr 27, 2025)

|Position|Points|Behind|Driver|Wins|Top 5|Top 10|Races|Poles|Average Finish|Laps Led|Most Laps Led|Fastest Lap|
|:-|:-|:-|:-|:-|:-|:-|:-|:-|:-|:-|:-|:-|
|1|562|\--|William Byron|1|5|7|10|2|8.5|364|1|1|
|2|556|\-6|Christopher Bell|3|5|6|10|1|12.3|139|1|0|
|3|555|\-7|Kyle Larson|2|5|6|10|0|11.3|506|2|1|
|4|543|\-19|Denny Hamlin|2|6|6|10|0|10.8|315|1|1|
|5|381|\-181|Tyler Reddick|0|3|4|10|1|12.6|85|0|1|
|6|376|\-186|Chase Elliott|0|3|6|10|0|10.9|45|0|0|
|7|350|\-212|Alex Bowman|0|2|6|10|2|16.4|107|0|0|
|8|349|\-213|Austin Cindric|1|2|4|10|0|17.2|166|1|0|
|9|337|\-225|Chase Briscoe|0|3|4|10|1|15.1|29|0|0|
|10|325|\-237|Bubba Wallace|0|3|4|10|0|16.9|103|0|1|
|11|324|\-238|Ross Chastain|0|1|5|10|0|14.7|50|0|0|
|12|317|\-245|Ryan Blaney|0|3|4|10|1|18.7|198|1|0|
|13|298|\-264|Chris Buescher|0|1|4|10|0|16.1|2|0|0|
|14|296|\-266|Josh Berry|1|2|2|10|0|21.7|128|0|0|
|15|294|\-268|Kyle Busch|0|2|4|10|0|17.6|61|1|0|
|16|270|\-292|Michael McDowell|0|0|1|10|1|18.0|22|0|3|
|17|263|\-299|Ryan Preece|0|1|3|10|0|20.1|49|0|0|
|18|259|\-303|Joey Logano|0|0|1|10|0|19.7|284|1|0|
|19|255|\-307|Ty Gibbs|0|2|3|10|0|19.6|32|1|0|
|20|250|\-312|Carson Hocevar|0|2|3|10|0|21.6|10|0|0|
|21|248|\-314|A.J. Allmendinger|0|0|3|10|0|19.6|2|0|2|
|22|243|\-319|Daniel Suarez|0|1|1|10|0|20.7|14|0|0|
|23|241|\-321|Ricky Stenhouse Jr.|0|1|2|10|0|18.3|0|0|0|
|24|236|\-326|Zane Smith|0|0|1|10|1|19.3|8|0|0|
|25|230|\-332|John H. Nemechek|0|1|2|10|0|20.1|1|0|0|
|26|222|\-340|Austin Dillon|0|0|2|10|0|19.2|0|0|0|
|27|220|\-342|Noah Gragson|0|1|2|10|0|21.9|2|0|0|
|28|216|\-346|Todd Gilliland|0|0|3|10|0|20.3|7|0|0|
|29|204|\-358|Justin Haley|0|0|1|10|0|20.8|0|0|0|
|30|200|\-362|Erik Jones|0|0|0|10|0|21.5|1|0|0|
|31|199|\-363|Ty Dillon|0|0|0|10|0|22.1|4|0|0|
|32|154|\-408|Riley Herbst|0|0|0|10|0|25.6|0|0|0|
|33|151|\-411|Cole Custer|0|0|1|10|0|26.4|2|0|0|
|34|149|\-413|Shane van Gisbergen|0|1|1|10|0|28.1|25|0|0|
|35|148|\-414|Brad Keselowski|0|0|0|10|0|26.2|0|0|0|
|36|60|\-502|Jimmie Johnson|0|1|1|1|0|3.0|0|0|0|
|37|36|\-526|Justin Allgaier|0|0|1|1|0|9.0|0|0|0|
|38|34|\-528|Corey LaJoie|0|0|0|3|0|31.3|10|0|0|
|39|32|\-530|BJ McLeod|0|0|0|2|0|27.5|1|0|0|
|40|27|\-535|J.J. Yeley|0|0|0|4|0|35.5|2|0|0|
|41|18|\-544|Anthony Alfredo|0|0|0|1|0|28.0|19|0|0|
|42|11|\-551|Katherine Legge|0|0|0|1|0|30.0|0|0|0|
|43|10|\-552|Austin Hill|0|0|0|1|0|31.0|0|0|0|
|44|10|\-552|Jesse Love|0|0|0|1|0|31.0|0|0|0|
|45|5|\-557|Casey Mears|0|0|0|1|0|36.0|0|0|0|
|46|4|\-558|Burt Myers|0|0|0|1|0|37.0|0|0|0|
|47|4|\-558|Connor Zilisch|0|0|0|1|0|37.0|0|0|0|
|48|3|\-559|Martin Truex Jr.|0|0|0|1|0|38.0|0|0|0|
|49|2|\-560|Josh Bilicki|0|0|0|1|0|39.0|0|0|0|
|50|2|\-560|Helio Castroneves|0|0|0|1|0|39.0|0|0|0|

# 

# ",2025-04-29
t3_1kbnygw,Are You a Fan of Drivers that are Rivals/Feud with Each Other?,https://www.reddit.com/r/nascar/comments/1kbnygw/,/u/NakedEyeComic,2025-04-30 18:40:09+00:00,"I preface a lot of my posts that I am a relatively recent motorsports fan, who got into it through Drive to Survive and (for NASCAR) Full Speed.

Since Full Speed was my real entry into the sport (as well as the Bubba documentary, also on Netflix) as a ""hardcore"" fan, I was drawn to Denny Hamlin as the season 1 ""protagonist"" and made him ""my driver."" I've since decided I've liked other drivers more (Bell, Reddick), but I still root for him and am an avid listener of his podcast.

I went down a YouTube rabbit hole of old Denny races and interviews a while ago, and there was apparently a part of his career where he and Brad Keselowski REALLY didn't like each other, so I was like, ""oh, so I guess I need to root against Brad."" However, as I've watched and learned more about the sport I've grown to really like Brad as well - he seems like a really nice, funny, fan-friendly guy and his drunken post-2012 Cup win interview on SportsCenter (someone posted a link to it here recently) was really endearing. I also appreciate that he's one of the drivers who took on team ownership to help grow the sport. So I root for Brad now as well.

I'm also well aware that Denny and Joey Logano have never gotten along, but despite his on-track reputation, Joey's off-track reputation is also one of the nicest guys in NASCAR, and he shares a home town with one of my wife's close friends, so I root for him also.

I've read this board long enough to know that there's definitely some heavy tribalism in NASCAR and strong feelings about certain drivers, but I'm wondering how prevalent it is for fans to support multiple drivers who have beef with each other.

Also, one thing that's interesting to me is that the newer generation of drivers (Bell, Blaney, Byron, etc.) don't seem to have the deep-seated personal rivalries with each other that drivers in years past had - part of me thinks that's a better, more mature approach to racing, but another side thinks it hurts NASCAR's marketability. The exception to this rule seems to be that everyone develops an issue with Ross Chastain at some point.  
",2025-04-30
t3_1kboukd,"Denny Hamlin's response to latest Hauler Talk episode: ""Oh it cost us nothing to run a raceteam now. Whew, this business is easier than I thought. BTW, Great stats on Sunday!""",https://www.reddit.com/r/nascar/comments/1kboukd/,/u/Unique_Salad6894,2025-04-30 19:17:41+00:00,,2025-04-30
t3_1kcp3my,[Screenshot from Denny Hamlin on IG] Texas Ready,https://www.reddit.com/r/nascar/comments/1kcp3my/,/u/jmnordan,2025-05-02 01:23:19+00:00,"What kinda cursed image is this, DH lol",2025-05-02
t3_1ke6r87,"""Unfortunately it would just be an arms race of who would be willing to spend the most"" -Denny Hamlin on the cons of ""run what you brung"" at the All-Star Race. #NASCAR",https://www.reddit.com/r/nascar/comments/1ke6r87/,/u/Equivalent_Dish_1990,2025-05-03 23:59:29+00:00,,2025-05-03
t3_1kf3991,Bad day to gamble,https://www.reddit.com/r/nascar/comments/1kf3991/,/u/closedcrash,2025-05-05 04:38:23+00:00,"Anyone else lose their ass on this race?  These were all underdog + bets, usually works out, breaks even or pays off modestly.

Winners (weighted bets):
Tyler Reddick
Ryan Blaney
Kyle Larson
Carson Hocevar
Ty Gibbs
Chase Briscoe
Denny Hamlin
William Byron

Top 5:
Ty Gibbs

Top 5 Triple Parlay:
Blaney, Byron, Larson

Top 10:
Bubba Wallace
Chase Briscoe
Carson Hocevar

Group 2 Winner:
Chase Briscoe

Group 4 Winner:
Ty Gibbs

Group 5 Winner:
Carson Hocevar

Group 6 Winner:
Justin Haley



",2025-05-05
t3_1kf4xtg,So what is NASCAR going to do when the Kansas race is absolutely trash?,https://www.reddit.com/r/nascar/comments/1kf4xtg/,/u/curiosity6648,2025-05-05 06:30:57+00:00,"Look, Vegas was mediocre. Everyone ignored it because Berry/Wood Brothers and the storyline.

Homestead was a decent race, but by homestead standards it was a trash race. It didn't meet the lofty expectations of a homestead race. 

Darlington was horrendous. Just trash. Nothing else to say.

Texas was... Well the cautions and calamity makes it exciting but not necessarily good racing. You can't pass the leader. 

Kansas is now coming up and I have no idea why people are hyped for it. The cracks showed last year at Kansas 2. That race was ok, but no where near the first one or the prior years. For whatever reason from mid 2024 to today we have progressively made this car race worse and worse as teams figure it out more. 

We have gotten to the point where every race is trash. It's just too scienced out, the teams got the car figured out, it's all about track position/pit road, and nothing happens in these races. ",2025-05-05
t3_1kfk1vh,A Surface Level Statistic Analysis of Cup Rookies,https://www.reddit.com/r/nascar/comments/1kfk1vh/,/u/YankeeBarbary,2025-05-05 19:09:51+00:00,"*TLDR because this post is massive: Rookies in the current era win less than the golden years, but finish better on average.*

Hi. I'm Barbary. Part time NASCAR addict, full time asshole.

Recent controversy has been kicked up the past few weeks in NASCAR for several reasons. One of them being the latest quotes by known **GAMER** Kyle Larson, talking about how one of his primary motivators to race in the lower National level series is to embarrass both the points earning competitors and the sanctioning body themselves.

Due to my full time occupation, I'll admit I found this amusing. Because y'know, fuck'em.

But due to my the part time occupation, it made me wonder some things. Does him going down a few rungs actually help improve the abilities of up and comers? Has the lack of big names in the lower series directly correlated with new drivers being less capable? Will my father ever say he loves me?

In order to avoid another night of existential familial dread, I decided to do something I swore to never do again after I left college; actual source based research.

It was horrible. I had traumatic flashbacks to when an APA manual demanded I create a functioning works cited sheet before it gave me a swirly and called me an Austin Dillon fan.

OK enough shitposting.

---

These past few seasons, seeing many NASCAR drivers come up to Cup and hit a hard wall has made me ponder this issue in earnest.

Back in the day you had the likes of Jamie Mac and Carl Edwards beating out the best and claiming their first trophy in short order. Now a days, the Second Coming known as Ty Gibbs still hasn't even finished higher than 15th at season's end. While there's a crapton of factors that feed into the abilities of drivers in the pipeline, I wanted to take a look at defined metrics in relation to which era of Grand National/Trucks series racing they occurred in.

So let's sus out how new drivers do in a way that while not conclusive on it's own, provides a lens to look at the broader trends. 

The data I decided to look over was the performance of the rookie classes from 2000 to 2024, with specific focus on that season's Rookie of the Year. I chose this time period because it provides an ample sample size, while covering a lot of variables we can take into account (Cup driver eligibility, Cup teams racing in lower series, points formats, differences in cars raced between GN/Trucks and Cup). I'll be splitting the data into eras based on the car raced in Cup (Gen 4, CoT, Gen 6, NextGen). I'll also being laying out all of the data independently so that people can draw their own conclusions independent of my sterling color commentary.

Data shown will be individual rookies of that year's average finish, points finish for that season, and if they won a race. All stats pulled from Racing Reference. I'll be posting the data first, then my personal conclusions after the numbers.

---

***GEN 4 ERA***

(Premier Buschwhacking, also known as 'Harvick is Inevitable')

*--Year 2000--*

Rookie Class: Matt Kenseth, Dale Earnhardt Jr., Dave Blaney, Scott Pruett, Stacy Compton, Mike Bliss, Ed Berrier, Jeff Fuller (Not being counted due to not qualifying for ROTY)

ROTY Class Cup Mean Stats: Wins: .43 | Rank (Points Finishing Position): 31.70 | AVFN (Average Finishing Position): 27.86

Grand National Champion: Jeff Green

Trucks Champion: Greg Biffle

Rookie of the Year: Matt Kenseth

ROTY Cup stats: Wins: 1 | Rank (Points position): 14 | AVFN (Average Finish): 18.9

ROTY's Grand National stats: Wins: 4 | Rank: 3 | AVFN: 12.3 


*--Year 2001--*

Rookie Class: Kevin Harvick, Kurt Busch, Casey Atwood, Jason Leffler, Ron Hornaday Jr., Andy Houston

ROTY Class Cup Mean Stats: Wins: .33 | Rank: 27.17 | AVFN: 25.83

Grand National Champion: Kevin Harvick

Trucks Champion: Jack Sprague

Rookie of the Year: Kevin Harvick

ROTY Cup stats: Wins: 2 | Rank : 9 | AVFN : 14.1

ROTY's Grand National stats: Wins: 5 | Rank: 1 | AVFN: 9.6

*--Year 2002--*

Rookie Class: Ryan Newman, Jimmie Johnson, Shawna Robinson, Carl Long (Last two not being counted due to not qualifying for ROTY)

ROTY Class Cup Mean Stats: Wins: 2 | Rank: 5.5 | AVFN: 14

Grand National Champion: Greg Biffle

Trucks Champion: Mike Bliss

Rookie of the Year: Ryan Newman

ROTY Cup stats: Wins: 1 | Rank : 6 | AVFN : 14.5

ROTY's Grand National stats: N/A (Newman didn't run in a lower series again until 2005)

*--Year 2003--*

Rookie Class: Jamie McMurray, Greg Biffle, Tony Raines, Casey Mears, Jack Sprague, Larry Foyt

ROTY Class Cup Mean Stats: Wins: .17 | Rank: 27.00 | AVFN: 26.83

Grand National Champion: Brian Vickers

Trucks Champion: Travis Kvapil

Rookie of the Year: Jamie McMurray

ROTY Cup stats: Wins: 0 | Rank : 13 | AVFN : 18.6

ROTY's Grand National stats: Wins: 2 | Rank : 20 | AVFN : 12.9

*--Year 2004--*

Rookie Class: Kasey Kahne, Brendan Gaughan, Brian Vickers, Scott Wimmer, Scott Riggs, Johnny Sauter, Carl Edwards

ROTY Class Cup Mean Stats: Wins: 0 | Rank: 27.86 | AVFN: 22.39

Grand National Champion: Martin Truex Jr

Trucks Champion: Bobby Hamilton Sr

Rookie of the Year: Kasey Kahne

ROTY Cup stats: Wins: 0 | Rank : 13 | AVFN : 16.7

ROTY's Grand National stats: Wins: 0 | Rank : 11 | AVFN : 14.7

*--Year 2005--*

Rookie Class: Kyle Busch, Travis Kvapil, Mike Garvey, Stanton Barrett

ROTY Class Cup Mean Stats: Wins: 0.50 | Rank: 38.00 | AVFN: 30.40

Grand National Champion: Martin Truex Jr

Trucks Champion: Ted Musgrave

Rookie of the Year: Kyle Busch

ROTY Cup stats: Wins: 2 | Rank : 20 | AVFN : 21

ROTY's Grand National stats: Wins: 1 | Rank : 44 | AVFN : 24.9

*--Year 2006--*

Rookie Class: Denny Hamlin, Clint Bowyer, Martin Truex Jr., Reed Sorenson, J. J. Yeley, David Stremme, Brent Sherman (Not being counted due to not qualifying for ROTY)

ROTY Class Cup Mean Stats: Wins: 0.33 | Rank: 19.17 | AVFN: 21.25

Grand National Champion: Kevin Harvick

Trucks Champion: Todd Bodine

Rookie of the Year: Denny Hamlin

ROTY Cup stats: Wins: 2 | Rank : 3 | AVFN : 12.5

ROTY's Grand National stats: Wins: 2 | Rank : 4 | AVFN : 12.4

*--Year 2007--*

Rookie Class: Juan Pablo Montoya, David Ragan, Paul Menard, David Reutimann, A. J. Allmendinger, Brandon Whitt (Not being counted due to not qualifying for ROTY)

ROTY Class Cup Mean Stats: Wins: 0.2 | Rank: 31.8 | AVFN: 27.2

Grand National Champion: Carl Edwards

Trucks Champion: Ron Hornaday Jr.

Rookie of the Year: Juan Pablo Montoya

ROTY Cup stats: Wins: 1 | Rank : 20 | AVFN : 22.7

ROTY's Grand National stats: Wins: 1 | Rank : 36 | AVFN : 22.2

**Era ROTY Class Average Stats: Wins: 0.50  | Rank: 26.03 | AVFN: 24.47**

***COT ERA***

(Late Stage Buschwhacking, AKA the rise of the Pay Rookies)

*--Year 2008--*

Rookie Class: Regan Smith, Sam Hornish Jr., Patrick Carpentier, Michael McDowell, Dario Franchitti, Jacques Villeneuve (Not being counted due to not qualifying for ROTY)

ROTY Class Cup Mean Stats: Wins: 0.00 | Rank: 37.2 | AVFN: 30.38

Grand National Champion: Clint Bowyer

Trucks Champion: Johnny Benson Jr.

Rookie of the Year: Regan Smith

ROTY Cup stats: Wins: 0 | Rank : 34 | AVFN : 28.2

ROTY's Grand National stats: N/A (No GN races, only 1 Trucks race where he finished 17th)

*--Year 2009--*

Rookie Class: Joey Logano, Scott Speed, Max Papis, Dexter Bean (Not being counted due to not qualifying for ROTY)

ROTY Class Cup Mean Stats: Wins: 0.33 | Rank: 32.67| AVFN: 26.70

Grand National Champion: Kyle Busch

Trucks Champion: Ron Hornaday Jr.

Rookie of the Year: Joey Logano

ROTY Cup stats: Wins: 1 | Rank : 20 | AVFN : 20.00

ROTY's Grand National stats: Wins: 5 | Rank : 14 | AVFN : 7.6

*--Year 2010--*

Rookie Class: Kevin Conway, Terry Cook (Not being counted due to not qualifying for ROTY)

ROTY Class Cup Mean Stats: Wins: 0 | Rank : 25 | AVFN : 32.60

Grand National Champion: Brad Keselowski

Trucks Champion: Todd Bodine

Rookie of the Year: Kevin Conway

ROTY Cup stats: Wins: 0 | Rank : 25 | AVFN : 32.6

ROTY's Grand National stats: N/A (No GN or Trucks races)

*--Year 2011--*

Rookie Class: Andy Lally, T. J. Bell, Brian Keselowski (Last two didn't qualify for ROTY contention)

ROTY Class Cup Mean Stats: Wins: 0 | Rank : 33.00 | AVFN : 30.80

Grand National Champion: Ricky Stenhouse Jr.

Trucks Champion: Austin Dillon

Rookie of the Year: Andy Lally

ROTY Cup stats: Wins: 0 | Rank : 33.00 | AVFN : 30.80

ROTY's Grand National stats: N/A (No GN or Trucks races)

*--Year 2012--*

Rookie Class: Stephen Leicht, Josh Wise

ROTY Class Cup Mean Stats: Wins: 0 | Rank : 35.00 | AVFN : 37.35

Grand National Champion: Ricky Stenhouse Jr.

Trucks Champion: James Buescher

Rookie of the Year: Stephen Leicht

ROTY Cup stats: Wins: 0 | Rank : 41 | AVFN : 25.6

ROTY's Grand National stats: Wins: 0 | Rank : N/A | AVFN : 42.0

**Era ROTY Class Average Stats: Wins: 0.07  | Rank: 32.57 | AVFN: 31.57**

***GEN6 ERA***

(The end of Buschwacking, and the age of the Slow Burn rookie)

*--Year 2013--*

Rookie Class: Ricky Stenhouse Jr., Danica Patrick, Timmy Hill

ROTY Class Cup Mean Stats: Wins: 0 | Rank : 28.00 | AVFN : 26.33

Grand National Champion: Austin Dillon

Trucks Champion: Matt Crafton

Rookie of the Year: Ricky Stenhouse Jr.

ROTY Cup stats: Wins: 0 | Rank : 19 | AVFN : 18.9

ROTY's Grand National stats: Wins: 0 | Rank : N/A | AVFN : 17.0

*--Year 2014--*

Rookie Class: Kyle Larson, Austin Dillon, Justin Allgaier, Cole Whitt, Michael Annett, Alex Bowman, Ryan Truex, Parker Kligerman

ROTY Class Cup Mean Stats: Wins: 0 | Rank : 37.36 | AVFN : 27.73

Grand National Champion: Chase Elliott

Trucks Champion: Matt Crafton

Rookie of the Year: Kyle Larson

ROTY Cup stats: Wins: 0 | Rank : 17 | AVFN : 14.2

ROTY's Grand National stats: Wins: 2 | Rank : N/A | AVFN : 8.4

*--Year 2015--*

Rookie Class: Brett Moffitt, Matt DiBenedetto, Jeb Burton, Alex Kennedy, Tanner Berryhill* (Not being counted due to not qualifying for ROTY)

ROTY Class Cup Mean Stats: Wins: 0 | Rank : 36.75 | AVFN : 33.40

Grand National Champion: Chris Buescher

Trucks Champion: Erik Jones

Rookie of the Year: Brett Moffit

ROTY Cup stats: Wins: 0 | Rank : 34 | AVFN : 30.5

ROTY's Grand National stats: Wins: 0 | Rank : N/A | AVFN : 21

*--Year 2016--*

Rookie Class: Chase Elliott, Chris Buescher, Ryan Blaney, Brian Scott, Jeffrey Earnhardt

ROTY Class Cup Mean Stats: Wins: 0.2 | Rank : 18.20 | AVFN : 24.14

Grand National Champion: Daniel Suarez

Trucks Champion: Johnny Sauter

Rookie of the Year: Chase Elliott

ROTY Cup stats: Wins: 0 | Rank : 10 | AVFN : 14.6

ROTY's Grand National stats: Wins: 1 | Rank : N/A | AVFN : 5.3

*--Year 2017--*

Rookie Class: Erik Jones, Daniel Suárez, Ty Dillon, Corey LaJoie, Gray Gaulding

ROTY Class Cup Mean Stats: Wins: 0.0 | Rank: 26.22 | AVFN: 23.10

Grand National Champion: William Byron

Trucks Champion: Christopher Bell

Rookie of the Year: Erik Jones

ROTY Cup stats: Wins: 0 | Rank : 19 | AVFN : 17.1

ROTY's Grand National stats: Wins: 3 | Rank : N/A | AVFN : 12.5

*--Year 2018--*

Rookie Class: William Byron, Bubba Wallace

ROTY Class Cup Mean Stats: Wins: 0.0 | Rank: 25.5 | AVFN: 23.30

Grand National Champion: Tyler Reddick

Trucks Champion: Brett Moffitt

Rookie of the Year: William Byron

ROTY Cup stats: Wins: 0 | Rank : 23 | AVFN : 22.1

ROTY's Grand National stats: N/A (Didn't race in GN or Trucks in 2018, wouldn't go back to the lower series until 2021 in Trucks)

*--Year 2019--*

Rookie Class: Daniel Hemric, Ryan Preece, Matt Tifft

ROTY Class Cup Mean Stats: Wins: 0.0 | Rank: 27.33 | AVFN: 23.87

Grand National Champion: Tyler Reddick

Trucks Champion: Matt Crafton

Rookie of the Year: Daniel Hemric

ROTY Cup stats: Wins: 0 | Rank : 25 | AVFN : 22.5

ROTY's Grand National stats: N/A (Didn't race in GN or Trucks)

*--Year 2020--*

Rookie Class: Cole Custer, Tyler Reddick, Christopher Bell, John Hunter Nemechek, Brennan Poole, Quin Houff

ROTY Class Cup Mean Stats: Wins: 0.17 | Rank: 24.5 | AVFN: 23.37

Grand National Champion: Austin Cindric

Trucks Champion: Sheldon Creed

Rookie of the Year: Cole Custer

ROTY Cup stats: Wins: 1 | Rank : 16 | AVFN : 19.2

ROTY's Grand National stats: N/A (Didn't race in GN or Trucks)

*--Year 2021--*

Rookie Class: Chase Briscoe, Anthony Alfredo

ROTY Class Cup Mean Stats: Wins: 0.00 | Rank: 26.5 | AVFN: 23.55

Grand National Champion: Daniel Hemric

Trucks Champion: Ben Rhodes

Rookie of the Year: Chase Briscoe

ROTY Cup stats: Wins: 0 | Rank : 23 | AVFN : 19.6

ROTY's Grand National stats: Wins: 0 | Rank : N/A | AVFN : 12.5

**Era ROTY Class Average Stats: Wins: 0.04  | Rank: 27.82 | AVFN: 25.42**

***NEXTGEN ERA***

(Contemporary history and where we are now)

*--Year 2022--*

Rookie Class: Austin Cindric, Harrison Burton, Todd Gilliland

ROTY Class Cup Mean Stats: Wins: 0.33 | Rank: 22.33 | AVFN: 20.77

Grand National Champion: Ty Gibbs

Trucks Champion: Zane Smith

Rookie of the Year: Austin Cindric

ROTY Cup stats: Wins: 1 | Rank : 12 | AVFN : 16.3

ROTY's Grand National stats: N/A (Didn't race in GN or Trucks)

*--Year 2023--*

Rookie Class: Ty Gibbs, Noah Gragson

ROTY Class Cup Mean Stats: Wins: 0.00 | Rank: 25.5 | AVFN: 23.3

Grand National Champion: Cole Custer

Trucks Champion: Ben Rhodes

Rookie of the Year: Ty Gibbs

ROTY Cup stats: Wins: 0 | Rank : 18 | AVFN : 18.4

ROTY's Grand National stats: Wins: 1 | Rank : N/A | AVFN : 9.6

*--Year 2024--*

Rookie Class: Carson Hocevar, Josh Berry, Zane Smith, Kaz Grala

ROTY Class Cup Mean Stats: Wins: 0.00 | Rank: 25.75 | AVFN: 23.18

Grand National Champion: Justin Allgaier

Trucks Champion: Ty Majeski

Rookie of the Year: Carson Hocevar

ROTY Cup stats: Wins: 0 | Rank : 21 | AVFN : 18.3

ROTY's Grand National stats: N/A (Didn't race in GN or Trucks)

**Era ROTY Class Average Stats: Wins: 0.11  | Rank: 24.53 | AVFN: 22.42**

---

Wow. That was a lot of numbers. That took me two days of sifting through records. Why did I do this?

So in that mess of data, the highlight I wanted to point out is the change in mean stat between eras. Wins and average finishing position are the most stable metrics, because as we all know the point system has changed too many times over the past 20 years.

Let's start with wins. As we can see, there is a MASSIVE drop-off in rookies winning races from Gen 4 onwards. We go from 0.5, to 0.07, to .04. The mean does jump up once we hit the NextGen, but that's entirely carried by Austin Cindric's 2022 Daytona 500 win (Before someone asks, I didn't include either SVG's Chicago upset or Jamie Mac's 2002 Lowes win because they're both the definition of statistical outliers). Fundamentally speaking, the ability for a rookie class to beat their seniors has gotten worse and worse over time. Even with the severe limits on drivers heading down to lower series, there hasn't been much change.

That being said, there has been SIGNIFICANT improvement in rookies' average finishing position. The CoT era had the worst average by far, but as things are going now NextGen rookies are doing even better than their Gen4 counterparts.

As for points finish average, it's actually stayed in line with average finishing position through the eras. Even with the changes in format, it usually hangs 1 or 2 spots behind the classes' average finishing position.

But then leaves the question; if Buschwhacking was so effective at smothering talent in the cradle, then how did the early 2000s still pump out so many extremely talented rookie classes? Series regulars beating up the kids was a thing all the way into the early 90s, but that didn't stop Hall of Famers like Matt Kenseth or Jimmie Johnson or Martin Truex Jr from making their way onto the scene.

Well there's a ton of variables in that, a lot of which these statistics (Or any statistics) won't be able to tell you. But from what I saw, the reason why things got so bad in in the CoT era is fairly clear.

The competitive Cup teams already had the drivers they needed.

Seriously. The lineup from the early 2000s lasted deep into the 2010s, which meant that the teams could lock in exceptionally talented drivers early. If the drivers didn't stay locked down, they just swapped positions between the already strong teams (See Kyle Busch going from HMS to JGR). This mean the only teams taking on rookies were mid-pack and backmarkers, and these teams needed something important

**MONEY.** Or well, connections.

Front Row Motorsports needed sponsors, Kevin Conway provided (well, not really). Andy Lally was a sports car ace, TRG was just the Cup branch of an existing IMSA team. Circle Sport Racing was a mess from start to finish, and Stephen Leicht brought the car back to the garage intact so they could save cash on repairs and parts.

Fact of the matter was the good Cup teams weren't looking for new talent, so they didn't really bother *fostering* new talent. Why would Penske invest in driver development when you've got prime Brad Keselowski winning championships? Oh what's that, Kurt Busch didn't work out? Just grab Joey Logano after JGR fired him, he's talented and needs a ride.

We see echoes of this now, still. Ford's development pipeline isn't all that, because they can rely on either elevating high end talent from Trucks or snatching eager newcomers from Chevy or Toyota. We see genuinely talented drivers win multiple championships in the lower series, but they never even sniff a Cup contract (Reminder that Ben Rhodes is only **28**).

**But what does this say about Buschwhacking? Does Kyle Larson doing what he does actually embarrass anyone, and show the absolute state of up-and-coming drivers?**

No. Not really. All it does prove is that Cup drivers are absolutely GOATed, and they always have been. Kyle Larson isn't better than Xfinity regulars because they're trash, he's better than them because he's *Kyle Larson.*

I mean for God's sake Aric Amirola is the dictionary definition of average when it comes to Cup drivers, and whenever he races Xfinity he's a constant threat. Why? Because Cup drivers are just that good!

Overall what the data shows is pretty straight-forwards; the contemporary Cup rookie isn't as flashy as the legends of yore, but they can still hang with the veterans. They won't win, but they'll get good finishes. Finishes that they build on and use to reach their full potential.

On top of that, once they get their bearings, they start hitting well above their weight. Sometimes that means they have to drop back down, but that's good for the sport too. Xfinity and Trucks needs their veterans. Ty Majeski as a Trucks lifer makes their races better, not worse.

Anyway, I'm going back to pretending to do my job and re-watching Justified. You all take care out there.",2025-05-05
t3_1kg5zcf,Lap Times,https://www.reddit.com/r/nascar/comments/1kg5zcf/,/u/Acceptable_Bid_1054,2025-05-06 14:32:30+00:00,"I hear Denny Hamlin every episode of Actions Detrimental talking about lap times and being able to determine who is running well. I know the TV coverage will sometimes shuffle it, but it's not up the entire time. 

Is there a site to go to that provides that free data?",2025-05-06
t3_1kgmd7k,[Denny Hamlin on IG] Season 2 of Full Speed is streaming on @netflix tomorrow. Sneak peak video featuring Denny Hamlin.,https://www.reddit.com/r/nascar/comments/1kgmd7k/,/u/jmnordan,2025-05-07 02:16:38+00:00,Features interviews with Marty Smith and Kim Coon,2025-05-07
t3_1khdcfm,Writeup Wednesday Every Week Until the 2025 Championship Weekend #11: Owner-Drivers and Superteams in NASCAR,https://www.reddit.com/r/nascar/comments/1khdcfm/,/u/bruhmoment2248,2025-05-08 00:42:51+00:00,"When you look up and down the NASCAR garage today and who owns each car you see on the racetrack, it’s a hodge-podge of private investors and legacy teams propped up by nostalgia. So where did the types of owners and drivers that started NASCAR go? Let’s talk about it.

'

[drivers owning teams may be the new meta again...](https://preview.redd.it/72r01qabfgze1.png?width=1070&format=png&auto=webp&s=c29f46a84b2b517449cc4dbc68247d4eba9ec3f4)

'

# Where Did The Owner-Driver Originate?

The era of superteam organizations and multi-car teams is still a relatively new concept considering the timeline of motorsports in America beginning with the Chicago-Evanston race in 1895. When racing began en masse, you basically ran what you bought and built to race that fit within the posted rules. Far and away were the days of corporate sponsors and multiple team cars in one stable that weren’t backups to the main car. In this time, almost EVERYONE was an owner-driver, and that’s how it remained even into the crossover point to the modern era. 

'

But as more money started flowing in and more eyes started descending upon the regional sport that had found itself underneath a national spotlight, the days of owner-drivers suddenly merged with the new trend of former drivers opening teams themselves. Guys like Junior Johnson, Rick Hendrick, Richard Childress, and quite a few others saw their operations climb to the top of the food chain. Alongside them, the Petty operation was still as big as ever as one of the first ""superteams"" in NASCAR, even with the King in the twilight of his career. Even still, some guys still took the solo approach, to varying degrees of success that was now starting to get out of reach for some. As solitary operations were slowly getting phased out, one man set out to defy those around him.

'

# Underbird's Place in History

'

[I wonder if he kept that comb somewhere safe, that thing's probably worth millions now](https://preview.redd.it/4r3bzr1vcgze1.png?width=692&format=png&auto=webp&s=42e0df8c8e6c37db851d78f65c764809155843ec)

'

When Alan Kulwicki burst onto the Winston Cup scene in the mid-80s having come off of racing in the midwest, he very quickly found his stock car racing hopes in peril when his team owner Bill Terry abruptly stopped his support of the team, forcing Kulwicki to buy the team for himself having already sold off most of his things to race in Cup to begin with. But with a degree’s worth of knowledge and a point to prove, he won Rookie of the Year in 1986 and managed to keep the team afloat for a few years until he got his break with Hooters in 1991, eventually leading to his famous championship the following season in 1992.

'

Alan’s momentous feat inspired a wave that ultimately changed the course of stock car racing history. Becoming an owner-driver suddenly became the hot new fad, and some gobbled at the opportunity of trying to win it like Alan. There was Bill Elliott, the man that Kulwicki beat for the title in 1992 that jumped ship from Junior Johnson after 1994 to run his own fleet of Fords, of which he never won in any of them. Ricky Rudd followed in Darrell Waltrip’s footsteps and became an owner-driver after departing from Hendrick, and Waltrip himself took inspiration from Kulwicki and decided to start building his own motors for 1993; it went SO well. 

'

[this was quite the common sight throughout the 90s once he stopped using Hendrick's motors, a sad end to what should have been an even more legendary career for Jaws](https://preview.redd.it/ykytr188dgze1.png?width=570&format=png&auto=webp&s=ad15d28895310dd0cfb29238da7fabea5e3d6d75)

'

And of course, there was Geoff Bodine who ended up buying Kulwicki’s team after his tragic passing in 1993 and ran it for a few years onward, albeit not to the level that Alan had. But apart from Rudd winning at the Brickyard, none of these guys had any major success as an owner-driver, and not one of them won a championship or a crown jewel race in this time, though Darrell HAD won a rain-shortened Southern 500 for his final career victory. In other words, they all spent varying degrees of money and effort into trying to best someone that had already achieved the seemingly unthinkable. And it certainly wasn’t going to get any easier with the new millennium on the horizon, unless you had the pull of someone like Dale Earnhardt.

'

[all 3 of them could have been champions, what could have been :\(](https://preview.redd.it/byhrvz2rdgze1.png?width=424&format=png&auto=webp&s=a58a61c818c7a4e8087a1cbf0734f5bb4afda34d)

'

# The Superteam

The 2000s saw more expansion within teams than ever before, with all of Hendrick, Gibbs, Childress, Penske, Ganassi, DEI, and Roush all adding one or multiple new teams in this time. Roush in particular became a powerhouse of their own by the mid-2000s, with multiple champions in Matt Kenseth and Kurt Busch and all 5 cars making the 10-car Chase in 2005. Following that, Hendrick’s own superteam dominated for the remainder of the decade, with the superstar additions of Dale Earnhardt Jr. and Mark Martin, and Jimmie Johnson rattling off 5 championships in a row like it was no big deal. Clearly, the future was consolidation of power amongst the top teams with the most money and sponsors, but one man didn’t quite see it that way.

'

[Even being on a superteam with Denny Hamlin and Kyle Busch, Tony had to do it on his path](https://preview.redd.it/9r4b89jydgze1.png?width=300&format=png&auto=webp&s=dc9e12c3ce3b9fd8f23541d9021a9f6f76bba677)

'

In 2008, Tony Stewart decided to leave Joe Gibbs Racing after a decade with Coach Gibbs and invested into Haas CNC Racing, renaming it Stewart-Haas Racing for 2009 and beyond. He saw instant success in year one, winning the All-Star Race and 4 points races across the season to make the Chase and finish 6th? in the standings at season’s end. The following year saw Tony win a few more races and solidify his new team as contenders for wins week in and week out. But it was 2011 where Stewart achieved what he calls one of the 2 greatest accomplishments of his career, the other being his 1995 USAC Triple Crown. 

'

Tony became the first since Kulwicki to not only pull off a late season comeback to win the Cup championship in the final race of the season where the top 2 in the standings finished in the top 2 positions, but also win the Cup title as an owner-driver. Not in nearly 20 years had this feat been accomplished, but Stewart pulled it off having not won a single race before the start of the Chase, then pulled off 5 victories in the final 10 races to win on a tiebreaker over Carl Edwards, who’d been a crucial part of the Roush superteam that dominated the 2000s.

'

[if they don't make a movie about the 1992 season, they need to make one about 2011](https://preview.redd.it/6bcvbvrdegze1.png?width=1200&format=png&auto=webp&s=f84af1f1eed544b40be6ac040e4f4f2aee70994b)

'

And yet, there are people who question if Stewart’s title was TRULY an owner-driver effort, as he didn’t fully own the team himself; he only owned 50% whereas Gene Haas owned the other 50% controlling interest. Still, it is the closest we’ve come to seeing an owner-driver winning it all in the modern era, and it’s a feat that may not be replicated anytime soon. Even when Stewart first formed SHR, owner-drivers were essentially relegated to becoming start-and-parkers once the Great Recession hit. The rich got richer, and the less fortunate got screwed over.

'

# So Who's Left?

These days, the true owner-driver is as rare as it’s ever been; you’d be hard-pressed to find drivers emulating how it was done in the formative times of stock car racing, considering how much money and influence is needed to race competitively nowadays than back then. There certainly aren’t many competing at the top level of their series nowadays compared to back then, but with drivers like Denny Hamlin and Brad Keselowski investing into race teams within the last few years, it’s possible that the trend may shift in the other direction.

'

Whether or not it does, we shall wait and see.

'

[it took awhile, but Keselowski finally got his win for his team and is the most recent owner-driver \(on his own team\) to win a Cup race](https://preview.redd.it/yxzqaeqkegze1.png?width=1000&format=png&auto=webp&s=da0654e42c6f7b40ea27b4478abf9593d12f81ca)

'

# Next Week...

Y'all know what race is on before the World 600...",2025-05-08
t3_1khqs6m,Odd Ricky Stenhouse Fact that ranks him with the legends of the sport.,https://www.reddit.com/r/nascar/comments/1khqs6m/,/u/ITMAKESSENSE72,2025-05-08 13:58:17+00:00,"He's won all 4 of the ""plate"" races, spring and summer versions at Talladega and Daytona.  

Jamie McMurray is close, he has not won the spring Talladega race but won the others.  Others that were close, Jimmie never won Fall Talladega but won the others, Michael Waltrip is a spring Talladega win away from it, Kevin Harvick never won the fall Talladega race, Kyle Busch is a Daytona 500 AND fall Talladega away, Brad Keselowski needs a Daytona 500, Denny Hamlin needs the summer Daytona race, as does Joey Logano.  Lastly, Dale Jarrett was close, he needed a spring Talladega win (which, in the right year, could have won him the Winston Million as well, he finished 2nd the year he was up for the million).  

Jeff Gordon completed this as well in an odd way, he technically won the fall Talladega race in 1996 but it swapped with the spring race (as far as the million dollar race and the designated crown jewel status) at one point, he did eventually win the current fall Talladega race in 2007 though to officially complete the sweep.

Dale Jr of course did this, he completed the task winning the 2004 Daytona 500, he actually did it twice, once with DEI and almost once with HMS!  But he won each race at least two times in his career.  Of course, Dale Sr completed his, finally, with the 1998 Daytona 500 and like Jeff Gordon, he had won both versions of the Talladega fall race.  

Ricky Stenhouse, among the legends of plate racing....",2025-05-08
t3_1ki0zs8,"2025 LASTCAR Cup, Xfinity, and Truck Playoff Standings (after Texas)",https://www.reddit.com/r/nascar/comments/1ki0zs8/,/u/TIFUthebestSubreddit,2025-05-08 20:55:24+00:00,"Cup Series Playoff standings (Race 11/26)

1) Cody Ware 1 Loss 439 (5 PP)

2) Brad Keselowski 1 Loss 315 (5 PP)

3) Riley Herbst 1 Loss 283 (6 PP)

4) Erik Jones 1 Loss 270 (8 PP)

5) Carson Hocevar 1 Loss 267 (5 PP)

6) AJ Allmendinger 1 Loss 235 (7 PP)

7) Joey Logano 1 Loss 208 (7 PP)

8) JJ Yeley 1 Loss 193 (7 PP)

9) Denny Hamlin 1 Loss 162 (7 PP)

10) Shane van Gisbergen 358 (1 PP)

11) Cole Custer 304

12) Josh Berry 277

13) Ty Dillon 259 (1 PP)

14) Noah Gragson 247

15) Zane Smith 236

16) Ryan Preece 226

_____________________________________________

17) Daniel Suarez 225

18) Justin Haley 221

19) John Hunter Nemechek 216

20) Ty Gibbs 216

21) Michael McDowell 214 (1 PP)

22) Todd Gilliland 211

23) Kyle Busch 200 (1 PP)

24) Chase Briscoe 198 (1 PP)

25) Chris Buescher 191

26) Ryan Blaney 190

27) Austin Dillon 186

28) Ricky Stenhouse Jr 185

29) Alex Bowman 185

30) Austin Cindric 182

_____________________________________________

Other Losers outside top 30 that most likely won't make multiple starts in the playoffs)

41) Josh Bilicki 1 Loss 60 (6 PP)

46) Connor Zilisch 1 Loss 44 (5 PP)

**___________________________**

Xfinity Playoff standings (Race 12/26) (somehow all 30 drivers that were in the top 30 last week stayed in the top 30, probably because Thomas Annunziata was 31st, and he wasn't in the 70 this week lol)

1) Christian Eckes 2 Losses 263 (13 PP)

2) Kris Wright 1 Loss 375 (7 PP)

3) William Sawalich 1 Loss 301 (7 PP)

4) Anthony Alfredo 1 Loss 269 (6 PP)

5) Mason Maggio 1 Loss 247 (7 PP)

6) Dean Thompson 1 Loss 229 (8 PP)

7) Parker Retzlaff 1 Loss 220 (7 PP)

8) Taylor Gray 1 Loss 183 (5 PP)

9) Daniel Dye 1 Loss 169 (7 PP)

10) Greg Van Alst 351

11) Kyle Sieg 332

12) Garrett Smithley 316

_____________________________________________

13) Ryan Ellis 315

14) Blaine Perkins 264

15) Matt DiBenedetto 241

16) Josh Williams 236

17) Brennan Poole 229

18) Jeremy Clements 223

19) Sheldon Creed 222

20) Nick Sanchez 217

21) Josh Bilicki 214 (1 PP)

22) Joey Gase 200

23) Leland Honeyman 176

24) Brandon Jones 170

25) Connor Zilisch 169

26) Mason Massey 167

27) Ryan Sieg 165

28) Carson Kvapil 161

29) Jeb Burton 157

30) Harrison Burton 147

_____________________________________________

Other Losers that most likely won't make multiple starts in the playoffs 

37) Justin Bonsignore 1 Loss 121 (7 PP)

48) Carson Hocevar 1 Loss 60 (7 PP)

**___________________________**

Truck series Playoff Standings (race 8/18)

1) Stephen Mallozzi 3 Losses 235 (21 PP)

2) Kaden Honeycutt 1 Loss 194 (7 PP)

3) Norm Benning 1 Loss 188 (8 PP)

4) Nathan Byrd 275

5) Frankie Muniz 270

6) Toni Briedinger 269 (1 PP)

7) Spencer Boyd 250

8) Connor Mosack 215

9) Matt Mills 191

10) Matt Crafton 184

_____________________________________________

11) Andres Perez de Lara 177

12) Jack Wood 171

13) Dawson Sutton 168

14) Ben Rhodes 165

15) Justin Carroll 163

16) Gio Ruggerio 161

17) Luke Fenhaus 158

18) Stewart Friesen 156

19) Tanner Gray 147

20) Ty Majeski 145

21) Rajah Caruth 130

22) Corey Day 129

23) Josh Reaume 128

24) Layne Riggs 128

25) Brandon Jones 125

26) Bayley Currey 117

27) Cody Dennison 115

28) Grant Enfinger 112

29) Jake Garcia 105

30) Keith McGee 1 Loss 104 (6 PP)

_____________________________________________

Other Losers that most likely won't make multiple starts in the playoffs 

31) Parker Kligerman 1 Loss 101 (7 PP)

38) Ryan Roulette 1 Loss 57 (5 PP)",2025-05-08
t3_1klkr5d,NASCAR on FOX 25: Greatest Race of Each Year,https://www.reddit.com/r/nascar/comments/1klkr5d/,/u/Altracing34,2025-05-13 12:33:09+00:00,"So, I know that NASCAR on FOX has not been very popular on this sub for a long time I thought for the sake of celebrating its 25 years of covering NASCAR I'd try and make a list of its greatest races in every year that it's covered NASCAR since 2001. Some of these races I've chosen were on my ""Greatest/Most Important NASCAR Cup Race of Each Year"" that I had done to celebrate 75 years of NASCAR with the rest being races I thought were significant enough to be included on this list. If anyone has any objection to any of the races chosen and has a better race for a particular year please let me know and I will change it so that this list is as accurate as fans deem it to be. 

**2001 Cracker Barrel Old Country Store 500** (In just his third race since taking over Dale Earnhardt’s car after his untimely death Kevin Harvick edge Jeff Gordon by six one thousandths of a second for his first career win)

**2002 Food City 500** (After giving a bump and run to Jimmy Spencer late in the race which would then lead to a long rivalry between the two Kurt Busch scores his first career win in the Cup Series)

**2003 Carolina Dodge Dealers 400** (Ricky Craven and Kurt Busch battle side by side with both cars stuck together as Craven edges out Kurt Busch for the win in what was at the time the closest finish in NASCAR history at 0.002 seconds)

**2004 Subway 400** (Rockingham Speedway’s last Cup Series race as of today sees Carl Long flipping down the backstretch and Kasey Kahne in his second career start just barely lose out to Matt Kenseth by one one hundredth of a second)  

**2005 Golden Corral 500** (After winning his first Busch Series race the day before Carl Edwards barely passes Jimmie Johnson on the final lap to claim his first victory in the Cup Series becoming the first driver to get his first career win in two series in the same weekend)

**2006 Food City 500** (Kurt Busch bumps former teammate Matt Kenseth out of the lead and holds off Kevin Harvick to win his first race for Roger Penske while Kenseth gets into a physical confrontation with Jeff Gordon after spinning him out on the final lap)

**2007 Daytona 500** (While the field wrecks behind them Kevin Harvick and Mark Martin race side by side to the finish line with Harvick edging out Martin in a last lap pass to win the Daytona 500 while Harvick’s teammate Clint Bowyer finishes 18th upside down)

**2008 Crown Royal Presents the Dan Lowry 400** (While battling for the lead of the race late Kyle Busch gets into the back of Dale Earnhardt Jr and sends him around much to the ire of the race fans and allows Clint Bowyer to take the lead and hold off Busch for the win)

**2009 Aaron’s 499** (In just his fifth career start Brad Keselowski makes a late move on Carl Edwards and a late block by Edwards sends him into the catch fence while Keselowski pulls of the upset to win his first career race in the Cup Series)

**2010 Aaron’s 499** (In a race that saw a record 87 lead changes and three overtime finishes Kevin Harvick edges out Jaime McMurray on the last lap of the race to win his first Cup race in over three years)

**2011 Daytona 500** (In a race that saw a record number of lead changes and cautions rookie driver Trevor Bayne in just his second career start pulls off the upset becoming the youngest Daytona 500 winner ever just one day after his 20th birthday)

**2012 Daytona 500** (The first Daytona 500 held on a Monday sees a bizarre incident where Juan Pablo Montoya crashes into a jet dryer leading to a long red flag leading to the race ending past 1 in the morning and Matt Kenseth winning his second Daytona 500)

**2013 Auto Club 400** (After getting into a confrontation with one another in the previous race Denny Hamlin and Joey Logano race for the win but get together on the final lap and wreck allowing Kyle Busch to squeak by for the win. Hamlin is left with a back injury after the crash while Logano gets into a physical altercation with Tony Stewart after Stewart felt Logano gave him a bad block on the final restart)

**2014 Daytona 500** (In the first race that sees his father’s famous #3 return to the Cup Series for the first time since his death Dale Earnhardt Jr. holds off the pack on an overtime restart to win his second Daytona 500)

**2015 Food City 500 In Support of Steve Byrnes** (Matt Kenseth breaks a 51 race winless streak in a race that honored long time FOX pit reporter Steve Byrnes' battle with cancer. Byrnes would pass away two days later with his last tweet saying “I went the distance”)

**2016 Toyota/Save Mart 350** (After a timely caution put him in front of the field Tony Stewart battled Denny Hamlin for the win with Hamlin passing Stewart with half a lap to go and then Stewart dive bombing the last corner to get back around Hamlin to score his 49th and final career win in his final season)

**2017 Daytona 500** (NASCAR’s first race with stage racing sees the 500 come down to a fuel mileage race with Kurt Busch able to stretch his fuel and in his seventeenth attempt finally win his first Daytona 500)

**2018 STP 500** (A race that got pushed back to Monday due to snow sees Clint Bowyer breaking a 190-race winless streak scoring his first win since joining Stewart-Haas Racing the previous year)

**2019 Daytona 500** (After going winless for the first time in his career the previous season Denny Hamlin leads a Joe Gibbs Racing 1-2-3 finish for his second Daytona 500 win one month after team owner Joe Gibbs son J.D. Gibbs passed away after a long battle with a neurological brain disease)

**2020 The Real Heroes 400** (NASCAR becomes the first major sport in the United States to return to action after the start of the COVID-19 Pandemic and in an empty race track Kevin Harvick claims the win)

**2021 Food City Dirt Race** (Joey Logano wins the first ever dirt race at Bristol Motor Speedway in a race that marked the Cup Series’ return to dirt for the first since 1970)

**2022 EchoPark Texas Grand Prix** (A frantic three car battle for the lead between Ross Chastain, AJ Allmendinger and Alex Bowman sees Chastain give a bump to Allmendinger which sends him into Bowman and gives Chastain and Trackhouse Racing it’s first career win in the Cup Series)

**2023 Advent Health 400** (Denny Hamlin gets the better of Kyle Larson in a last lap battle for the lead to get the win while an argument between Ross Chastain and Noah Gragson after an earlier race incident leads to a fight between the two drivers)

**2024 Ambetter Health 400** (A race that sees a record number of lead changes sees a three-finish for the lead between Daniel Suarez, Ryan Blaney and Kyle Busch with Suarez edging out Blaney by .003 seconds and the top 3 being separated by less than a hundredth of a second)

**2025 EchoPark Texas Grand Prix** (A new layout for NASCAR at the Circuit of the Americas sees Christopher Bell pass Kyle Busch late for the lead and hold off both William Byron and Tyler Reddick to win)

",2025-05-13
t3_1klw5rl,Found this old video of a guy trying to fight Denny Hamlin for dumping Chase Elliott at Martinsville in 2017,https://www.reddit.com/r/nascar/comments/1klw5rl/,/u/NeatWrongdoer1309,2025-05-13 20:15:33+00:00,,2025-05-13
t3_1klzy57,Denny Hamlin on championship format : “One race shouldn’t be bigger than the other 35 races”,https://www.reddit.com/r/nascar/comments/1klzy57/,/u/Mindless_Tax_9185,2025-05-13 22:52:52+00:00,,2025-05-13
t3_1kmsvx0,2025 LASTCAR Cup & Truck Playoff Standings (after Kansas I),https://www.reddit.com/r/nascar/comments/1kmsvx0/,/u/TIFUthebestSubreddit,2025-05-14 22:47:30+00:00,"Cup Series Playoff standings (Race 12/26)

1) AJ Allmendinger 2 Losses 296 (14 PP)

2) Cody Ware 1 Loss 484 (5 PP)

3) Brad Keselowski 1 Loss 350 (5 PP)

4) Riley Herbst 1 Loss 323 (6 PP)

5) Erik Jones 1 Loss 300 (8 PP)

6) Carson Hocevar 1 Loss 291 (5 PP)

7) Joey Logano 1 Loss 215 (7 PP)

8) Denny Hamlin 1 Loss 196 (7 PP)

9) Shane van Gisbergen 379 (1 PP)

10) Cole Custer 331

11) Ty Dillon 305 (1 PP)

12) Josh Berry 281

13) Noah Gragson 259

14) Daniel Suarez 257

15) Ty Gibbs 251

16) Justin Haley 250

_____________________________________________

17) Zane Smith 250

18) Michael McDowell 235 (1 PP)

19) Ryan Preece 231

20) John Hunter Nemechek 226

21) Todd Gilliland 221

22) Kyle Busch 219 (1 PP)

23) Bubba Wallace 213

24) Ricky Stenhouse Jr 208

25) Austin Dillon 206

26) Chase Briscoe 200 (1 PP)

27) Chris Buescher 197

28) JJ Yeley 1 Loss 193 (7 PP)

29) Austin Cindric 191

30) Ryan Blaney 191

_____________________________________________

Other Losers outside top 30 that most likely won't make multiple starts in the playoffs 

41) Josh Bilicki 1 Loss 60 (6 PP)

46) Connor Zilisch 1 Loss 44 (5 PP)

**___________________________**

Truck series Playoff Standings (race 9/18)

1) Stephen Mallozzi 3 Losses 235 (21 PP)

2) Kaden Honeycutt 1 Loss 207 (7 PP)

3) Layne Riggs 1 Loss 188 (7 PP)

4) Nathan Byrd 322

5) Frankie Muniz 313

6) Toni Briedinger 294 (1 PP)

7) Spencer Boyd 289

8) Connor Mosack 238

9) Matt Mills 209

10) Dawson Sutton 202

_____________________________________________

11) Matt Crafton 202

12) Jack Wood 202

13) Andres Perez de Lara 201

14) Norm Benning 1 Loss 188 (8 PP)

15) Ben Rhodes 181

16) Tanner Gray 179

17) Gio Ruggerio 171

18) Stewart Friesen 165

19) Ty Majeski 164

20) Justin Carroll 163

21) Luke Fenhaus 158

22) Rajah Caruth 156

23) Cody Dennison 152

24) Bayley Currey 148

25) Brandon Jones 136

26) Corey Day 129

27) Josh Reaume 128

28) Grant Enfinger 126

29) Jake Garcia 117

30) Keith McGee 1 Loss 104 (6 PP)

_____________________________________________

Other Losers that most likely won't make multiple starts in the playoffs 

33) Parker Kligerman 1 Loss 101 (7 PP)

39) Ryan Roulette 1 Loss 57 (5 PP",2025-05-14
t3_1ko0rz6,Dave Ramsey listener scammed by Denny Hamlin impersonator,https://www.reddit.com/r/nascar/comments/1ko0rz6/,/u/johko814,2025-05-16 13:24:47+00:00,"[https://www.youtube.com/watch?v=ZfwTPskw7N8](https://www.youtube.com/watch?v=ZfwTPskw7N8)

It's the second call (after the first commercial break). I can't point to the exact time because it's still live.",2025-05-16
t3_1kolqq8,Predicting Final NASCAR Career Win Totals for Active Drivers,https://www.reddit.com/r/nascar/comments/1kolqq8/,/u/Yeetawaythesecond,2025-05-17 05:44:42+00:00,"Over the decades, NASCAR’s generational or sub-generational talents have almost always crossed the 30-win threshold. For some, their greatness was obvious from the start.. think Jeff Gordon, Dale Earnhardt, or Tony Stewart. Others took longer to hit their stride, like Martin Truex Jr. and Kevin Harvick, who racked up the bulk of their wins in the latter half of their careers.

With that in mind, I’ve put together my projections for where I think each currently active full-time driver will end up in terms of total NASCAR Cup Series wins. These predictions are based on current performance, team trajectory, age, and historical patterns.

Driver,Projected Career Wins
Kyle Larson, 55
Denny Hamlin, 68
Kyle Busch, 65
Joey Logano, 40
William Byron, 36
Chase Elliott, 28
Ryan Blaney, 22
Christopher Bell, 42
Tyler Reddick, 35
Ross Chastain, 15
Alex Bowman, 18
Brad Keselowski, 36
Austin Cindric, 7
Chase Briscoe, 32
Josh Berry, 3
Bubba Wallace, 5
Chris Buescher, 7
Erik Jones, 4
Ty Gibbs, 41
Noah Gragson, 2
Justin Haley, 2
Michael McDowell, 4
Austin Dillon, 5
AJ Allmendinger, 3
Zane Smith, 0
Todd Gilliland, 0
Ricky Stenhouse Jr, 6
Riley Herbst, 1
Cole Custer, 1
Ryan Preece, 1
Cody Ware, 0
Ty Dillon, 0
John Hunter Nemechek, 2
Shane van Gisbergen, 3

Major Points:
	•	Kyle Larson, William Byron, Christopher Bell, Tyler Reddick are projected to have generational careers with multiple multi-win seasons and championship contention well into the 2030s.
	•	Chase Elliott, Ross Chastain, Ryan Blaney, will remain solid winners but won’t hit the prolific pace of the sport’s upper tier.
	•	Ty Gibbs and Chase Briscoe are poised for late-career breakouts and could mirror the upward arcs of Harvick and Truex.
	•	Denny Hamlin still has gas in the tank and could break 65 wins before he retires, while Kyle Busch and Brad Keselowski may only add 1-2  wins at most.
	•	Alex Bowman, Michael McDowell  Austin Cindric, Bubba Wallace, and Chris Buescher, Ricky Stenhouse Jr will stay competitive and win occasionally, but aren’t projected to break out into consistent multi-win seasons.
	•	Drivers like Noah Gragson, Ryan Preece, and John Hunter Nemechek are still question marks if  talent is there, but team and timing will determine if they break through. I predict Ware, both Dillons, Todd Gilliland, Zane Smith, AJ Allmendinger will not visit victory lane ever / for the remainder of their careers.",2025-05-17
t3_1kptexf,“Denny Hamlin” scammed this guy! (Start at 11:00),https://www.reddit.com/r/nascar/comments/1kptexf/,/u/PrayingForACup,2025-05-18 20:20:09+00:00,https://www.youtube.com/live/ZfwTPskw7N8?si=QdiiLDyMVfoKtAcD,2025-05-18
t3_1kqmvyg,Intermediate Average vs Season Points (pre Charlotte),https://www.reddit.com/r/nascar/comments/1kqmvyg/,/u/analyst_kolbe,2025-05-19 20:52:50+00:00,"I've been casually following NASCAR for a bit now, and always liked diving into numbers.  One of the things I am trying to get a better handle on is which drivers specialize on certain tracks/types of tracks, and if teams or even manufacturers have similar trends.

  
I'm aware that [driveraverages.com](http://driveraverages.com) has a lot if not all of what I did, and with more history and detail, but I wanted to have my own go of it so I could note trends and relationships and hopefully come up with other fun insights.

  
The chart above shows each race team's average place in points rankings vs their average finish at intermediate tracks so far this year (Atlanta, Miami, Texas, Las Vegas, Kansas).  I chose to start there since the upcoming race (Charlotte) is in the same category.  I'm aware that total points to average finish isn't a true 1:1 since the former includes bonus points that I haven't subtracted.  While this is a problem now, it will go away once I've put in the data for the other tracks, and can compare track type finish to all average finishes.

  
Some outliers:

Riley Herbst (32nd in points) has an average finish of 22nd at intermediates so far.

Denny Hamlin has an average finish of 22nd at intermediates, despite being 7th in points.  It's worth noting that he's had two DNFs due to equipment failure.

  
Hendrick as a whole is KILLING it this year, but not at 1.5s.  All 4 drivers have an average intermediate finish worse than their current points rank, despite every Hendrick car finishing every intermediate race.  Interestingly, every other Chevy team is better at intermediates than on season total.

However, I suspect that the bonus points are the likely reason for this, as the worst teams by this counting are Hendrick, Gibbs, Penske, and 23XI, who account for every driver in the top 10 of points.  So yeah, I've got some work to do.

 Let me know what you think!",2025-05-19
t3_1kr1azb,Tips for concord nc Sunday,https://www.reddit.com/r/nascar/comments/1kr1azb/,/u/rcbrown527,2025-05-20 10:15:49+00:00,My wife and I are going to Charlotte motor speedway on Sunday. We never been to a NASCAR race. We got the hotel and tickets. My wife bought tickets on the fifth row. She didn’t know higher up is better. My buddy likes briscoe. So we’re Joe Gibbs racing all weekend. Anybody know if there’s a ride share drop off designated area? Couldn’t find any information online. Good bbq restaurants? Race day tips? Besides the obvious like good shoes and pack water. We only live an hour away. Should we just buy parking ? Uber will surge later that night. Our rooms in Charlotte not concord. Any help is appreciated. Thanks!!!!,2025-05-20
t3_1krha12,"Comparing Hendrick, Joe Gibbs, and Penske (+WBR)",https://www.reddit.com/r/nascar/comments/1krha12/,/u/Steub,2025-05-20 21:50:56+00:00,"**Fun Fact:** All 12 wins this season have come from just **three teams** — **Hendrick Motorsports (HMS), Joe Gibbs Racing (JGR),** and **Team Penske (PEN)**.

* At least one car from these teams has finished on the **podium in every race**.
   * Podiums by team: **HMS – 9**, **JGR – 7**, **PEN – 4**
* In **5 races**, these three teams swept the entire podium:
   * **Phoenix, Darlington, Bristol, Talladega, Kansas**

**Hendrick Motorsports (HMS) Stats:**

* **38 of 48** total finishes have been inside the **Top 20** – that’s **79.2%**
   * **Chase Elliott**: Top 20 in **100%** of his starts
* **29 of 48** finishes were in the **Top 10** – **60.4%**",2025-05-20
t3_1kstird,"WCI Model: Top 8 Qualifying Projections for Charlotte – Cup, Xfinity, and Truck Series",https://www.reddit.com/r/nascar/comments/1kstird/,/u/ease1973,2025-05-22 15:25:39+00:00,"What’s up r/NASCARbetting —

Here are the 10 Good Bets model’s projected Top 8 qualifiers for this weekend’s triple-header at Charlotte Motor Speedway. These rankings reflect expected qualifying performance only — based on Q-trim speed, clean air projection, and solo lap efficiency — not betting value or race outcome.

Quick Disclaimer on Kyle Larson:

Larson is currently scheduled to compete in the Indy 500, which may cause him to miss Cup qualifying. While we await final confirmation, the 10 Good Bets model is operating under the assumption that Larson will start at the rear of the field.
He is excluded from these qualifying projections unless new information indicates he’ll participate in time trials. His race-day rating remains strong and will be addressed in later posts.

⸻

Cup Series – Coca-Cola 600 Projected Top 8 Qualifiers
	1.	Christopher Bell – Elite solo lap speed; consistent short-run strength.
	2.	William Byron – Top-tier 1.5-mile Q-trim performer.
	3.	Tyler Reddick – Quiet model riser with strong clean air metrics.
	4.	Denny Hamlin – Top 5 in Q-mode speed index across 2024–25.
	5.	Chase Elliott – Model pegs him for another sharp qualifying run.
	6.	Alex Bowman – Charlotte-specific qualifying edge.
	7.	Martin Truex Jr. – Solid short-run historical baseline.
	8.	Joey Logano – Low volatility, high short-run floor in Penske trim.

⸻

Xfinity Series – BetMGM 300 Projected Top 8 Qualifiers
	1.	Cole Custer – Strongest solo lap rating in the series.
	2.	Justin Allgaier – Veteran Q execution + strong JRM data.
	3.	Sammy Smith – Toyota bullet if he nails lap one.
	4.	Chandler Smith – Trending upward in model Q-line rating.
	5.	Austin Hill – Intermediate track Q form better than advertised.
	6.	Sam Mayer – Solid Charlotte-specific projection.
	7.	Parker Kligerman – Underrated in Q-mode simulations.
	8.	Jesse Love – Rookie gains showing in Q-trim model slice.

⸻

Truck Series – Window World 250 Projected Top 8 Qualifiers
	1.	Kyle Busch – Clear Q favorite; step-down strength, elite solo laps.
	2.	Nick Sanchez – Series-best full-season qualifying baseline.
	3.	Corey Heim – Toyota setup strength and clean air profile.
	4.	Ben Rhodes – Veteran Charlotte Q history supports this rank.
	5.	Zane Smith – Model favors Chevy Q-mode performance here.
	6.	Christian Eckes – Projected top-5 lap if execution holds.
	7.	Ty Majeski – Clean solo laps, Ford’s best Q rep in field.
	8.	Tyler Ankrum – Quiet model surge in short-run rating.

⸻

Race-week note: These are not bets. We’ll post betting cards after practice and qualifying, including Top 10s, matchup angles, and sharp movement updates.

Follow along if you want to see how disciplined data beats public picks.

Let’s beat the book.
— 10 Good Bets
",2025-05-22
t3_1kstuy2,"WCI Model: Top 8 Qualifying Projections for Charlotte – Cup, Xfinity, and Truck Series",https://www.reddit.com/r/nascar/comments/1kstuy2/,/u/ease1973,2025-05-22 15:39:31+00:00,"Hey r/NASCARbetting —

Here’s our official 10 Good Bets model projection for the Top 8 qualifiers at Charlotte across all three national series. These rankings are based on solo lap speed, Q-trim setups, and clean air efficiency — not race performance or betting value.

⸻

Note on Kyle Larson:

Larson is scheduled to compete in the Indy 500, which may prevent him from qualifying for the Coca-Cola 600.
For now, our model assumes Larson starts at the rear of the field. He is excluded from this qualifying projection but remains in our race-day evaluations. Status will be updated as new info emerges.

⸻

Cup Series – Coca-Cola 600 (Top 8 Projected Qualifiers)
	1.	Christopher Bell (Toyota – Joe Gibbs Racing No. 20)
	2.	William Byron (Chevy – Hendrick Motorsports No. 24)
	3.	Tyler Reddick (Toyota – 23XI Racing No. 45)
	4.	Denny Hamlin (Toyota – Joe Gibbs Racing No. 11)
	5.	Chase Elliott (Chevy – Hendrick Motorsports No. 9)
	6.	Alex Bowman (Chevy – Hendrick Motorsports No. 48)
	7.	Joey Logano (Ford – Team Penske No. 22)
	8.	Ryan Blaney (Ford – Team Penske No. 12)

⸻

Xfinity Series – BetMGM 300 (Top 8 Projected Qualifiers)
	1.	Justin Allgaier (Chevy – JR Motorsports No. 7)
	2.	Sammy Smith (Chevy – JR Motorsports No. 8)
	3.	Chandler Smith (Toyota – Joe Gibbs Racing No. 81)
	4.	Austin Hill (Chevy – Richard Childress Racing No. 21)
	5.	Sam Mayer (Chevy – JR Motorsports No. 1)
	6.	Parker Kligerman (Chevy – Big Machine Racing No. 48)
	7.	Jesse Love (Chevy – Richard Childress Racing No. 2)
	8.	Sheldon Creed (Toyota – Joe Gibbs Racing No. 20)

⸻

Truck Series – Window World 250 (Top 8 Projected Qualifiers)
	1.	Kyle Busch (Chevy – Spire Motorsports No. 7)
	2.	Nick Sanchez (Chevy – Rev Racing No. 2)
	3.	Corey Heim (Toyota – TRICON Garage No. 11)
	4.	Ben Rhodes (Ford – ThorSport Racing No. 99)
	5.	Zane Smith (Chevy – JR Motorsports/One-off No. 91)
	6.	Christian Eckes (Chevy – McAnally-Hilgemann No. 19)
	7.	Ty Majeski (Ford – ThorSport Racing No. 98)
	8.	Tyler Ankrum (Chevy – McAnally-Hilgemann No. 18)

⸻

We’ll be back after practice and qualifying with full Top 10 betting cards, matchup angles, and trap detection reports.

No bet gets posted unless the model says yes.

Let’s beat the book.
— 10 Good Bets
",2025-05-22
t3_1kt0oqu,Supercars driver Jack Perkins to run Xfinity Portland with Joe Gibbs Racing,https://www.reddit.com/r/nascar/comments/1kt0oqu/,/u/kritz0ne,2025-05-22 20:13:53+00:00,,2025-05-22
t3_1kt0ufg,Charlotte Qualifying – Who’s Fastest?,https://www.reddit.com/r/nascar/comments/1kt0ufg/,/u/ease1973,2025-05-22 20:20:09+00:00,"What’s up y’all!

We’ve been dialing in the numbers all week and here’s who we expect to come out swinging in qualifying at Charlotte. 

This isn’t about who’s gonna win the race it’s just about raw speed, short-run setups, and who’s most likely to snag clean air early.

No hype. No “feel-good” picks. 

Just what our model likes.

⸻

* Heads up on Kyle Larson:

He’s trying to pull off the Indy 500 + Coca-Cola 600 Double, which means he probably won’t be around for qualifying. We’re working under the assumption that he starts at the rear, so he’s not listed in the Cup top 8 — but trust us, he’s still a race-day problem.

⸻

Cup Series – Projected Top 8 in Qualifying
	1.	Christopher Bell – Best Q-trim in the game right now.
	2.	William Byron – Charlotte suits him perfectly.
	3.	Tyler Reddick – Sharp in clean air, trending up.
	4.	Denny Hamlin – Still nails solo runs.
	5.	Chase Elliott – Sneaky good Q record here.
	6.	Alex Bowman – Underrated one-lap pace.
	7.	Joey Logano – Short-run master when it clicks.
	8.	Ryan Blaney – Consistent and safe top 10 speed.

Honorable mentions: Josh Berry, Chase Briscoe, Ross Chastain

⸻

Xfinity Series – Projected Top 8 in Qualifying
	1.	Justin Allgaier – Trust the vet. Always shows up at Charlotte.
	2.	Sammy Smith – Solid every time he hits the track lately.
	3.	Chandler Smith – Toyota power, trending fast.
	4.	Austin Hill – Better here than people realize.
	5.	Sam Mayer – JRM speed, just needs to finish the lap.
	6.	Parker Kligerman – Model loves his upside.
	7.	Jesse Love – Rookie gains showing up early.
	8.	Sheldon Creed – Don’t sleep on him with JGR equipment.

⸻

Truck Series – Projected Top 8 in Qualifying
	1.	Kyle Busch – No surprise. Cup guy dropping down? Bet he flies.
	2.	Nick Sanchez – Best average Q speed in the series.
	3.	Corey Heim – If it’s Toyota in Q-mode, he’s up there.
	4.	Ben Rhodes – Usually nails this track.
	5.	Zane Smith – Back with Spire, still quick.
	6.	Christian Eckes – Model has him right in the mix.
	7.	Ty Majeski – High-ceiling Ford bullet when it hits.
	8.	Tyler Ankrum – Trending better in clean air than people think.

⸻

This list will change once they hit the track but it’s our best shot at who gets up front early.

Full betting cards and matchup plays drop after P&Q. 

We only bet when the data says yes. No guesswork.

Let’s go get it.

E

⸻

Let me know if you want this version spun into a graphic or formatted for a Twitter/X thread with tags. It’s clean, casual, and undetectable as AI content.",2025-05-22
t3_1kta113,Another Dale Jr drop today…IHOP and Dale Earnhardt Jr. commercial/promotion aired during the new Earnhardt documentary.,https://www.reddit.com/r/nascar/comments/1kta113/,/u/eazy-e_09,2025-05-23 03:41:25+00:00,"Not something I had on my bingo card lol. Caught this commercial during the Earnhardt documentary. Reminds me of some of the old nascar commercials or the more recent Denny Hamlin/Dominos commercial. 

I was unable to find a video of the actual commercial but it did play while I watched the first episode, I was so caught off guard and excited when it came on lol. Well done to everyone involved! ",2025-05-23
t3_1ktnvd4,From Joe Gibbs Racing’s Instagram Page: New Partner Announcement on 5/27 at 11 AM,https://www.reddit.com/r/nascar/comments/1ktnvd4/,/u/Dmacthegoat,2025-05-23 16:27:41+00:00,,2025-05-23
t3_1kueko8,"Bob Pockrass: “With Kyle Busch and William Byron off the board, the other driver whose contract is up this year that hasn't been announced for 2026 would be Denny Hamlin, who I would expect to remain at JGR… Daniel Suarez is among the others still with undetermined 2026 plans.”",https://www.reddit.com/r/nascar/comments/1kueko8/,/u/Dmacthegoat,2025-05-24 15:42:40+00:00,,2025-05-24
t3_1kum5br,Chase Elliott on a Progressive Insurance Commerical?,https://www.reddit.com/r/nascar/comments/1kum5br/,/u/RealKidd213,2025-05-24 21:20:01+00:00,,2025-05-24
t3_1kwydue,Who are Your Early Picks for the Nashville Ally 400 night race? Pre-Practice and Qualifying,https://www.reddit.com/r/nascar/comments/1kwydue/,/u/realflags,2025-05-27 20:47:47+00:00,"My Predicted top 10

1: Denny Hamlin

\-Almost won last year and was in contention last race until the fuel ended his night. He has shown speed at all the concrete tracks this year and comparable 1.5 tracks, except for Texas. He'll qualify decently, though he might be locked out of the pole from guys like Byron, Ross, Bell and more ahead of him. 

2: Ross Chastain

\-Coming off of a fresh win and going to his best track, Ross always finds a way to be up front at Nashville. I expect him to qualify well, unless his speed at charlotte was soley due to SVG's tire test. Regardless Ross should have a solid day and inorder to win will have to unseat whoever the dominate car is this week.  

3: Kyle Larson

\- This dude could literally wreck out in the first few laps like at Darlington or Charlotte, lock in and dominate like he did at Kansas, or stay clean until the end like at Homestead. He'll likely be starting mid pack due to how to the pre qualifying metric likely ranks him 26th or so, meaning he'll be one of the first cars to qualify and won't have his teammates data to look at since he''ll be going before them. I expect him to find a way to the top 5 late, his worst finish here is only 8th. 

4: Christopher Bell

\-Should have won this race a year ago if not wrecked out, I faded him a little bit due to underwhelming Coke 600, Texas, Homestead and Las Vegas races for comparson to how he did lastyear at those same tracks. If Hamlin runs top 2 all race, I expect Bell to follow him closely. 

5: Chase Briscoe

\-Seems to be performing like Martin Truex Jr did in this car lats year, not spectacular, but finds a way to bring it home top 10. There's something about concrete tracks that this team excels at. 

6: AJ Allmendinger 

\- Seems really good at long runs at intermediates, coming off of a top 5 finish at the Coke 600. hopefully the momentum continues, he's reaaly good here in the Xfinity series too. He's my dark horse pick if chaos or something unusual unfolds.

7: Chase Elliott

**-**Probably starts mid teens, won't earn many stage points, but will bring it home 5th - 10th staying out of trouble if this is a normal race. 

8: William Byron

\- Mr consistent, since the playoffs last year, will have a good starting spot due to going out last in qualifying order. Nashville is an intermediate and concrete like Darlington, I just don't trust him fully. He can either start on pole and dominate or run 5th to 15th all day like prior races. 

9: Carson Hoecver

 \-A lot of speed overall, just so few good finishes to show for it. I trust him, just not the car.

  
10: Ryan Blaney

\- The ""King"" of Dirty air, Nashville will be dirty air heavy. Blaney had tons of pace at compable tracks like Texas, Darlington, Homestead and Bristol. With Texas probably being the closest for comparison.  

11. Honorable Mention, Tyler Reddick

\- I would love to rank him higher, I just don't trust his overall speed this year at tracks he's known for being good at. Surprised he was a non-factor in the Coke 600.",2025-05-27
t3_1kxdjqg,NASCAR: Первые впечатления,https://www.reddit.com/r/nascar/comments/1kxdjqg/,/u/Tverik,2025-05-28 10:21:26+00:00,"Позавчера, я как обычно проснулся и начал искать, что можно посмотреть перед тем, как я начну подготовку к экзаменам. Недавно увлёкся Автоспортом, глянул довольно большое количество контента по данной теме. И тут я решил попробовать глянуть трансляцию NASCAR. До того момента, о гонках на овалах я знал только из пару роликов на ютуб и мультфильма Тачки, который я засматривал до дыр. Но это было совсем не то. Обзоры на Ютуб пытались показать особенности nascar и вызвать к ним интерес, но это не всегда получалось; а мультфильм созданный умелыми руками умеет показывать довольно скучные вещи интересно. Поэтому, вопреки всему сказанному выше, я всё ещё не до конца понимал, как такой вид гонок может быть интересным. Без негатива. Просто не понимал.
Ну так вот, я включил трансляцию NASCAR Coca-Cola 600. И походу понял.
Я начал смотреть с конца 3 этапа. И к собственному небольшому удивлению, не мог оторвать глаз.борьба Дэнни Хэмлина (номер 11) и Уильяма Байрона (номер 24) была очень зрелищной. Их обгоны друг-друга, маневрирование цепляло глаз. Хорошо смотрелись и другие пилоты, как Чейз Бриско (номер 19). И плавное сокращение отставания от лидеров Росса Честейна (номер 1)... Я в тот момент смотрю на таблицу мест, вижу как номер 1 ползёт по ней всё выше и про себя думаю: «О, машинка номер 1. Будет прикол, если номер 1 станет номер 1 буквально и выиграет гонку. Хотя, это вряд ли...». И что я вижу после этого? Честейн догоняет Байрона на последних кругах, обгоняет, удерживает позицию и выигрывает гонку! Когда я попутно этим событиям узнал от комментаторов, что Честейн стартовал в гонке с последней, 40 позиции и это тот самый человек , что выполнял несколько лет назад тот самый обгон по стене... У меня не было слов! Это шедеврально!
После просмотра гонки, я наконец понял несколько вещей, из-за которых NASCAR может быть интересен. Первое - активная конкурентная борьба. До просмотра я не мог представить, насколько сильно проявляется конкурентоспособность между участниками. Вся эта борьба создаёт достаточно динамики, чтобы гонку не хотелось выключить или перемотать (хотя в эфире ты и не перемотаешь вперёд, ну да ладно). Второе - постоянно меняющиеся условия на трассе. Как ни странно, овал достаточно непредсказуем и даёт немало пространства для манёвра. Поломки и аварии конечно, в любом случае, мягко говоря, неприятны, однако они также придают гонке живость. Ну и третье - nascar очень комфортно смотреть. Трасса буквально создана для того, чтобы зрителям было удобно наблюдать гонки как вдивую, так и онлайн (с грамотной съёмкой, которую, думаю, легче сделать, чем в Ле-Мане и Ралли).
Как-то так. До сих пор под впечатлением. Быть может, куплю позже себе какую-нибудь коллекционную машинку :D. Планирую и дальше смотреть nascar. Думаю, у меня для этого идеальный старт. Не каждый год кто-то может пробиться с последнего места на первое. Думаю, эта Coca-Cola 600 будет весьма значимым моментом в истории этих гонок. Рекомендую и вам, читателям, посмотреть гонку, если вы также как и я, ещё не знакомы с этим видом автоспорта. Я думаю, вы не пожалеете
А у тех, кто уже давно знаком с NASCAR, хочу спросить: какие были Ваши первые впечатления от первого просмотра?)

Всем Кчау!

For English speaking readers :) (translated via Google translate):
The day before yesterday, as usual, I woke up and started looking for something to watch before I started studying for exams. I recently got into motorsports and watched quite a lot of content on the topic. And then I decided to try watching a NASCAR broadcast. Until that moment, I only knew about oval racing from a couple of YouTube videos and the cartoon Cars, which I watched until I was tired of watching it. But it was not the same. YouTube reviews tried to show the features of NASCAR and arouse interest in them, but this did not always work; and a cartoon created by skilled hands can show rather boring things in an interesting way. Therefore, despite everything said above, I still did not fully understand how this type of racing could be interesting. Without negativity. I just did not understand. 
Well, so, I turned on the broadcast of the NASCAR Coca-Cola 600. And I think I understood. 
I started watching from the end of the 3rd stage.  And to my own slight surprise, I couldn't take my eyes off it. The battle between Denny Hamlin (number 11) and William Byron (number 24) was very spectacular. Their overtaking each other, maneuvering caught the eye. Other drivers, like Chase Briscoe (number 19), also looked good. And the smooth reduction of the gap from the leaders Ross Chastain (number 1)... At that moment I look at the table of places, I see how number 1 is crawling higher and higher along it and I think to myself: ""Oh, car number 1. It will be funny if number 1 literally becomes number 1 and wins the race. Although, it is unlikely..."". And what do I see after that? Chastain catches Byron in the last laps, overtakes, holds the position and wins the race!  When I learned from the commentators that Chastain started the race from the last, 40th position and that he was the same person who made that overtake on the wall a few years ago... I was speechless! It's a masterpiece!
After watching the race, I finally understood several things that make NASCAR interesting. The first is the active competitive struggle. Before watching, I could not imagine how much competitiveness there is between the participants. All this struggle creates enough dynamics that you do not want to turn off the race or rewind (although you can't rewind on the air, but oh well). The second is the constantly changing conditions on the track. Oddly enough, the oval is quite unpredictable and gives a lot of room to maneuver. Breakdowns and accidents are certainly unpleasant in any case, to put it mildly, but they also add liveliness to the race. And thirdly, NASCAR is very comfortable to watch.  The track is literally created for the convenience of spectators to watch the races both in person and online (with proper filming, which I think is easier to do than in Le Mans and Rally).
Something like that. Still under the impression. Maybe I'll buy myself some collectible car later :D. I plan to continue watching NASCAR. I think I have the perfect start for it. It's not every year that someone can get from last place to first. I think this Coca-Cola 600 will be a very significant moment in the history of these races. I recommend you, the readers, to watch the race if you, like me, are not yet familiar with this type of motorsport. I think you will not regret it
And for those who have been familiar with NASCAR for a long time, I want to ask: what were your first impressions from watching it for the first time?)

Ka-chow to everyone!
",2025-05-28
t3_1kxsuwc,"2025 LASTCAR Cup, Xfinity, and Truck Playoff Standings (After Charlotte Oval)",https://www.reddit.com/r/nascar/comments/1kxsuwc/,/u/TIFUthebestSubreddit,2025-05-28 21:17:35+00:00,"Cup Series Playoff standings (Race 13/26)

1) AJ Allmendinger 2 Losses 297 (14 PP)

2) Cody Ware 1 Loss 515 (5 PP)

3) Riley Herbst 1 Loss 362 (6 PP)

4) Brad Keselowski 1 Loss 355 (5 PP)

5) Carson Hocevar 1 Loss 321 (5 PP)

6) Erik Jones 1 Loss 309 (8 PP)

7) Joey Logano 1 Loss 230 (7 PP)

8) Denny Hamlin 1 Loss 208 (7 PP)

9) Shane van Gisbergen 389 (1 PP)

10) Cole Custer 350

11) Ty Dillon 320 (1 PP)

12) Daniel Suarez 296

13) Zane Smith 294

14) Josh Berry 292

15) Justin Haley 276

16) Ty Gibbs 271

_____________________________________________

17) Noah Gragson 265

18) John Hunter Nemechek 249

19) Bubba Wallace 244

20) Michael McDowell 238 (1 PP)

21) Ryan Preece 236

22) Todd Gilliland 235

23) Ryan Blaney 231

24) Kyle Busch 230 (1 PP)

25) Alex Bowman 228

26) Austin Cindric 226

27) Austin Dillon 222

28) Chris Buescher 215

29) Ricky Stenhouse Jr 215

30) Chase Briscoe 201 (1 PP)

_____________________________________________

Other Losers outside top 30 that most likely won't make multiple starts in the playoffs 

31) JJ Yeley 1 Loss 193 (7 PP)

38) Josh Bilicki 1 Loss 114 (6 PP)

41) Jimmie Johnson 1 Loss 80 (7 PP)

43) Connor Zilisch 1 Loss 68 (5 PP)

**___________________________**

Xfinity Playoff standings (Race 13/26)

1) Christian Eckes 2 Losses 270 (13 PP)

2) Kris Wright 1 Loss 400 (7 PP)

3) William Sawalich 1 Loss 314 (7 PP)

4) Anthony Alfredo 1 Loss 292 (6 PP)

5) Parker Retzlaff 1 Loss 271 (7 PP)

6) Mason Maggio 1 Loss 247 (7 PP)

7) Dean Thompson 1 Loss 232 (8 PP)

8) Taylor Gray 1 Loss 211 (5 PP)

9) Sammy Smith 1 Loss 203 (7 PP)

10) Daniel Dye 1 Loss 198 (7 PP)

11) Kyle Sieg 364

12) Greg Van Alst 351

_____________________________________________

13) Garrett Smithley 343

14) Ryan Ellis 321

15) Matt DiBenedetto 292

16) Blaine Perkins 286

17) Brennan Poole 249

18) Josh Williams 240

19) Jeremy Clements 237

20) Sheldon Creed 230

21) Nick Sanchez 218

22) Josh Bilicki 214 (1 PP)

23) Leland Honeyman 206

24) Joey Gase 200

25) Brandon Jones 187

26) Nick Leitz 180

27) Katherine Legge 177

28) Ryan Sieg 177

29) Carson Kvapil 176

30) Jeb Burton 175

_____________________________________________

Other Losers that most likely won't make multiple starts in the playoffs 

38) Justin Bonsignore 1 Loss 121 (7 PP)

49) Carson Hocevar 1 Loss 60 (7 PP)

**___________________________**

Truck series Playoff Standings (race 11/18)

1) Kaden Honeycutt 1 Loss 222 (7 PP)

2) Layne Riggs 1 Loss 198 (7 PP)

3) Chandler Smith 1 Loss 144 (5 PP)

4) Frankie Muniz 399

5) Toni Briedinger 395 (2 PP)

6) Spencer Boyd 358

7) Nathan Byrd 322

8) Connor Mosack 281

9) Dawson Sutton 266

10) Jack Wood 254

_____________________________________________

11) Andres Perez de Lara 251

12) Norm Benning 2 Losses 249 (8 PP)

13) Matt Mills 247

14) Matt Crafton 244

15) Stephen Mallozzi 3 Losses 235 (21 PP)

16) Ben Rhodes 225

17) Tanner Gray 223

18) Justin Carroll 218 (1 PP)

19) Ty Majeski 206

20) Gio Ruggerio 203

21) Stewart Friesen 199

22) Cody Dennison 197

23) Rajah Caruth 184

24) Luke Fenhaus 182

25) Bayley Currey 148

26) Brandon Jones 148

27) Jake Garcia 144

28) Grant Enfinger 141

29) Corey Day 129

30) Josh Reaume 128

_____________________________________________

Other Losers that most likely won't make multiple starts in the playoffs 

32) Parker Kligerman 1 Loss 117 (7 PP)

34) Keith McGee 1 Loss 104 (6 PP)

35) Ryan Roulette 1 Loss 103 (5 PP)",2025-05-28
t3_1l014qe,[Dustin Long]: “Ryan Truex will be here at Nashville with Denny Hamlin on baby watch. … the 11 team was scheduled to do the Iowa tire test next week but teammate Chase Briscoe will do it now.”,https://www.reddit.com/r/nascar/comments/1l014qe/,/u/Dmacthegoat,2025-05-31 16:26:00+00:00,,2025-05-31
t3_1l0n4rk,Favorite NASCAR Schemes from 2019-2025? No Throwbacks,https://www.reddit.com/r/nascar/comments/1l0n4rk/,/u/NefariousnessLimp429,2025-06-01 11:54:04+00:00,"What are some of the best NASCAR paint schemes from 2019 to 2025 ? 

I’m a Denny Hamlin fan, and in my opinion, JGR has been putting out some really clean schemes the last few years.

What stood out to you? Drop your favorites. ",2025-06-01
t3_1l0wh3j,Ryan Truex on standby for Denny Hamlin at Nashville - Jayski's NASCAR Silly Season Site,https://www.reddit.com/r/nascar/comments/1l0wh3j/,/u/Secure-Employee-1469,2025-06-01 18:43:41+00:00,,2025-06-01
t3_1l16go5,Stopwatch on the leaderboard.?,https://www.reddit.com/r/nascar/comments/1l16go5/,/u/HorrorOne5790,2025-06-02 02:11:59+00:00,Why is there a stopwatch next to Denny Hamlin‘s name on the leaderboard? It’s been like this two weeks in a row.,2025-06-02
t3_1l1f2kq,"The Day After the Races - June 2, 2025",https://www.reddit.com/r/nascar/comments/1l1f2kq/,/u/NASCARThreadBot,2025-06-02 11:00:07+00:00,"Welcome to this week's Day After the Races thread! The dust has settled, the track has cooled, and the confetti's been swept.  With this weekend's activities over, what are your thoughts?  Here's a summary of the previous week's race(s):

---

[NCS](#theNCS)[](#trackNashville) ***Cracker Barrel 400 at Nashville Superspeedway***

**Elapsed Time**: 3:05:29 for 300 laps (399&nbsp;mi / 642.13&nbsp;km)

**Cautions**: 7 cautions for 35 laps

**Leaders**: 18 lead changes among 9 leaders (Ryan Blaney led most with 139)

**Stage 1**: Denny Hamlin at 90 Laps

**Stage 2**: Ryan Blaney at 185 Laps

**Race Winner**: Ryan Blaney at 300 Laps

[Current Standings at NASCAR.com](http://www.nascar.com/standings/nascar-cup-series)

**Race Threads**: [[Pre](/r/NASCAR/comments/1l0wvll/prerace_discussion_thread_ncs_cracker_barrel_400/)]:[[Race](/r/NASCAR/comments/1l116u9/race_thread_ncs_cracker_barrel_400_at_nashville/)]:[[Post](/r/NASCAR/comments/1l16th5/postrace_discussion_thread_ncs_cracker_barrel_400/)]

---

[NXS](#theNXS)[](#trackNashville) ***Tennessee Lottery 250 at Nashville Superspeedway***

**Elapsed Time**: 2:15:09 for 188 laps (250.04&nbsp;mi / 402.4&nbsp;km)

**Cautions**: 6 cautions for 39 laps

**Leaders**: 8 lead changes among 7 leaders (Justin Allgaier led most with 101)

**Stage 1**: Justin Allgaier at 45 Laps

**Stage 2**: Justin Allgaier at 90 Laps

**Race Winner**: Justin Allgaier at 188 Laps

[Current Standings at NASCAR.com](http://www.nascar.com/standings/xfinity-series)

**Race Threads**: [[Race](/r/NASCAR/comments/1l09fta/race_thread_nxs_tennessee_lottery_250_at/)]:[[Post](/r/NASCAR/comments/1l0dl9i/postrace_discussion_thread_nxs_tennessee_lottery/)]

---

[NCTS](#theNCTS)[](#trackNashville) ***Rackley Roofing 200 at Nashville Superspeedway***

**Elapsed Time**: 1:42:40 for 150 laps (199.5&nbsp;mi / 321.06&nbsp;km)

**Cautions**: 4 cautions for 27 laps

**Leaders**: 7 lead changes among 4 leaders (Rajah Caruth led most with 61)

**Stage 1**: Layne Riggs at 45 Laps

**Stage 2**: Corey Heim at 95 Laps

**Race Winner**: Rajah Caruth at 150 Laps

[Current Standings at NASCAR.com](http://www.nascar.com/standings/nascar-craftsman-truck-series)

**Race Threads**: [[Race](/r/NASCAR/comments/1kzi4q2/race_thread_ncts_rackley_roofing_200_at_nashville/)]:[[Post](/r/NASCAR/comments/1kzlw0z/postrace_discussion_thread_ncts_rackley_roofing/)]",2025-06-02
t3_1l1pl33,We’re halfway through the regular season! Thoughts on all the Full Time Rookies in the top 3 NASCAR series.,https://www.reddit.com/r/nascar/comments/1l1pl33/,/u/FlaglerAmerica2001,2025-06-02 18:26:03+00:00,"Cup Series 

35 Riley Herbst: 23XI Racing

88 Shane Van Gisbergen: Trackhouse Racing

Xfinity Series:

1 Carson Kvapil: JR Motorsports

10 Daniel Dye: Kaulig Racing 

16 Christen Eckes: Kaulig Racing 

18 William Sawalich: Joe Gibbs Racing

26 Dean Thompson: Sam Hunt Racing

48 Nick Sanchez: Big Machine Racing 

54 Taylor Gray: Joe Gibbs Racing

88 Conner Zillsch: JR Motorsports 

Craftsman Truck Series:

5 Toni Breidinger: TRICON Garage 

17 Gio Ruggiero: TRICON Garage 

33 Frankie Muniz: Reaume Brothers Racing 

77 Andres Perez de Lara: Spire Motorsports 

81 Connor Mosack: McAnally Hilgemann Racing 
",2025-06-02
t3_1l217sp,Denny Hamlin and a wonderful freudian slip of the tongue on his podcast,https://www.reddit.com/r/nascar/comments/1l217sp/,/u/vpat48,2025-06-03 02:54:14+00:00,,2025-06-03
t3_1l2h3nn,Carson Hocevar/Ricky Stenhouse incident explanation?,https://www.reddit.com/r/nascar/comments/1l2h3nn/,/u/jwojnar49,2025-06-03 16:56:15+00:00,"Hey yall, been a long time fan of racing and wanted to see if any hobby racers, ex racers, current racers, up and coming racers, etc, could give me insight on this Hocevar Stenhouse incident. From the video it looks like Stenhouse chopped him, but everyone in the series is blaming Carson. I understand he’s had some issues and such (which could probably play into the “well he’s in it so he’s the problem” attitude) but i really don’t see how that one is his fault. Even other drivers like Denny Hamlin (which tbh I feel like Denny hates everyone and everything) and even Carson’s own team owner have said he was in the wrong but from the bumper cam I’m seeing it looks like Ricky just assumed he was clear and came down. I’m admittedly more of an IndyCar guy so something like this in that series Ricky probably would have gotten an avoidable contact penalty for coming back across but for the series that claims to be the rough and tumble beating and banging I’m just stumped. Again, more of an IndyCar so please find my ignorance to what he should have done charming instead of antagonistic lol. ",2025-06-03
t3_1l3e89y,NASCAR somewhat Newbie,https://www.reddit.com/r/nascar/comments/1l3e89y/,/u/Morgatron1987,2025-06-04 19:11:37+00:00,"Hello all, so I just recently got back into NASCAR. I say got back into it but I actually feel way more into it now than I ever was. I would even venture to say I was borderline casual before. It started when I was a kid watching the Winston Cup series with my grandpa. He was a huge Gordon fan and then Harvick who is from my town came along and he was cheering for him too. So I kinda by default followed them. 

Then, as I got older my interest faded and I got more into Football and other sports and just kind of lost my interest, especially after he passed away. Then, a few years ago I just tuned in and I remember enjoying it but maybe it just wasn’t time yet or something I don’t know how to explain it. 

So fast forward to a few weekends ago and I’m not quite sure what brought it up but I thought to myself hey, my teams are all eliminated or didn’t make the hockey and basketball playoffs. Football season is still a ways away, I wonder if it’s easy to watch NASCAR nowadays. Sure enough, found the  Coke 600 was about to be on Prime literally the next day and it was always my grandpas favorite track next to Darlington…so I decided to watch it and man am I glad I did!! What a race! What a finish!! Definitely reignited that interest and turned up to a whole new level!! 

Now I just need to find a driver I like lol. Since my grandpas favorite was Gordon, seeing the 24 Car with Byron is definitely nostalgic for me. But idk a few years ago for some reason I really started liking Denny Hamlin. So I have no idea lol. Anyways thanks for letting me get my long rant out hahahaha. ",2025-06-04
t3_1l3h3y3,"2025 LASTCAR Cup, Xfinity, and Truck Playoff Standings (after Nashville)",https://www.reddit.com/r/nascar/comments/1l3h3y3/,/u/TIFUthebestSubreddit,2025-06-04 21:06:35+00:00,"Cup Series Playoff standings (Race 14/26)

1) AJ Allmendinger 2 Losses 321 (14 PP)

2) Cody Ware 1 Loss 557 (5 PP)

3) Riley Herbst 1 Loss 385 (6 PP)

4) Brad Keselowski 1 Loss 378 (5 PP)

5) Carson Hocevar 1 Loss 322 (5 PP)

6) Erik Jones 1 Loss 313 (8 PP)

7) Ricky Stenhouse Jr 1 Loss 265 (6 PP)

8) Joey Logano 1 Loss 231 (7 PP)

9) Denny Hamlin 1 Loss 209 (7 PP)

10) Shane van Gisbergen 411 (1 PP)

11) Cole Custer 367

12) Ty Dillon 347 (1 PP)

13) Josh Berry 319

14) Daniel Suarez 312

15) Justin Haley 310

16) Noah Gragson 309

_____________________________________________

17) Zane Smith 304

18) Ty Gibbs 299

19) John Hunter Nemechek 279

20) Alex Bowman 270

21) Ryan Preece 261

22) Todd Gilliland 257

23) Michael McDowell 256 (1 PP)

24) Austin Dillon 248

25) Bubba Wallace 247

26) Austin Cindric 241

27) Kyle Busch 239 (1 PP)

28) JJ Yeley 1 Loss 238 (7 PP)

29) Ryan Blaney 232

30) Chris Buescher 226

_____________________________________________

Other Losers outside top 30 that most likely won't make multiple starts in the playoffs 

38) Josh Bilicki 1 Loss 114 (6 PP)

42) Jimmie Johnson 1 Loss 80 (7 PP)

44) Connor Zilisch 1 Loss 68 (5 PP)

**___________________________**

Xfinity Playoff standings (Race 14/26)

1) Christian Eckes 2 Losses 303 (13 PP)

2) Daniel Dye 2 Losses 258 (14 PP)

3) Kris Wright 1 Loss 439 (7 PP)

4) William Sawalich 1 Loss 346 (7 PP)

5) Parker Retzlaff 1 Loss 324 (7 PP)

6) Anthony Alfredo 1 Loss 322 (6 PP)

7) Mason Maggio 1 Loss 280 (7 PP)

8) Dean Thompson 1 Loss 263 (8 PP)

9) Taylor Gray 1 Loss 234 (5 PP)

10) Sammy Smith 1 Loss 211 (7 PP)

11) Kyle Sieg 389

12) Ryan Ellis 355

_____________________________________________

13) Greg Van Alst 351

14) Garrett Smithley 343

15) Blaine Perkins 324

16) Matt DiBenedetto 322

17) Brennan Poole 263

18) Josh Williams 255

19) Jeremy Clements 254

20) Sheldon Creed 232

21) Nick Sanchez 230

22) Josh Bilicki 214 (1 PP)

23) Nick Leitz 212

24) Leland Honeyman 206

25) Joey Gase 200

26) Brandon Jones 198

27) Mason Massey 197

28) Ryan Sieg 196

29) Jeb Burton 188

30) Carson Kvapil 183

_____________________________________________

Other Losers that most likely won't make multiple starts in the playoffs 

38) Justin Bonsignore 1 Loss 121 (7 PP)

50) Carson Hocevar 1 Loss 60 (7 PP)

**___________________________**

Truck series Playoff Standings (race 12/18)

**1) Frankie Muniz 1 Loss 460 (7 PP)**

**2) Kaden Honeycutt 1 Loss 232 (7 PP)

**3) Layne Riggs 1 Loss 205 (7 PP)**

**4) Chandler Smith 1 Loss 155 (5 PP)**

5) Toni Briedinger 444 (2 PP)

6) Spencer Boyd 397

7) Nathan Byrd 367

8) Connor Mosack 308

9) Dawson Sutton 281

10) Jack Wood 280

_____________________________________________

11) Matt Crafton 278

12) Matt Mills 275

13) Andres Perez de Lara 274

14) Norm Benning 2 Losses 249 (8 PP)

15) Tanner Gray 243

16) Ben Rhodes 243

17) Stephen Mallozzi 3 Losses 235 (21 PP)

18) Stewart Friesen 224

19) Gio Ruggerio 220

20) Ty Majeski 218

21) Justin Carroll 218 (1 PP)

22) Luke Fenhaus 204

23) Cody Dennison 197

24) Rajah Caruth 189

25) Bayley Currey 161

26) Jake Garcia 160

27) Grant Enfinger 155

28) Brandon Jones 148

29) Tyler Ankrum 141

30) Corey Day 129

_____________________________________________

Other Losers that most likely won't make multiple starts in the playoffs 

34) Parker Kligerman 1 Loss 117 (7 PP)

37) Keith McGee 1 Loss 104 (6 PP)

38) Ryan Roulette 1 Loss 103 (5 PP)",2025-06-04
t3_1l45s4g,Denny Hamlin Popularity,https://www.reddit.com/r/nascar/comments/1l45s4g/,/u/quirkyFogart,2025-06-05 17:52:36+00:00,"The last time Denny Hamlin got into it with a Hendrick driver was Pocono 2023 and Kyle Larson. 

Things have cooled off since then, do you think that Denny Hamlin’s popularity is gaining this year? 

I think being a team owner as well as having his own podcast has greatly improved Denny’s popularity overall, but what would a championship bring? ",2025-06-05
t3_1l5v2r1,Denny Hamlin still on baby watch - Jayski's NASCAR Silly Season Site,https://www.reddit.com/r/nascar/comments/1l5v2r1/,/u/ZilischsPoopyPants,2025-06-07 21:00:13+00:00,,2025-06-07
t3_1l6nfiy,Denny hamlin wins at michigan,https://www.reddit.com/r/nascar/comments/1l6nfiy/,/u/Ill_Celery_7299,2025-06-08 21:29:05+00:00,On June 8th 2025 denny hamlin wins at Michigan and getting his 3rd win of the 2025 season ,2025-06-08
t3_1l6nloc,When did Denny Hamlin become a villain?,https://www.reddit.com/r/nascar/comments/1l6nloc/,/u/barbados_blonde1,2025-06-08 21:36:38+00:00,"My husband and I stopped watching NASCAR around 2010 - up until then we were pretty big fans, went to races, named 2 of our cats Elliott and Kasey (maybe we're the only ones who remember that Sadler and Kahne were teammates?)  Not sure why we fell away.

We caught the Michigan race today.  When did Hamlin become a villain character?!  The last we saw of him he was a pudgy kid shilling for FedEx and now he's taunting the crowd and making the Buckeye gesture at a Michigan crowd.

What happened?!",2025-06-08
t3_1l6ri7e,"I’m new, but it seems like Kyle Larson operates on double standards.",https://www.reddit.com/r/nascar/comments/1l6ri7e/,/u/SportyBronco,2025-06-09 00:39:19+00:00,"I’m new to this, but from my first season of observations it always seems like Denny Hamlin is regarded as a dirty/aggressive driver.

Today, though, him and Larson had their moment and they both escaped unharmed (Denny took the worst end) and Larson threw a hissy fit on the radio. 

But then like 30 laps later he puts the 10 in the wall and acts like it’s all fine.

How come he (and his fans) are allowed to do all of that but Denny or any other driver gets crucified for it?",2025-06-09
t3_1l6w35c,Denny Hamlin needs to grow a thick mustache,https://www.reddit.com/r/nascar/comments/1l6w35c/,/u/Kurt_Wylde35,2025-06-09 04:45:45+00:00,He would be the perfect modern Chick Hicks lol,2025-06-09
t3_1l6wabe,"With 11 races to go in the Regular Season, which driver do you think will be the regular season Champion after Daytona?",https://www.reddit.com/r/nascar/comments/1l6wabe/,/u/realflags,2025-06-09 04:58:17+00:00,"For context on the 2nd and 3rd slide, is the difference in points this year vs at this point last year after 15 races, with 11 to go in the regular season. 

**Note:** Byron and Larson have more points then the points leader did at this point last year after gateway. As well the spread is greater with more guys 100 points out, realistically making it a battle between Byron, Larson, Hamlin and maybe Bell if something drastic doesn't occur. Aka penalties, injuries, and bad streaks. 

Byron has more points then he did this time last year, Larson has slightly more points but is further back due to self inflicted mistakes and Hamlin further back too due to back to back weeks of bad luck at Texas and Kansas.

Reddick is almost twice the distance back then he was last year, almost out of the conversation, unless something drastic happens. 

Questions: 

**Byron:** Looking into the future it will be interest to see if he flades this summer like he has done the previous 3 summers, going dark from June to August. Especially since we go to more unique tracks

**Larson:** Once we get to the last half dozen races in the regular season, Larson has some really good opportunities to bank points at tracks like Dover and Iowa, and other historically good road courses coming up like Sonama and Watkins Glen, not to mention if he could just finish at Chicago and the superspeedways. He should probably be the points leader at this point in the season, tied most wins, leds most top 5's and 10's of everyone this season, just two too many disasterous races so far at Darlington and the Coke 600. At least when Byron has issues, he's able to bank many stage points ahead of time. Like today where is finished 26th or so but got like the 10th most point today. 

**Hamlin:** At this point if anyone could repeat Reddick's rise to the Regular Season Championship its Denny Hamlin at this point. With tracks like Pocono, the Brickyard, and Dover coming up, he could net many points on Byron and Larson thru consistency, whether its Byron flading off in the summer strench + bad luck and Larson's behavior of winning maybe one win race then wrecking out of three more races, not including the two superspeedways coming up, Hamlin could pull it off. One thing Byron doesn't have this season is th DNFs that Hamlin has had, if they were equal in luck, they might be tied in points at this point. 



",2025-06-09
t3_1l71tfq,"The Day After the Races - June 9, 2025",https://www.reddit.com/r/nascar/comments/1l71tfq/,/u/NASCARThreadBot,2025-06-09 11:00:05+00:00,"Welcome to this week's Day After the Races thread! The dust has settled, the track has cooled, and the confetti's been swept.  With this weekend's activities over, what are your thoughts?  Here's a summary of the previous week's race(s):

---

[NCS](#theNCS)[](#trackMichigan) ***Firekeepers Casino 400 at Michigan International Speedway***

**Elapsed Time**: 2:48:20 for 200 laps (400&nbsp;mi / 643.74&nbsp;km)

**Cautions**: 7 cautions for 33 laps

**Leaders**: 15 lead changes among 11 leaders (William Byron led most with 98)

**Stage 1**: Chris Buescher at 45 Laps

**Stage 2**: William Byron at 120 Laps

**Race Winner**: Denny Hamlin at 200 Laps

[Current Standings at NASCAR.com](http://www.nascar.com/standings/nascar-cup-series)

**Race Threads**: [[Pre](/r/NASCAR/comments/1l6ctwu/prerace_discussion_thread_ncs_firekeepers_casino/)]:[[Race](/r/NASCAR/comments/1l6h16b/race_thread_ncs_firekeepers_casino_400_at/)]:[[Post](/r/NASCAR/comments/1l6nc9n/postrace_discussion_thread_ncs_firekeepers_casino/)]

---

[NCTS](#theNCTS)[](#trackMichigan) ***DQS Solutions & Staffing 250 at Michigan International Speedway***

**Elapsed Time**: 2:27:53 for 139 laps (278&nbsp;mi / 447.4&nbsp;km)

**Cautions**: 9 cautions for 47 laps

**Leaders**: 20 lead changes among 11 leaders (Carson Hocevar led most with 56)

**Stage 1**: Corey Heim at 30 Laps

**Stage 2**: Corey Heim at 60 Laps

**Race Winner**: Stewart Friesen at 139 Laps

[Current Standings at NASCAR.com](http://www.nascar.com/standings/nascar-craftsman-truck-series)

**Race Threads**: [[Race](/r/NASCAR/comments/1l5mtdf/race_thread_ncts_dqs_solutions_staffing_250_at/)]:[[Post](/r/NASCAR/comments/1l5suwg/postrace_discussion_thread_ncts_dqs_solutions/)]",2025-06-09
t3_1l77hg6,For my F1 fans,https://www.reddit.com/r/nascar/comments/1l77hg6/,/u/Kurt_Wylde35,2025-06-09 15:17:39+00:00,"I feel like Denny Hamlin is the Lando Norris of NASCAR. They both talk a lot of smack, are easy to hate by the fan base and always fumble Championships. ",2025-06-09
t3_1l7d3bt,Nascar Cup Series stats since 2021 when Kyle Larson joined Hendrick Motosports.,https://www.reddit.com/r/nascar/comments/1l7d3bt/,/u/Fangio_The_Master,2025-06-09 18:54:31+00:00,"
Wins in Nascar Cup since 2021:

26 Kyle Larson

13 William Byron

13 Denny Hamlin

12 Christopher Bell

11 Joey Logano

10 Ryan Blaney

8 Chase Elliott

8 Tyler Reddick

7 Martin Truex Jr

6 Alex Bowman

6 Kyle Busch

6 Ross Chastain

5 Chris Buescher

3 Austin Cindric

2 AJ Allmendinger

2 Chase Briscoe

2 Kurt Busch

2 Austin Dillon

2 Brad Keselowski

2 Kevin Harvick

2 Ricky Stenhouse Jr

2 Michael McDowell

2 Daniel Suarez

2 Bubba Wallace

1 Aric Almirolla

1 Josh Berry

1 Harrison Burton

1 Erik Jones

1 Shane Van Gisbergen






Poles in Nascar Cup since 2021:

14 Christopher Bell

14 Kyle Larson

10 William Byron

10 Denny Hamlin

10 Tyler Reddick

9 Joey Logano

7 Michael McDowell

7 Chase Briscoe

6 Martin Truex Jr

5 Ryan Blaney

5 Alex Bowman

3 Bubba Wallace

3 Chase Elliott

2 Kyle Busch

2 Ross Chastain

2 Ty Gibbs

1 Chris Buescher

1 Austin Cindric

1 Cole Custer

1 Carson Hocevar

1 Brad Keselowski

1 Ryan Preece

1 Zane Smith

1 Daniel Suarez

1 Shane Van Gisbergen





Races Led Most Laps in Nascar Cup since 2021:

30 Kyle Larson

15 Denny Hamlin

15 William Byron

11 Joey Logano

11 Christopher Bell

10 Tyler Reddick

9 Ross Chastain

8 Chase Elliott

8 Martin Truex Jr

8 Ryan Blaney

7 Kyle Busch

5 Brad Keselowski

3 Kevin Harvick

3 Michael McDowell

2 Kurt Busch

2 Chris Buescher

2 Ty Gibbs

2 Austin Cindric

1 Daniel Suarez

1 Alex Bowman

1 Bubba Wallace

1 AJ Allmendiger

1 Aric Almirola

1 Ryan Preece

1 Chase Briscoe

1 Todd Gilliland





Stage Wins in Nascar Cup since 2021:

52 Kyle Larson

33 Denny Hamlin

27 Ryan Blaney

26 William Byron

23 Martin Truex Jr

20 Christopher Bell

19 Joey Logano

17 Tyler Reddick

16 Chase Elliott

13 Kyle Busch

12 Ross Chastain

8 Austin Cindric

8 Chris Buescher

6 Bubba Wallace

5 Kurt Busch

4 Chase Briscoe

4 Brad Keselowski

3 Kurt Busch

3 Daniel Suarez

3 Alex Bowman

3 Michael McDowell

2 Ty Gibbs

2 Ryan Preece

2 Josh Berry

1 Matt DiBenedetto

1 Aric Almirola

1 Kevin Harvick

1 Ryan Preece

1 Josh Berry

1 Joey Hand

1 Shane Van Gisbergen

1 AJ Allmendinger





Top 20 most Laps led since 2021:

6894 Kyle Larson

4522 Dennis Hamlin

3312 William Byron

2891 Martin Truex Jr

2566 Christopher Bell

2534 Ryan Blaney

2530 Chase Elliott

2261 Joey Logano

1763 Ross Chastain

1707 Tyler Reddick

1494 Kyle Busch

1222 Brad Keselowski

765 Chris Buescher

739 Bubba Wallace

625 Daniel Suarez

621 Austin Cindric

617 Chase Briscoe

569 Ty Gibbs

564 Alex Bowman

493 Kevin Harvick





Mile and a Half Track wins in Nascar Cup since 2021:

10 Kyle Larson

3 William Byron

3 Denny Hamlin

3 Joey Logano

3 Tyler Reddick

2 Christopher Bell

2 Ryan Blaney

2 Kurt Busch

2 Ross Chastain

1 Josh Berry

1 Alex Bowman

1 Kyle Busch

1 Bubba Wallace

1 Chase Elliott





Short Track(under a mile) wins in Nascar Cup since 2021:

5 Denny Hamlin

5 Kyle Larson

3 Ryan Blaney

2 Alex Bowman

2 Chris Buescher

2 William Byron

2 Martin Truex Jr

1 Christopher Bell

1 Kevin Harvick

1 Austin Dillon





Road-Course/Street Circuit wins in Nascar Cup since 2021:

6 Kyle Larson

3 Tyler Reddick

3 Christopher Bell

2 William Byron

2 Chase Elliott

2 AJ Allmendinger

1 Alex Bowman

1 Shane Van Gisbergen

1 Ross Chastain

1 Chris Buescher

1 Michael McDowell

1 Martin Truex Jr

1 Daniel Suarez





Restrictor Plate(Drafting) wins in Nascar Cup since 2021:

4 William Byron

2 Ryan Blaney

2 Ricky Stenhouse Jr

2 Austin Cindric

2 Chase Elliott

2 Joey Logano

1 Daniel Suarez

1 Ross Chastain

1 Bubba Wallace

1 Michael McDowell

1 Chris Buescher

1 Kyle Busch

1 Austin Dillon

1 Brad Keselowski

1 Tyler Reddick

1 Harrison Burton

1 Christopher Bell





Darlington, Phoenix, Indianapolis, Dover, Michigan, Nashville, New Hampshire
Pocono, Gateway and ×California× wins since 2021:

5 Kyle Larson

5 Joey Logano

5 Denny Hamlin

4 Martin Truex Jr

4 Christopher Bell

3 Chase Elliott

3 Kyle Busch

3 Ryan Blaney

2 William Byron

2 Alex Bowman

2 Chase Briscoe

2 Ross Chastain

1 Aric Almirola

1 Kevin Harvick

1 Erik Jones

1 Chris Buescher

1 Brad Keselowski

1 Austin Cindric

1 Tyler Reddick





Wins in the Playoffs since 2021:

10 Kyle Larson

5 Joey Logano

3 Denny Hamlin

3 Christopher Bell

3 Tyler Reddick

3 Ryan Blaney

2 Bubba Wallace

2 Ross Chastain

2 Chris Buescher

1 Martin Truex Jr

1 Alex Bowman

1 Erik Jones

1 Chase Elliott

1 William Byron

1 A.J. Allmendinger

1 Ricky Stenhouse Jr


",2025-06-09
t3_1l7j5xu,"Denny Hamlin first new member of the ""100 Ones Club"" since '14",https://www.reddit.com/r/nascar/comments/1l7j5xu/,/u/Shrekemon,2025-06-09 22:56:18+00:00,"Looking at racing-reference data the last few years, I came up with a fun little cherry-picked statistic I've called the ""100 Ones Club"": the drivers who have been number one, counting race wins and pole awards, at least 100 times. There are obvious names in the Club like Petty, Pearson, Gordon, Waltrip, Allison, Johnson, and Yarborough, but the real fun is who comes up just short. Just in the modern era (1972-), Elliott (99), Earnhardt (98), Martin (96), Wallace (91), and Harvick (91) all retired fewer than 10 number 1s away. 

This past Sunday, Hamlin won his 57th race having already won 43 poles, becoming first new member of the Club since Johnson joined over a decade ago. Kyle Busch (97) has been stuck within sniffing distance for a few years and we'll probably have to wait a bit before he joins, then the Club may be set for a while with Logano (68) and Larson (54) a very long ways off. 

Again, very cherrypicked stat but a fun and different way to look at drivers' careers and a very rare milestone to see accomplished.",2025-06-09
t3_1l7ydt6,[Gluck] Was Michigan a good race? 92.2 percent of you said Yes.,https://www.reddit.com/r/nascar/comments/1l7ydt6/,/u/EWall100,2025-06-10 13:12:19+00:00,"-- No. 1 Michigan race in the poll (out of 15). The top four Michigan races are the four Next Gen car races (all over 80%).

-- No. 1 race on a 2-mile track in the poll (out of 22). That is all the Michigan and Fontana races.

-- No. 1 race of the season so far. Coke 600 got 90.2%.

-- No. 4 of 30 Denny Hamlin wins in the poll. Hamlin breaks a tie with Kyle Larson for the most wins in the 90%+ Club (six).",2025-06-10
t3_1l824od,"Denny Hamlin said on SiriusXM if the baby isn’t born by the time he has to leave for Mexico, he isn’t going",https://www.reddit.com/r/nascar/comments/1l824od/,/u/DDowd86,2025-06-10 15:46:10+00:00,,2025-06-10
t3_1l8coqy,2025 LASTCAR Cup & Truck Playoff Standings (after Michigan),https://www.reddit.com/r/nascar/comments/1l8coqy/,/u/TIFUthebestSubreddit,2025-06-10 22:40:46+00:00,"Cup Series Playoff standings (Race 15/26)

1) AJ Allmendinger 2 Losses 338 (14 PP)

2) Cody Ware 1 Loss 596 (5 PP)

3) Riley Herbst 1 Loss 419 (6 PP)

4) Brad Keselowski 1 Loss 388 (5 PP)

5) Carson Hocevar 1 Loss 351 (5 PP)

6) Alex Bowman 1 Loss 326 (6 PP)

7) Erik Jones 1 Loss 324 (8 PP)

8) Ricky Stenhouse Jr 1 Loss 287 (6 PP)

9) Joey Logano 1 Loss 253 (7 PP)

10) Denny Hamlin 1 Loss 210 (7 PP)

11) Shane van Gisbergen 430 (1 PP)

12) Cole Custer 414

13) Ty Dillon 347 (1 PP)

14) Noah Gragson 338

15) Justin Haley 338

16) Daniel Suarez 336 (1 PP)

_____________________________________________

17) Josh Berry 331

18) John Hunter Nemechek 321

19) Zane Smith 311

20 Ty Gibbs 302

21) Todd Gilliland 295

22) Michael McDowell 294 (1 PP)

23) Austin Cindric 272

24) Ryan Blaney 271

25) Ryan Preece 271

26) Austin Dillon 267

27) Bubba Wallace 251

28) Kyle Busch 247 (1 PP)

29) Chase Briscoe 244 (1 PP)

30) JJ Yeley 1 Loss 238 (7 PP)

_____________________________________________

Other Losers outside top 30 that most likely won't make multiple starts in the playoffs 

39) Josh Bilicki 1 Loss 114 (6 PP)

42) Jimmie Johnson 1 Loss 80 (7 PP)

44) Connor Zilisch 1 Loss 68 (5 PP)

**___________________________**

Truck series Playoff Standings (race 13/18)

1) Frankie Muniz 1 Loss 484 (7 PP)

2) Kaden Honeycutt 1 Loss 257 (7 PP)

3) Layne Riggs 1 Loss 219 (7 PP)

4) Chandler Smith 1 Loss 167 (5 PP)

5) Toni Briedinger 486 (2 PP)

6) Spencer Boyd 433

7) Nathan Byrd 408

8) Connor Mosack 331

9) Matt Mills 304

10) Jack Wood 304

_____________________________________________

11) Norm Benning 3 Losses 309 (22 PP)

12) Dawson Sutton 298

13) Matt Crafton 288

14) Andres Perez de Lara 287

15) Tanner Gray 264

16) Ben Rhodes 256

17) Ty Majeski 237

18) Gio Ruggerio 236

19) Rajah Caruth 236

20) Stephen Mallozzi 3 Losses 235 (21 PP)

21) Stewart Friesen 229

22) Justin Carroll 218 (1 PP)

23) Luke Fenhaus 211

24) Cody Dennison 197

25) Josh Reaume 173

26) Jake Garcia 171

27) Tyler Ankrum 169

28) Grant Enfinger 161

29) Bayley Currey 161

30) Daniel Hemric 148

_____________________________________________

Other Losers that most likely won't make multiple starts in the playoffs 

35) Parker Kligerman 1 Loss 117 (7 PP)

37) Keith McGee 1 Loss 104 (6 PP)

38) Ryan Roulette 1 Loss 103 (5 PP)",2025-06-10
t3_1l9ymu6,"Denny Hamlin announces birth of his son, will skip this weekend's race in Mexico City, Ryan Truex to drive the 11",https://www.reddit.com/r/nascar/comments/1l9ymu6/,/u/pixarfan9510,2025-06-12 21:35:19+00:00,,2025-06-12
t3_1l9yn5i,"Bob Pockrass (@bobpockrass) on X - Denny Hamlin announces birth of son, but will not be racing in Mexico.",https://www.reddit.com/r/nascar/comments/1l9yn5i/,/u/WhoDat824,2025-06-12 21:35:41+00:00,,2025-06-12
t3_1lamnan,Denny Hamlin is to NASCAR today what Dale Earnhardt Sr. was in his era - and here’s why that matters:,https://www.reddit.com/r/nascar/comments/1lamnan/,/u/MasterOrokuSaki,2025-06-13 18:00:30+00:00,"This isn’t a “who’s better” post. It’s not about stats, championships, or who’s the GOAT. It’s about roles. Because every generation in NASCAR has that one driver - the one who defines the era, shapes conversations, and sits at the center of everything going on in the sport.

For the ’80s and ’90s, that was Dale Earnhardt Sr. Right now, that’s Denny Hamlin.

Let me explain:

1. Presence On The Track

Earnhardt was the car everyone watched. He didn’t just race - he dominated with presence. Intimidation was part of the strategy.

Hamlin’s not the same type of driver, but he’s often the center of attention, week after week. Whether it’s a controversial move, a clutch win, or a post-race interview, people are always talking about him - just like they did with Dale.

Earnhardt famously said, “I’d rather be hated than ignored.” He believed that any reaction from the fans - cheers or boos - meant you mattered. To him, silence from the crowd was the biggest threat to a driver’s legacy because it meant the fans weren’t invested. In that same spirit, Hamlin has become one of the most talked-about drivers in the sport today - for better or worse - because people care.

2. Voice Of The Garage

Earnhardt’s words held weight. If he spoke up about an issue, it echoed across the garage and up to NASCAR leadership.

Hamlin is that guy now. Whether it’s on his podcast (Actions Detrimental), in interviews, or through social media, his voice influences drivers, fans, and even policy. He’s not afraid to ruffle feathers - and that’s important.

3. Leadership Off The Track

Dale helped build the sport’s identity as a mentor, icon, and businessman. He wasn’t just a driver - he was a symbol of what NASCAR was becoming.

Hamlin’s doing something similar in the modern age. He’s not just a driver - he’s a team owner, a media figure, and someone who’s invested in NASCAR’s long-term health. He’s shaping what the future of the sport looks like.

4. They Represent Their Eras

Earnhardt came up in a time when NASCAR was tough, raw, and built on emotion. He was exactly what the sport needed in that moment.

Hamlin came up in a time of analytics, social media, and business-savvy athletes. And like it or not, he’s perfectly fit for this era - not just surviving in it, but helping steer it.

5. When Hamlin Leaves, It’s Going to Be a Big Deal, Just Like Earnhardt

Love him or hate him, Denny Hamlin brings drama, energy, and conversation to every race weekend. He’s a lightning rod - and NASCAR needs those. When he eventually steps away, the sport will lose one of its most compelling personalities.

His rivalries, his transparency, his leadership as a team owner - all of that creates storylines that keep fans engaged. He’s not just a competitor; he’s content. And his absence will absolutely be felt, both on the track and in the media room.

Just like when Earnhardt was gone, there’s going to be a void - and it won’t be easy to fill.

6. Personal Note and Final Thoughts:

No matter what, I’ll always be an Earnhardt fan first.

The intensity, the grit, the presence - Dale Earnhardt Sr. embodied everything that made the sport what it was in its golden years. Watching him race was an experience, and honestly, no one will ever replace that for me.

But in saying that, I’ve also come to appreciate what Denny Hamlin brings to today’s NASCAR. He’s not trying to be Dale - and that’s the point. He’s carved his own lane: controversial, competitive, outspoken, and deeply invested in the sport’s future.

So while Dale will always be my #1, Denny is absolutely my #2 - and probably the closest thing this era has to the kind of energy, influence, and presence that made fans care every single week.

This isn’t about Denny becoming Dale. It’s about how every era needs a central figure - someone who pushes, polarizes, and leads.

Earnhardt was that for his generation.
Hamlin is that for ours.

Both shaped NASCAR. Both deserve their place in the story.

———————

Curious what others think - not about who’s better, but who else you think has played this kind of generational role in NASCAR history? And who might carry the torch next when Hamlin eventually steps away?",2025-06-13
t3_1laz1yn,NASCAR villains.,https://www.reddit.com/r/nascar/comments/1laz1yn/,/u/Kurt_Wylde35,2025-06-14 03:34:50+00:00,"So Dale Sr was the villain of the 90s, Tony Stewart was the villain of the 00s, Kyle Busch was the villain of the 2010s, and it without a doubt would seem Denny Hamlin is the villain of the 2020s. Who do you think will be the villain of the 2030s? I feel like with how much winning Kyle Larson does it could be him if he gets into it with a new comer that turns into a fan favorite. ",2025-06-14
t3_1lbm7of,Daniel Suarez was blatantly given the win at Mexico by NASCAR’s inconsistent officiating,https://www.reddit.com/r/nascar/comments/1lbm7of/,/u/Ok_Promise1870,2025-06-14 23:30:40+00:00,"Ok just hear me out on this one.


In 2021 at the Indy RC, Denny Hamlin forced Chase Briscoe into the grass, when Briscoe proceeded to cut the track and get just beside Hamlin. He soon after gave the position back, yet was still penalized. 


With the 2025 NASCAR Xfinity series race at Mexico, Suarez gets forced off the track by Taylor Gray(mind you, Suarez was side by side with Gray just as with Hamlin and Briscoe) and is forced off course. Suarez merged and slowed, yet did not entirely give the position back to Gray. Suarez was not penalized, despite the merging being just as if not more deserving of a penalty. 


I don't mean any distaste to Suarez with this, and I don't deny it was really cool for him to win this, but this is a situation where NASCAR should've 100% penalized Suarez. 


I can't seem to find many others with this sentiment, what do all of you think?
",2025-06-14
t3_1lcxmmr,Predicting career win totals for full time cup drivers,https://www.reddit.com/r/nascar/comments/1lcxmmr/,/u/AwkwardAd9233,2025-06-16 16:37:19+00:00,"Ross Chastain 24
Austin Cindric 21
Austin Dillon 7
Noah Gragson 15
Kyle Larson 55
Brad Keselowski 39
Justin Haley 4
Kyle Busch 69
Chase Elliott 24
Ty Dillon 1
Denny Hamlin 65
Ryan Blaney 37
AJ Allmendinger 6
Chris Buescher 22
Chase Briscoe 28
Christopher Bell 49
Josh Berry 9
Joey Logano 59
Bubba Wallace 19
William Byron 64
Todd Gilliland 5
Riley Herbst 3
Zane Smith 4
Cole Custer 6
John Hunter 13
Erik Jones 16
Tyler Reddick 59
Ricky Stenhouse 5
Alex Bowman 27
Cody Ware 0
Ty Gibbs 22
Ryan Preece 22
Michael McDowell 3
Carson Hocevar 31
Shane Van Gisbergen 5
Daniel Suarez 3",2025-06-16
t3_1lei0cd,Joe Gibbs Racing signs Bob’s Discount Furniture as a sponsor for Denny Hamlin,https://www.reddit.com/r/nascar/comments/1lei0cd/,/u/Dmacthegoat,2025-06-18 14:06:46+00:00,,2025-06-18
t3_1lejgh6,"[Bozi Tatarevic on X] The roster of the No. 3 of Austin Dillon lists Jeff Curtis for Pocono.

Curtis was on the No. 19 at Joe Gibbs Racing until last summer and was last listed on a JGR roster for Richmond in August of last year and i had not seen him a Cup roster since then.",https://www.reddit.com/r/nascar/comments/1lejgh6/,/u/Mellow200,2025-06-18 15:05:12+00:00,Remember that accusation Ty Gibbs made last year? Well well well...,2025-06-18
t3_1leoega,"With Today’s Announcement regarding The Bob’s Discount Furniture Sponsorship with JGR, Here is a look at Denny Hamlin’s Bob’s Discount Furniture Firesuit",https://www.reddit.com/r/nascar/comments/1leoega/,/u/Dmacthegoat,2025-06-18 18:18:07+00:00,,2025-06-18
t3_1lerzs1,"Summer project time, I need your help",https://www.reddit.com/r/nascar/comments/1lerzs1/,/u/Dont_hate_the_8,2025-06-18 20:41:02+00:00,"Ok so I had a random urge to try to figure out how we all determine who we think of as the best driver of all time, along with top 5, top 10, etc.

I wanna collect some data first from you all to try to find some themes, so if you could answer some questions, I'd greatly appreciate it! I'm doing it from a purely mathematical standpoint, I understand other factors are subconsiously involved, but I'm gonna try to negate those as much as I can. Try not to consider impact on the sport, just their career.

Okay first, what are your top 10 drivers all time in order?

Now some A vs. B sort of stuff.

Dale Jr. or Truex?

Tony Stewart or Denny Hamlin?

Rusty Wallace or Bill Elliott?

Mark Martin or Kurt Busch?

Bobby Labonte or Carl Edwards?

Terry Labonte or Keselowski?

Junior Johnson or Joe Weatherly?

Ned Jarrett or Lee Petty?

Kulwicki or Davey Allison?",2025-06-18
t3_1leyo7q,"Writeup Wednesday Every Week Until the 2025 Championship Weekend #17: ""Boys, Have At It""",https://www.reddit.com/r/nascar/comments/1leyo7q/,/u/bruhmoment2248,2025-06-19 01:43:12+00:00,"We’ve all heard the audio of Ricky Stenhouse Jr. pathetically threatening a guy almost a foot taller than him thousands of miles away from home by now, but where did this sort of thing come from? Let’s talk about it.

'

[also how about that Mexico weekend, eh?](https://preview.redd.it/ec1ntaymes7f1.png?width=1300&format=png&auto=webp&s=386d1b3cf51649a44ab7c124fdb29d335662be50)

'

# Checkers or Wreckers

If you know anything about NASCAR, you’ll know it’s much more of a contact-based motorsport than other more delicate forms of racing where hard racing is guarded behind the veil of posh. But down in the rough and tumble short tracks that NASCAR and its fanbase grew up on, tempers are always bound to flare and fill the air with tension. But the focus of this particular discussion isn’t to exclusively focus on the tempers that have always presented themselves at the racetrack; rather, it is a singular focus on a singular era of tempered racing that influenced a generation of newer race fans and drivers who grew up watching it, and it proceeded to influence stock car racing as we know it today.

'

Before the 2010 season, NASCAR Vice President of Competition Robin Pemberton delivered a declaration to the drivers looking to mix it up with other drivers, wrapped in a 4 letter sentence that still rings in the minds of fans who were around to see it: “boys, have at it”. Initially an update to the temporary restriction on bump drafting at superspeedways, this new doctrine seemed to suggest that the sanctioning body would be more hands off with how drivers conducted themselves on the track, allowing more “self-policing” of etiquette in races and not handing out as many penalties for aggressive driving. This proclamation saw an early test only a few races into the season: a rehash of one the previous year’s biggest headlines early in the season: Bad Brad vs Cousin Carl 2.



# The Boys Start Having At It

[this was the final nail in the coffin for the wing in NASCAR](https://preview.redd.it/ruy6tiwids7f1.png?width=918&format=png&auto=webp&s=991c08120f14a6632be2bc25213b8a0b36c4bb94)

'

In what appeared like a walking contradiction of the doctrine laid out before the season started, Carl Edwards got parked after spinning Brad Keselowski out with 4 laps to go at Atlanta, having already had an incident with the Michigan driver earlier in the contest. Of course, Edwards deserved to be parked for nearly making Brad’s forehead touch the A-post at high speed, but this was the sort of incident that NASCAR’s higher ups seemingly encouraged with that January press conference even if they weren't meaning to; Edwards was the first to test the limits. He tested them again later in the year at Gateway, this time winning the race and sending Keselowski’s dad into an understandable fury.

'

A far tamer set of incidents went down races later between 4-time champion-winning teammates in Jeff Gordon and Jimmie Johnson, with the former growing tired of how his teammate was seemingly racing him throughout both of the April 2010 Texas and Talladega races, both of which saw Gordon wreck out 90% of the way into the race. It marked a more positive interpretation of the phrase, in that there was still respect to be had amongst those who feuded with each other on the racetrack, but that was definitely attributed to the fact that they were teammates, and that Gordon effectively helped make Johnson’s career what it was.

[\\""It takes a lot to get me mad, an-and I am pissed right now\\"" - Gordon after Talladega](https://preview.redd.it/1abmnxvpds7f1.png?width=600&format=png&auto=webp&s=2881a1aa0537474825267a36f1e02e9e7ae354b6)

'

One far more notable case from 2010 sparked a less respectful, but still competitive rivalry that continued throughout the balance of the decade, beginning at Pocono later that June when Kevin Harvick spun Joey Logano out of a top 5 finish just as the white flag was about to wave on Denny Hamlin in 1st, setting up an overtime restart that saw Kasey Kahne get launched into the trees and the young Connecticut driver to confront Harvick on pit road after the race, along with delivering one of the greatest soundbites of the 21st century so far.

[\\""it's probably not \[Kevin's\] fault, his wife wears the firesuit in the family\\""](https://preview.redd.it/feulskfvds7f1.png?width=1023&format=png&auto=webp&s=9e9796b68b365ebb3e7b2f6db9cc2530db48e399)

'

Harvick then proceeded to beef with Kyle Busch for the balance of the 2011 season, the most memorable spat between the 2 occurring at Darlington after a late race battle ended in sparks and waved yellow flags after Busch turned Harvick unnecessarily, prompting a confrontation with cars on pit road after the race. The feud continued through the talk shows and the rest of the regular season, but the focus then turned to Busch in the second half. In quite possibly the most egregious misinterpretation of “Boys, Have At It”, Busch most definitely decided a championship fight before it was able to decide itself.

[this image still doesn't feel real honestly, childhood me still hasn't processed the hilarity of this night in full](https://preview.redd.it/yjattfd0es7f1.png?width=1280&format=png&auto=webp&s=eae7b3ab911c1cbe98e07ec3007f33ebfa03ed8a)

'

After boiling of tensions throughout Truck races in October, Kyle Busch and championship contender Ron Hornaday (who drove for Harvick’s truck team) got into a battle early into the fall Truck race in Texas with the latter entrenched in an attempt to come back from more than a races worth of points behind to contend for the title. Until Ron slightly moved Kyle up the racetrack and Busch saw a darker hue of red than the faint pigments of it on his Traxxas Toyota Tundra. In what felt like the last gasp for the era of “Boys, have at it”, Busch hooked Hornaday straight into the turn 4 wall and ended his championship hopes. 

'

[if this was done in an era without SAFER barriers and other safety advancements... man-](https://preview.redd.it/tx12ep06es7f1.png?width=600&format=png&auto=webp&s=92183251296166e437e4089466ce0fb7e0983fde)

'

Clearly, there was a major misunderstanding of the term “self-policing” because intentional wrecks were popping up left and right. That’s not to say they just increased out of nowhere, but it was becoming far more common of a broadcasted occurrence. And nowhere did the higher ups allow tolerance for actions that put people in danger. The move was frowned up across not just the Truck garage, but all of NASCAR. The sanctioning body parked Kyle for the remainder of the weekend, effectively ending his own championship hopes in the Cup Series having to sit out a Chase race. Sometimes, you get what you dish out; that part hasn’t changed since February 1948.

'

[yes, this was a real image published on SB Nation back in the day](https://preview.redd.it/4qnb5jeycs7f1.png?width=376&format=png&auto=webp&s=b41b2b2c292d5587352439d9a4b103164d85f5b9)



The concept of “Boys, Have At It” was thought to have been left behind after this row, but in what seemed like a repeat of Texas, it was another fall race the following year in Phoenix that saw Jeff Gordon do virtually the same thing to Clint Bowyer by taking him out with 2 laps to go, effectively giving Brad Keselowski a leg up on the championship going into the finale the following week (which Jeff Gordon won with Bowyer in 2nd place). Pemberton’s doctrine seemed entrenched in the garage, as both sets of crews duked it out there in a fit of pride and rage. Yet, further incidents of the kind saw stringent penalties laid down to deter this sort of thing from happening again.

'

# How Does It Matter Now?

[bold strategy to go up to a guy with his helmet on, let's see how it works out for ol' Ricky](https://preview.redd.it/elupmnqfes7f1.png?width=590&format=png&auto=webp&s=a5d4622eb382ef541892361afa71edc3a6e68e34)

'

So how does it translate to today? We’ve seen it embedded in the driving styles of the newest iterations of stock car driver. You can quite literally point to Carson Hocevar’s highlight tape from this season as proof, hence why I brought up Stenhouse at the beginning of this piece. Whatever you may think of either driver, the mentality remains the same into the present day and has always persisted throughout the history of stock car racing. If you put hotheaded drivers in a tight and confined space and let them duke it out, tensions are bound to boil over. But the “issue” goes a lot further than simply a 6’4” dude from Portage, Michigan.

'

So wherein lies the line in the sand? And what drew that line to begin with? The answer: respect. In older times, it was quite frowned upon to be driving aggressively; ask any fan from the 90s how they saw Dale Earnhardt if they weren’t a fan of his. Driving styles like his were seen as brash and turned a bunch of fans away from the Intimidator, particularly those adjacent to the Elliott or Gordon camps in the 90s. Yet, the doctrine had always been that you got what came to you, so if you raced someone aggressively you had to expect them to give back what you dished out.

'

[that mantra continued into the 21st century, this image being a prime example of such as it worked out](https://preview.redd.it/i0bg1f3qfs7f1.png?width=1199&format=png&auto=webp&s=3978d3033f6200be8be6a67fac72585c7e9c6fb2)

'

This line of thinking worked well in an era of single-file restarts and the absence of gimmicks in the championship format that encouraged aggressive driving. Add to the fact that more and more drivers from richer backgrounds today are paying their way to rides that other talented drivers could have been up for, and you get both drivers who don’t have the exigence of taking care of their equipment like drivers from the past, and you get fans who perceive the newer generations as lacking of the ethos needed to be as aggressive and dirty as they drive, at least in a lot of fans’ minds who grew up watching drivers they claimed were grittier than the drivers of today. 

'

You can see it in the lower levels of racing, particularly the Truck Series that have seen some of the most egregious incidents as of recent. Even still, there remains those drivers that hold themselves to race as respectfully as possible, a clear sign that the ways of the old guard had not been completely corrupted by silver spoons and hotheads pouring into the top rides without care. You can essentially look at it in one of two ways: either you can see it as the new generation not having respect for the ideals of those that came before them with their aggressive driving styles, or you can see it as a continuation of the spirit of those that had aggressive driving styles that came before them. Whichever way you look at it remains up to your own interpretation. 

'

So let this be a lesson between generations of not just race car driver or racing fan, but as people: it is up to us to determine what standard and example we set for the generations that come after us, and it is up to us whether or not we choose to absorb everything from the generations that came before. This goes well beyond simply saying “Boys, have at it.”

'

[we await to see if Stenhouse chooses to take action on Carson or not](https://preview.redd.it/xzu3l53dfs7f1.png?width=678&format=png&auto=webp&s=d7ef6859acf0c88fa17a3df24ee91bc96f031c38)

'

# Next Week...

We welcome the return of an old friend to NASCAR, one that saw both the popularity rise and decline of stock car racing as we know it...",2025-06-19
t3_1lfduyy,"Denny Hamlin on Instagram: ""Born June 11th • 8 lbs 4 oz • 22 ¾ inches The road to meeting him wasn’t easy… but he’s home, he’s perfect, and his sisters can’t get enough of him. Our hearts have never been so full. Introducing our son… Jameson Drew Hamlin 🤎""",https://www.reddit.com/r/nascar/comments/1lfduyy/,/u/WhoDat824,2025-06-19 15:36:00+00:00,,2025-06-19
t3_1lglehp,"GOOD CALL, DENNY",https://www.reddit.com/r/nascar/comments/1lglehp/,/u/Calm-and_cool1960,2025-06-21 02:07:30+00:00,"Denny Hamlin, you should be commended for putting your family ahead of your job. You're going to be rewarded for that. God bless you.",2025-06-21
t3_1li56vh,Both Carson Hocevar and Denny Hamlin followed Brad K towards the closed pits to not hint him at his rookie mistake!,https://www.reddit.com/r/nascar/comments/1li56vh/,/u/Leuel48Fan,2025-06-23 02:20:24+00:00,,2025-06-23
t3_1li5xa9,My Bracket Predictions,https://www.reddit.com/r/nascar/comments/1li5xa9/,/u/Gingerwilliamson,2025-06-23 02:59:34+00:00,"**Atlanta/Round of 32**  
Hamlin(1) def T.Dillon(32)  
Busch(16) def Keselowski(17)

  
Logano(25) def Bowman(8)  
Suarez(24) def Wallace(9)

  
Berry(21) def JHN(12)  
Elliott(5) def A.Dillon(28)

  
Jones(20) def Chastain(13)  
Stenhouse Jr(29) def Bell(4)

  
Briscoe(2) def Gragson(31)  
Byron(18) def Preece(15)

  
Hocevar(26) def Blaney(7)  
Larson(10) def Reddick(23)

Allimendinger(22) def McDowell(11)  
Haley(27) def Gibbs(6)

Cindric(19) def Smith(14)  
Buescher(3) def Gilliand(30)

**Chicago/Sweet 16**  
Hamlin(1) def Busch(16)  
Suarez(24) def Logano(25)

Elliott(5) def Berry(21)  
Stenhouse Jr(29) def Jones(20)

Briscoe(2) def Byron(18)  
Larson(10) def Hocevar(26)

Allimendinger(22) def Haley(27)  
Buescher(3) def Cindric(19)

**Sanoma/Elite 8**  
Hamlin(1) def Suarez(24)  
Elliott(5) def Stenhouse Jr(29)

Briscoe(2) def Larson(10)  
Allimendinger(22) def Buescher(3)

**Dover/Final 4**  
Hamlin(1) def Elliott(5)  
Briscoe(2) def Allimendinger(22)

**Brickyard 400/FINALS**  
Hamlin(1) def Briscoe(2)

WINNER: Denny Hamlin",2025-06-23
t3_1lidn27,"The Day After the Races - June 23, 2025",https://www.reddit.com/r/nascar/comments/1lidn27/,/u/NASCARThreadBot,2025-06-23 11:00:03+00:00,"Welcome to this week's Day After the Races thread! The dust has settled, the track has cooled, and the confetti's been swept.  With this weekend's activities over, what are your thoughts?  Here's a summary of the previous week's race(s):

---

[NCS](#theNCS)[](#trackPocono) ***The Great American Getaway 400 at Pocono Raceway***

**Elapsed Time**: 3:04:20 for 160 laps (400&nbsp;mi / 643.74&nbsp;km)

**Cautions**: 7 cautions for 31 laps

**Leaders**: 11 lead changes among 9 leaders (Chase Briscoe led most with 72)

**Stage 1**: Denny Hamlin at 30 Laps

**Stage 2**: Chase Briscoe at 95 Laps

**Race Winner**: Chase Briscoe at 160 Laps

[Current Standings at NASCAR.com](http://www.nascar.com/standings/nascar-cup-series)

**Race Threads**: [[Pre](/r/NASCAR/comments/1lhokl0/prerace_discussion_thread_ncs_the_great_american/)]:[[Race](/r/NASCAR/comments/1lhsrlc/race_thread_ncs_the_great_american_getaway_400_at/)]:[[Post](/r/NASCAR/comments/1li21w1/postrace_discussion_thread_ncs_the_great_american/)]

---

[NXS](#theNXS)[](#trackPocono) ***Explore the Pocono Mountains 250 at Pocono Raceway***

**Elapsed Time**: 2:24:37 for 100 laps (250&nbsp;mi / 402.34&nbsp;km)

**Cautions**: 10 cautions for 41 laps

**Leaders**: 10 lead changes among 7 leaders (Chase Elliott led most with 38)

**Stage 1**: Brandon Jones at 25 Laps

**Stage 2**: Connor Zilisch at 50 Laps

**Race Winner**: Connor Zilisch at 100 Laps

[Current Standings at NASCAR.com](http://www.nascar.com/standings/xfinity-series)

**Race Threads**: [[Race](/r/NASCAR/comments/1lh3ddw/race_thread_nxs_explore_the_pocono_mountains_250/)]:[[Post](/r/NASCAR/comments/1lh87k1/postrace_discussion_thread_nxs_explore_the_pocono/)]

---

[NCTS](#theNCTS)[](#trackPocono) ***MillerTech Battery 200 at Pocono Raceway***

**Elapsed Time**: 1:43:18 for 80 laps (200&nbsp;mi / 321.87&nbsp;km)

**Cautions**: 4 cautions for 24 laps

**Leaders**: 7 lead changes among 4 leaders (Corey Heim led most with 48)

**Stage 1**: Layne Riggs at 20 Laps

**Stage 2**: Corey Heim at 40 Laps

**Race Winner**: Layne Riggs at 80 Laps

[Current Standings at NASCAR.com](http://www.nascar.com/standings/nascar-craftsman-truck-series)

**Race Threads**: [[Race](/r/NASCAR/comments/1lgdigh/race_thread_ncts_millertech_battery_200_at_pocono/)]:[[Post](/r/NASCAR/comments/1lghvh6/postrace_discussion_thread_ncts_millertech/)]",2025-06-23
t3_1lkgoyb,"2025 LASTCAR Cup, Xfinity, and Truck Playoff Standings (after Pocono)",https://www.reddit.com/r/nascar/comments/1lkgoyb/,/u/TIFUthebestSubreddit,2025-06-25 20:32:16+00:00,"Cup Series Playoff standings (Race 17/26)

**1) Riley Herbst 2 Losses 490 (13 PP)**

**2) AJ Allmendinger 2 Losses 371 (14 PP)**

3) Cody Ware 1 Loss 636 (5 PP)

4) Brad Keselowski 1 Loss 424 (5 PP)

5) Carson Hocevar 1 Loss 375 (5 PP)

6) Alex Bowman 1 Loss 362 (6 PP)

7) Erik Jones 1 Loss 348 (8 PP)

8) Ricky Stenhouse Jr 1 Loss 338 (6 PP)

9) Kyle Busch 1 Loss 327 (8 PP)

10) Joey Logano 1 Loss 294 (7 PP)

11) Denny Hamlin 1 Loss 211 (7 PP)

12) Shane van Gisbergen 491 (1 PP)

13) Cole Custer 490

14) Ty Dillon 442 (1 PP)

15 Noah Gragson 397

16) Justin Haley 393

_____________________________________________

17) Zane Smith 363

18) Daniel Suarez 359

19) Ty Gibbs 358

20) Michael McDowell 350 (1 PP)

21) Josh Berry 343

22) John Hunter Nemechek 343

23) Todd Gilliland 331

24) Austin Dillon 319

25) Bubba Wallace 317

26) Austin Cindric 298

27) Ryan Blaney 295

28) Ryan Preece 288

29) Chase Briscoe 256 (1 PP)

30) Kyle Larson 243

_____________________________________________

Other Losers outside top 30 that most likely won't make multiple starts in the playoffs 

32) JJ Yeley 1 Loss 238 (7 PP)

39) Josh Bilicki 1 Loss 114 (6 PP)

42) Jimmie Johnson 1 Loss 80 (7 PP)

45) Connor Zilisch 1 Loss 68 (5 PP)

**___________________________**

Xfinity Playoff standings (Race 16/26)

**1) Daniel Dye 2 Losses 310 (14 PP)**

**2) Christian Eckes 2 Losses 305 (13 PP)**

3) Kris Wright 1 Loss 488 (7 PP)

4) Parker Retzlaff 1 Loss 384 (7 PP)

5) William Sawalich 1 Loss 370 (7 PP)

6) Anthony Alfredo 1 Loss 357 (6 PP)

7) Dean Thompson 1 Loss 291 (8 PP)

8) Taylor Gray 1 Loss 249 (5 PP)

9) Sammy Smith 1 Loss 224 (7 PP)

10) Kyle Sieg 437

11) Ryan Ellis 416

12) Blaine Perkins 375

_____________________________________________

13) Garrett Smithley 371

14) Matt DiBenedetto 352

15) Greg Van Alst 351

16) Jeremy Clements 317

17) Brennan Poole 316

18) Josh Williams 287

19) Nick Sanchez 284

20) Mason Maggio 1 Loss 280 (7 PP)

21) Sheldon Creed 274

22) Josh Bilicki 256 (1 PP)

23) Brandon Jones 236

24) Leland Honeyman 229

25) Ryan Sieg 225

26) Mason Massey 215

27) Nick Leitz 212

28) Carson Kvapil 203

29) Jeb Burton 202

30) Joey Gase 200

_____________________________________________

Other Losers that most likely won't make multiple starts in the playoffs 

33) Justin Bonsignore 2 Losses 181 (14 PP)

48) Christopher Bell 1 Loss 70 (5 PP)

54) Carson Hocevar 1 Loss 60 (7 PP)

**___________________________**

Truck series Playoff Standings (race 14/18)

**1) Frankie Muniz 1 Loss 507 (7 PP)**

**2) Kaden Honeycutt 1 Loss 261 (7 PP)**

**3) Layne Riggs 1 Loss 221 (7 PP)**

**4) Chandler Smith 1 Loss 179 (5 PP)**

**5) Toni Briedinger 512 (2 PP) (clinched on points)**

6) Spencer Boyd 462

7) Nathan Byrd 430

8) Connor Mosack 338

9) Dawson Sutton 328

10) Matt Mills 325

_____________________________________________

11) Norm Benning 3 Losses 362 (22 PP)

12) Jack Wood 319

13) Matt Crafton 316

14) Andres Perez de Lara 304

15) Ben Rhodes 275

16) Tanner Gray 268

17) Gio Ruggerio 253

18) Rajah Caruth 251

19) Ty Majeski 247

20) Cody Dennison 246

21) Stewart Friesen 243

22) Stephen Mallozzi 3 Losses 235 (21 PP)

23) Justin Carroll 218 (1 PP)

24) Luke Fenhaus 211

25) Jake Garcia 200

26) Tyler Ankrum 196

27) Grant Enfinger 191

28) Josh Reaume 173

29) Bayley Currey 161

30) Daniel Hemric 154

_____________________________________________

Other Losers that most likely won't make multiple starts in the playoffs 

35) Parker Kligerman 1 Loss 117 (7 PP)

37) Keith McGee 1 Loss 104 (6 PP)

39) Ryan Roulette 1 Loss 103 (5 PP)

45) Bryan Dauzat 1 Loss 60 (7 PP)",2025-06-25
t3_1lkzjj1,[JGR] Denny Hamlin’s King’s Hawaiian scheme is finally here!,https://www.reddit.com/r/nascar/comments/1lkzjj1/,/u/SoupMadeFreshDaily,2025-06-26 13:00:51+00:00,,2025-06-26
t3_1lkzkdk,Denny Hamlin’s King’s Hawaiian Car,https://www.reddit.com/r/nascar/comments/1lkzkdk/,/u/[deleted],2025-06-26 13:01:50+00:00,[deleted],2025-06-26
t3_1lkzq2q,Best Average Finish at Atlanta in the Next Gen Era (2022 - Present),https://www.reddit.com/r/nascar/comments/1lkzq2q/,/u/NASCARology,2025-06-26 13:09:15+00:00,"Good morning all,

 \- The 3 worst Avg. Finishes here among drivers who have started every NGE race at Atlanta are; Gragson at 31.4, Larson at 26.0, and McLeod at 26.0.

 \- It will be very interesting to see how many upsets we see this week in the bracket challenge.  I filled mine out and right away picked Ty Dillon to upset Denny Hamlin round 1.  It is very possible, albeit unlikely, that all Hendrick and Gibbs cars lose round 1, which would be hilarious to me.  

 \- My pick this weekend: **Ricky Stenhouse Jr.** While he may seem a bit out of left field, RSJ has finished the last 5 races at Atlanta running in the top 15, and that may be the name of the game come the end of this race.  They will bring speed, remember he was a solidly in the Playoffs on points prior to his run-ins with Hocevar.  He was top 5 here in the Spring and I think he upsets Bell round 1.",2025-06-26
t3_1ll2pc3,Chicagoland Repave,https://www.reddit.com/r/nascar/comments/1ll2pc3/,/u/Rowdyfan0823,2025-06-26 15:14:14+00:00,"It has long been rumored that Chicagoland will make its return to the schedule in 2026, but recently additional rumors have come out there is a chance that NASCAR will repave the track if they do add it back to the schedule. I’m praying that they don’t do this since part of the reason why fans have been clamoring for the track to return is because of how abrasive the track is and multi-groove racing the track produces, both of which suit the next-gen car perfectly. If they are dead set on repaving Chicagoland then we might as well not return there at all because the racing product will be putrid. The next gen car is the worst car in NASCAR history at following in the wake of the car in front, which is what you’re going to have to do at a repaved Chicagoland as it almost certainly will be a single groove track on the bottom. The quickest way to produce multiple groove racing would be to install progressive banking like Kansas and use a similar mixture of asphalt and layering techniques that SMI has used to repave Atlanta and North Wilkesboro.",2025-06-26
t3_1lm75pf,By any chance does someone going to the race tomorrow have a spare Denny Hamlin shirt I could borrow or buy off em!!!! THANKS,https://www.reddit.com/r/nascar/comments/1lm75pf/,/u/novaft2,2025-06-27 22:33:24+00:00,[removed],2025-06-27
t3_1lm85k1,A look at Kyle Busch's and Denny Hamlin's climb up the record books. How far will they get?,https://www.reddit.com/r/nascar/comments/1lm85k1/,/u/LowLocation2588,2025-06-27 23:18:10+00:00,"With their careers winding down, how far can each get up the record books?

**Wins**

- Busch 63, 9th all time. (-13 back from Dale). Hamlin 57, 11th all time. (-3 back from Harvick, -6 back from Busch, -19 back from Dale)

Hamlin seems poised to pass Kyle Busch if he runs another 3-4 season given Kyle's current struggles with RCR. 

**Top 5s**

- Busch: 252, 9th all time. (-3 from Cale, -19 from Martin, -24 from DW, -29 from Dale)

- Hamlin: 242, 12th all time. (-4 from Baker, -9 from Harvick, -10 from Busch, -13 from Cale, -29 from Martin, -34 from DW, -39 from Dale)

At one point I thought for sure Kyle would pass Dale, but now I'm questioning if he even gets by Martin. Hamlin seems poised to get by Dale if he runs another 3 seasons at this level. 

**Top 10s**

- Busch: 387, 8th all time. (-3 from DW, -41 from Dale)

- Hamlin: 367, 12th all time. (-5 from Baker, - 7 from Rudd, -8 from Johnson, -20 from Busch, -61 from Dale)

The shocking thing here is that Hamlin will pass Johnson in Top 10s and very likely has a real shot to get to Dale as well.

**Laps Led**

- Busch: 9th all time, 19441. He is about 500 laps short of Rusty and 550 laps short of 20000. He would be just the 7th driver to do so.

- Hamlin: 12th all time, 15782. Hamlin is about 300 laps short of passing Harvick and 3000 laps back from Johnson for 10th all time. 20000 laps led is likely out of the picture for him.

**Lead Lap Finishes**

- Hamlin 4th all time at 542, Busch 5th all time at 536. 

Harvick (633), Gordon (588), Martin (558) sit ahead. Hamlin could veery well break this record if he runs 3 more years. Is likely to pass Martin this year and Gordon the next. 

**Starts**

- Busch: 16th all time, 731. (-2 back Newman, -16 back Marlin, -74 back from 10th Gordon)

- Hamlin: 20th all time, 702. (-4 from Rusty, -16 from Allison, -27 B. Labonte, -29 from Busch, -103 from 10th Gordon)

Just depends on how long each will race for here. If they run long, they can get to 6th. Mark Martin sits at 5th with 882 starts which would be 4-5 more years for each.",2025-06-27
t3_1lmc651,Beginners Guide to Every NASCAR Cup Series Charter Driver.,https://www.reddit.com/r/nascar/comments/1lmc651/,/u/JoeRogan016,2025-06-28 02:41:57+00:00,"There's been a lot of new/returning fans coming to this sub lately, so I've put together a short introduction for all the current drivers to give all the new people a starting point to jump off from. I've done my best to keep everything neutral regardless of my own bias, but it's not perfect lol.

1 car is Ross Chastain, the current best performing Trackhouse driver. He's a watermelon farmer from Florida who became famous for riding the wall at Martinsville in order to make it into the playoffs. His old car team (not the team itself) was shut down after it's sponsor got raided by the FBI, which eventually led to him landing at Trackhouse.

2 car is Austin Cindric, third best performing Penske car and occasional plate track winner. His dad recently got fired from Penske after a cheating scandal and now people are speculating on how that might affect him.

3 car is Austin Dillon. Richard Childress Racing (RCR) brought back the number for him after years of not running it after Dale Earnhardt died in 2001. Not a terrible driver, he can win on occasion, but he's not good enough to make up for the cars middling performance.

4 Car is Noah Gragson, who moved to Front Row Motorsports (FRM) after Stewart Hass Racing sold most of its assets to FRM and rebranded to Haas Factory Team. Another middling car/driver combo.

5 Car is Kyle Larson. Hendricks star driver, 2021 champion, and frequently called the greatest driver in the world by his fans after his 10 victory championship season. He's famous for pushing his cars to the edge and either dominating or wrecking out completely. There isn't much in-between for him.

6 Car is Brad Keselowski. 2012 champion, former Penske driver, and current co-owner of Roush Fenway Keselowski Racing (RFK). Used to be infamous as an on track terrorist, but now days has gained a reputation for sacrificing elements of his own success for the sake of his team.

7 Car is Justin Haley, driving for Spire Motorsports. A younger driver who was speculated to be a potential star, but so far hasn't lived up to that potential. At the moment another mid driver/car combo.

8 Car is Kyle Busch. Former Joe Gibbs driver, 2015 and 2019 champion, and current driver for RCR. A total hothead, but also a very very good driver who has struggled due to certain rule changes and the current car design. He has lately developed a reputation for pushing his midpack cars far beyond their limits and paying the price for it.

9 Car is Chase Elliott. Current Hendrick driver, 2020 champion, and son of 1988 champion Bill Elliott. His defining traits are his near unrivaled consistency, mellow personality, and a fan base that is going absolutely insane waiting for his next win.

10 Car is Ty Dillon, Kaulig Racing driver, and brother of Austin Dillon. Has yet to make his mark, but is relatively clean and keeps himself out of trouble. Mid car/driver combo.

11 Car is Denny Hamlin, Joe Gibbs star driver, and NASCAR'S winningest driver without a championship. Currently one of the most experienced drivers still on the field and so far that hasn't slowed him down much. Known for his adversarial relationship with fans and NASCAR itself. Also co-founder of NASCAR team 23XI.

12 Car is Ryan Blaney, second most senior Penske driver and 2023 champion. His father is former NASCAR driver Dave Blaney. Like Elliot he's known for his consistency,

16 car is AJ Allmendinger, Kaulig driver and another veteran of the sport. One of the so called ""Road course ringers"" for their skill on said tracks, which keeps them relevant despite their lack of speed on ovals.

17 car is Chris Beuscher, RFK driver who's mostly known for finding his pace in the second half of the season, and being a solid all-rounder. Gaid a lot of notoriety for out-dueling SVG at Watkins Glen last year.

19 car is Chase Briscoe. Joe Gibbs newest cup driver, taking over for former champion Martin Truex Jr since he retired. Has a reputation for being a monster in qualifying, but not always translating it into good finishes. You might see him around here on Reddit.

20 car is Christopher Bell. Another young Joe Gibbs driver who might also be one of cleanest in the series. One of the drivers people are expecting to win a championship soon, barring something crazy he'll have a very successful career.

21 car is Josh Berry. Driver of the Wood Brothers sole cup car, replacing Harrison Burton. He just got his first win this year at Las Vegas, and is so far proving to be a positive aspect to the revival of one of NASCARs oldest teams.

22 car is Joey Logano. Penske's veteran driver and three time champion (2018, 2022, 2024). A very strong driver known for aggressive racing and late season comebacks.

23 car is Darrell ""Bubba"" Wallace Jr. Driving for 23XI. A solid driver with a handful of wins under his belt, and a temper that doesn't often show itself, but when it does it comes out strong.

24 Car is William Byron. Hendrick driver, current Daytona 500 winner, and holding the points lead this season. Almost always running up front and competing for wins, but has recently developed a reputation for faltering at the last moment.

34 car is Todd Gilliland, son of former driver David Gilliland. Currently driving for FRM as a midpack performer.

35 car is Riley Herbst, driving for 23XI. A young driver in his rookie season this year, though is currently struggling to find speed.

38 car is Zane Smith. The final FRM driver, and as things stand the one most likely to win of the three, despite this being his second full time season.

41 car is Cole Custer, driving the HAAS Factory Team's sole car with what remains of the old SHR team. A slow car with a mediocre driver.

42 car is John Hunter Nemechek, driving for Legacy Motor Club which is owned by 7 time champion Jimmie Johnson. Despite driving for a backmarker team Nemechek has shown surprising speed, and might be a candidate to get his first win soon. He is the son of former driver Joe Nemechek.

43 car is another LMC car driven by Eric Jones, a well established driver who has managed a handful of wins in the cup series, and with his teams sudden boost in performance it's possible he might net a few more.

45 car is driven by 23XI's star driver Tyler Reddick, who managed to win 3 races in just his third season with RCR, and has won many more since switching teams. Another championship contender if they can put together the playoff season.

47 car is HYAK Motorsports only car, driven by Ricky Stenhouse Jr. Well known for not only his hot temper but also getting into fistfights with other drivers (granted he didn't start all of them). He's another driver who tends to overdrive his midpack cars and sometimes suffers for it. But he's won before and it's entirely possible he will again. Lately he's been feuding with Carson Hocevar.

48 car is the final Hendrick car, driven by Alex Bowman. While he's a very solid driver and has multiple wins, it's a tall order to keep up with his incredibly talented teammates. It hasn't helped that he's been involved in multiple very hard crashes resulting in various injuries, with the most recent one being at Michigan this year. Without a doubt their most scrappy driver.

51 car is represented by Cody Ware for his father's team, Rick Ware racing (which has recently obtained a co owner who wants to expand the team? Sorry this information is very new). I'm just going to be blunt, this team is a pure backmarker who's driver has never completed a full season and has only a single top five. If there was ever a driver to write off, it's Cody Ware.

54 car is the final Joe Gibbs car, driven by the owners grandson, Ty Gibbs. He's currently one of the youngest drivers (just 22 years old!) at the cup level in his third full time season. Despite driving for a top tier team he's has no victories, and only very recently begun to show race winning pace. But he likely has a long career ahead of him should he continue to improve.

60 car is RFK's most recent addition, Ryan Preece. Another former SHR driver on the hunt for his first win, and he's come very close multiple times this season. It's likely only a matter of time before he pulls it off.

71 car is driven by Michael McDowell, Spire Motorsports' resident road course ringer. He's a well established veteran and outspoken Christian. He's won before, with some luck and the right track he probably will again.

77 car is driven by Spire's star driver, Carson Hocevar. He's the same age as Gibbs, but has shown race winning pace much sooner despite driving in a midpack car. However this speed has also come with aggression which has cost several other drivers, most notably Ricky Stenhouse. Still, it's only a matter of time before he wins.

88 car is driven by Trackhouse's Shane van Gisbergen. The current most dominant road course specialist, and considered by most teams as the one to beat whenever one comes up. He's won the most recent road course at Mexico City, and his very first cup race at the Chicago street circuit. He is the second (and only other) rookie this year.

99 car is the third Trackhouse entry and final charter car, driven by Daniel Suarez. Currently their most senior driver, his performance is usually midpack.


This took way longer than I thought it would lol",2025-06-28
t3_1lmof9n,In season tournament,https://www.reddit.com/r/nascar/comments/1lmof9n/,/u/Wild-Pain4498,2025-06-28 14:41:21+00:00,"

Hey r/NASCAR, let’s talk about this week’s Cup Series race at EchoPark Speedway (June 28, 2025, 7 p.m. ET, TNT Sports) and the kickoff of the In-Season Challenge. The race itself is shaping up to be a wild one—Atlanta’s hybrid superspeedway always brings chaos, and with Joey Logano on pole and matchups like Chase Briscoe vs. Noah Gragson or Kyle Busch vs. Brad Keselowski in the tournament, there’s plenty to watch for. The track’s unpredictable nature means we could see some big upsets, especially with the Round of 32 starting here. I’m curious to hear your predictions—will a lower seed like Bubba Wallace shake things up, or will top dogs like Denny Hamlin dominate?[](https://www.nascar.com/)[](https://www.nascar.com/news/nascar-cup-series/)

That said, I’ve got to vent about this In-Season Challenge. I know NASCAR’s trying to spice things up with this $1M bracket-style tournament, but it feels like another gimmick that’s more flash than substance. Here’s why I think it’s a bad idea:

1. **It Dilutes the Season’s Focus**: We’re already juggling a 36-race schedule, stage points, and the playoffs. Adding a mid-season tournament just makes things feel cluttered. Fans and drivers are already stretched thin—do we really need another layer of competition that doesn’t count toward the championship? A Reddit user put it well: “It’s one of the dumbest ideas they’ve had in a while. Sports don’t need ‘in-season tournaments’ that mean nothing.”[](https://www.reddit.com/r/NASCAR/comments/1i5e7pl/did_everyone_forget_about_the_in_season_tournament/)

2. **The Payout Isn’t Game-Changing**: $1M sounds nice, but in 2025, it’s not enough to make teams or drivers rethink their strategies. As one Redditor said, “$3 million is the bare minimum to pique the interest/strategy of teams.” The Xfinity and Truck series have had similar concepts like Dash 4 Cash and Triple Truck Challenge, but those feel more integrated. This just feels tacked on.[](https://www.reddit.com/r/NASCAR/comments/1knnvxc/lets_talk_about_the_2025_nascar_inseason_challenge/)

3. **Seeding Is a Mess**: Using the best finish from three wildly different tracks (Michigan, Mexico City, Pocono) to seed the tournament is a head-scratcher. Why not just use the points standings? As Jeff Gluck pointed out on X, “It’s not even points. Lmaooo WHY WOULD THEY DO THIS???” Atlanta’s randomness could knock out strong drivers early, which feels more like a crapshoot than a fair fight.

4. **Fan Fatigue and Lack of Hype**: The tournament was barely mentioned until recently—FOX didn’t promote it, and even NASCAR, Amazon, and TNT haven’t done much to build excitement. A Reddit thread from January noted, “Was hyped for like a week and no one has mentioned it lately.” If the sanctioning body and broadcasters can’t get behind it, why should we?[](https://www.reddit.com/r/NASCAR/comments/1i5e7pl/did_everyone_forget_about_the_in_season_tournament/)[](https://www.reddit.com/r/NASCAR/comments/1knnvxc/lets_talk_about_the_2025_nascar_inseason_challenge/)

5. **It’s Another Gimmick in a Sport Full of Them**: Between the playoffs, stage racing, and now this, NASCAR’s obsession with artificial drama is pushing fans away. One Redditor summed it up: “I’m so tired of the gimmicks. Just give me a season-long racing series like we used to have.” The tournament feels like it’s trying to copy the NBA or NFL, but motorsports isn’t stick-and-ball. We don’t need manufactured brackets to care about racing.[](https://www.reddit.com/r/NASCAR/comments/12xz10v/mid_season_tournament/)

I get that NASCAR wants to draw in casual fans and add betting angles, but this feels like a solution looking for a problem. The sport’s at its best when it’s about raw competition, not bracketology. What do you all think? Are you excited for the tournament, or does it feel like a swing and a miss? And who’s your pick to win at Atlanta this weekend?",2025-06-28
t3_1lmr9p7,When is someone gonna have the balls to ask Denny Hamlin or someone in JGR why Corey Heim can’t drive Gibbs cars?,https://www.reddit.com/r/nascar/comments/1lmr9p7/,/u/Accomplished_East433,2025-06-28 16:41:41+00:00,Why won’t any reporters ask?,2025-06-28
t3_1ln51w4,Anyone else getting tired of Denny Hamlin’s act?,https://www.reddit.com/r/nascar/comments/1ln51w4/,/u/PenskeFiles,2025-06-29 03:35:33+00:00,"This is in response to Jeff Gluck’s tweet over Hamlin  — the No. 1 seed — being upset in the in-season tournament. 

(Gluck posted all the official results as they happened). ",2025-06-29
t3_1lnfnp2,Ty Dillon's response to eliminating Denny Hamlin,https://www.reddit.com/r/nascar/comments/1lnfnp2/,/u/WON95sr,2025-06-29 14:12:37+00:00,,2025-06-29
t3_1lnnyjy,What Round 1 of the In-Season Challenge would have looked like if you didnt seed and took the standings after Pocono.,https://www.reddit.com/r/nascar/comments/1lnnyjy/,/u/Weathergeekal,2025-06-29 19:57:25+00:00,"  
Round 1:  
**(1) William Byron** vs (32) Noah Gragson  
(16) Josh Berry vs **(17) AJ Allmendinger**  
(8) Ross Chastain vs **(25) Zane Smith**  
(9) Chase Briscoe vs **(24) Ricky Stenhouse Jr.**  
(4) Christopher Bell vs **(29) Justin Haley**  
**(13) Alex Bowman** vs (20) Carson Hocevar  
**(5) Chase Elliott** vs (28) Todd Gilliland  
(12) Bubba Wallace vs **(21) Michael McDowell**  
**(2) Kyle Larson** vs (31) Shane Van Gisbergen  
(15) Austin Cindric vs **(18) Erik Jones**  
**(7) Tyler Reddick** vs (26) Austin Dillon  
(10) Joey Logano vs **(23) Ty Gibbs**  
(3) Denny Hamlin vs **(30) Brad Keselowski**  
**(14) Ryan Preece** vs (19) Kyle Busch  
(6) Ryan Blaney vs **(27) Daniel Suarez**  
**(11) Chris Buescher** vs (22) John Hunter Nemechek

Round 2:  
(32) Noah Gragson vs (17) AJ Allmendinger  
(25) Zane Smith vs (24) Ricky Stenhouse Jr.  
(29) Justin Haley vs (13) Alex Bowman  
(5) Chase Elliott vs (21) Michael McDowell  
(2) Kyle Larson vs (18) Erik Jones  
(7) Tyler Reddick vs (23) Ty Gibbs  
(30) Brad Keselowski vs (14) Ryan Preece  
(27) Daniel Suarez vs (11) Chris Buescher



I saw some people prior to the race talk about there issues with how NASCAR decided to seed this tournament. (I also didnt like it) So I just decided to see what last night would have looked like if they did it how alot of people said and just took the standings after Pocono. 

Still alot of upsets as expected with how the race went last night. Biggest change I noticed was Larson advancing. 

Do you think NASCAR should have done it this way or do you like how they had recency bias towards the last few races?

",2025-06-29
t3_1lnwyge,Post All Star Race Rankings,https://www.reddit.com/r/nascar/comments/1lnwyge/,/u/Jazzy1Kenobi,2025-06-30 03:01:19+00:00,"As some of you may have seen since the All Star race I have been tracking the Cup drivers on their push for the playoffs. With the fight at the bubble becoming more intense, I like to see how everyone's trending. I know the past couple weeks I was posting a picture that looked like crap. Hopefully this looks better. i tried sharing the google doc link that I use but it for some reason I couldn't share it With that being said here are the major points I got after since the All Star Race after Atlanta.

\- Chase Elliott has surpassed Denny Hamlin collecting the most points. 

\-By no means is he safe, however Chris Buescher has been slowly pulling himself above the cut line. 

\-Erik Jones has become ""Mr. Consistent"" as of late as he has collected the 5th most points

\- After putting up 10 points in 3 races, Alex Bowman has gone on a tear collecting 109 points in the past 3 races as he avoids the cut line. 

\-Although Ryan Blaney has earned a win in Nashville, he has continued to be inconsistent. One week he gets the win or top 5 finish and another week he finishes in the rear or the garage. That being said his Penske teammates haven't fared much better as of late. 

\-At one point safe, Bubba Wallace continues to slide in the standings.

What stands out to you? Anyone shocking you?",2025-06-30
t3_1lrk5ac,"New crew chief, same winning ways for Denny Hamlin",https://www.reddit.com/r/nascar/comments/1lrk5ac/,/u/PointNo6736,2025-07-04 14:30:35+00:00,,2025-07-04
t3_1lsesc7,"[Jeff Gluck] Here’s one for ya: Denny Hamlin suggests NASCAR try a “street oval.” Basically a rectangular street course. “All we need is acceleration, heavy braking points and turns — and we’ll find a way to make a show out of that.” Thoughts?",https://www.reddit.com/r/nascar/comments/1lsesc7/,/u/US_Highway15,2025-07-05 17:09:40+00:00,,2025-07-05
t3_1lsnnmx,"(Jacob Seelman) Here's a nugget: through 18 races this season, William Sawalich now has the worst record for a full-time Joe Gibbs Racing Xfinity Series driver in organization history.

Just a ridiculously rough season for the Minnesota teen.",https://www.reddit.com/r/nascar/comments/1lsnnmx/,/u/thebigtymer,2025-07-05 23:55:13+00:00,"I legitimately had to go back and double-check this, because I didn't think anyone could have had a worse half-season (and eventually, full season) in JGR second-tier series equipment than Coy Gibbs in 2003.

Through 18 races in 2003, Coy Gibbs had an average finish of **21.6**. Through 18 races in 2025, Sawalich's average finish is **24.5**!",2025-07-05
t3_1lsrhz5,"Denny Hamlin says Chicago Street race is ""bigger event than normal ovals...""",https://www.reddit.com/r/nascar/comments/1lsrhz5/,/u/New_Membership9986,2025-07-06 03:25:07+00:00,[removed],2025-07-06
t3_1ltcubw,[Inevitable] joins an elite group of two other drivers that have won 3 races in their first 36 cup starts within the modern era.,https://www.reddit.com/r/nascar/comments/1ltcubw/,/u/DukeItOut64,2025-07-06 21:38:57+00:00,"With this victory, Shane van Gisbergen joins Jimmie Johnson (31 starts) and ties with Tony Stewart (33 starts) for hitting 3 victories, the oldest of the three to do so. Like JJ, Shane too repeated at a track that he previously won at in order to do so. He also now solely has the record for most wins by a foreign-born driver in the cup level.

Some other notable drivers who debuted over 8 years after the start of the cup series and how many starts it took to get them to get to 3 wins:

A.J. Foyt: 35 starts

Bobby Allison: 38 starts

David Pearson: 40 starts

Dale Earnhardt: 42 starts

Davey Allison: 49 starts

Kevin Harvick: 52 starts

Dale Earnhardt Jr.: 56 starts

Ryan Newman: 57 starts

Denny Hamlin: 60 starts

Kyle Busch: 61 starts

Jeff Gordon: 64 starts

Richard Petty: 65 starts

Brad Keselowski: 74 starts

Kurt Busch: 75 starts

Darrell Waltrip: 77 starts",2025-07-06
t3_1ltla8l,Fun little statistic: SVG is the first Cup Series driver to have a multi-win rookie year since Denny Hamlin in 2006,https://www.reddit.com/r/nascar/comments/1ltla8l/,/u/Hihey9989,2025-07-07 04:43:50+00:00,"Thought i'd pull this fun fact out. If SVG wins one more (it's not just plausible, it's quite likely with road courses remaining) he'll tie Tony Stewart's modern era record of 3 wins in a rookie season.",2025-07-07
t3_1lvh780,Denny Hamlin Lets Carson Hocevar Walks Free from Chicago Chaos with 5-Words,https://www.reddit.com/r/nascar/comments/1lvh780/,/u/who_am_i_004,2025-07-09 12:13:13+00:00,,2025-07-09
t3_1lvhbil,Denny Hamlin Lets Out His Devastation as NASCAR Leaves Behind $320B Worth Partners’ Playground,https://www.reddit.com/r/nascar/comments/1lvhbil/,/u/who_am_i_004,2025-07-09 12:19:15+00:00,,2025-07-09
t3_1lvzjoa,What if NASCAR Used Eric Estepp’s Playoff format in 2024?,https://www.reddit.com/r/nascar/comments/1lvzjoa/,/u/Odd-Tell-5702,2025-07-10 00:55:36+00:00,"https://www.youtube.com/watch?v=bR4UrhUvdrY

Final standings

1. Kyle Larson  5161pts
2. William Byron 5156pts
3. Christopher Bell 5147pts
4. Denny Hamlin 5142pts
Championship Round Cutoff
5. Ryan Blaney 2471pts
6. Tyler Reddick 2364pts
7. Joey Logano 2354pts
8. Alex Bowman 2353pts
9. Chase Elliott 2250pts
10. Ross Chastain 2234pts
11. Kyle Busch 2231pts
12. Ty Gibbs 2227pts
13. Brad Keselowski 2208pts
14. Bubba Wallace 2109pts
15. Martin Truex Jr. 2108pts
16. Chris Buescher 2103pts

I have linked Eric’s original video for more information. ",2025-07-10
t3_1lwhqwv,What are your favorite NASCAR old liveries? Here's mine: Denny Hamlin's 2013 FedEx,https://www.reddit.com/r/nascar/comments/1lwhqwv/,/u/Fosteriaksew789,2025-07-10 16:52:00+00:00,"There's something about it, the flames, and the amount of FedEx colors like Express, Freight, Offices, and Ground. If he did a throwback, he should do this.",2025-07-10
t3_1lxklyb,Getting Really sick and Tired of Denny Hamlin's Comments,https://www.reddit.com/r/nascar/comments/1lxklyb/,/u/Arkhamkong,2025-07-11 22:40:23+00:00,"Brad Keselowski and Denny Hamlin claim NASCAR has ""too many road courses"" https://www.motorsport.com/nascar-cup/news/two-nascar-veterans-say-nascar-has-too-many-road-courses/10741121/


Whenever he speaks, NASCAR somehow takes it as law, & changes whatever he's complaining about back to the way it was.",2025-07-11
t3_1lykndc,2nd Year Nascar Fan Perspective,https://www.reddit.com/r/nascar/comments/1lykndc/,/u/slercher4,2025-07-13 05:07:58+00:00,"I started watching F1 because of Drive to Survive but started to get bored during the summer of 2023. I made an attempt to watch a Nascar race. I don't remember the race. It was in the middle of a stage caution. The pit road work is completely different than F1 that boggled my mind. I turned it off after 10 minutes because I didn't have anyone to root for. 

Netflix's Full Speed season one solved that problem. I became intrigued with 23/11 and Denny's story. I watched Michael Jordan quite a bit as a teenager, so I liked seeing the story on Netflix. Plus, Melonman's Martinsville wall ripping adventure is one of my favorite sport's highlights. The drivers [reaction](https://youtu.be/5wFfBhn5ihQ?si=2n2SLTTN03WORcFB) is hilarious. Plus, I liked learning about the other driver's stories.

I watched the 2024 Daytona and Atlanta races.  I felt like my Nascar experience started off with a bang after the crazy Atlanta three way photo finish. I like the racing on the different types of tracks, the contact between cars, the unpredictability on super speedways, how drivers positions will change throughout the race, the short run resets after each stage, pit road is its own sport, and the driver's different personalities. 

Denny's podcast helped me understand the sport, and I learn something new each time. I am an unabashed #11 fan, but I still enjoy it if other drivers win.

Nascar has it's own language like ""used up"", ""checking up"", ""lifting"" and referring to other drivers by their car number. It took me a few races to figure out the car driving terms. It cracks me up when drivers talk about their sponsors when mentioning their car. My Progressive, Chilis, Napa,  FedEx, Toyota Camry drove great today.

I do recognize there are issues with the sport like the current NextGen car on narrower tracks with the aero blocking. I am glad Nascar is exploring getting faster tire wear as a solution. I am also in favor of increasing horsepower.

 I would like to get rid of the win and your in during the regular season because I want the best sixteen drivers drivers to be in the playoffs and not the lucky driver with less skill. The playoffs need to be tweaked with the last four race three races for the championship.

Overall, I am glad to be a new fan of the sport.",2025-07-13
t3_1lyxfue,Betting Odds Today,https://www.reddit.com/r/nascar/comments/1lyxfue/,/u/closedcrash,2025-07-13 16:44:53+00:00,"What pre-race bets are you taking today?
I like Chase Elliott to win at +1000.
Denny Hamlin top-5 at +1100.
SVG, Gibbs, Briscoe top-5 at +1500.",2025-07-13
t3_1lzwdna,[Bob] Trackhouse hires former Joe Gibbs Racing executive Todd Meredith as its president of racing operations.,https://www.reddit.com/r/nascar/comments/1lzwdna/,/u/CNASFan1992,2025-07-14 19:43:29+00:00,Huge ge,2025-07-14
t3_1lzwemy,[Bob] Trackhouse hires former Joe Gibbs Racing executive Todd Meredith as its president of racing operations.,https://www.reddit.com/r/nascar/comments/1lzwemy/,/u/CNASFan1992,2025-07-14 19:44:31+00:00,,2025-07-14
t3_1m0zt68,Why Ty Gibbs will win the In Seas Challenge,https://www.reddit.com/r/nascar/comments/1m0zt68/,/u/Dry-Membership3867,2025-07-16 01:29:03+00:00,"


Dover Motor Speedway – Final Four Showdown

Track Traits:
	•	1-mile concrete oval, nicknamed the “Monster Mile”
	•	High banking, high tire wear, and intense rhythm
	•	Very physical and mentally taxing — mistakes get punished quickly

Ty Gibbs at Dover:
	•	Consistent improvement year-over-year; best finish: Top 15
	•	Known for a smooth throttle application — key to managing tire wear
	•	Joe Gibbs Racing has historically run well at Dover (Truex and Hamlin wins)

Key Strategy:
	1.	Tire conservation
Dover shreds tires — Gibbs’ smooth driving style helps him maintain lap time deeper into a green-flag run.
	2.	Mid-run pace
Gibbs doesn’t always fire off fast but tends to build pace into a run, which is ideal here. This puts him in great position to pass competitors fading on worn tires.
	3.	Avoiding chaos
This is a survival race. Lapped traffic, restarts, and loose exits off Turn 2 are constant dangers. Gibbs’ recent composure (like at Sonoma) will be crucial to staying clean and capitalizing late.

Matchup Outlook:
	•	Facing Tyler Reddick — aggressive, risk-heavy driver.
	•	Gibbs likely wins by being the cleaner, more strategic racer — especially if Reddick burns tires or overdrives corners.


Indianapolis Motor Speedway (Oval) – Championship Final

Track Traits:
	•	2.5-mile flat rectangle – long straightaways and tight 90-degree corners
	•	Drafting crucial on straights; braking and exit precision in corners even more so
	•	Track position = king — clean air wins races here

Ty Gibbs at Indy (Oval):
	•	Limited Cup experience here, but strong in Xfinity (Top 5s)
	•	Joe Gibbs Racing typically brings fast cars to Indy (Kyle Busch wins in past)
	•	His recent qualifying strength could put him up front — vital at this track

Winning Formula:
	1.	Qualify well, stay up front
Passing is hard — Gibbs must get in the first two rows and control the race from the front.
	2.	Short-pit smartly
Indy can flip on pit cycles. If Gibbs’ crew nails a short-pit strategy under green or times a caution right, he can gain multiple spots.
	3.	Handle pressure
One-on-one in a million-dollar final. If Gibbs reaches here, he’ll likely face someone like William Byron or Christopher Bell. He must stay mistake-free, particularly on restarts — restarts at Indy can make or break the race.

Strength Advantage:
	•	Gibbs has shown a killer instinct in bracket matchups, where head-to-head focus favors mentally tough drivers.
	•	If his crew executes and he keeps composure under pressure, he doesn’t need to dominate — just beat his opponent.

⸻

Final Thought:

At Dover, it’s all about tire discipline and rhythm. At Indy, it’s about track position and mistake-free execution. Gibbs is maturing fast, and if he sticks to this formula, he’s perfectly positioned to close out the In‑Season Challenge with $1 million in hand.",2025-07-16
t3_1m2dgp2,Denny Hamlin’s 2025 Bob’s Discount Furniture Paint Scheme,https://www.reddit.com/r/nascar/comments/1m2dgp2/,/u/Dmacthegoat,2025-07-17 17:19:02+00:00,,2025-07-17
t3_1m2dj51,Denny Hamlin’s 2025 Bob’s Discount Furniture Paint Scheme,https://www.reddit.com/r/nascar/comments/1m2dj51/,/u/Dmacthegoat,2025-07-17 17:21:36+00:00,,2025-07-17
t3_1m32f0s,2025 Master List Of Nascar Podcasts,https://www.reddit.com/r/nascar/comments/1m32f0s/,/u/Fast-Loud,2025-07-18 13:31:23+00:00,"I wanted to put one of these together, I'll start off with the few that I know and I'll add anything that you guys comment.

___

*Active*:

**Dale Jr. Download** // Dale Earnhardt Jr (former Cup driver and Hall Of Famer, current Jr. Motorsports Xfinity Series team owner), TJ Majors (Brad Keselowski's spotter), Dalton Greco (Dirty Mo Media Social Media), Andrew Kurland (Dirty Mo Media Content Creator)

**Actions Detrimental With Denny Hamlin** // Denny Hamlin (Cup driver for the #11 car), Jared Allen (Digital Media Specialist at PROSPORT Management), Dalton Greco (Dirty Mo Media Social Media)

**The Teardown** // Jeff Gluck and Jordan Bianchi (sports writers for The Athletic)

**Door Bumper Clear** // Freddie Kraft (Bubba Wallace's spotter), Tommy Baldwin Jr (Rick Ware Racing's competition director), Karsyn Elledge (Cars Tour's Content Marketing and Partnership Director

**Kevin Harvick's Happy Hour** // Kevin Harvick (former Cup champion driver and current Fox commentator), Kaitlyn Vincie (Fox Sports reporter), Dylan ""Mamba"" Smith (Nascar analyst, former Nascar mechanic)

___

**Inactive**:

**Glass Case Of Emotion** // Ryan Blaney (Cup driver), Kim Coon (Pit Reporter), Chuck Bush (Media Producer for Nascar)",2025-07-18
t3_1m59olb,Best Cup Driver to Never Win the Cup,https://www.reddit.com/r/nascar/comments/1m59olb/,/u/reallymkpunk,2025-07-21 04:40:12+00:00,"Alright so there are about three Cup drivers that I can call the best cup driver to never win the cup. Two are retired and one still could get of that list. Mark Martin, Carl Edwards and Denny Hamlin.",2025-07-21
t3_1m5fv61,"The Day After the Races - July 21, 2025",https://www.reddit.com/r/nascar/comments/1m5fv61/,/u/NASCARThreadBot,2025-07-21 11:00:05+00:00,"Welcome to this week's Day After the Races thread! The dust has settled, the track has cooled, and the confetti's been swept.  With this weekend's activities over, what are your thoughts?  Here's a summary of the previous week's race(s):

---

[NCS](#theNCS)[](#trackDover) ***Autotrader EchoPark Automotive 400 at Dover Motor Speedway***

**Elapsed Time**: 3:40:18 for 407 laps (407&nbsp;mi / 655&nbsp;km)

**Cautions**: 8 cautions for 50 laps

**Leaders**: 13 lead changes among 10 leaders (Chase Elliott led most with 238)

**Stage 1**: Chase Elliott at 120 Laps

**Stage 2**: Christopher Bell at 250 Laps

**Race Winner**: Denny Hamlin at 407 Laps

[Current Standings at NASCAR.com](http://www.nascar.com/standings/nascar-cup-series)

**Race Threads**: [[Pre](/r/NASCAR/comments/1m4pmpz/prerace_discussion_thread_ncs_autotrader_echopark/)]:[[Race](/r/NASCAR/comments/1m4tzyv/race_thread_ncs_autotrader_echopark_automotive/)]:[[Post](/r/NASCAR/comments/1m52ro7/postrace_discussion_thread_ncs_autotrader/)]

---

[NXS](#theNXS)[](#trackDover) ***BetRivers 200 at Dover Motor Speedway***

**Elapsed Time**: 1:15:51 for 134 laps (134&nbsp;mi / 215.65&nbsp;km)

**Cautions**: 3 cautions for 18 laps

**Leaders**: 4 lead changes among 4 leaders (Connor Zilisch led most with 77)

**Stage 1**: Taylor Gray at 45 Laps

**Stage 2**: Connor Zilisch at 90 Laps

**Race Winner**: Connor Zilisch at 134 Laps

[Current Standings at NASCAR.com](http://www.nascar.com/standings/xfinity-series)

**Race Threads**: [[Race](/r/NASCAR/comments/1m44tcu/race_thread_nxs_betrivers_200_at_dover_motor/)]:[[Post](/r/NASCAR/comments/1m49oyy/postrace_discussion_thread_nxs_betrivers_200_at/)]",2025-07-21
t3_1m61hx8,Picture help!,https://www.reddit.com/r/nascar/comments/1m61hx8/,/u/MasterOrokuSaki,2025-07-22 01:47:45+00:00,"I’ve run out of ways to find this so I’m hoping someone on here will be able to help:

In 2014 I participated in a Autism Speaks campaign and my name was displayed on Denny Hamlin’s car - I recently remembered that I did this and found the email I was sent, however the link doesn’t work anymore and I would really like to find a picture of the car showing my name.

The only pictures I can find are blurry, like the one I included, and you can’t make out the names - mine would have been around the gas tank. The race was the FedEx 400 Benefiting Autism Speaks on June 1, 2014 at Dover International Speedway.

I’ve contacted Lionel who said their records don’t go back that far and the Denny Hamlin website who said they had no way of accessing the information for me. I don’t really want to reach out to Autism Speaks because they have more important things to deal with.

TL;DR: Need non-blurry pictures of Denny Hamlin’s Autism Speaks car that he drove during the FedEx 400 Benefiting Autism Speaks on June 1, 2014 at Dover International Speedway that specifically shows the left rear quarter panel where the gas tank is located so I can find my name in the puzzle pieces.

Thank you!",2025-07-22
t3_1m7rlzq,Writeup Wednesday Every Week Until the 2025 Championship Weekend #22: Ty vs Ty For A Place in History,https://www.reddit.com/r/nascar/comments/1m7rlzq/,/u/bruhmoment2248,2025-07-24 01:43:18+00:00,"Originally, I was gonna write about NASCAR’s crown jewel events given that it’s Brickyard 400 week. But then I thought to myself, “people who happen to read this stuff every week knows what they are, let’s talk about something else for a change”. And oh boy do we have the showdown of a generation on our hands this weekend in Indianapolis. Let’s talk about it.

'

[no don't pinch yourselves, these really are the final 2 left for the ISC trophy](https://preview.redd.it/854xu6tm6qef1.png?width=1280&format=png&auto=webp&s=16c99e8a439d022ea9b93d5abb31b9234f8e2bad)

'

# It All Comes Down to This

If you placed a bracket for the In-Season Challenge about a month ago, you might remember that it exists this weekend when all interested eyes gaze upon the final round matchup that will net either Matt Kaulig or Joe Gibbs a million dollars: Ty Dillon vs Ty Gibbs. 2 drivers that are on opposite ends of the playoff cutoff and of the bracket will have a chance to proclaim themselves the first champion of NASCAR’s version of a knockout tournament.

'

So let’s take a look at our remaining contestants and their paths to the Brickyard, shall we?

'

# Tyrone Dillon

[honestly, who had Ty Dillon even making it out of the FIRST round?](https://preview.redd.it/anz8i00t6qef1.png?width=2560&format=png&auto=webp&s=cc7700450d7c18cacf7b4ac908feedb29b1e87de)

'

The name “Dillon” understandably brings up instant feelings of anger in some NASCAR fans, but for the most part that sentiment’s been shared about elder brother Austin. In reality, the younger of the two grandsons of Childress has taken a different route than what people thought he would. Yes, he took rides in the lower series with his grandfather’s team in both the Xfinity and Truck Series, leading many to file Ty Dillon in the same ranks of nepotism with Austin.

'

However, this is where brothers differ; while Austin got a cushy ride with Kevin Harvick’s old team and a number once thought to be gone forever from the highest level of stock car racing, Ty chose to go the underdog route with Germain Racing in their final years. While he didn’t do much of note in that car compared to his predecessors (then again, WHO did in that car?), Dillon did nab a few stage wins here and there, one of them on the Charlotte ROVAL on pure pace.

'

[\\""That damn Ty Dillon looks like Lewis Hamilton out there!\\""](https://preview.redd.it/kvar4cr37qef1.png?width=2048&format=png&auto=webp&s=5854e6d72986c0c3ccc5e8b0a2ee00b21f24a028)

'

It was this sleeper road course talent flashing for a brief few moments and his career-long commitment to racing in not-heavily funded cars that’d be the precursor to the underdog run Tyrone’s been on in the last month or so.

'

Having just barely qualified for the In-Season tournament by way of points and SVG not having won a road course race yet, Ty was slotted as the 32nd seed: dead last. That meant he’d be matched up with the outright #1 seed in Denny Hamlin, who everyone (including me) expected to have a cupcake walk into the final. Most didn’t even bother to write him off because there wasn’t anything TO write off about Ty this season, considering he’d been pretty quiet in the Kaulig #10 car all season long and had only put up a best finish of 12th at Texas before race 18 at Atlanta. Then, the big one struck on lap 69 of 260. 

'

[#1 seed upsets happen in most other sports, but for this to happen in the FIRST race is just the epitome of the run Hamlin's had with trophies in his career](https://preview.redd.it/09qe2bb87qef1.png?width=1200&format=png&auto=webp&s=b24e381bfa21f1dfd72baa645c5186e75a5e577d)

'

Hamlin got collected in the big one and had no chance of repairing his car enough to beat Ty's 8th place finish at Atlanta. Ty’s next opponent Brad Keselowski got caught up in the early Carson Hocevar wreck at Chicago, while Dillon got 20th. A hail mary for 17th place to get past Alex Bowman in the final corners at Sonoma put Dillon through to the final 4 to face John Hunter Nemechek. Ty needed the rains to dissipate in Dover to have a chance to get past JHN, and when the skies cleared, Dillon got past the Legacy driver to set himself up for a matchup with his younger namesake: the reincarnation of the Lord.

'

# Jesus Christ Himself

[does he regret those 2022 comments? I wonder...](https://preview.redd.it/ij6hlaeo7qef1.png?width=1200&format=png&auto=webp&s=656e149b3eb6255e5130b88b8ed2b80981a8da12)

'

Much like with Dillon’s brother, the newest generation of Gibbs has certainly ruffled a lot of feathers in his brief time in professional stock cars. Considering who his grandfather is, the negative sentiments of nepotism are sure to seep throughout the minds of many race fans, and it certainly has since his debut. But make no mistake about it, Ty Gibbs put the extra advantages to good use, winning in almost everything he’d stepped into prior to making the Cup Series including his first ever Xfinity Series start on the Daytona 24 hour course in 2021 at just 18 years old.

'

[don't let the Cup Series return to the Daytona road course either, Gibbs has a good shot at victory in NASCAR's next outing on that layout](https://preview.redd.it/b62op6gu7qef1.png?width=970&format=png&auto=webp&s=053d992c835da74173db857c8d553e969bef92af)

'

The domination continued in his further part-time starts, and with the kind of winning he was doing at that young age against drivers who work for sometimes entire careers to get even ONE win brings about criticism from the highest and lowest places. As Gibbs continued to keep blowing the doors off his competition and continually drew ire from said competition on the track, it seemed as though nothing could stop the third-generation driver from absolutely conquering the Cup Series when he got the seat from Kyle Busch’s bizarre departure from JGR.

'

And then… tragedy at the worst time.

'

[he didn't realize yet, but Ty peaked at this moment \(as of now\) celebrating the title](https://preview.redd.it/4mih7ug38qef1.png?width=640&format=png&auto=webp&s=6a20ad9caab47b5afa39a30a716233f786ee73a6)

'

Not even 12 hours after winning the Xfinity Series championship in 2022, Gibbs’ father Coy passed away in his sleep to the shock of everyone in Phoenix and the stock car world. Naturally, Ty was the hardest hit by this and withdrew from his substitute role for 23XI in the 2022 Cup Series’ season finale. Of course, he’d come back as a full-time rookie for 2023, but something seemed different about Ty as a Cup Series driver. Perhaps it was the full-time adjustment to what are essentially sports cars with open wheel underbodies compared to driving the Xfinity cars, but his 2023 season was disappointing considering expectations from the lower series at his pace.

'

While he made the playoffs in 2024 and seemed to run better compared to his first season, that elusive first win has still not come to fruition. However, Gibbs’ run through the In-Season tournament mirrors Dillon’s in that his run of form throughout the seeding races and the ISC go against his run of results from the first half of the season, of which Gibbs posted a best of 9th at Darlington. A 3rd place finish at Mexico City and 2 subsequent top 15s at Michigan and Pocono put him as the 6th seed on the right side of the bracket, matched up with 27th seeded Justin Haley.

'

[it was at this juncture that the younger Ty proceeded to lock in...](https://preview.redd.it/s6ggafme8qef1.png?width=1600&format=png&auto=webp&s=de053ae658e001bbedcf82e08c974d787bc5519d)

'

Gibbs managed to avoid the big wreck AND finish on the lead lap, the latter of which Haley could not, and Gibbs finished 14th; it’d be his worst finish of the 4 ISC races run so far. A runner-up finish to the dominant SVG in Grant Park got him past noted road course ace AJ Allmendinger. A 7th place finish at Sonoma put Gibbs ahead of the late-race spins that Zane Smith couldn’t avoid, and a 5th place result at Dover over Tyler Reddick’s 12th place effort saw Gibbs on the TNT post-race panel with Dillon as the 2 finalists for the inaugural In-Season Challenge. 

'

[yeah I didn't have Gibbs going far on my unsubmitted bracket either, I'll admit](https://preview.redd.it/tamalz326qef1.png?width=1024&format=png&auto=webp&s=6dbcfde29dd8d59563b5988fc2c0e0a395c696b6)

'

# The Brickyard Awaits

But in the end, what will this all mean? The In-Season Challenge lost a lot of hype after that big wreck in Hampton, but it’s allowed stories to be told that wouldn’t normally see the light of day compared to storylines like the playoffs that we constantly hear about at this point in the schedule. 

'

In the case of Dillon, he’s been a direct beneficiary of the in-season tournament in terms of exposure (that’s a real quote from today’s 12 Questions article btw, great timing Gluck). The midfield in NASCAR has never been livelier than in the Next Gen era, and more teams are able to squeak out decent runs on pace than ever before, with almost NONE of the coverage that the big teams and perennial front-runners get. 

'

In the case of Gibbs, while a first race win would absolutely be a MUCH better morale boost after a rough initial 2.5 years in Cup, winning the In-Season tournament could absolutely galvanize the #54 team for a deeper playoff push than their disappointing round of 16 exit from a year ago yielded, along with a first major trophy since the Xfinity Series one he only got to celebrate for a few hours.

'

No matter what way you look at it, history will be made at Indianapolis on Sunday. And no matter what, the trophy will have “Ty” inscribed on it. Whether it’s of youth or experience that gets to hoist the cup after 400 miles… remains to be seen.

'

[we will be there.](https://preview.redd.it/oho9er9h6qef1.png?width=201&format=png&auto=webp&s=3b2d0da35e84baf1111a12da7cb41662c93e15f4)

'

# Next Week...

Speaking of that Athletic article, Dillon mentioned something interesting about how tracks should keep their place on the schedule...",2025-07-24
t3_1m86sfj,"On This Day 3 years ago at Pocono, Denny Hamlin would end up winning this race and then he would be disqualified along with teammate Kyle Busch, who finished 2nd",https://www.reddit.com/r/nascar/comments/1m86sfj/,/u/Dmacthegoat,2025-07-24 15:03:11+00:00,Plus we would have the battle between Denny and Ross,2025-07-24
t3_1m91l9w,[Joe Gibbs Racing] Multi-year extension for Denny Hamlin announced,https://www.reddit.com/r/nascar/comments/1m91l9w/,/u/jjarg24,2025-07-25 15:04:47+00:00,,2025-07-25
t3_1m91oz1,[@BobPockrass] JGR announces that Denny Hamlin has signed a multiyear contract extension to remain with the team.,https://www.reddit.com/r/nascar/comments/1m91oz1/,/u/[deleted],2025-07-25 15:08:45+00:00,[deleted],2025-07-25
t3_1m93fq2,BREAKING NEWS,https://www.reddit.com/r/nascar/comments/1m93fq2/,/u/1skiptrotter,2025-07-25 16:14:41+00:00,"Debny Hamlin signs multi-year extension to continue piloting the No. 11 Toyota for Joe Gibbs Racing. 

you might hate him, but you'll miss him once the helmet is collecting dust on the shelf. ",2025-07-25
t3_1m965r4,"[Frontstretch] Who knows, but [it's] most likely [my final extension]."" Denny Hamlin revealed that this could be his final Joe Gibbs Racing contract extension and laid out what he wants to accomplish in the next few years in NASCAR”",https://www.reddit.com/r/nascar/comments/1m965r4/,/u/Dmacthegoat,2025-07-25 17:57:49+00:00,,2025-07-25
t3_1m9j18g,"In light of Chase's comments, we have truly lost so many fun season long battles and storylines that would have generated more interest than the playoffs. Here is a look at what could have been...",https://www.reddit.com/r/nascar/comments/1m9j18g/,/u/LowLocation2588,2025-07-26 03:22:03+00:00,"Yeah yeah yeah different system creates different scenarios but doesn't change the speed these guys would have in a season, meaning they all would still be relatively close for a full season to allow these storylines to develop, even if one guy pulled away late. Also, most of these would have been tossups in a season long format.


*2004*

Maybe the biggest of them all. Jeff Gordon, Jimmie Johnson, and Dale Jr all traded the points lead in 2004. It would have been a legendary season long battle throughout the Summer with these 3, with it all coming down to Gordon and Johnson in the end. Master vs Student. Gordon vs Earnhardt one more time. The sports 2 biggest stars and the sports next big thing all battling it out would have been epic.

*2005*

Stewart dominates as others struggle. 


*2006*

Jimmie Johnson and Matt Kenseth were evenly matched all year. It came down to the final race in the Chase and likely would have come down to the final race in a season long format. Johnson beat Kenseth by 56 points in the Chase and 4 points in season long

*2007*

While it might not have been such a big battle points wise (with Gordon having a commanding 400+ point lead at the start of the Chase and a 350 point lead by the end despite Johnson winning 4 in a row) the storyline would have once again been Gordon vs Johnson in another epic duel with Gordon once again prevailing over his protege. 

*2008*

A three horse battle with Johnson vs Edwards vs Busch, Chevy vs Ford vs Toyota, would have been NASCARs dream with each manufacturer being represented. These three combined for 24 wins. Despite Busch fading late, Johnson and Edwards would have battled to the very end, with Edwards having a mere 16 points over Johnson. 

*2009*

This was the year of HMS (and Tony Stewart) as Johnson, Martin, and Gordon all were the class of the field week in and week out. The storylines would have wrote themselves. Can Mark Martin finally win a title? If Johnson failed to win in years past, could he finally claim a cup championship? Can Jeff Gordon win a potential 5th/6th/7th title? Could Tony Stewart finally dethrone the years of HMS dominance? 

*2010*

The arrival of Kevin Harvick that we know today and return of RCR. While not an intriguing points battle, it would have been nice to see RCR return to the mountain top essentially 10 years from Dale's passing and also set's up next years storyline...

*2011*

While nothing could replace the best Chase/Playoff in NASCAR history, the 2011 season long battle would have been great. Many don't remember that this season wasn't just Edwards vs Stewart, but a host of drivers battling for the points lead throughout the Summer. Johnson, Busch, Edwards, Harvick, Jeff Gordon, Matt Kenseth, and a hard charging Tony Stewart late. All these guys were at one point within 34 points of one another. It was a true up in the air battle all season long. 

*2012*

20 years since the epic 1992 points battle, this could have been the same. Brad Keselowski, Greg Biffle, Jimmie Johnson, Matt Kenseth, Clint Bowyer, Dale Jr all made charges for the title, with 5 of them being right there at the end within 46 points of another. Would have been great to see play out with underdogs and superstars alike battling for it, just like in 92.

*2013*

Johnson vs Harvick once again battling it out as they did in 2010.

*2014*

Perhaps the greatest story never told, Jeff Gordon chasing down Dale and Petty for his 7th title would have dominated the entire season. Despite hard charges from Brad, Harvick, Dale Jr, it would have been Joey Logano who gave Gordon the most fits, with Jeff holding off by 37 points for a potential 7th title. 

*2015*

Kevin Harvick and Joey Logano were the class of the field, with Harvick barely beating Logano by ironically 22 points. Does Logano/Kenseth feud happen in this timeline? Who knows, but Harvick/Logano would have been a season long battle.

*2016*

See above. Once again Harvick vs Logano, with a bit of Kyle Busch and Brad Keselowski. This would be the 3rd year in a row Logano finishes 2nd in season long points battle, with Harvick claiming his 3rd title.

*2017*

Martin Truex Jr puts on one of the most dominating seasons of all time.

*2018*

Kyle Busch vs Kevin Harvick. The class of the field, Kyle Busch finally breaks through for his first title and stops Harvick from getting his 4th. 

*2019*

5 drivers finished within 37 points of one another. Busch, Harvick, Logano, MTJ, and Hamlin. The five guys that defined the mid10s all battling it out amongst each other.

*2020*

Kevin Harvick and Denny Hamlin replay 1998 with Harvick as Jeff Gordon and Hamlin as Mark Martin. In any other season Hamlin does enough for a title, but Harvick was historic with a 7.3 average finish. 

*2021*

Denny Hamlin is once again the bridesmaid. Despite an insane 8.4 average finish and chasing Kyle Larson all year long, Larson's 10 wins puts him on top. 

*2022* 

Chase Elliott holds off the Penske Boys Blaney and Logano, and his own teammate Kyle Larson, and puts together a strong title season with pure consistency. 

*2023*

Byron beats Hamlin by 8 points in a season long format but these two would have battled all year long. Would Hamlin FINALLY capture his title? Would the 24 find its way on top yet again with anyother young phenom? Hamlin's chase would have generated a lot of buzz and interest.

*2024*

Larson/Chase/Byron HMS trio against Bell, all finishing within 51 points of one another. Each HMS guy would have been going for their 2nd title each, and 4th in a row for HMS, would have been major headlines of Bell trying to play spoiler.",2025-07-26
t3_1mach1b,When did Denny Hamlin get this dominant?,https://www.reddit.com/r/nascar/comments/1mach1b/,/u/Beneficial-Tough356,2025-07-27 03:43:32+00:00,"2018 was a wild year for NASCAR. The Big 3 seemed to be unbeatable every week (I think they had over 20 wins but that’s off the top of my head so that could be wrong) and Joey Logano managed to slip in to claim the title. Denny Hamlin went winless that year. 2019, out of the blue he wins 6 races and makes the final 4. 2020, he wins 7 races and makes the final 4 again. Since 2020, the winning has slowed down a bit (14 wins since then) but I feel like he’s been a title threat and even favorite every year since then. I don’t remember him being much of a threat for the title in his younger days. Now, he’s in his mid 40s and is showing no signs of slowing. I think he’s peaking right now- he just won his fourth race of 2025. Why is Denny all of a sudden a title favorite? 
Interesting stat- from 2006 to 2018, Denny won 31 races. From 2019 to 2025, he’s won 27 races. That’s crazy- in 7 years he’s won almost the same amount as he won in his first 13 (14 if you count the starts he made in 2005). 
 ",2025-07-27
t3_1mazotj,"Since losing their charters, 23XI is technically undefeated",https://www.reddit.com/r/nascar/comments/1mazotj/,/u/Technical_Ability_60,2025-07-27 22:36:01+00:00,"Denny Hamlin wins Dover and Bubba wins Indy. Look out for Reddick to win Iowa and Herbst at Richmond

To cap it all off, Corey Heim in the #67 at Daytona",2025-07-27
t3_1mb6exf,Denny Hamlin’s Crown Jewel Sweep.,https://www.reddit.com/r/nascar/comments/1mb6exf/,/u/ieatcrap,2025-07-28 04:05:12+00:00,I would argue that Denny Hamlin has completed the Crown Jewel sweep.  Three as a driver and one as an owner.  Granted I can understand wanting to win all four as a driver but technically he has completed it.  Now as a big time Denny fan I am biased 😈😝,2025-07-28
t3_1mbmunx,"[NASCAR Insights] Regular Season Championship battle: | 1. Chase Elliott: 726 points | 2. William Byron: 722 (-4) | 3. Kyle Larson: 711 (-15) |  4. Denny Hamlin: 706 (-20) | 

This is the closest the top 4 in points have been after 22 races since 2012 (17 points).",https://www.reddit.com/r/nascar/comments/1mbmunx/,/u/US_Highway15,2025-07-28 17:39:32+00:00,https://x.com/NASCARInsights/status/1949874643742994571,2025-07-28
t3_1mbr0na,NASCAR 25’ Driver Ratings Predictions,https://www.reddit.com/r/nascar/comments/1mbr0na/,/u/22jburns,2025-07-28 20:14:15+00:00,"These are overall ratings like many sports games possess.

Kyle Larson: 94
Denny Hamlin: 94
Christopher Bell: 91
Ryan Blaney: 90
William Byron: 88
Joey Logano: 88
Tyler Reddick: 87
Chase Elliott: 86
Ross Chastain: 85
Chris Buescher: 84
Brad Keselowski: 83
Kyle Busch: 83
Chase Briscoe: 80
Alex Bowman: 80
Erik Jones: 79
Bubba Wallace: 77
Carson Hocevar: 77
Ryan Preece: 77
Ty Gibbs: 77
Austin Cindric: 77
Ricky Stenhouse Jr: 76
Aj Allmendinger: 76
Michael McDowell: 76
Josh Berry: 75
John Hunter Nemechek: 75
Daniel Suarez: 75
Zane Smith: 74
Todd Gilliland:74
Noah Gragson: 74
Shane Van Gisbergen: 73
Justin Haley: 73
Austin Dillon: 73 
Cole Custer: 73
Ty Dillon: 72
Riley Herbst: 70
Cody Ware: 67



Thoughts? Who is too high or too low? What do you agree with or disagree with? ",2025-07-28
t3_1mbuhbx,"[Actions Detrimental 51 min] Denny Hamlin: “If we get a legit championship format, I might drive longer (past his 2 year contract)”",https://www.reddit.com/r/nascar/comments/1mbuhbx/,/u/LBHMS,2025-07-28 22:29:40+00:00,,2025-07-28
t3_1mcqq8v,The average finishing position of the top 5 best finishers each year has worsened nearly 2.5 spots since the Next Gen debut,https://www.reddit.com/r/nascar/comments/1mcqq8v/,/u/Dark_Knight2000,2025-07-29 23:16:35+00:00,"The level of parity that the Next Gen car has created means that the Top 5 best finishers each season cannot be as dominant. Therefore the average finishing position of the Top 5 guys with the best average finish each season has dropped from 10.3-12.7 going from the late Gen 6 to 7.

Also, the best driver finishing position of every driver who's driven every race from 2017-now is Denny Hamlin with 10.2, the second best are Joey Logano and Kyle Busch tied with 12.3.

Data source: [lapraptor.com](http://lapraptor.com)",2025-07-29
t3_1mf32i6,Show me your NASCAR  collection!,https://www.reddit.com/r/nascar/comments/1mf32i6/,/u/NefariousnessLimp429,2025-08-01 17:43:15+00:00,"I want to view your diecast setups! Part of my collection includes Kyle Larson's Richmond win, Denny Hamlin's Bristol win, Alex Bowman’s Chicago Street Course win, Buescher’s 2023 Castrol scheme, Blaney’s 2023 BodyArmor, Alex Bowman 2024 Throwback, and Chastain’s 2023 peach car.. I also ordered the 2002 primary scheme, 1997 Terry Labonte Universal Monsters die cast and Kyle Larson Funko pop, so I will be getting that eventually. What about your collection?

",2025-08-01
t3_1mf9s5i,"With Cadillac joining F1 in 2026 along with Ford and Toyota officially, do you think we’ll see some F1 races with NASCAR drivers taking part in Free practice? I think such a thing would help NASCARs global popularity they seem to seek. Hendrick-Cadillac, JGR->Toyota(HAAS), Penske-RB",https://www.reddit.com/r/nascar/comments/1mf9s5i/,/u/Kurt_Wylde35,2025-08-01 22:08:47+00:00,"Let me know your thoughts. I know Andretti has a big part in Cadillac and Jeff Gordon and Andretti are pretty close friends, no way a name like Gordon couldn’t pull some strings and get some Hendrick guys some seat time at one of the many US Gran Prix’s. Red Bull F1 already collab with NASCAR last year, then with Toyota officially being a part of HAAS I’m sure a rich kid like Ty Gibbs or a experienced vet like Denny Hamlin could get behind the wheel of a F1 car especially if you have a big name like Micheal Jordan backing it. ",2025-08-01
t3_1mg06ps,Fastest laps this season,https://www.reddit.com/r/nascar/comments/1mg06ps/,/u/Inevitable_Catch_566,2025-08-02 20:18:04+00:00,"

Trucks: 

Corey Heim: 6 (Martinsville, Rockingham, Charlotte, Nashville, Lime Rock Park, IRP)

Layne Riggs: 3 (Daytona, Kansas, Pocono)

Carson Hocevar: 2 (Texas, Kansas)

Tanner Gray: 1 (Atlanta)

Ty Majeski: 1 (Las Vegas)

Ross Chastain: 1 (Homestead)

Kyle Larson: 1 (Bristol)

Chandler Smith: 1 (North Wilkesboro)

Kaden Honeycutt: 1 (Michigan) 

- Layne Riggs & Carson Hocevar both had the fastest lap at Kansas (31.081 sec)


Xfinity: 

Justin Allgaier: 5 (Phoenix, Homestead, Texas Charlotte, Nashville)

Jeremy Clements: 2 (Daytona, Talladega)

Shane Van Gisbergen: 2 (Chicago, Sonoma)

Christian Eckes: 1 (Atlanta)

Carson Kvapil: 1 (COTA)

Connor Zilisch: 1 (Las Vegas)

Sammy Smith: 1 (Martinsville)

Taylor Gray: 1 (Darlington)

Kyle Larson: 1 (Bristol)

Ryan Sieg: 1 (Rockingham)

Ty Gibbs: 1 (Mexico City)

Chase Elliott: 1 (Pocono)

Austin Hill: 1 (Atlanta 2)

Brandon Jones: 1 (Dover)

Sam Mayer: 1 (Indy)


Cup: 

Denny Hamlin: 6 (Martinsville, Charlotte, Nashville, Pocono, Dover, Indy)

Michael McDowell: 3 (Daytona, Phoenix Talladega, 

Kyle Larson: 3 (COTA, Kansas, Mexico City)

Aj Allmendinger: 2 (Atlanta, Bristol)

Tyler Reddick: 2 (Las Vegas, Chicago)

William Byron: 2 (Darlington, Michigan)

Bubba Wallace: 1 (Homestead)

Carson Hocevar: 1 (Texas)

John Hunter Nemechek: 1 (Atlanta 2)

Justin Haley: 1 (Sonoma) ",2025-08-02
t3_1mg0abm,Fastest laps this season,https://www.reddit.com/r/nascar/comments/1mg0abm/,/u/Inevitable_Catch_566,2025-08-02 20:22:26+00:00,"

Trucks: 

- Corey Heim: 6 (Martinsville, Rockingham, Charlotte, Nashville, Lime Rock Park, IRP)

- Layne Riggs: 3 (Daytona, Kansas, Pocono)

- Carson Hocevar: 2 (Texas, Kansas)

- Tanner Gray: 1 (Atlanta)

- Ty Majeski: 1 (Las Vegas)

- Ross Chastain: 1 (Homestead)

- Kyle Larson: 1 (Bristol)

- Chandler Smith: 1 (North Wilkesboro)

- Kaden Honeycutt: 1 (Michigan) 

- Layne Riggs & Carson Hocevar both had the fastest lap at Kansas (31.081 sec)


Xfinity: 

- Justin Allgaier: 5 (Phoenix, Homestead, Texas Charlotte, Nashville)

- Jeremy Clements: 2 (Daytona, Talladega)

- Shane Van Gisbergen: 2 (Chicago, Sonoma)

- Christian Eckes: 1 (Atlanta)

- Carson Kvapil: 1 (COTA)

- Connor Zilisch: 1 (Las Vegas)

- Sammy Smith: 1 (Martinsville)

- Taylor Gray: 1 (Darlington)

- Kyle Larson: 1 (Bristol)

- Ryan Sieg: 1 (Rockingham)

- Ty Gibbs: 1 (Mexico City)

- Chase Elliott: 1 (Pocono)

- Austin Hill: 1 (Atlanta 2)

- Brandon Jones: 1 (Dover)

- Sam Mayer: 1 (Indy)


Cup: 

- Denny Hamlin: 6 (Martinsville, Charlotte, Nashville, Pocono, Dover, Indy)

- Michael McDowell: 3 (Daytona, Phoenix Talladega, 

- Kyle Larson: 3 (COTA, Kansas, Mexico City)

- Aj Allmendinger: 2 (Atlanta, Bristol)

- Tyler Reddick: 2 (Las Vegas, Chicago)

- William Byron: 2 (Darlington, Michigan)

- Bubba Wallace: 1 (Homestead)

- Carson Hocevar: 1 (Texas)

- John Hunter Nemechek: 1 (Atlanta 2)

- Justin Haley: 1 (Sonoma) ",2025-08-02
t3_1mg4rut,Fastest laps this season,https://www.reddit.com/r/nascar/comments/1mg4rut/,/u/Inevitable_Catch_566,2025-08-02 23:44:34+00:00,"
Trucks: 

- Corey Heim: 6 (Martinsville, Rockingham, Charlotte, Nashville, Lime Rock Park, IRP)

- Layne Riggs: 3 (Daytona, Kansas, Pocono)

- Carson Hocevar: 2 (Texas, Kansas)

- Tanner Gray: 1 (Atlanta)

- Ty Majeski: 1 (Las Vegas)

- Ross Chastain: 1 (Homestead)

- Kyle Larson: 1 (Bristol)

- Chandler Smith: 1 (North Wilkesboro)

- Kaden Honeycutt: 1 (Michigan) 

- Layne Riggs & Carson Hocevar both had the fastest lap at Kansas (31.081 sec)


Xfinity: 

- Justin Allgaier: 5 (Phoenix, Homestead, Texas Charlotte, Nashville)

- Jeremy Clements: 2 (Daytona, Talladega)

- Shane Van Gisbergen: 2 (Chicago, Sonoma)

- Christian Eckes: 1 (Atlanta)

- Carson Kvapil: 1 (COTA)

- Connor Zilisch: 1 (Las Vegas)

- Sammy Smith: 1 (Martinsville)

- Taylor Gray: 1 (Darlington)

- Kyle Larson: 1 (Bristol)

- Ryan Sieg: 1 (Rockingham)

- Ty Gibbs: 1 (Mexico City)

- Chase Elliott: 1 (Pocono)

- Austin Hill: 1 (Atlanta 2)

- Brandon Jones: 1 (Dover)

- Sam Mayer: 1 (Indy)

- Ross Chastain: 1 (Iowa) 


Cup: 

- Denny Hamlin: 6 (Martinsville, Charlotte, Nashville, Pocono, Dover, Indy)

- Michael McDowell: 3 (Daytona, Phoenix Talladega, 

- Kyle Larson: 3 (COTA, Kansas, Mexico City)

- Aj Allmendinger: 2 (Atlanta, Bristol)

- Tyler Reddick: 2 (Las Vegas, Chicago)

- William Byron: 2 (Darlington, Michigan)

- Bubba Wallace: 1 (Homestead)

- Carson Hocevar: 1 (Texas)

- John Hunter Nemechek: 1 (Atlanta 2)

- Justin Haley: 1 (Sonoma) ",2025-08-02
t3_1mgzx2x,Chassis Setup Philosophy at Iowa Speedway?,https://www.reddit.com/r/nascar/comments/1mgzx2x/,/u/Feeling-Being9038,2025-08-04 01:03:45+00:00,"Iowa’s always felt like one of those tracks that defies easy categorization.

It measures as a short track (0.875 mi), but it often drives more like a compact intermediate, fast entry speeds, progressive banking, wide transitions, and a rhythm that usually rewards stability, throttle control, and aero balance over long green flag runs.

That said, today’s race was a different beast altogether.
Tons of cautions, late race chaos, restarts stacked on restarts. If you showed up expecting long green cycles, you likely had to pivot mid race.

Given that many teams use their short track chassis pool for both true short tracks and road courses, I’m curious,

Where do most teams begin setup-wise for Iowa?
	
Are you starting with a short track chassis and scaling it up with intermediate style grip and exit balance?
	
Or bringing in an intermediate platform and bolting on short track brakes, quicker steering, and mechanical bite?

Also curious how you approach steering rack selection, especially given how much this track shifts depending on how clean or chaotic the race is. Do teams go with a tighter road course style rack for precision and rotation? Or favor something more forgiving in dirty air and traffic?

No one size fits all answer expected. Just curious where most operations draw the line when it comes to categorizing Iowa, and how much today’s caution heavy race upended the baseline plan.

Would love to hear from anyone who’s had to make similar calls, or twisted a wrench at a race or chassis shop.
",2025-08-04
t3_1mi2ftj,Who are y’all top 5 best drivers in cup right now,https://www.reddit.com/r/nascar/comments/1mi2ftj/,/u/Willclaritycome0320,2025-08-05 07:12:41+00:00,"My opinion (Byron fan)
1. Denny Hamlin
2. Kyle Larson
3. William Byron
4. Christopher Bell
5. Ryan Blaney",2025-08-05
t3_1mir6bz,Denny Hamlin on Jordan Bianchi's recent comments defending the playoffs:,https://www.reddit.com/r/nascar/comments/1mir6bz/,/u/Mellow200,2025-08-06 01:10:45+00:00,,2025-08-06
t3_1mjnbv9,How We Could Improve the NASCAR Points and Playoff Format,https://www.reddit.com/r/nascar/comments/1mjnbv9/,/u/Dan_Larsen34,2025-08-07 01:47:28+00:00,"Hey everyone,

I've been working on a project over the past couple of weeks where I looked into and brainstormed some potential changes that NASCAR could make to improve on the current system that we have. I'll preface what I'm about to share by saying that I would ideally prefer a return to a full season format, or failing that creating something that more closely resembles a ten race Chase with elements of the current playoff system included.

I wrote this article discussing some potential changes that NASCAR could make I think could significantly improve the current points and playoff format here: [https://substack.com/home/post/p-169801212](https://substack.com/home/post/p-169801212)

I broke these down into different categories:

**1) Changes to how points are rewarded during a race:** I suggest two small quality of life changes that I think could improve how we allocate points during a race:

* Doubling the amount of points that a race winner gets over second from 5 to 10, as well as
* Bringing back five bonus points to a driver who leads the most laps during a race

**2) Changes to playoff points rewarded during a race:** As Denny Hamlin and others have discussed, I doubled the amount of playoff points that a driver gets for things that they accomplish during a race. My goal with doing this is to ensure that playoff points more accurately reflect and reward regular season performance than either the current format, or the original Chase. This would mean:

* Winners receive ten playoff points versus five under the current format
* A stage winner receives two playoff points versus one under the current format
* I would also add two bonus points to the driver who leads the most laps during a race
* Playoff points that are rewarded for where you finish during the regular season would stay the same for 5th through 10th, but would increase for the top four finishers to 30 for 1st, 20 for second, 15 for third, and 10 for fourth.

**3) Changes to the playoff format itself:** If NASCAR is going to retain some version of rounds and eliminations, then I suggest the following changes:

* Drivers only earn their playoff points accumulated during the regular season by either finishing in the top ten in points, or by winning multiple regular seasons in the rare instance that it happens like this season with SVG. This is because ""win and you're in"" is enough of a reward for winning a race on its own. We shouldn't be giving them the added bonus of entering the playoffs with similar or more points to someone who finished 20 positions ahead of them in points IMHO.
* At a minimum, there should be a championship round of 3-4 races

To show how these changes would have affected things, I looked at how the regular season standings would have looked last season and this season. I also show how playoff points would have worked under my suggested changes entering the playoffs both last season and this season. As I discuss and show in the article, these potential changes would make it much more likely that the best drivers throughout a given season would actually end up competing for a championship.

Please keep in mind when reading my article that my current audience on Substack are a lot of people who are not as familiar with the sport as those of us in here are. That's why it includes many details surrounding the controversies of last season's playoffs that y'all already know about.

Let me know what y'all think of these ideas. Given that influential people in the sport read what we discuss here, I'm hoping we could potentially come up with a community proposal of sorts to NASCAR for how to improve the current format.",2025-08-07
t3_1mmci98,"Denny Hamlin: ""If We Exclude the Road Courses, I Believe I'm [the Best Driver]"" in NASCAR Right Now",https://www.reddit.com/r/nascar/comments/1mmci98/,/u/LMRacingGuru02,2025-08-10 07:40:09+00:00,,2025-08-10
t3_1mmo0oz,New to watching NASACR - Question,https://www.reddit.com/r/nascar/comments/1mmo0oz/,/u/FastChampionship2628,2025-08-10 17:09:16+00:00,As someone who just started watching after seeing the show on Netflix (NASCAR Full Speed) I am a bit perplexed about Denny Hamlin owning 23XI racing (co-owning I should say) since it could be a conflict of interest - when guys like Tyler Reddick or Wallace beat Hamlin in a race they are essentially beating their boss but Hamlin stands to gain financially whether he wins a race for Joe Gibbs Racing or if someone else from 23XI wins.   Anyone surprised that NASCAR approved this set up?,2025-08-10
t3_1mmwq9h,Fastest laps this season,https://www.reddit.com/r/nascar/comments/1mmwq9h/,/u/Inevitable_Catch_566,2025-08-10 22:55:29+00:00,"
Trucks: 

- Corey Heim: 6 (Martinsville, Rockingham, Charlotte, Nashville, Lime Rock Park, IRP)

- Layne Riggs: 3 (Daytona, Kansas, Pocono)

- Carson Hocevar: 2 (Texas, Kansas)

- Tanner Gray: 1 (Atlanta)

- Ty Majeski: 1 (Las Vegas)

- Ross Chastain: 1 (Homestead)

- Kyle Larson: 1 (Bristol)

- Chandler Smith: 1 (North Wilkesboro)

- Kaden Honeycutt: 1 (Michigan) 

- Andres Perez: 1 (Watkins Glen)

Xfinity: 

- Justin Allgaier: 5 (Phoenix, Homestead, Texas Charlotte, Nashville)

- Jeremy Clements: 2 (Daytona, Talladega)

- Connor Zilisch: 2 (Las Vegas, Watkins Glen)

- Shane Van Gisbergen: 2 (Chicago, Sonoma)

- Christian Eckes: 1 (Atlanta)

- Carson Kvapil: 1 (COTA)

- Sammy Smith: 1 (Martinsville)

- Taylor Gray: 1 (Darlington)

- Kyle Larson: 1 (Bristol)

- Ryan Sieg: 1 (Rockingham)

- Ty Gibbs: 1 (Mexico City)

- Chase Elliott: 1 (Pocono)

- Austin Hill: 1 (Atlanta 2)

- Brandon Jones: 1 (Dover)

- Sam Mayer: 1 (Indy)

- Ross Chastain: 1 (Iowa) 

Cup: 

- Denny Hamlin: 6 (Martinsville, Charlotte, Nashville, Pocono, Dover, Indy)

- Kyle Larson: 4 (COTA, Kansas, Mexico City, Watkins Glen)

- Michael McDowell: 3 (Daytona, Phoenix Talladega, 

- Aj Allmendinger: 2 (Atlanta, Bristol)

- Tyler Reddick: 2 (Las Vegas, Chicago)

- William Byron: 2 (Darlington, Michigan)

- Bubba Wallace: 1 (Homestead)

- Carson Hocevar: 1 (Texas)

- John Hunter Nemechek: 1 (Atlanta 2)

- Justin Haley: 1 (Sonoma) 

- Brad Keselowski: 1 (Iowa)",2025-08-10
t3_1mnqjwn,"2025 LASTCAR Cup, Xfinity, and Truck Playoff Standings (after Watkins Glen)",https://www.reddit.com/r/nascar/comments/1mnqjwn/,/u/TIFUthebestSubreddit,2025-08-11 21:58:36+00:00,"Cup Series Playoff standings (Race 24/26)

1) AJ Allmendinger 3 Losses 496 (19 PP)

2) Riley Herbst 2 Losses 674 (13 PP)

3) Cody Ware 1 Loss 880 (5 PP)

4) Noah Gragson 1 Loss 627 (5 PP)

5) Carson Hocevar 1 Loss 548 (5 PP)

6) Ricky Stenhouse Jr 1 Loss 536 (6 PP)

7) Brad Keselowski 1 Loss 523 (5 PP)

8) Erik Jones 1 Loss 500 (8 PP)

9) Kyle Busch 1 Loss 433 (8 PP)

10) Alex Bowman 1 Loss 417 (6 PP)

11) Joey Logano 1 Loss 416 (7 PP)

12) Ryan Blaney 1 Loss 415 (7 PP)

13) Kyle Larson 1 Loss 394 (10 PP)

14) Ross Chastain 1 Loss 378 (7 PP)

15) Denny Hamlin 1 Loss 331 (7 PP)

16) William Byron 1 Loss 326 (7 PP)

_____________________________________________

17) Cole Custer 673

18) Ty Dillon 614 (1 PP)

19) Shane van Gisbergen 613 (1 PP)

20) Todd Gilliland 537

21) Josh Berry 525

22) Daniel Suarez 521

23) Zane Smith 520

24) Justin Haley 518

25) Michael McDowell 493 (1 PP)

26) Austin Dillon 489

27) John Hunter Nemechek 487

28) Ty Gibbs 447

29) Austin Cindric 445

30) Bubba Wallace 401

_____________________________________________

Other Losers outside top 30 that most likely won't make multiple starts in the playoffs 

33) JJ Yeley 1 Loss 330 (7 PP)

38) Josh Bilicki 1 Loss 216 (6 PP)

44) Connor Zilisch 1 Loss 82 (5 PP)

45) Jimmie Johnson 1 Loss 80 (7 PP)

46) Joey Gase 1 Loss 61 (7 PP)

**___________________________**

Xfinity Playoff standings (Race 23/26)

1) Daniel Dye 2 Losses 450 (14 PP)

2) Christian Eckes 2 Losses 426 (13 PP)

3) Garrett Smithley 1 Loss 568 (7 PP)

4) Anthony Alfredo 1 Loss 556 (6 PP)

5) Parker Retzlaff 1 Loss 548 (7 PP)

6) William Sawalich 1 Loss 518 (7 PP)

7) Dean Thompson 1 Loss 391 (8 PP)

8) Ryan Sieg 1 Loss 388 (7 PP)

9) Taylor Gray 1 Loss 336 (5 PP)

10) Sammy Smith 1 Loss 317 (7 PP)

11) Jesse Love 1 Loss 243 (7 PP)

12) Ryan Ellis 603

_____________________________________________

13) Kyle Sieg 584

14) Blaine Perkins 563

15) Kris Wright 1 Loss 538 (7 PP)

16) Matt DiBenedetto 505

17) Josh Bilicki 453 (1 PP)

18) Jeremy Clements 449

19) Brennan Poole 429

20) Josh Williams 1 Loss 426 (7 PP)

21) Nick Sanchez 404

22) Sheldon Creed 379

23) Greg Van Alst 351

24) Jeb Burton 349

25) Brandon Jones 344

26) Mason Maggio 1 Loss 306 (7 PP)

27) Mason Massey 300

28) Leland Honeyman 296

29) Thomas Annunziata 295

30) Justin Allgaier 291

_____________________________________________

Other Losers that most likely won't make multiple starts in the playoffs 

37) Dawson Cram 1 Loss 217 (7 PP)

40) Justin Bonsignore 2 Losses 191 (14 PP)

48) Logan Bearden 1 Loss 122 (7 PP)

56) Christopher Bell 1 Loss 70 (5 PP)

58) Carson Hocevar 1 Loss 64 (7 PP)

63) Ross Chastain 1 Loss 52 (5 PP)

**___________________________**

Truck series Playoff Standings (race 17/18)

**1) Frankie Muniz 1 Loss 610 (7 PP)**

**2) Kaden Honeycutt 1 Loss 331 (7 PP)**

**3) Layne Riggs 1 Loss 248 (7 PP)**

**4) Chandler Smith 1 Loss 223 (5 PP)**

**5) Toni Briedinger 612 (2 PP)**

**6) Spencer Boyd 565**

7) Jack Wood 413

8) Dawson Sutton 394

9) Connor Mosack 390

10) Matt Mills 384

_____________________________________________

11) Matt Crafton 369

12) Andres Perez de Lara 367

13) Rajah Caruth 337

14) Nathan Byrd 430

15) Norm Benning 3 Losses 407 (22 PP)

16) Stewart Friesen 1 Loss 329 (7 PP)

17) Tanner Gray 327

18) Ben Rhodes 319

19) Cody Dennison 299

20) Gio Ruggerio 289

21) Ty Majeski 264

22) Jake Garcia 256

23) Stephen Mallozzi 3 Losses 235 (21 PP)

24) Grant Enfinger 232

25) Luke Fenhaus 225

26) Tyler Ankrum 222

27) Justin Carroll 218 (1 PP)

28) Daniel Hemric 178

29) Josh Reaume 173

30) Corey Heim 162

_____________________________________________

Other Losers that most likely won't make multiple starts in the playoffs 

33) Parker Kligerman 1 Loss 148 (7 PP)

38) Keith McGee 1 Loss 104 (6 PP)

40) Ryan Roulette 1 Loss 103 (5 PP)

41) Kyle Busch 1 Loss 102 (5 PP)

53) Bryan Dauzat 1 Loss 60 (7 PP)

54) Alex Labbe 1 Loss 59 (6 PP)",2025-08-11
t3_1molpdn,Denny Hamlin:  Next Gen car is hitting COT-level hate from the fans and drivers,https://www.reddit.com/r/nascar/comments/1molpdn/,/u/Batman424242,2025-08-12 21:32:44+00:00,,2025-08-12
t3_1montbe,What to do about Ty Gibbs?,https://www.reddit.com/r/nascar/comments/1montbe/,/u/Old_Possible8977,2025-08-12 22:57:51+00:00,"Let’s be realistic. 100+ races, 3 years of cup, and 0 wins. And now on his radio during Watkins glen he basically gave up and called out his crew chief and their strategy. Even Denny Hamlin at his absolute worst never did stuff like this. He even recently talks about how the team knows more than him and his jobs to drive. Obviously Ty isn’t going anywhere. But being out preformed every week by his teammates, and 23XI on occasion of late (last year Reddick out performed him almost every race) what’s the next step?

Feel like calling out your team over the radio is the worst thing you can do. Not to mention they were BEGGING him to focus and not lose more spots. The funniest part is when his jackman screwed up the stop twice after all this went down. ",2025-08-12
t3_1mop4ud,The Fundamental Problem with the Current Cup Series Product,https://www.reddit.com/r/nascar/comments/1mop4ud/,/u/Dan_Larsen34,2025-08-12 23:54:01+00:00,"I think almost all of us agree that 1) the Next Gen car is fundamentally flawed and is the main problem with the current on-track product, and 2) that the current way the sport determines their champion is wrong.  

What these issues both have in common gets to the core of what I think is wrong with the sport: **NASCAR has created a car and a system that has largely taken the agency that drivers have over what see on the race track away.** 

It's never been harder for cars to pass at most tracks. Part of that is parity related, but it also has to do with fundamental flaws in the design of the Next Gen car like the rear diffuser. As multiple drivers have discussed at length, this car has tilted things far too in favor of the lead car. Add in that tire wear is inconsistent at best because of the wheel/car design and we have a product where track position is almost everything most weeks, especially at the tracks we've seen the Cup Series race at over the summer. 

The tools that drivers used to have in their tool box to try and make passes happen in previous generations of cup series cars have largely been negated or taken away with the Next Gen car. Denny Hamlin has hammered this issue for three years on his podcast, and others have been it calling it out too like Dale Jr. and Kevin Harvick. 

Add in the fact that we have this elimination based playoff system where the regular season doesn't matter enough, AND the races that NASCAR has chosen to include in the playoffs are basically chaos races, and you have a system that doesn't really put the drivers in adequate control of their own destiny. 

NASCAR cannot afford to ignore these problems. I've been a fan of the sport for 25 years. I don't think I've ever seen such a high degree of anger with the current product, especially from the drivers. 

Changes have to happen. A good place for NASCAR to start would be for them to make sure that the drivers are the main determinate in what we see happen on-track. 

Here is my substack article discussing this further if anyone is interested: [https://larsend.substack.com/p/nascars-summer-of-discontent](https://larsend.substack.com/p/nascars-summer-of-discontent)",2025-08-12
t3_1mpog4e,Writeup Wednesday Every Week Until the 2025 Championship Weekend #25: NASCAR's Greatest Rookie Seasons,https://www.reddit.com/r/nascar/comments/1mpog4e/,/u/bruhmoment2248,2025-08-14 02:37:37+00:00,"With SVG’s victory at the Glen this past weekend confirming the Kiwi of having the most wins for a Cup Series rookie, it seems only fitting to see how it stacks up to the greatest rookie seasons the Cup Series has ever seen… let’s talk about it.

'

[BRING BACK THE DAMN ROOKIE STRIPES YOU COWARDS](https://preview.redd.it/7b3yizn3dwif1.png?width=3200&format=png&auto=webp&s=01694d616c8bfb388212eb37f4b2e7a0ec0ad1e2)

'

# Rookie Seasons in NASCAR

The concept of what a rookie is has remained relatively unchanged across sports, apart from that one weird bit in 2017 regarding Ben Simmons, and nowhere do rookies have the chance to shine brighter than in motorsports. Whether being brought up through the ranks of the lower series or crossing oceans to come to drive stock cars, rookie classes in NASCAR always have the potential to push out new talent that dominates proceedings for years to come. 

'

In the case of Shane Van Gisbergen, he’s recently become the winningest Cup Series rookie of all time with his 4th victory of this current season this past weekend at Watkins Glen. Whether or not it’ll yield a top 10 points finish at season’s end remains to be seen, but it already stacks up as one of the Cup Series’ greatest rookie campaigns. Just how does it stack up to THE greatest rookie campaigns of recent memory? 

'

# 1987 Davey Allison

[he had GOAT potential...](https://preview.redd.it/25osn6wz9wif1.png?width=900&format=png&auto=webp&s=1228c9bb45c1d384fc8bd40f8281f4057f7f2884)

'

The future of the Alabama Gang’s lineage in NASCAR, Davey Allison entered the Winston Cup Series with high expectations on his shoulders. Not just from the fact that he bore the surname of one of the greatest stock car drivers of all time, but from the prospect of filling the shoes of another legend in the form of the departing Cale Yarborough from Harry Ranier’s team in the #28 Ford Thunderbird. Allison immediately dispelled all doubt by putting what was essentially a test car on the front row for the 1987 Daytona 500 alongside prime Bill Elliott who put up what remains to this day as the fastest pole lap in 500 history.

'

Miscues in the pits took him out of contention come Sunday afternoon, but when the series went to Talladega later in the spring it marked a turning point in stock car racing forever. The Allison family in particular experienced both ends of it, this being the race that Bobby Allison flew into the catchfence at 200 MPH and also being Davey’s first Winston Cup win in a darkness-shortened race. He proved the win wasn’t a fluke by winning at Dover a month later, becoming the first rookie in Cup history to win multiple races in their rookie season. 

'

[highs of highs and lows of lows in one day](https://preview.redd.it/vt07b1k2awif1.png?width=1000&format=png&auto=webp&s=cfdd32954cce9be9ac76a620755b1eec12183ac5)

'

Despite only starting 22 of the 29 races, Allison’s rookie season was more or less one of a kind, seen as a unicorn of a campaign that no one predicted could be matched. Then along came an open wheel driver trying to learn stock cars…

'

# 1999 Tony Stewart

[ok yall hear me out... this design could have become iconic if it was used](https://preview.redd.it/htl2aci6awif1.png?width=2048&format=png&auto=webp&s=2cf8eb0111d64c65ea93dd601338882b0856d3f1)

'

Formerly a champion in America’s then-newest open-wheel racing league, Tony Stewart made the switch over to NASCAR in 1998 before a move to Joe Gibbs’ new second car for 1999. In an orange and white #20 Home Depot Pontiac, Stewart qualified on the front row for the 1999 Daytona 500 and had a good run of form for the first 2/3rds of the 1999 season. Tony sat 5th in points by the Southern 500 in early September and broke 6 days later for his first Winston Cup win at Richmond with teammate Bobby Labonte right behind in 2nd place for Gibbs’ first ever 1-2 finish.

'

[how heavy is that trophy, my goodness](https://preview.redd.it/lkrvs6oaawif1.png?width=980&format=png&auto=webp&s=90b0952705603a6ef57d0a81eef80f6598afed97)

'

What followed turned Stewart’s season from successful to memorable, putting up consecutive wins in the 3rd-to-last and penultimate races in Phoenix and the inaugural Homestead event to give Stewart 3 wins at season’s end, the most in Cup history to that point. He also put up an average finish of 11 in the final 9 races after Richmond despite finishing 41st at Martinsville that tanked that particular average. Stewart’s only full-time Cup campaign of the 20th century was a sign of things to come in the 21st century, but not just for him.

'

# 2001 Kevin Harvick

[Brett Bodine's spotter was going through it at this time](https://preview.redd.it/kwsox06mawif1.png?width=1024&format=png&auto=webp&s=d4ee673c9a91209fa1f0a83686cbf9e8ea164ca3)

'

Kevin Harvick’s rookie season is one historians will study until the end of time for just how it all unfolded. From the moment Dale Earnhardt’s death was announced at 7 PM in Daytona on Black Sunday, the Bakersfield native’s life changed forever, being tabbed to fill the shoes of a legend with only 3 days’ notice amidst already running a full-time effort in a completely different series. With more eyeballs on him than ever before, Harvick stepped up and became RCR’s new anchor much like Dale had been for nearly 20 years prior. Of course, his first win was as memorable as any of the historic finishes in recent memory.

'

[this is probably on someone's wall rn...](https://preview.redd.it/3xjp1aopawif1.png?width=1200&format=png&auto=webp&s=44aa49cd9f1f02777e60ba814bd960f02d856c72)

'

Despite not racing in the Daytona 500, Harvick put up multiple victories on the year by proceeding to win the inaugural race at Chicagoland one weekend after Dale Jr’s even more cathartic victory at Daytona, and finished out both Cup and Busch campaigns with a Busch Series title and a top 10 points finish in Cup outplacing 16 drivers that started all 36 races that season with 35 starts to his credit.

'

# 2002 Jimmie Johnson

[this design could NOT have become as iconic as the actual one did, glad they changed it in time for 2002](https://preview.redd.it/jvi9ruc4bwif1.png?width=1000&format=png&auto=webp&s=a13bbd28d25acf235ea1ae9a945586d63250f053)

'

In 2000, Hendrick Motorsports signed a relatively unknown ASA driver named Jimmie Johnson for an eventual Cup ride that turned into a full-time effort in a new fourth car that became one of the most iconic in NASCAR’s history. But before Johnson lit up the Cup Series winning titles left and right in the Lowe’s #48 Chevrolet, he started off by winning the pole for his first Daytona 500 start. 10 races later, he was in victory lane in Southern California in only his 13th Winston Cup start. 

'

[ok but for real though how cool is it to win your first race in front of your home crowd](https://preview.redd.it/9h7hf0c0bwif1.png?width=1200&format=png&auto=webp&s=22de9bd2a023904e91da03e1082471531a012396)

'

Like Allison 15 years before him, Johnson followed up his maiden victory in his home race with a win at Dover a month later. Unlike Allison, Johnson was a title contender alongside teammate, car-owner (kinda), and defending champion Jeff Gordon for much of the season. He even became the first rookie to ever lead the Cup Series points standings after becoming the first rookie to sweep a season’s races at a particular track, winning again at Dover in the fall before a late season collapse saw Jimmie’s title hopes fade by October.

'

# 2002 Ryan Newman

[Mike Joy's MCM choice in the early 2000s](https://preview.redd.it/r8taivwsbwif1.png?width=201&format=png&auto=webp&s=8bec7f174466fef6105d32eba11f3228f8b0086b)

'

Opposite of the Southern California native, a Hoosier took home Rookie of the Year honors ahead of Johnson in the form of South Bend, Indiana’s Ryan Newman. Fresh off getting a degree at Purdue University and smashing through the lower levels in 2001 through Roger Penske’s “ABC Plan”, Newman quickly proved his worth in Cup with stellar performances in the #02 part-time car before moving to the #12 Ford for 2002. Apart from a rough stretch of races in April and occasional DNFs here and there, Newman did pretty well compared to his rookie counterpart in the #48, sitting in the top 10 in points by the Southern 500.

'

[the Alltel paint schemes are underrated nowadays](https://preview.redd.it/dn76mjd4cwif1.png?width=283&format=png&auto=webp&s=6f55979224615d663a0ee134ae716afe0950252d)

'

The Rocketman also got 6 poles in his rookie campaign, paving the way for his reputation as an elite qualifier, and won the All-Star Race in a thrilling battle with Dale Jr at the finish. Newman got his first official Cup win in a rain-shortened New Hampshire race and proceeded to finish 6th in the standings, one spot behind Johnson who remained in title contention for much of the season. However, the way the Rookie of the Year title was awarded is that the best 15 finishes were taken into account, giving the 2002 honor to Newman ahead of Johnson. 

'

# 2006 Denny Hamlin

[20 seasons and he's still kicking ass...](https://preview.redd.it/6rlml2kacwif1.png?width=922&format=png&auto=webp&s=b63170ab04e76fd5026491ef36802316816e9fa1)

'

Weeks before Tony Stewart secured his second Cup title in only his 7th Cup season, Joe Gibb’s new #11 team found its future stalwart, introducing Chesterfield, Virginia’s Denny Hamlin into the Cup Series at the back end of the 2005 campaign before going full-time in 2006. His tenure at JGR immediately began with fireworks, winning the Budweiser Shootout in his first race at Daytona.

'

For the most part, the first half of his season was all over the place, but a runner-up finish at Richmond behind Dale Jr set him up with momentum that led to him winning the first race of his Cup career at Pocono. Beset by an early spin and problems in the pits, Hamlin rebounded to take the lead late and take victory for the first time.

'

[he'd have ran away with a dominating win had Jeff Gordon's brakes not blown late](https://preview.redd.it/1ahutzxecwif1.png?width=640&format=png&auto=webp&s=2046e14e5f25004cfe18a70630712d93fcdb757f)

'

Denny repeated the feat a month later when the Cup Series returned in July, winning again to match Johnson’s feat of sweeping races at a track as a rookie. Hamlin made the Chase and was in contention for the title all the way until Homestead, putting up a 3rd place finish in the standings which bested Stewart’s 4th-placed effort in 1999 and remains the best points finish for a rookie in Cup history.

'

So if SVG can make the final 4 and put up a podium finish in Phoenix, he’ll at least match Hamlin’s 2006 result. Anything better would make the Kiwi’s 2025 effort one for the recordbooks; whether or not it happens, we shall wait to see…

'

[SVG having the most wins on the season so far is absolute cinema, you cannot deny that](https://preview.redd.it/x3wymdpwcwif1.png?width=870&format=png&auto=webp&s=6f39b6a7bc42028eb01f55fc4ce2bf9852e939cd)

'

# Next Week...

Time for another race that's been misnamed for at least the last quarter of a century...",2025-08-14
t3_1mq9wrz,Nostalgia Bros on Reddit vs Nostalgia Bros on Twitter ?,https://www.reddit.com/r/nascar/comments/1mq9wrz/,/u/nascar9495,2025-08-14 19:05:03+00:00,"Simple question, which group is the most annoying? I’m not talking about the ones that are actually celebrating the past, I’m talking about the ones that farmed view counts on Twitter. 

My answer is the Nostalgia Bros on Twitter. There is a difference in celebrating the past but still respecting the present. Those guys on Twitter act like there hasn't been a good race since 2014. They cherry-pick from highlights and make it seem like the whole race was like that.

For example, NASCAR posted highlight clips of Dale Jr vs Kyle Busch from the 2008 Richmond 400 and you see comments from these people saying, ""This is when Richmond was good,"" ignoring the fact that Denny Hamlin led 381 laps before a flat tire took him out of contention. This was the COT car with the wing, and now we've got folks saying the COT car was amazing when it was hated back then. The people who say it wasn't, they're lying, or they weren't watching NASCAR at that time.

 ",2025-08-14
t3_1mqmsmk,Are Denny hamlin’s gloves really made by Jumpman?,https://www.reddit.com/r/nascar/comments/1mqmsmk/,/u/HorsePowerCowboy,2025-08-15 03:54:57+00:00,I see these gloves and honestly wonder does Jumpman make these gloves custom for Denny Hamlin? Or are they another company’s gloves adorned with the Jumpman logo? I know that he used to use Simpson and alpinestars but now I’m not so sure. ,2025-08-15
t3_1mrj9lp,Defunct racetracks: Auto Club Speedway,https://www.reddit.com/r/nascar/comments/1mrj9lp/,/u/NeatWrongdoer1309,2025-08-16 03:20:13+00:00,"If you’ve been watching NASCAR for a long time, or even if you just started watching NASCAR, you should be aware of this racetrack, located in Fontana, California, Auto Club Speedway was a 2-mile D-shaped oval, built as a one-on-one copy of Michigan International Speedway, it opened in 1997 as California Speedway and started hosting NASCAR and IRL races that same year, in 2008 after a sponsorship deal with the Automobile Club of Southern California, it’s named was officially changed to Auto Club Speedway, it hosted great racing in all series, and throughout its life it was a beloved track by fans of multiple series, and it was one of those tracks that you just knew existed, even if you weren’t big into motorsports, overtime though, less fans showed up, and with all the warehouses and other buildings opening around the speedway, NASCAR and ISC were encouraged to sell the land, and in 2023 they would do just that, the track has mostly been tore down with only the grandstands and frontstretch remaining, and while there have been talks of a possible short track being built, it sadly probably won’t happen, as NASCAR said they didn’t wanna do the reconfiguration siting construction costs and other factors, and earlier this year in July it was announced NASCAR would have a Street Race at San Diego in Southern California, specifically at Naval Base Coronado, which effectively killed Auto Club Speedway for good. I wouldn’t be surprised if NASCAR just sold the land in the future and it is tore down completely, but only time will tell.

The track hosted plenty of races during its life, in NASCAR, it hosted races in all three national series, and while the Truck Series stopped coming after 2009, the Xfinity and Cup Series raced there until the tracks dying day in 2023, with Kyle Busch winning the final Cup race (Pala Casino 400) and John Hunter Nemechek winning the final Xfinity race (Production Alliance Group 300), from 2004 to 2010, the track hosted a second Cup race (Pepsi Max 400), however, due to poor attendance, the second race was removed from the 2011 schedule and replaced with Kansas Speedway, giving that track a second date, there were also many memorable moments, however one moment that stands out to me the most was the 2013 Auto Club 400, on the final lap, Joey Logano and Denny Hamlin, both going for the win, wrecked each other on the final corner (largely Logano’s fault) allowing Kyle Busch to sneak pass on the outside and take the win, the track didn’t host a race in 2021 due to COVID restrictions in California, but NASCAR returned in 2022, and the next year in 2023 it was demolished.

The track also hosted IndyCar races, in 1997 California Speedway was brought onto the 1996-97 Indy Racing League schedule, but it was dropped after 2005 to due to, you guessed it, poor attendance, however it came back in 2012 as the MAVTV 500 after American open-wheel racing reunified, it became a crown jewel and it even was the season finale until 2015 when the race was moved to June, the 2015 race is also considered by many to be one of the greatest oval races ever run, it broke the record for most lead changes in IndyCar and it was an amazing race with constant pack racing and lots of overtaking happening every lap, however drivers weren’t to happy with it as it was very dangerous, as we saw with Ryan Briscoe’s flip on the frontstretch after taking the white flag, and it was dropped from the IndyCar schedule for the 2016 season.

The track did host AMA Superbike Championship and Rolex Sports Car Series races, however those races were pretty forgettable, mainly being known for not running the oval configuration, AMA went from 2002 to 2010 and RSCS went from 2002 to 2005.",2025-08-16
t3_1msg69f,Fastest laps this season,https://www.reddit.com/r/nascar/comments/1msg69f/,/u/Inevitable_Catch_566,2025-08-17 03:19:46+00:00,"Trucks: 

- Corey Heim: 6 (Martinsville, Rockingham, Charlotte, Nashville, Lime Rock Park, IRP)

- Layne Riggs: 3 (Daytona, Kansas, Pocono)

- Carson Hocevar: 2 (Texas, Kansas)

- Tanner Gray: 1 (Atlanta)

- Ty Majeski: 1 (Las Vegas)

- Ross Chastain: 1 (Homestead)

- Kyle Larson: 1 (Bristol)

- Chandler Smith: 1 (North Wilkesboro)

- Kaden Honeycutt: 1 (Michigan) 

- Andres Perez: 1 (Watkins Glen)

- Daniel Hemric: 1 (Richmond)

Xfinity: 

- Justin Allgaier: 5 (Phoenix, Homestead, Texas Charlotte, Nashville)

- Jeremy Clements: 2 (Daytona, Talladega)

- Connor Zilisch: 2 (Las Vegas, Watkins Glen)

- Shane Van Gisbergen: 2 (Chicago, Sonoma)

- Christian Eckes: 1 (Atlanta)

- Carson Kvapil: 1 (COTA)

- Sammy Smith: 1 (Martinsville)

- Taylor Gray: 1 (Darlington)

- Kyle Larson: 1 (Bristol)

- Ryan Sieg: 1 (Rockingham)

- Ty Gibbs: 1 (Mexico City)

- Chase Elliott: 1 (Pocono)

- Austin Hill: 1 (Atlanta 2)

- Brandon Jones: 1 (Dover)

- Sam Mayer: 1 (Indy)

- Ross Chastain: 1 (Iowa) 

Cup: 

- Denny Hamlin: 6 (Martinsville, Charlotte, Nashville, Pocono, Dover, Indy)

- Kyle Larson: 4 (COTA, Kansas, Mexico City, Watkins Glen)

- Michael McDowell: 3 (Daytona, Phoenix Talladega, 

- Aj Allmendinger: 2 (Atlanta, Bristol)

- Tyler Reddick: 2 (Las Vegas, Chicago)

- Bubba Wallace: 2 (Homestead, Richmond)

- William Byron: 2 (Darlington, Michigan)

- Carson Hocevar: 1 (Texas)

- John Hunter Nemechek: 1 (Atlanta 2)

- Justin Haley: 1 (Sonoma) 

- Brad Keselowski: 1 (Iowa)",2025-08-17
t3_1msi95u,Fastest laps this season,https://www.reddit.com/r/nascar/comments/1msi95u/,/u/Inevitable_Catch_566,2025-08-17 05:13:15+00:00,"Trucks: 

- Corey Heim: 6 (Martinsville, Rockingham, Charlotte, Nashville, Lime Rock Park, IRP)

- Layne Riggs: 3 (Daytona, Kansas, Pocono)

- Carson Hocevar: 2 (Texas, Kansas)

- Tanner Gray: 1 (Atlanta)

- Ty Majeski: 1 (Las Vegas)

- Ross Chastain: 1 (Homestead)

- Kyle Larson: 1 (Bristol)

- Chandler Smith: 1 (North Wilkesboro)

- Kaden Honeycutt: 1 (Michigan) 

- Andres Perez: 1 (Watkins Glen)

- Daniel Hemric: 1 (Richmond)

Xfinity: 

- Justin Allgaier: 5 (Phoenix, Homestead, Texas Charlotte, Nashville)

- Jeremy Clements: 2 (Daytona, Talladega)

- Connor Zilisch: 2 (Las Vegas, Watkins Glen)

- Shane Van Gisbergen: 2 (Chicago, Sonoma)

- Christian Eckes: 1 (Atlanta)

- Carson Kvapil: 1 (COTA)

- Sammy Smith: 1 (Martinsville)

- Taylor Gray: 1 (Darlington)

- Kyle Larson: 1 (Bristol)

- Ryan Sieg: 1 (Rockingham)

- Ty Gibbs: 1 (Mexico City)

- Chase Elliott: 1 (Pocono)

- Austin Hill: 1 (Atlanta 2)

- Brandon Jones: 1 (Dover)

- Sam Mayer: 1 (Indy)

- Ross Chastain: 1 (Iowa) 

Cup: 

- Denny Hamlin: 6 (Martinsville, Charlotte, Nashville, Pocono, Dover, Indy)

- Kyle Larson: 4 (COTA, Kansas, Mexico City, Watkins Glen)

- Michael McDowell: 3 (Daytona, Phoenix Talladega, 

- Aj Allmendinger: 2 (Atlanta, Bristol)

- Tyler Reddick: 2 (Las Vegas, Chicago)

- Bubba Wallace: 2 (Homestead, Richmond)

- William Byron: 2 (Darlington, Michigan)

- Carson Hocevar: 1 (Texas)

- John Hunter Nemechek: 1 (Atlanta 2)

- Justin Haley: 1 (Sonoma) 

- Brad Keselowski: 1 (Iowa)",2025-08-17
t3_1mskrn1,Denny Hamlin: Where will Corey Heim Race Next Year? #Shorts,https://www.reddit.com/r/nascar/comments/1mskrn1/,/u/LMRacingGuru02,2025-08-17 07:40:47+00:00,,2025-08-17
t3_1mtory2,Denny Hamlin’s 2025 King’s Hawaiian Paint Scheme For Daytona,https://www.reddit.com/r/nascar/comments/1mtory2/,/u/Dmacthegoat,2025-08-18 15:11:28+00:00,https://www.instagram.com/p/DNgC7IIsnuv/?utm_source=ig_web_copy_link,2025-08-18
t3_1mtyt8r,2025 LASTCAR Cup Playoff standings & Truck Playoff Grid (After Richmond),https://www.reddit.com/r/nascar/comments/1mtyt8r/,/u/TIFUthebestSubreddit,2025-08-18 21:15:51+00:00,"Cup Series Playoff standings (Race 25/26)

1) AJ Allmendinger 3 Losses 517 (19 PP)

2) Riley Herbst 2 Losses 707 (12 PP)

3) Cody Ware 1 Loss 927 (6 PP)

4) Noah Gragson 1 Loss 654 (5 PP)

5) Ricky Stenhouse Jr 1 Loss 567 (6 PP)

6) Carson Hocevar 1 Loss 561 (5 PP)

7) Brad Keselowski 1 Loss 530 (5 PP)

8) Erik Jones 1 Loss 524 (8 PP)

9) Kyle Busch 1 Loss 450 (8 PP)

10) Joey Logano 1 Loss 418 (7 PP)

11) Alex Bowman 1 Loss 418 (6 PP)

12) Ryan Blaney 1 Loss 416 (7 PP)

13) Kyle Larson 1 Loss 398 (10 PP)

14) Ross Chastain 1 Loss 395 (7 PP)

15) Denny Hamlin 1 Loss 339 (7 PP)

16) William Byron 1 Loss 336 (7 PP)

_____________________________________________

17) Cole Custer 695

18) Ty Dillon 640 (1 PP)

19) Shane van Gisbergen 625 (2 PP)

20) Justin Haley 569

21) Todd Gilliland 562

22) Josh Berry 531

23) Zane Smith 529

24) Daniel Suarez 526

25) John Hunter Nemechek 525

26) Michael McDowell 508 (1 PP)

27) Austin Dillon 490

28) Ty Gibbs 472

29) Austin Cindric 448

30) Bubba Wallace 427

31) Chase Elliott 1 Loss 272 (5 PP) (since it's impossible for Chase Elliott to pass William byron to be the 16th loser, he's eliminated from making the lastcar playoffs

_____________________________________________

Other Losers outside top 30 that most likely won't make multiple starts in the playoffs 

36) JJ Yeley 1 Loss 330 (7 PP)

38) Josh Bilicki 1 Loss 216 (6 PP)

45) Connor Zilisch 1 Loss 82 (5 PP)

46) Jimmie Johnson 1 Loss 80 (7 PP)

47) Joey Gase 1 Loss 61 (7 PP)

**___________________________**

Truck series Playoff Grid (race 18/18)

1) Frankie Muniz 1 Loss 2022 (22 PP) (Regular Season champion)

2) Toni Briedinger 2012 (12 PP)

6) Spencer Boyd 2009 (9 PP)

4) Kaden Honeycutt 1 Loss 2007 (7 PP)

5) Layne Riggs 1 Loss 2007 (7 PP)

6) Dawson Sutton 2007 (7 PP)

7) Chandler Smith 1 Loss 2005 (5 PP)

8) Jack Wood 2005 (5 PP)

_____________________________________________

9) Connor Mosack 2004 (4 PP)

10) Matt Mills 2002 (2 PP)",2025-08-18
t3_1muie19,(Denny Hamlin on X) This is where a schedule would come out to divert your attention.,https://www.reddit.com/r/nascar/comments/1muie19/,/u/Mellow200,2025-08-19 13:25:52+00:00,,2025-08-19
t3_1mujon5,"Did you know Daniel Suarez had the best points standings better than JJ Yeley with Joe Gibbs Racing before leaving the team? Suarez was 20th in his rookie season in 2017, and Yeley was 21st in his sophomore year in 2007.",https://www.reddit.com/r/nascar/comments/1mujon5/,/u/LeaderFast,2025-08-19 14:15:58+00:00,,2025-08-19
t3_1mun7o8,Denny Hamlin being a complete savage on NASCAR's latest Instagram post,https://www.reddit.com/r/nascar/comments/1mun7o8/,/u/Mellow200,2025-08-19 16:23:24+00:00,Link to said post: https://www.instagram.com/p/DNiuWzdsKMl/?igsh=MXhybmZ0anR6cHQ0Yw==,2025-08-19
t3_1mun91u,"(Jaime45 on X) Denny on mamba’s comments,playoffs etc",https://www.reddit.com/r/nascar/comments/1mun91u/,/u/Wilgrove,2025-08-19 16:24:46+00:00,"[https://x.com/FortyFiveJamie/status/1957549919637762341](https://x.com/FortyFiveJamie/status/1957549919637762341)

I agree with Denny Hamlin 100%.  It's maddening that NASCAR continues with this playoff format when by *every* measurable metric, the playoffs **failed.**  It hasn't boosted TV rating, it hasn't boosted on-track attendance.  It has *hurt* the legitimacy of NASCAR's product of stock car racing.  What's even more frustrating is that on NASCAR part, to get rid of the playoffs, or heck, even change it back to the OG format, cost nothing.  With a stroke of a pen, they could get rid of the playoffs, or at least change it to a more legitimate format like the OG Chase for the Cup.  

This speaks to a deeper problem, NASCAR as a sanctioning body, will not change unless they are *forced* to change.  It took the death of Dale Sr. for them to improve the safety of the cars and implement the SAFER barriers.  It took Ryan Newman almost dying in a blow-over for them to address that issue.  Fans and driers are saying that the playoffs and the NextGen cars are terrible, and NASCAR doesn't listen.  ",2025-08-19
t3_1muz5dd,Active drivers who have been full-time with their current team the longest,https://www.reddit.com/r/nascar/comments/1muz5dd/,/u/TheFineMantine,2025-08-19 23:48:21+00:00,"Not counting when a driver moves up to a different series with the same team  
  
1. Matt Crafton - Since 2005 in the ThorSport 88

2. Denny Hamlin - Since 2006 in the Gibbs 11

3. Jeremy Clements - since 2011 in the JCR 51

4. Joey Logano - since 2013 in the Penske 22

5. Ryan Sieg - since 2014 in the RSS 39

Anything stand out to you about this list?",2025-08-19
t3_1mx7ogm,Hamlin,https://www.reddit.com/r/nascar/comments/1mx7ogm/,/u/Think_Shame6430,2025-08-22 14:14:17+00:00,Well you have to know that anytime denny hamlin opens his mouth something akin 2 a lie will be coming out.,2025-08-22
t3_1mxmznq,Interesting fact,https://www.reddit.com/r/nascar/comments/1mxmznq/,/u/FrostingNo9115,2025-08-23 00:17:30+00:00,A blue whales butthole can stretch up to 3 and a half feet making it the second largest butthole on the planet next to Denny Hamlin,2025-08-23
t3_1myd94u,What is the Best Set of Teammates in NASCAR History?,https://www.reddit.com/r/nascar/comments/1myd94u/,/u/KevinDoesSports,2025-08-23 21:14:35+00:00,"What NASCAR team has had the best overall line up all at once. For example: Jimmie Johnson, Jeff Gordon, Dale Jr, and Kasey Kahne. Or Kyle Busch, Kyle Edwards, Denny Hamlin, and Matt Kenseth.",2025-08-23
t3_1myfzdb,Denny Hamlin pranks SVG with a dollar bill on a fishing line.,https://www.reddit.com/r/nascar/comments/1myfzdb/,/u/Gragson18GOAT,2025-08-23 23:10:30+00:00,Facebook link included in comments,2025-08-23
t3_1n02r3d,2025 LASTCAR cup Playoff Grid * Xfinity Playoff standings (after Daytona II),https://www.reddit.com/r/nascar/comments/1n02r3d/,/u/TIFUthebestSubreddit,2025-08-25 21:08:54+00:00,"
Cup Series Playoff Grid (Race 26/26)

1) Riley Herbst 3 Losses 2029 (29 PP)

2) Cody Ware 1 Loss 2021 (21 PP) (Regular Season champion)

3) AJ Allmendinger 3 Losses 2019 (19 PP)

4) Noah Gragson 1 Loss 2013 (13 PP)

5) Ricky Stenhouse Jr 1 Loss 2010 (10 PP)

6) Carson Hocevar 1 Loss 2010 (10 PP)

7) Kyle Larson 1 Loss 2010 (10 PP)

8) Erik Jones 1 Loss 2008 (8 PP)

9) Kyle Busch 1 Loss 2008 (8 PP)

10) Joey Logano 1 Loss 2007 (7 PP)

11) Ryan Blaney 1 Loss 2007 (7 PP)

12) Ross Chastain 1 Loss 2007 (7 PP)

_____________________________________________

13) Denny Hamlin 1 Loss 2007 (7 PP)

14) William Byron 1 Loss 2007 (7 PP)

15) Alex Bowman 1 Loss 2006 (6 PP)

16) Brad Keselowski 1 Loss 2005 (5 PP)

**___________________________**

Xfinity Playoff standings (Race 24/26)

1) Parker Retzlaff 2 Losses 608 (14 PP)

2) Daniel Dye 2 Losses 483 (14 PP)

3) Christian Eckes 2 Losses 456 (13 PP)

4) Anthony Alfredo 1 Loss 591 (6 PP)

5) Garrett Smithley 1 Loss 577 (7 PP)

6) William Sawalich 1 Loss 528 (7 PP)

7) Josh Williams 1 Loss 458 (7 PP)

8) Ryan Sieg 1 Loss 417 (7 PP)

9) Dean Thompson 1 Loss 396 (8 PP)

10) Taylor Gray 1 Loss 364 (5 PP)

11) Sammy Smith 1 Loss 318 (7 PP)

12) Ryan Ellis 617 (Regular Season Points leader)

_____________________________________________

13) Kyle Sieg 609

14) Blaine Perkins 583

15) Kris Wright 1 Loss 538 (7 PP)

16) Matt DiBenedetto 536

17) Jeremy Clements 485

18) Josh Bilicki 472 (1 PP)

19) Brennan Poole 437

20) Nick Sanchez 425

21) Sheldon Creed 394

22) Jeb Burton 367

23) Greg Van Alst 351

24) Brandon Jones 348

25) Mason Maggio 1 Loss 329 (7 PP)

26) Leland Honeyman 320

27) Joey Gase 316

28) Harrison Burton 304

29) Mason Massey 300

30) Jesse Love 1 Loss 268 (7 PP) (Needs Retzlaff to take points lead to be back in LASTCAR playoffs)

_____________________________________________

Other Losers that most likely won't make multiple starts in the playoffs 

37) Dawson Cram 1 Loss 217 (7 PP)

40) Justin Bonsignore 2 Losses 191 (14 PP)

48) Logan Bearden 1 Loss 122 (7 PP)

57) Christopher Bell 1 Loss 70 (5 PP)

59) Carson Hocevar 1 Loss 64 (7 PP)

63) Ross Chastain 1 Loss 52 (5 PP)",2025-08-25
t3_1n0btwu,Fastest Lap of the Race,https://www.reddit.com/r/nascar/comments/1n0btwu/,/u/miangro,2025-08-26 03:55:00+00:00,"I saw the standings for fastest lap points and decided I wanted a little more info.  I wanted to see when in the race these fastest laps happened and what position the driver was in at the time.  There are some strong trends.

1) AJ Allmendinger and Michael McDowell figured out how to pull fastest laps at the drafting tracks.  Mid-to-late pack and use the draft.  I don't know whether it means anything that those tended to come later in the race.  But it makes sense that these two teams would be fighting for every point and saw this as an opportunity.

2) Everyone noticed Cliff Daniels going for fasted lap at COTA and Watkins Glen, but the 7 car did the same thing at Sonoma.  SVG was just too fast in Mexico City.  But I bet everybody in the garage has noticed in case they fall out of a road course early.

3) Other than that, you basically needed to be leading to set the fastest lap.  I'm obligated to point out that correlation does not prove causation and this might be because the fastest cars are most likely to be out front at some point in the race.  But we also know dirty air behind the leader plays a factor. 

4) I was somewhat surprised at how late many of these occurred and I don't know what's different about Kansas or Texas.

|**+**|Race|Driver|Lap|Position|
|:-|:-|:-|:-|:-|:-|
|**1**|Daytona|Michael McDowell|178|26|
|**2**|Atlanta|AJ Allmendinger|111|26|
|**3**|COTA|Kyle Larson|87|34|
|**4**|Phoenix|Joey Logano|196|1|
|**5**|Las Vegas|Tyler Reddick|202|1|
|**6**|Homestead-Miami|Bubba Wallace|218|1|
|**7**|Martinsville|Denny Hamlin|195|1|
|**8**|Darlington|William Byron|297|2|
|**9**|Bristol|AJ Allmendinger|396|17|
|**10**|Talladega|Michael McDowell|120|18|
|**11**|Texas|Carson Hocevar|2|1|
|**12**|Kansas|Kyle Larson|2|1|
|**13**|Charlotte|Denny Hamlin|210|1|
|**14**|Nashville|Denny Hamlin|126|1|
|**15**|Michigan|William Byron|154|2|
|**16**|Autódromo Hermanos Rodríguez|Shane Van Gisbergen|54|1|
|**17**|Pocono|Denny Hamlin|122|15|
|**18**|Atlanta|John Hunter Nemechek|179|6|
|**19**|Chicago Street Race|Tyler Reddick|10|2|
|**20**|Sonoma|Justin Haley|95|34|
|**21**|Dover|Denny Hamlin|345|1|
|**22**|Indianapolis|Bubba Wallace|168|1|
|**23**|Iowa|Brad Keselowski|197|1|
|**24**|Watkins Glen|Kyle Larson|11|39|
|**25**|Richmond|Bubba Wallace|81|1|
|**26**|Daytona|AJ Allmendinger|17|35|

Thanks to Lap Raptor for having these data.",2025-08-26
t3_1n0busy,Fastest Lap of the Race Stats and Analysis,https://www.reddit.com/r/nascar/comments/1n0busy/,/u/miangro,2025-08-26 03:56:26+00:00,"I saw the standings for fastest lap points and decided I wanted a little more info.  I wanted to see when in the race these fastest laps happened and what position the driver was in at the time.  There are some strong trends.

1) AJ Allmendinger and Michael McDowell figured out how to pull fastest laps at the drafting tracks.  Mid-to-late pack and use the draft.  I don't know whether it means anything that those tended to come later in the race.  But it makes sense that these two teams would be fighting for every point and saw this as an opportunity.

2) Everyone noticed Cliff Daniels going for fasted lap at COTA and Watkins Glen, but the 7 car did the same thing at Sonoma.  SVG was just too fast in Mexico City.  But I bet everybody in the garage has noticed in case they fall out of a road course early.

3) Other than that, you basically needed to be leading to set the fastest lap.  I'm obligated to point out that correlation does not prove causation and this might be because the fastest cars are most likely to be out front at some point in the race.  But we also know dirty air behind the leader plays a factor. 

4) I was somewhat surprised at how late many of these occurred and I don't know what's different about Kansas or Texas.

|**+**|Race|Driver|Lap|Position|
|:-|:-|:-|:-|:-|:-|
|**1**|Daytona|Michael McDowell|178|26|
|**2**|Atlanta|AJ Allmendinger|111|26|
|**3**|COTA|Kyle Larson|87|34|
|**4**|Phoenix|Joey Logano|196|1|
|**5**|Las Vegas|Tyler Reddick|202|1|
|**6**|Homestead-Miami|Bubba Wallace|218|1|
|**7**|Martinsville|Denny Hamlin|195|1|
|**8**|Darlington|William Byron|297|2|
|**9**|Bristol|AJ Allmendinger|396|17|
|**10**|Talladega|Michael McDowell|120|18|
|**11**|Texas|Carson Hocevar|2|1|
|**12**|Kansas|Kyle Larson|2|1|
|**13**|Charlotte|Denny Hamlin|210|1|
|**14**|Nashville|Denny Hamlin|126|1|
|**15**|Michigan|William Byron|154|2|
|**16**|Autódromo Hermanos Rodríguez|Shane Van Gisbergen|54|1|
|**17**|Pocono|Denny Hamlin|122|15|
|**18**|Atlanta|John Hunter Nemechek|179|6|
|**19**|Chicago Street Race|Tyler Reddick|10|2|
|**20**|Sonoma|Justin Haley|95|34|
|**21**|Dover|Denny Hamlin|345|1|
|**22**|Indianapolis|Bubba Wallace|168|1|
|**23**|Iowa|Brad Keselowski|197|1|
|**24**|Watkins Glen|Kyle Larson|11|39|
|**25**|Richmond|Bubba Wallace|81|1|
|**26**|Daytona|AJ Allmendinger|17|35|

Thanks to Lap Raptor for having these data.",2025-08-26
t3_1n1ez1e,What If?,https://www.reddit.com/r/nascar/comments/1n1ez1e/,/u/BiasPly215,2025-08-27 11:56:13+00:00,"What if winners got 50 bonus points throughout the year and the playoff was only 12 drivers?

3 Rounds - 4/3/3
Reset at the start of the playoffs only, give 10 points for each win and an extra 10 points to the regular season champ. 

Final Regular Season Points (before reset)

1 - Denny Hamlin = 978
2 - William Byron = 963
3 - Kyle Larson = 950
4 - Christopher Bell = 933
5 - Ryan Blaney = 908
6 - Chase Elliott = 848
7 - Chase Briscoe = 769
8 - Tyler Reddick = 730
9 - Bubba Wallace = 690
10 - Joey Logano = 689
11 - Alex Bowman = 686
12 - SVG = 685

13 - Ross Chastain = 680
14 - Chris Buescher = 655
15 - Ryan Preece = 620
16 - Austin Cindric = 594
17- Josh Berry = 554
18 - Ty Gibbs = 543
19 - Kyle Busch = 541
20 - Austin Dillon = 523",2025-08-27
t3_1n1xlrp,First Round Playoff Predictions,https://www.reddit.com/r/nascar/comments/1n1xlrp/,/u/analyst_kolbe,2025-08-28 00:12:03+00:00,"Welcome to my first annual playoff predictions.  Each round, I'll be looking at the pack and trying to determine which drivers are most and least likely to advance, and pitting my picks against fellow writer /u/Technical-Dog-1193.  He is also known as alltorque on substack, where you can also view this article, along with a fantastic article of his own on playoff predictions.  Sadly, better than this one.



I started by taking the current playoff points each driver has, then adding expected points per race.  To do this, I took the average finish from driveraverages.com.  Naturally, this doesn't account for stage points, but I just don't have a good predictor there.  Finally, I made one adjustment of my own by accounting for how much better or worse a driver has been this year.  For an easy example, look at Chase Briscoe, who unsurprisingly saw a significant improvement in moving to Gibbs.  



Since this is my first year doing this, categories may change year to year.



The Locks (2110+ expected)

The easy answers here are Denny Hamlin and Kyle Larson.  Both drivers come in with a lot of points already banked, allowing them to pretty much completely absorb one bad race.  But also in this category is Christopher Bell, who averages a top 10 finish at all three tracks.  Also, the Gibbs team is just killing it this year.  They are a strong team generally, but Bell and Briscoe are having monster years, and Hamlin looks as fast as ever despite being in what are normally regression years.  



The Safe Bets (2085+)

William Byron, Ryan Blaney, and Chase Elliott make up this category.  They have the 4th, 7th, and 6th best averages at these tracks respectively, all have some points banked, and all are pretty consistent at getting to this level.  It's a significant drop already from the first group to this one, with a difference of a little over 20 expected points.  That said, there's a real argument that Byron should be in the group above, but I'm just not as confident in his playoff performance.



The Favored (2070+)

This is where it starts to get a bit murky, but all four of the drivers in this round are in the top 10 for current points, and all 4 are repeat playoff drivers.  Joey Logano dreads Bristol, where he averages a 27th place finish.  In addition, this is an odd-numbered year, so there's that going against him.  But realistically, I'm not betting against a three time champ.  Chase Briscoe is a bit more difficult, because his average finish at these tracks is a 16.7, but that is mainly from his time at SHR, and (as mentioned above) Briscoe has been averaging a massive 4 spots better this year after moving to Gibbs.  I had to account for that.  Ross Chastain is another pretty easy pick.  He's decent at these tracks, has average points coming in, and he's a proven driver.  The last driver I put here is a bit of a gamble: Austin Cindric.  Darlington and Bristol are just not good tracks for him.  Gateway, however, is his best track, though he's only run it three times, winning it once.  That win, however, was his only top 10, so I'm a bit skeptical.  That said, he's still expected to finish more than 10 points ahead of the cutoff, so I'm still leaving him here, but he's the only driver in the top three categories I could see falling.



That covers 10 of the 12 advancement spots, so let's look at the remaining six drivers in alphabetical order.  



Josh Berry - Transitioning from SHR to Wood Brothers has been surprisingly meh for Berry in terms of average finish.  He's improved, but it's worth noting that his only two top 5s were pretty early in the year.  In addition, he's coming in with just 6 points, tied for second-worst, so he does need to outperform at least three drivers.  However, he is coming off back to back top 10 finishes at two very different tracks.  



Alex Bowman - Let's start with the bad news: 2 points.  With 0 races completed in the playoffs, Bowman is already 5 points down from the cut line.  That's hardly insurmountable, but if you had to pick three tracks for Bowman to make up ground, none of these would make the list.  Only Shane Van Gisbergen has a worse average finish at the selected tracks.  A rookie who specializes on road courses is the only driver worse at these tracks.  Of the three, Bristol is his best track.  It's his 19th best overall.  Now the good news.  This is still a Hendrick car, so you know the car will be fast and that the team will be putting a lot of effort into preparation.  That counts for a lot, likely more than his history at those tracks in the regular season.



Austin Dillon - The iconic driver of the #3 comes in with just 5 playoff points, trailed only by Bowman.  The standings don't really tell the true tale, so here's something a bit more accurate: Austin Dillon has the 20th best average finish through Richmond, so it's really worse than it looks.  If that sounds bad, know that well, yeah it is, but also that it's more than 3 spots better than last year.  That could just be luck, but let's give him benefit of the doubt that he has improved and really is a more consistent driver.  In addition, while Bowman might be dreading the first round tracks, Dillon is actually pretty well-suited here.  His worst track of this round, Darlington, is still just his 14th best track, right in the middle.  So all three are average or above average tracks for Dillon.  



Tyler Reddick - As with most drivers in this category, Reddick is coming in behind the curve on playoff points.  In addition, he obviously hasn't looked quite as fast as he did last year, with both Reddick and Wallace averaging a couple of spots worse than last year.  It begs a real question if 23XI is as strong a team.  The good news for Reddick is that he gets a real chance to prove it at Darlington, his 4th-best track, in the round-opening race. The real test, though, as it is for a surprising number of playoff drivers, is Bristol, where Reddick's average finish is 21.6.  Bristol is a brutal race any week, but being the round finale might make it look a bit more like a gladiatorial arena than it normally does.



Shane Van Gisbergen - Remember when I said that most drivers in this category were behind the curve on playoff points?  Well, Shane comes in with 22 of them, good for 6th place.  To fall below the cutoff, he'd have to lose about 5 spots per race to a non-top 10 driver.  Is that really that likely?  Yeah, it is.  There aren't any road courses in the first round, just small ovals, the races he's just about the worst at.  Expect SVG to finish around 20th at each race, and that's being a bit charitable.  As a shout-out to alltorque, look at the average points required to advance for the round of 12 (82 points).  That means SVG needs just 60 more points across three races.  The good news for him is that in NASCAR, shit happens, and he's far more likely to get a lucky finish than an unlucky one.  Just one fortunate result in an ugly race could be enough to effectively lock him in to the next round.



Bubba Wallace - There's a lot going against Wallace this round.  Some of it I addressed already with his teammate Reddick.  I believe 23XI is slower this year.  In addition, these are not great tracks for Wallace.  Darlington is his 9th best track, but after that it drops off hard, with Bristol being his 20th best, and Gateway being 26th.  That's two tracks where a bad finish is expected, and unlike SVG he doesn't have a points lead to fall back on.  However, and I've held this for last, no one really knows what to expect at Gateway.  In his 3 races there, one was a DNF, and all three finished considerably worse than he started.  That seems more bad luck than bad track, though it is likely some of both.  Finally, alltorque made an excellent point that Bubba has been steadily improving at short tracks, so his ""average"" finishes might be very misleading.  And Bristol...falling at the end of the round, who knows what that will look like.  That final stage is gonna be insane.



So there you have it.  In just three races, nothing is for sure, but here are my picks:



Alex Bowman, Shane Van Gisbergen, Bubba Wallace, and Josh Berry all fail to advance.  I can't believe I'm picking Austin Dillon to make it, and I kinda hope I'm wrong, but I am trying an objective system, and I don't want to override it without giving it a chance first.  That said, I am certainly toying with modifications for next year, but once I decide on a method, I don't change it mid-process unless I am confident I made a mistake.  It's an effort to mitigate bias, because these aren't the drivers I \*want\* to see eliminated.



Speaking of that system, though, bear in mind that it wasn't designed expecting a driver like Shane Van Gisbergen.  But I feel that's only fitting, because NASCAR as a whole clearly wasn't expecting him either.  



Let me know what you think.  New systems are always a bit rough, but I wanted to give this an honest go.



Separate from this article, I plan on doing individual driver assessments on whether teams would be wise to keep them or move on.  I will be looking at Suarez, of course, currently without a ride, but let me know who else you'd like to see reviewed.

",2025-08-28
t3_1n2m94z,"Lots of spice in courtroom today including Michael Jordan calling JGR “F——“ in 23XI text chain for signing charters and other teams “P——“ … Denny Hamlin, in a text, said his “despise of the France family runs deep.” Bob Pockrass on Twitter",https://www.reddit.com/r/nascar/comments/1n2m94z/,/u/A-Fan-Of-Bowman88,2025-08-28 19:47:36+00:00,,2025-08-28
t3_1n2mpjc,"[Denny Hamlin on X] My lawyers said don’t tweet. So this is me not doing that.

Hope everyone had a great day!",https://www.reddit.com/r/nascar/comments/1n2mpjc/,/u/Mellow200,2025-08-28 20:04:43+00:00,,2025-08-28
t3_1n2nldv,[Crandall] Texts presented in court also show Denny Hamlin saying “My despise for the France Family runs deep.”,https://www.reddit.com/r/nascar/comments/1n2nldv/,/u/CanadianBaconiser,2025-08-28 20:39:19+00:00,,2025-08-28
t3_1n2r9e5,Denny Hamlin just reposted this...,https://www.reddit.com/r/nascar/comments/1n2r9e5/,/u/Funny-Supermarket926,2025-08-28 23:09:33+00:00,[https://x.com/SRXracing/status/1961189973186810221](https://x.com/SRXracing/status/1961189973186810221),2025-08-28
t3_1n2u40b,Denny Hamlin retweeting a SRX tweet today,https://www.reddit.com/r/nascar/comments/1n2u40b/,/u/BurgerNugget12,2025-08-29 01:19:08+00:00,,2025-08-29
t3_1n2vg7m,Is the lawsuit going to keep Denny Hamlin out of the Hall of Fame?,https://www.reddit.com/r/nascar/comments/1n2vg7m/,/u/TommyG456,2025-08-29 02:22:16+00:00,Just wondering. Is he going to be the Pete Rose of NASCAR?  ,2025-08-29
t3_1n3g67r,[Analysis] Predicting the likely '25 title contenders based on playoff history,https://www.reddit.com/r/nascar/comments/1n3g67r/,/u/TheOrangeFutbol,2025-08-29 19:03:10+00:00,"Hey guys! *in Larry Mac voice.* I've been crunching some numbers, and thought I'd [try my hand again ](https://www.reddit.com/r/NASCAR/comments/x6mhmx/analysis_predicting_the_likely_title_contenders/?utm_source=share&utm_medium=web3x&utm_name=web3xcss&utm_term=1&utm_content=share_button)at predicting the true title contenders based on history. 

Since playoff points/seeded rounds were added to the NASCAR postseason in 2017, there is a rather distinct pattern that every finalist and champion has met *with two exceptions*.

* Top 7 at the end of the regular season
* Top 6 seed according to playoff points
* Entered the playoffs with no fewer than 14 playoff points.

If we use that as a guide, here are the 2025 drivers who fall into those categories.

**Meets all three categories**

* William Byron - Regular Season Champion | Co-#1 seed | 32 playoff points
* Ryan Blaney - 2nd in Regular Season | #4 seed | 26 playoff points
* Kyle Larson - 3rd in Regular Season | Co-#1 seed | 32 playoff points
* Christopher Bell - 5th in Regular Season | #5 seed | 23 playoff points
* Denny Hamlin - 6th in Regular Season | #3 seed | 29 playoff points

**Meets two of three categories**

Shane Van Gisbergen - *25th in Regular Season* | #6 seed | 14 playoff points

**Meets only one category**

* Tyler Reddick - 7th in Regular Season | *#13 seed* | *6 playoff points*
* Chase Elliot - 4th in Regular Season | *#7 seed* | *13 playoff points*

Most likely finalists

The avg regular season rank of all playoff points-era champions has been 5.6, with the average number of playoff points entering round was 28.1. That gives us these four as the strongest championship contenders***: Byron | Larson | Hamlin | Blaney***

C-Bell and Chase Elliott who finished top 5 in points are just on the outside of the top contenders based on history. 

**But wait... What about the Exceptions?**

Alright finally. We get to our friends from Penske. The worst two seed profiles *ever* to reach the finale much less win are '23 Blaney, and '24 Logano. Both finished outside the top 10 in the regular season (13th & 15th), were a double-digit seed (#11) , and entered the playoffs with single-digit playoff points (8). So, how did they do it? *They both won at least two playoff races, with one being in the Round of 8 to win their way into the finale.* 

So with that in mind, who else has at least two *NextGen* era wins at current playoff tracks, including one at a Round of 8 track?

**The total Wild Cards**

* Austin Cindric - Has wins at WWT/Talladega | Co-#9 Seed | 8 playoff pts
* Bubba Wallace - Has wins at Kansas/Talladega | Co-#9 Seed | 8 playoff pts
* Joey Logano - (Has wins at quite a few playoff tracks that qualify) | Co-#11 seed | 7 playoff pts
* Ross Chastain - Has wins at Kansas/Dega | Co-#11 seed | 7 playoff pts

  
I don't consider these guys to be true contenders, but it never hurts given that we've seen two very unconventional title runs in the last several years. Anyway, that's enough research. Looking forward to Josh Berry going on a 2011 Tony Stewart type title run and making all this data totally irrelevant. Thanks for reading!",2025-08-29
t3_1n3mv0q,Lasting ramifications of the lawsuit,https://www.reddit.com/r/nascar/comments/1n3mv0q/,/u/smiling_jackel,2025-08-29 23:40:25+00:00," Does anyone else feel that there will be long term ramifications from the lawsuit before we even get to the December court date? My concern is the PR nightmare. NASCAR taking on a team owner, who just happens to be one of the most famous athletes in the world, as well as the shit show that was the injunction hearing this week. What message does this send the other teams? Also, will Denny Hamlin’s tenure in the 11 car suffer, especially after what Denny’s business partner said about his current employer?

 I’m starting to worry that we’re already watching the house start to burn down and that there is no clear cut way to fix this. Am I alone in thinking this?",2025-08-29
t3_1n480cv,Steve Lauletta and Denny Hamlin (probably),https://www.reddit.com/r/nascar/comments/1n480cv/,/u/jdhunt_24,2025-08-30 17:53:39+00:00,,2025-08-30
t3_1n4dggb,Why is Denny Hamlin so rude ?,https://www.reddit.com/r/nascar/comments/1n4dggb/,/u/nascar9495,2025-08-30 21:43:50+00:00,Wow! ,2025-08-30
t3_1n6t5wu,[Joe Gibbs Racing] “Vote for which scheme Denny Hamlin will run at Talladega!” (3 options),https://www.reddit.com/r/nascar/comments/1n6t5wu/,/u/Dmacthegoat,2025-09-02 19:33:17+00:00,https://x.com/JoeGibbsRacing/status/1962958077537210462,2025-09-02
t3_1n7r2xh,2025 LASTCAR Cup.& Truck Playoff Grid & Xfinity Playoff standings (after Datlington/Portland),https://www.reddit.com/r/nascar/comments/1n7r2xh/,/u/TIFUthebestSubreddit,2025-09-03 21:09:23+00:00,"Cup Series Playoff standings (Race 1/3 of round of 16)

1) Cody Ware 2067 (21 PP)

2) Riley Herbst 2055 (29 PP)

3) Alex Bowman 2046 (6 PP)

4) Ricky Stenhouse Jr 2042 (10 PP)

5) Kyle Larson 2027 (10 PP)

6) Ryan Blaney 2026 (7 PP)

7) William Byron 2026 (7 PP)

8) Noah Gragson 2025 (13 PP)

9) Joey Logano 2025 (7 PP)

10) Brad Keselowski 2023 (5 PP)

11) AJ Allmendinger 2022 (19 PP)

12) Carson Hocevar 2017 (10 PP)

_____________________________________________

13) Ross Chastain 2016 (7 PP)

14) Kyle Busch 2014 (8 PP)

15) Denny Hamlin 2012 (7 PP)

16) Erik Jones 2009 (8 PP)

**___________________________**

Xfinity Playoff standings (Race 25/26)

1) Parker Retzlaff 2 Losses 640 (14 PP)

2) Daniel Dye 2 Losses 493 (14 PP)

3) Christian Eckes 2 Losses 459 (13 PP)

4) Anthony Alfredo 1 Loss 623 (6 PP)

5) Garrett Smithley 1 Loss 613 (7 PP)

6) William Sawalich 1 Loss 529 (7 PP)

7) Josh Williams 1 Loss 484 (7 PP)

8) Dean Thompson 1 Loss 445 (8 PP)

9) Ryan Sieg 1 Loss 440 (7 PP)

10) Taylor Gray 1 Loss 377 (5 PP)

11) Sammy Smith 1 Loss 339 (7 PP)

12) Kyle Sieg 643 (Regular Season Points leader)

_____________________________________________

13) Ryan Ellis 637

14) Blaine Perkins 591

15) Matt DiBenedetto 586

16) Kris Wright 1 Loss 538 (7 PP)

17) Jeremy Clements 501

18) Josh Bilicki 472 (1 PP)

19) Brennan Poole 449

20) Nick Sanchez 427

21) Sheldon Creed 420

22) Jeb Burton 373

23) Brandon Jones 365

24) Greg Van Alst 351

25) Mason Maggio 1 Loss 329 (7 PP)

26) Thomas Annunziata 323

27) Leland Honeyman 320

28) Harrison Burton 317

29) Joey Gase 316

30) Jesse Love 1 Loss 277 (7 PP) (Needs Retzlaff to take points lead to be back in LASTCAR playoffs)

_____________________________________________

Other Losers that most likely won't make multiple starts in the playoffs 

37) Dawson Cram 1 Loss 217 (7 PP)

40) Justin Bonsignore 2 Losses 191 (14 PP)

48) Logan Bearden 1 Loss 122 (7 PP)

54) Vicente Salas 1 Loss 90 (6 PP)

59) Christopher Bell 1 Loss 70 (5 PP)

61) Carson Hocevar 1 Loss 64 (7 PP)

65) Ross Chastain 1 Loss 52 (5 PP)

**___________________________**

Truck series Playoff Grid (race 1/3 of Round of 10)

1) Chandler Smith 2055 (5 PP)

2) Toni Briedinger 2048 (12 PP)

3) Matt Mills 2047 (2 PP)

4) Spencer Boyd 2039 (9 PP)

5) Kaden Honeycutt 2031 (7 PP)

6) Dawson Sutton 2030 (7 PP)

7) Layne Riggs 2028 (7 PP)

8) Jack Wood 2023 (5 PP)

_____________________________________________

9) Frankie Muniz 2022 (22 PP)

10) Connor Mosack 2021 (4 PP)",2025-09-03
t3_1nbi0vh,Denny Hamlin number 1 in qualifier this year he was number 2 last year in 2024 Race so ofc we pick Denny Hamlin,https://www.reddit.com/r/nascar/comments/1nbi0vh/,/u/Wrdup30742,2025-09-08 08:17:16+00:00,,2025-09-08
t3_1nbkmnh,"The Day After the Races - September 8, 2025",https://www.reddit.com/r/nascar/comments/1nbkmnh/,/u/NASCARThreadBot,2025-09-08 11:00:05+00:00,"Welcome to this week's Day After the Races thread! The dust has settled, the track has cooled, and the confetti's been swept.  With this weekend's activities over, what are your thoughts?  Here's a summary of the previous week's race(s):

---

[NCS](#theNCS)[](#trackGateway) ***Enjoy Illinois 300 at World Wide Technology Raceway***

**Elapsed Time**: 3:03:11 for 240 laps (300&nbsp;mi / 482.8&nbsp;km)

**Cautions**: 10 cautions for 52 laps

**Leaders**: 15 lead changes among 9 leaders (Denny Hamlin led most with 75)

**Stage 1**: Chase Briscoe at 45 Laps

**Stage 2**: Bubba Wallace at 140 Laps

**Race Winner**: Denny Hamlin at 240 Laps

[Current Standings at NASCAR.com](http://www.nascar.com/standings/nascar-cup-series)

**Race Threads**: [[Pre](/r/NASCAR/comments/1navf4z/prerace_discussion_thread_ncs_enjoy_illinois_300/)]:[[Race](/r/NASCAR/comments/1nb02nh/race_thread_ncs_enjoy_illinois_300_at_world_wide/)]:[[Post](/r/NASCAR/comments/1nb6joj/postrace_discussion_thread_ncs_enjoy_illinois_300/)]

---

[NXS](#theNXS)[](#trackGateway) ***TBA at World Wide Technology Raceway***

**Elapsed Time**: 2:12:32 for 160 laps (200&nbsp;mi / 321.87&nbsp;km)

**Cautions**: 6 cautions for 42 laps

**Leaders**: 8 lead changes among 5 leaders (Connor Zilisch led most with 121)

**Stage 1**: Connor Zilisch at 35 Laps

**Stage 2**: Justin Allgaier at 70 Laps

**Race Winner**: Connor Zilisch at 160 Laps

[Current Standings at NASCAR.com](http://www.nascar.com/standings/xfinity-series)

**Race Threads**: [[Race](/r/NASCAR/comments/1nacrmt/race_thread_nxs_nu_way_200_sauced_by_blues_hog_at/)]:[[Post](/r/NASCAR/comments/1nah6ax/postrace_discussion_thread_nxs_nu_way_200_sauced/)]",2025-09-08
t3_1nbt25g,Denny Hamlin wins and is through to the Round of 12!,https://www.reddit.com/r/nascar/comments/1nbt25g/,/u/nascarrace2day,2025-09-08 16:52:06+00:00,[removed],2025-09-08
t3_1nc02rq,2025 LASTCAR Cup & Xfinity Playoff Grid (After Gateway),https://www.reddit.com/r/nascar/comments/1nc02rq/,/u/TIFUthebestSubreddit,2025-09-08 21:13:54+00:00,"Cup Series Playoff standings (Race 2/3 of round of 16)

1) Cody Ware 2112 (21 PP)

2) Riley Herbst 2093 (29 PP)

3) Alex Bowman 2072 (6 PP)

4) Ricky Stenhouse Jr 2064 (10 PP)

5) Noah Gragson 2055 (13 PP)

6) AJ Allmendinger 2051 (19 PP)

7) Brad Keselowski 2045 (5 PP)

8) Kyle Busch 2042 (8 PP)

9) Ross Chastain 2040 (7 PP)

10) Kyle Larson 2039 (10 PP)

11) William Byron 2037 (7 PP)

12) Carson Hocevar 2032 (10 PP)

_____________________________________________

13) Ryan Blaney 2030 (7 PP)

14) Joey Logano 2030 (7 PP)

15) Erik Jones 2030 (8 PP)

16) Denny Hamlin 2013 (7 PP)

**___________________________**

Xfinity Playoff standings (Race 26/26)

1) Parker Retzlaff 2 Losses 2021 (21 PP)

2) Garrett Smithley 1 Loss 2016 (16 PP)

3) Kyle Sieg 2015 (15 PP) (Regular Season Points leader)

4) Daniel Dye 2 Losses 2014 (14 PP)

5) Christian Eckes 2 Losses 2013 (13 PP)

6) Anthony Alfredo 1 Loss 2012 (12 PP)

7) William Sawalich 1 Loss 2009 (9 PP)

8) Dean Thompson 1 Loss 2009 (9 PP)

_____________________________________________

9) Ryan Sieg 1 Loss 2007 (7 PP)

10) Sammy Smith 1 Loss 2007 (7 PP)

11) Jesse Love 1 Loss 2007 (7 PP)

12) Taylor Gray 1 Loss 2005 (5 PP)",2025-09-08
t3_1nc13jm,How many seasons do you think Denny Hamlin still races for?,https://www.reddit.com/r/nascar/comments/1nc13jm/,/u/Professional-Clue750,2025-09-08 21:54:46+00:00,"Love him or hate him he’s still winning races, & still at a high level I’d say maybe 2-3. He’s 44 now & will be 45 in November, I could definitely see another 2 years.


",2025-09-08
t3_1nca30k,I did some math on the total points earned during the first two races of the playoffs.,https://www.reddit.com/r/nascar/comments/1nca30k/,/u/DarthLordyTheWise,2025-09-09 04:58:33+00:00,"1. Chase Briscoe — 105

2.	Bubba Wallace — 95

3.	Denny Hamlin — 91

4.	Tyler Reddick — 74

5.	Kyle Larson — 71

6.	Ryan Blaney — 69

7.	Chase Elliott — 68

8.	Joey Logano — 57

9.	Austin Cindric — 56

10.	Ross Chastain — 55

11.	Christopher Bell — 52

12.	William Byron — 50

13.	Austin Dillon — 38

14.	Shane van Gisbergen — 17

15.Alex Bowman — 17	

16.Josh Berry — 3

Toyota’s almost have the top 5 locked out, I’m surprised Bell isn’t doing as well this year.
Berry is having a generational bad start, he’s gonna have to win Bristol for any hope for the next round.",2025-09-09
t3_1ndyfsp,Writeup Wednesday Every Week Until the 2025 Championship Weekend #29: Dr. Gas and the X-Pipe Exhaust,https://www.reddit.com/r/nascar/comments/1ndyfsp/,/u/bruhmoment2248,2025-09-11 03:28:07+00:00,"The feeling of nostalgia that we feel as human beings is influenced by a number of different stimuli, namely our 5 senses and our memories of the past. Combined with the latter, one of those 5 senses is responsible for a big part of why many NASCAR fans clamor for the past so fervently… let’s talk about it.

'

[NASCAR engines have always intrigued me because of how unique it sounds](https://preview.redd.it/lusuepc8fgof1.png?width=1080&format=png&auto=webp&s=3c59c5f0d7343506eebd0246b5296c5ee1602782)

'

# Dr. Gas' Invention

A stock car’s engine note is distinct amongst other race car engine sounds, in that its distinguishing auditory feature is the low rumble paired with the song of a V8 motor spinning at 8000 RPM. But in the 1990s a man by the name of Boyd Butler, known now as Mr. Gas, developed the system in the early 90s looking for an alternative to H-pipe systems found on most racecars. The X-pipe exhaust is fairly self-explanatory as to what it is: an X-shaped set of exhaust tubes that go out both sides of the car.

'

[the pipes in black are what we focus on today](https://preview.redd.it/q2j437xuegof1.png?width=328&format=png&auto=webp&s=36ef345b6633b6be6dbcb7c2bc6fc49b66db68aa)

'

When Butler tested his new design, he found that it led to less power loss than the traditional H-pipe designs of the past, of which the X-pipe puts the connection between the 2 pipes in the center rather than toward the rear. The result is a higher-pitched engine note that sounded more like an open-wheel engine than that of a stock car. Butler went around offering the system to numerous Winston Cup teams but couldn’t get ahold of any of them, noting that Richard Childress’ team’s voicemail system filtered him out. 

'

So he put out advertisements in magazines and got the attention of Mark Giles, an exhaust system fabricator on the Morgan McClure team that had won the previous year’s 500. After dyno testing found a 3 horsepower improvement compared to the incumbent exhaust designs, Boyd was instructed to bring as much tubing as possible to Daytona on short notice to be used for qualifying 8 days before the 37th running of the Great American Race.

'

[never before had a stock car sounded like an IMSA car before](https://preview.redd.it/rud6td1sdgof1.png?width=1334&format=png&auto=webp&s=ff8855b33251e5a0a7c85c9f3853b139536dd325)

'

With the new design underneath the car, defending 500 champion Sterling Marlin brought it to second place in qualifying, and 8 days later went on to win his second Daytona 500. Many pointed to the genius of engine builder Runt Pittman, who crew chief Tony Glover tongue-in-cheekly credited with “140 degree headers” in an interview with ESPN. Others pointed to the fact that the Morgan-McClure engine shop was already one of the sport’s best, but clearly the new X-pipes had an effect: nearly every other team now wanted one.

'

# The Flood Gates Open

With his phone line now flooded with calls that hadn’t previously come, Butler and the McClure team entered an exclusivity deal that allowed Dr. Gas to refine his designs and learn better how the cars were built in order for the tubes to work more effectively. Despite the fact that Marlin was the first to capitalize on the success of the X-pipe, it was Bobby Labonte in a Joe Gibbs Racing car that ended up showing the world how the X-pipe system looked when he flipped in 1996 in the Daytona 500 125-mile qualifying race. 

'

[yeah you probably forgot this happened, didn't you?](https://preview.redd.it/zay44fnefgof1.png?width=1280&format=png&auto=webp&s=c4dc04cfd2a42055e0ff81fd23e200c124529f56)

'

By then, the exclusivity deal had run out and teams were able to start using the new and improved design, and by the end of the decade it became the standard along with the traditional H-pipe designs that some teams still used. Interestingly enough, the Pontiac Firebirds that the former IROC series used also had X-pipes fitted on them around the same time, and sounded nearly exactly similar to the Cup cars of the time. 

'

# What Of The X-Pipes Now?

This design was top notch for a decade afterwards, but with time came the need for change in the racecars, one that left Dr. Gas’ design by the wayside. With the introduction of the Car of Tomorrow, it was a farewell to the sweet music of the X-pipes as the COT employed the use of boom tubes on the right side of the cars, in attempts to reduce heat on the driver’s side among other things. The Next Gen cars of today use boom tubes as well, except they are able to come out of both sides instead of just the right as it had been for nearly 15 years prior.

'

But for NASCAR’s most popular period, the X-pipe exhaust-influenced sounds are the quintessential soundtrack to the nostalgia-fueled love for the good ol’ days that many newer fans grew up in.

'

[the newer boom tubes ain't got nothing on the sweet songs of these cars](https://preview.redd.it/6bmvuejnfgof1.png?width=860&format=png&auto=webp&s=114bb725ea55907a0d66511e55b594c0fe760560)

'

# Next Week...

If you focus wholly on the sounds of the track, you might miss just how close the races can get..",2025-09-11
t3_1nhyl1q,"2025 LASTCAR Cup, Xfinity, and Truck Playoff Grid (after Bristol II)",https://www.reddit.com/r/nascar/comments/1nhyl1q/,/u/TIFUthebestSubreddit,2025-09-15 21:21:59+00:00,"Cup Series Playoff standings (Race 3/3 of round of 16)

1) Riley Herbst 3029 (29 PP)

2) Cody Ware 3021 (21 PP)

3) AJ Allmendinger 3019 (19 PP)

4) Noah Gragson 3013 (13 PP)

5) Ricky Stenhouse Jr 3010 (10 PP)

6) Kyle Larson 3010 (10 PP)

7) Kyle Busch 3008 (8 PP)

8) Erik Jones 3008 (8 PP)
_____________________________________________

9) Ross Chastain 2040 (7 PP)

10) William Byron 2037 (7 PP)

11) Alex Bowman 3006 (6 PP)

12) Brad Keselowski 3005 (5 PP)

_____________________________________________

Eliminated Drivers

~~13) Denny Hamlin 2041~~

~~14) Carson Hocevar 2036~~

~~15) Joey Logano 2033~~

~~16) Ryan Blaney 2031~~

**___________________________**

Xfinity Playoff standings (Race 1/3 of round of 12)

1) Sammy Smith 2060 (7 PP)

2) Daniel Dye 2038 (14 PP)

3) Parker Retzlaff 2035 (21 PP)

4) Kyle Sieg 2034 (15 PP)

5) Anthony Alfredo 2032 (12 PP)

6) Jesse Love 2030 (7 PP)

7) Ryan Sieg 2029 (7 PP)

8) William Sawalich 2022 (9 PP)

_____________________________________________

9) Christian Eckes 2018 (13 PP)

10) Dean Thompson 2019 (9 PP)

11) Taylor Gray 2017 (5 PP)

12) Garrett Smithley 2016 (16 PP)


**___________________________**

Truck series Playoff Grid (race 2/3 of Round of 10)

1) Chandler Smith 2098 (5 PP)

2) Toni Briedinger 2082 (12 PP)

3) Spencer Boyd 2071 (9 PP)

4) Matt Mills 2063 (2 PP)

5) Dawson Sutton 2047 (7 PP)

6) Jack Wood 2045 (5 PP)

7) Kaden Honeycutt 2043 (7 PP)

8) Layne Riggs 2029 (7 PP)

_____________________________________________

9) Connor Mosack 2028 (4 PP)

10) Frankie Muniz 2022 (22 PP)",2025-09-15
t3_1niwcow,"[Bob Pockrass] As expected, Denny Hamlin tire changer Austin Maloney and jackman Joel Bouagnon suspended for two races for wheel coming off at Bristol.",https://www.reddit.com/r/nascar/comments/1niwcow/,/u/ZilischsPoopyPants,2025-09-16 22:48:32+00:00,,2025-09-16
t3_1nlie8j,"Denny Hamlin has publicly stated he has 2 years left. To the “non-Denny” fan, how do you want to see the last 2 years unfold?",https://www.reddit.com/r/nascar/comments/1nlie8j/,/u/THEROOSTERSHOW,2025-09-19 23:11:10+00:00,"Denny has been one of, if not the most, polarizing driver of his generation. I think peak M&Ms Kyle Busch might have him covered. There have been a few others. Most of us have probably been rooting against him for most of his career. I certainly have. 

But, where are you at for the remainder of this year + the next 2 before one of the winningest drivers of the modern era of NASCAR hangs it up? 

Do you hope that you just watched Denny win his last race at Gateway the other week? And he fades off the last 2 years struggling to find top 5s like some of the other greats? 

Do you hope he wins a few races a year, maybe reaches 65-70 wins? 

If Denny makes the final 4, are you rooting for him? 

How do you hope to see Denny depart?",2025-09-19
t3_1nn22m6,Why does Denny Hamlin never change a number in NASCAR,https://www.reddit.com/r/nascar/comments/1nn22m6/,/u/Global_Fudge_4242,2025-09-21 20:03:08+00:00,Explain why,2025-09-21
t3_1nn5dur,[Bob] Joe Gibbs talked with Denny Hamlin after the race. He says he will leave it up to the drivers to handle their issues.,https://www.reddit.com/r/nascar/comments/1nn5dur/,/u/CNASFan1992,2025-09-21 22:17:19+00:00,,2025-09-21
t3_1nn9tih,"[Steven Taranto] ""Put together the onboards of Denny Hamlin and Ty Gibbs (plus Christopher Bell's as a bonus) to try and paint a complete picture of what happened between them.""",https://www.reddit.com/r/nascar/comments/1nn9tih/,/u/ZilischsPoopyPants,2025-09-22 01:43:46+00:00,,2025-09-22
t3_1nnoow8,Round of 12 Predictions-Post New Hampshire,https://www.reddit.com/r/nascar/comments/1nnoow8/,/u/analyst_kolbe,2025-09-22 14:54:45+00:00,"One race down!  (Again)



For accountability, here are the predictions I made at the beginning of the round: [https://www.reddit.com/r/NASCAR/comments/1nhrzg1/round\_of\_12\_playoff\_predictions/](https://www.reddit.com/r/NASCAR/comments/1nhrzg1/round_of_12_playoff_predictions/)



However, in case you don't want to check it out, here were my projections for the round, along with how many playoff points each driver gained in the first round:

https://preview.redd.it/m814cq11cqqf1.png?width=752&format=png&auto=webp&s=7894390b6f777b69edc04bbaa3cf1f851eac99a9

As is rapidly becoming tradition, I'll start by owning up when another redditor absolutely schools me.  I mentioned that Blaney's history at New Hampshire was concerning, with just one top 15 in his last 5 attempts.  /u/JohnNixx6 was quick to correct me, adding ""last year he finished 5th in both stages and was running 2nd before McDowell cleared him out.  In 2023 he was 5th in stage 1 and 4th in stage 2 before a late pit penalty.""  That comment aged pretty well, as Blaney ended up not just finishing top 5, but winning outright in a fairly dominant display.  



It wasn't just Blaney looking fast out there.  It was a pretty good day .  Joey Logano had a monster performance, winning a stage and generally running up front all race.  And Josh Berry, allied with Penske, was a genuine threat to win it all.  In fact, in just stage 1, he amassed more points than he managed in the entire first round.  But then Shane Van Gisbergen decided Josh was enjoying too much success and spun him out.  



With the Penske cars being so fast, naturally I have to talk about all the ways Austin Cindric impressed...and now I have.  57 points for Blaney, 52 for Logano, and Cindric only comes up with 20.  Sometimes it seems every team has to have that one driver who just doesn't live up to the rest.



Speaking of Ty Gibbs, does he not get what's going on?  His teammate Denny Hamlin is trying to win a championship for Ty's grandfather, and Ty is trying to squeeze him off the track to hold one meaningless spot mid-stage.  Or, more generally, Ty tried ""dueling"" a driver who actually deserved to race for the Gibbs team with predictable results.  I love Estepp, but I disagree that Hamlin was 100% in the wrong.  Gibbs was trying to take the entire track from his teammate.  That would be questionable in any circumstance.  But when said teammate is in the playoffs and you aren't?  I barely think those drivers should be on the track at all, much less getting in the way.



In fact, I'll talk about another non-playoff driver.  How many unforced cautions should a non-playoff driver be allowed to cause in the postseason before NASCAR comes down and says you aren't allowed back on the track?  I don't want to name names, but my patience is ""Ware-ing thin"" with a certain driver.  



But enough of that.  Let's see how the picture looks post-New Hampshire:

https://preview.redd.it/59n7fpracqqf1.png?width=752&format=png&auto=webp&s=0df27397916c66410e0de2106395010a54b2e88c

Well, this is awkward.  With Logano having such a strong result, he's temporarily out of trouble, and we now have the bottom four in the Chase for the Chase and Chase for the Cup.  



That said, I have to admit that Hendrick had a low key impressive run here at New Hampshire.  Byron was up front all race, and it seemed like a lot of restarts just didn't go his way, but there's no question he was fast.  And somehow both Larson and Elliott finished in the top 7 as well.  It was enough for Byron to almost lock in to the next round, as he already has 82 points for the round.  That's only 2 less than Blaney (who is locked) and 6 more than Larson, who also just needs to stay on the lead lap at this point.  After him is a 12 point drop to the #4 driver.  



12 points also happens to be the gap between the bottom driver above the cut line and the first driver below.  For Ross Chastain, a strong performance at Kansas is an absolute necessity, whereas Wallace and Reddick are probably prepping for the Roval.



Let me know what you expect to see!  ",2025-09-22
t3_1nnsrgp,Can’t decide who to support after being away for years.,https://www.reddit.com/r/nascar/comments/1nnsrgp/,/u/AngryScuba,2025-09-22 17:25:59+00:00,"The past year and a half, I’ve got back into nascar quite a bit.

Growing up I was always an Earnhardt Jr. fan up until right before he retired when I stopped watching.

It was pretty easy to choose to support some of JRM drivers in the Xfinity series and I have a few that I like in Craftsman series, but I’m still on the fence about who to support in the Cup series. 

Not too many people standout as a clear favorite of mine, but plenty of them that I know I don’t care for.

Some of the drivers I like since returning are (in no specific order); Chase Briscoe, Austin Cindric, Ryan Blaney, Denny Hamlin, Josh Berry, Brad Keselowski, and probably a few others that I can’t think of at the moment. 

I do know I’ll be primarily supporting Connor Zilisch next year when he gets his full time ride at Trackhouse, so I guess I’ve got someone I’ve decided on, he’s just not quite in it yet. lol

Idk, what’s your thoughts? Didn’t necessarily have a question, just rambling. ",2025-09-22
t3_1no03hi,2025 LASTCAR Cup & Truck Playoff Grid (after New Hampshire,https://www.reddit.com/r/nascar/comments/1no03hi/,/u/TIFUthebestSubreddit,2025-09-22 22:06:50+00:00,"Cup Series Playoff standings (Race 1/3 of round of 12)

1) Cody Ware 3065 (22 PP)

2) Riley Herbst 3054 (29 PP)

3) Kyle Busch 3052 (8 PP)

4) Erik Jones 3045 (8 PP)

5) Ricky Stenhouse Jr 3042 (10 PP)

6) AJ Allmendinger 3039 (19 PP)

7) Brad Keselowski 3032 (5 PP)

8) Noah Gragson 3029 (13 PP)
_____________________________________________

9) Alex Bowman 3021 (6 PP)

10) Kyle Larson 3017 (10 PP)

11) Ross Chastain 3016 (7 PP)

12) William Byron 3010 (7 PP)
_____________________________________________

Eliminated Drivers

~~13) Denny Hamlin 2053~~

~~14) Carson Hocevar 2047~~

~~15) Joey Logano 2037~~

~~16) Ryan Blaney 2032~~

**___________________________**

Truck series Playoff Grid (race 3/3 of Round of 10)

1) Toni Briedinger 3012 (12 PP)

2) Connor Mosack 3011 (11 PP)

3) Spencer Boyd 3009 (9 PP)

4) Dawson Sutton 3007 (7 PP)

_____________________________________________

5) Kaden Honeycutt 3007 (7 PP)

6) Chandler Smith 3005 (5 PP)

7) Jack Wood 3005 (5 PP)

8) Matt Mills 3002 (2 PP)

_____________________________________________

Eliminated Drivers 

~~9) Layne Riggs 2032~~

~~10) Frankie Muniz 2022~~",2025-09-22
t3_1nok1xg,[BOB] Denny Hamlin will get two over-the-wall pit crew members from the JGR crew that is leased to Front Row for the Noah Gragson car ... Thomas Hatcher (front changer) and Nate McBride (jack man) on the Hamlin car this week.,https://www.reddit.com/r/nascar/comments/1nok1xg/,/u/RBF48,2025-09-23 15:12:30+00:00,,2025-09-23
t3_1nopjww,Lionel renderings of Christopher Bell's 2026 car show a new logo for Joe Gibbs Racing's 35th anniversary,https://www.reddit.com/r/nascar/comments/1nopjww/,/u/1-800-DADJOKE,2025-09-23 18:38:44+00:00,,2025-09-23
t3_1noyaq5,"Ty Gibbs reposted “""Is that the moment that derails Denny Hamlin's 2025 championship?""” on Instagram, with a finger pointing towards the words.",https://www.reddit.com/r/nascar/comments/1noyaq5/,/u/BucketOCheerios,2025-09-24 00:37:02+00:00,,2025-09-24
t3_1npvp8r,Writeup Wednesday Every Week Until the 2025 Championship Weekend #31: Foreign Nameplates in NASCAR,https://www.reddit.com/r/nascar/comments/1npvp8r/,/u/bruhmoment2248,2025-09-25 02:53:38+00:00,"With how globalized the world’s economy has become in the 21st century and beyond, the concept of where a product “comes from” has become less and less clear. As it pertains to cars, their place of origins remain the last semblance of attaching a place to a brand… let’s talk about it.



# ""Foreign"" Nameplates

NASCAR is a staunchly American sport, and it’s not hard to see why whenever you go to the racetrack. NASCAR’s fans are a staunchly nationalistic bunch, as evidenced by the abundance of flags and merch in the grandstands and in the camper tent lots around the racetrack. Naturally, the idea of anything “foreign” joining what was once a heavily southeastern sport will draw a wide range of reactions, mainly scorn in this day and age.

'

Except in the earliest days of stock car racing, it was not at all like this. Prior to 2007, the only times foreign manufacturers raced in the highest divisions of NASCAR en masse were back in the 1950s, with brands such as Jaguar, Aston Martin (for once race only) and even Porsche trying their hand at entering NASCAR. Jaguar in particular got a win in 1954 at the Linden Airport in New Jersey, of which 20 foreign cars were entered in the 43 car field and saw 4 Jaguars in the top 6.

'

[I can only imagine this photo would be legendary in color](https://preview.redd.it/l3epkbn748rf1.png?width=2769&format=png&auto=webp&s=1372300df8f7810f16bbd5a525fe085dbaf4bc13)

'  


Then there are the more one-off-ish attempts that nearly became lost to time. Dick Hagy once took a Volkswagen Beetle to Langhorne Speedway in 1953 and survived to finish in 19th place, the only time the German giants have been spotted in a NASCAR Cup Series field (along with Aston Martin, as mentioned above). More famously, Smoky Cook took an MG onto Bowman Gray in 1963 and finished in 12th place, allegedly as a field filler dropping out after several laps due to “problems” with the car but this has not been fully confirmed even after 60+ years. 

'

[International classes is something NASCAR needs to experiment with again...](https://preview.redd.it/q9wvuqbs48rf1.png?width=745&format=png&auto=webp&s=72b5a520a2d0831b1a85fe0c515e73cb87d0c677)

'

For another 40 of them, Cook’s MG remained the last car with a “foreign” nameplate to enter a Cup Series points race. It only took another decade or two for the domestic manufacturer breakdown to shrink as well, with only 3 major makes in the form of Chevrolet, Ford, and Pontiac (2 of which were owned by General Motors) in the Winston Cup Series by the start of the 21st century. Dodge’s return in 2001 helped bring the final big 3 automaker in Chrysler back into the fold, only for Pontiac to go by the wayside after a few years to leave only 3 by 2004.

'

Enter: Toyota.

'

# The Three Ovals

[this logo alone has caused more rage in some fans than any on-track action ever could](https://preview.redd.it/igvs174k68rf1.png?width=370&format=png&auto=webp&s=6ccea665d32bbc0eff3e66f6d300e1b3f2468cc0)

'

Toyota already had a slight presence in stock car racing as the Celica had been used in the former Goody’s Dash Series. Using a TRD-developed V6 engine, the Japanese manufacturer entered the Dash Series in 2000, and won their only title in 2003 at the hands of Robert Huffman. Their first ever involvement in NASCAR came around 20 years earlier in the former International Sedan Series, where Bill Collins drove to an 18th place finish at Talladega. It was around this time that the Japanese giants were expanding into other disciplines of motorsport, such as Formula 1 a few years prior in 2002 and American open wheel racing half a dozen years before that.

'

[Toyota followed the formula that Dodge had done before them... which Dodge is doing again nowadays \(full circle\)](https://preview.redd.it/40pgbeuc68rf1.png?width=500&format=png&auto=webp&s=3890a19e747be5da82959e500ae9d446c5fed0ea)

'

2004 saw Toyota expand their efforts into the Craftsman Truck Series with Bill Davis Racing, albeit with some slight controversy attached to the move on BDR’s part. Mike Skinner spearheaded the flagship #5 Tundra, but it was then-defending Truck champion Travis Kvapil who brought home Toyota's first victory in any of the top 3 series at Michigan in June. Their efforts brought Arnold/Germain Racing to the brand a year later, eventually winning the 2006 Truck Series title with Todd Bodine. With the success they had in the lower levels, the time to move up the ladder came in 2007 with the Camry being introduced in both the Nextel Cup and Busch Series.

'

[the Gen 4 Camry needs more retroactive love](https://preview.redd.it/q8rljzch58rf1.png?width=1240&format=png&auto=webp&s=1e81ea205090dddc81989519fa94f8e00ac5714f)

'

To say it did not start out well… is an understatement, to say the least. Nearly all of the 8 full-time Toyota runners failed to qualify for at least one race, with flagship bearer Michael Waltrip missing 11 races in a row after the Daytona 500 and getting embroiled in cheating controversy. But after Joe Gibbs Racing announced their switch to Toyota for 2008, the brand experienced success almost instantaneously off the back of Kyle Busch, who won in just the fourth race of the season at Atlanta to become the first driver since Al Keller in 1954 to take a foreign nameplate to victory lane in the Cup Series.

'

And it’s just one of more than 200 wins in Cup for them, as Toyota teams are arguably now some of the most dominant in the sport today.

'

# Nameplates Today

But Toyota is the only “foreign” nameplate that’s crossed the pond into NASCAR; none more followed in their footsteps, mainly due to the global recession that impacted a lot of automakers negatively in the year after Toyota entered the top two series. Rumors have swirled for years about Honda’s potential involvement in the Cup Series, though as of the writing of this piece nothing has officially been rumored or confirmed on that front. Other names like Audi have floated around in the last decade, but it feels moreso that Toyota may just have to be the flagbearer for the outsiders for the foreseeable future.

'

Outsiders that have well earned their way inside of the club.

'

[Toyota's current tally: 201 Cup wins and counting](https://preview.redd.it/7yffzzgt58rf1.png?width=1000&format=png&auto=webp&s=8d46a6cb7527ec7dbda87f5b215b0c5859dfe483)

'

# Next Week...

Feels like it's been too long since we've last been on a road course...",2025-09-25
t3_1ns037d,"[Gluck] Asked by @JennaFryer about the teammate stuff, @dennyhamlin says Joe Gibbs Racing had ""productive meetings"" this week but ""the guts of that are going to need to be confidential.""",https://www.reddit.com/r/nascar/comments/1ns037d/,/u/dman6233,2025-09-27 16:50:41+00:00,,2025-09-27
t3_1nsprd8,Points System Money Championship,https://www.reddit.com/r/nascar/comments/1nsprd8/,/u/HULKP3,2025-09-28 14:29:41+00:00,"I've been thinking what if NASCAR used the Money Points System from the beginning I simulated 2024 with it here are the results:
$500 COTA Gateway Sonoma Iowa Chicago Watkins Glen Roval 
$1000 Richmond 1 Texas Loudon Nashville Pocono Richmond 2 Homestead 
$4000 Las Vegas 1 Dover Kansas 1 Michigan Kansas 2 Talladega 2 Las Vegas 2
$6000 Atlanta 1 Phoenix 1 Bristol 1 Martinsville 1 Talladega 1 Darlington 1 Bristol 2 
$25000 Daytona 500 Coca-Cola 600 Indy Daytona 2 Southern 500 Atlanta 2 Martinsville 2 Phoenix 2
2024 Results:
20 Christopher Bell 7948
5 Kyle Larson 5760
12 Ryan Blaney 5712.5
24 William Byron 5572
45 Tyler Reddick 4505.5
9 Chase Elliott 3758.5
22 Joey Logano 3585
8 Kyle Busch 3438.5
11 Denny Hamlin 3419.5
48 Alex Bowman 3301
6 Brad Keselowski 3222.5
54 Ty Gibbs 2447
23 Bubba Wallace 2375
99 Daniel Suarez 2224.5
17 Chris Buescher 1899 
14 Chase Briscoe 1876.5
2 Austin Cindric 1867
21 Harrison Burton 1309
1 Ross Chastain 1240
19 Martin Truex Jr 1226.5 ",2025-09-28
t3_1nt2183,Bubba Wallace shows his displeasure to team owner Denny Hamlin after the checkered flag.,https://www.reddit.com/r/nascar/comments/1nt2183/,/u/Equivalent_Dish_1990,2025-09-28 22:47:10+00:00,https://x.com/Noah_Lewis1/status/1972430377588502600?t=HK-RWz3x9oSpMiD_Y24PYw&s=19,2025-09-28
t3_1nt2izn,[@DustinLong] Denny Hamlin just massive disappointment.,https://www.reddit.com/r/nascar/comments/1nt2izn/,/u/NoahGragsonsBarfBag,2025-09-28 23:09:41+00:00,,2025-09-28
t3_1nt6pws,[Denny Hamlin on X] (responding to criticism over his late-race actions) Give me a break. I was off the gas and on the brakes 100yds before the 23 let off. I was turning as hard as I could given the aero situation. 11 team deserved that race. It didn’t work out.,https://www.reddit.com/r/nascar/comments/1nt6pws/,/u/CNASFan1992,2025-09-29 02:34:03+00:00,,2025-09-29
t3_1nt94vq,What if Denny Hamlin is on drugs?,https://www.reddit.com/r/nascar/comments/1nt94vq/,/u/Accomplished_East433,2025-09-29 04:44:45+00:00,"Dude has been making questionable moves for the last couple of weeks. First wrecks his teammate, then wrecks his own car. Who went the right mind would do this? It’s giving c*ke / adderral vibes . Sad because I am a Denny fan.",2025-09-29
t3_1ntey0s,"The Day After the Races - September 29, 2025",https://www.reddit.com/r/nascar/comments/1ntey0s/,/u/NASCARThreadBot,2025-09-29 11:00:07+00:00,"Welcome to this week's Day After the Races thread! The dust has settled, the track has cooled, and the confetti's been swept.  With this weekend's activities over, what are your thoughts?  Here's a summary of the previous week's race(s):

---

[NCS](#theNCS)[](#trackKansas) ***Hollywood Casino 400 at Kansas Speedway***

**Elapsed Time**: 3:19:35 for 273 laps (409.5&nbsp;mi / 659.02&nbsp;km)

**Cautions**: 9 cautions for 48 laps

**Leaders**: 20 lead changes among 11 leaders (Denny Hamlin led most with 159)

**Stage 1**: Denny Hamlin at 80 Laps

**Stage 2**: Denny Hamlin at 165 Laps

**Race Winner**: Chase Elliott at 273 Laps

[Current Standings at NASCAR.com](http://www.nascar.com/standings/nascar-cup-series)

**Race Threads**: [[Pre](/r/NASCAR/comments/1nsqi0l/prerace_discussion_thread_ncs_hollywood_casino/)]:[[Race](/r/NASCAR/comments/1nsuz2o/race_thread_ncs_hollywood_casino_400_at_kansas/)]:[[Post](/r/NASCAR/comments/1nt1rse/postrace_discussion_thread_ncs_hollywood_casino/)]

---

[NXS](#theNXS)[](#trackKansas) ***Kansas Lottery 300 at Kansas Speedway***

**Elapsed Time**: 2:20:38 for 200 laps (300&nbsp;mi / 482.8&nbsp;km)

**Cautions**: 4 cautions for 26 laps

**Leaders**: 16 lead changes among 7 leaders (Justin Allgaier led most with 79)

**Stage 1**: Justin Allgaier at 45 Laps

**Stage 2**: Justin Allgaier at 90 Laps

**Race Winner**: Brandon Jones at 200 Laps

[Current Standings at NASCAR.com](http://www.nascar.com/standings/xfinity-series)

**Race Threads**: [[Race](/r/NASCAR/comments/1ns3b4f/race_thread_nxs_kansas_lottery_300_at_kansas/)]:[[Post](/r/NASCAR/comments/1ns8d96/postrace_discussion_thread_nxs_kansas_lottery_300/)]",2025-09-29
t3_1ntjkyy,I can't be the only once who thinks/ semi criticizes this,https://www.reddit.com/r/nascar/comments/1ntjkyy/,/u/LilLasagna94,2025-09-29 14:31:33+00:00,"Has anyone else ever wondered why a NASCAR driver would create their own team in the same series they race in and then not drive for that team? I get it from a finance standpoint (makes money if things are going well) and from a passion standpoint because you just love racing. 

But from a competitive standpoint I don't get it. As we saw yesterday, if Denny doesn't crests his own racing team, good chance he gets win #60. Which would've helped him in his quest for his first championship. 

For Denny is especially perplexing, because Dale Earnhardt did the sans obviously with DEI but by the time his cars went cup, Dale already accomplished everything there was to do in NASCAR. Sure there were talks about trying to get that 8th championship, but its nothing like Denny Hamlin who hasn't accomplished nearly as much as Earnhardt did. I just don't understand why a driver would create more competition against themselves especially when they haven't even got a cup yet",2025-09-29
t3_1ntmxv6,Round of 12 Predictions-Post Kansas,https://www.reddit.com/r/nascar/comments/1ntmxv6/,/u/analyst_kolbe,2025-09-29 16:38:41+00:00,"Just one race to go!



For accountability, here are the predictions I made at the beginning of the round: [https://www.reddit.com/r/NASCAR/comments/1nhrzg1/round\_of\_12\_playoff\_predictions/](https://www.reddit.com/r/NASCAR/comments/1nhrzg1/round_of_12_playoff_predictions/)



And here are my predictions after New Hampshire: [https://www.reddit.com/r/NASCAR/comments/1nnoow8/round\_of\_12\_predictionspost\_new\_hampshire/](https://www.reddit.com/r/NASCAR/comments/1nnoow8/round_of_12_predictionspost_new_hampshire/)



However, in case you don't want to check it out, here were my projections after New Hampshire, with how many spots each driver gained in the race:



https://preview.redd.it/xoer38yft4sf1.png?width=752&format=png&auto=webp&s=a85209e9673819305461f849cd404be452a6bacd



Surprisingly, I don't have any reddit users to bow down to this week, so let's jump into the recap.



WHEN DID CHASE ELLIOTT BECOME EXCITING TO WATCH?!  Okay, tons of people probably have better takes on the Wallace/Hamlin issue than I do, and I'll touch on it later, but Elliott had to thread a beautiful needle to get in position to make the pass for first.  Thanks to u/Altracing34 for the footage him Chase's POV, which shows a lot of the work needed to get the win, because he passed quite a few cars before Hamlin fucked Bubba.  Chase wasn't in a great deal of danger prior to Kansas, but he was a bottom half transfer, so this gives him a lot less to worry about, and not just for this round.



Tyler Reddick had a tough outing, starting at the end of stage 1 when he almost collided with Christoper Bell.  He stopped, and it cost him a few seconds, but no harm was done.  Can you imagine him running into another car on pit road?  You don't have to, because in stage 3 it actually happened.  



A caution was called at lap 211 when JJ Yeley spun out and came to a stop absolutely nowhere near the track.  Nice to screw with the race for an incident that in no way affects the remaining drivers.  Also, this is just further evidence that some drivers don't deserve to be on the track during playoffs.  Obviously I'm referring to Carson Hocevar, who spun Yeley.  



Actually, I guess I do owe someone an apology, because last week I talked about ""drivers"" who shouldn't be allowed to race alongside  playoff contenders, and I kinda named Cody Ware.  This wasn't entirely fair, because this week he demonstrated that it's the entire 51 team that shouldn't be allowed near the track.  



Okay, enough complaining from me.  Let's look at the current picture:



https://preview.redd.it/s6us8gait4sf1.png?width=752&format=png&auto=webp&s=e85c5f1a73f530e8d2195f741ab5554115dedbc4



Well, let's get it out of the way: Austin Cindric is now in ""win or be eliminated"" territory.  He's now 48 points behind Joey Logano, so it's technically possible to pass him or even Chase Briscoe just on points, but that's such an unlikely scenario that you can't plan for it.  For what it's worth, he would have had more points at Kansas were it not for a wreck, but this makes just 27 points across two races, which is pretty disappointing from a second round playoff driver.  



The good news is that after Cindric, there is real competition.  Next up is Tyler Reddick, with 48 points across both races.  With that poor performance and his last place start in playoff points, he is currently 29 points behind Logano.  While unlikely to be possible, it is a bit more realistic to see Reddick getting the points on Logano or Briscoe.  In 5 starts at the Roval, his worst finish is 12th, so a top 10 with stage points isn't just possible, but the expectation.  



Teammate Bubba Wallace also has 48 points from the first two races, but an extra 3 points coming into the round gives him a slight advantage over Reddick.  As impressive as he looked in Kansas, his lack of stage 1 points left him with a mid playoff pack finish, as 5 of his competitors received more points.  He's now 26 points down from Logano, and while his history there isn't as impressive as Reddick's, the expectation is a top 15, so it wouldn't take a ton of luck to get the job done.  Realistically, though, his best chance came and went in the final lap at Kansas.



Okay, my flair is about to show, but there are currently only 2 owner/drivers in NASCAR.  Can you imagine Brad doing what Hamlin did to either of his drivers?  The team owner priorities have to matter more than the driver priorities.  Even worse, these actions kinda go against the reasons for his grievance with Gibbs last week.  I believe he didn't intentionally run him into the wall, but I do think he planned on taking the track away from Bubba, knowing that it meant elimination.  Additionally, this isn't just a good driver, but a good driver with an option to leave 23XI.  I don't think that will happen, but it shows how unaware Hamlin was of everything at stake.  There's a reason owner/drivers aren't as common now, and that's because it requires a different level of situational awareness that Hamlin is now proven to lack.  



Rant over.  



The last driver below the cut line is Ross Chastain.  Unlike the rest, Chastain has \*almost\* driven like a contender for the Round of 8.  The top 8 drivers has averaged 81.5 points over the first two tracks, and Chastain is sitting at 63.  That's still worse than any of the 8 above him, but it would be enough to make the cutoff if he'd come in with top 8 points.  As it stands, he's 13 points behind Logano, and 21 behind Briscoe.  That's entirely possible.  It's even possible without Logano/Briscoe wrecking out early.  Unfortunately, this is not an ideal track for a Chastain comeback.  Ross' average finish at the Roval is 25th.  That said, there is some good news.  This year, he's averaged a 14.4 at road courses.  That's not great, but high enough to imagine a great finish considering that all Trackhouse resources will be gunning for him to succeed.  Well, not all resources.  SVG is probably going for a win, and I doubt Suarez feels like doing Chastain or Trackhouse any favors.  Hm.  This might be harder than it looks.



Okay, now on to the most predicted driver to fail, Joey Logano.  To many, his wreck with Cindric is about as fulfilling of the odd year curse as it gets, but he's still above the cut line.  Additionally, in his 7 Roval attempts, only once did he finish outside the top 10.  And in THAT race he took the pole qualifying.  It's possible he misses the cut...damn near anything can happen, after all, but with an average finish of 10.3, it would be unwise to bet against him.  



Chase Briscoe has had a fantastic year with Joe Gibbs Racing.  But given the significant jump in team quality he is a difficult driver to speculate on.  For example, his average finish of 24.3 at the Roval would seem to have him pretty screwed.  But there are 4 other road courses he's raced as both a Gibbs and SHR driver.  His average on those are a 20.1.  That average includes this year with Gibbs, where he averaged 11th, basically on par with Logano at the Roval.  Will Briscoe see the same kind of improvement here?  If so, we can pretty much lock him in.  



There's a reason I only mentioned Logano and Briscoe.  While it's technically possible for another driver to miss the line, it would take a disaster, as the next two drivers in points (Blaney and Elliott) are locked into the next round.  The next driver above that is William Byron, 19 points ahead of Briscoe.  So for one of the top 4 to fall, we'd need a win from a bottom four driver, a disastrous finish for a top 4, and a solid finish from both Briscoe and Logano.  Tall order.  I'd say that's about as likely as Zane Smith grinding the wall for half a lap.



Let me know what you expect to see!",2025-09-29
t3_1ntrok6,Denny Hamlin on Actions Detrimental: “I definitely won’t apologize”,https://www.reddit.com/r/nascar/comments/1ntrok6/,/u/NoahGragsonsBarfBag,2025-09-29 19:35:51+00:00,"Gets into yesterday’s race around 26mins (with ads)

https://podcasts.apple.com/us/podcast/actions-detrimental-with-denny-hamlin/id1666603641?i=1000729160616",2025-09-29
t3_1ntupe0,If You’re Looking for a Denny Hamlin Apology… Look Somewhere Else... [AD],https://www.reddit.com/r/nascar/comments/1ntupe0/,/u/lynxick,2025-09-29 21:30:51+00:00,Just posted...,2025-09-29
t3_1ntvh4b,2025 LASTCAR Cup & Xfinity Playoff Grid (After Kansas II),https://www.reddit.com/r/nascar/comments/1ntvh4b/,/u/TIFUthebestSubreddit,2025-09-29 22:01:32+00:00,"Cup Series Playoff standings (Race 2/3 of round of 12)

**1) Cody Ware 3126 (29 PP)** (clinched due to Loss)

2) Riley Herbst 3081 (29 PP)

3) Ricky Stenhouse Jr 3076 (10 PP)

4) AJ Allmendinger 3074 (19 PP)

5) Kyle Busch 3070 (8 PP)

6) Erik Jones 3068 (8 PP)

7) Noah Gragson 3051 (13 PP)

8) Alex Bowman 3048 (6 PP)

_____________________________________________

9) Brad Keselowski 3041 (5 PP)

10) Ross Chastain 3026 (7 PP)

11) Kyle Larson 3022 (10 PP)

12) William Byron 3018 (7 PP)
_____________________________________________

Eliminated Drivers

~~13) Carson Hocevar 2075~~

~~14) Joey Logano 2057~~

~~15) Ryan Blaney 2055~~

~~16) Denny Hamlin 2054~~

**___________________________**

Xfinity Playoff standings (Race 2/3 of round of 12)

1) Garrett Smithley 2065 (16 PP)

2) Sammy Smith 2062 (7 PP)

3) Parker Retzlaff 2060 (21 PP)

4) Anthony Alfredo 2055 (12 PP)

5) Kyle Sieg 2049 (15 PP)

6) Daniel Dye 2048 (14 PP)

7) Ryan Sieg 2046 (7 PP)

8) Jesse Love 2035 (7 PP)

_____________________________________________

9) Christian Eckes 2031 (13 PP)

10) William Sawalich 2031 (9 PP)

11) Dean Thompson 2027 (9 PP)

12) Taylor Gray 2021 (5 PP)",2025-09-29
t3_1nx5u21,my prediction for the 23xi/frm lawsuit,https://www.reddit.com/r/nascar/comments/1nx5u21/,/u/Even-Persimmon-5299,2025-10-03 17:40:25+00:00,"The courtroom was packed. Lawyers in suits, reporters scribbling down notes, and fans of all three parties waiting for the verdict in the lawsuit of the century: 23XI Racing and Front Row Motorsports vs. NASCAR. Both sides were at a stalemate, and after months of deliberation, one of NASCAR’s lawyers finally stood up. 

“Your honor, why don't we settle this… the Fortnite way?”

The room gasped.

“You can't be serious,” Michael Jordan exclaimed. But it was too late.

Moments later, the lawyers wheeled in a bank of Xboxes and PCs. Headsets, battle passes, and Mountain Dew were distributed like legal briefs. The judge, clearly entertained, declared:
“Fine. Winner of the Fortnite match gets the case. The court will reconvene in the Battle Bus.”

And that was it. Both teams were given five minutes to select who would represent their ranks. 23XI and FRM chose Denny Hamlin, Bubba Wallace, Noah Gragson, and Todd Gilliland to make up their four-man squad, while NASCAR gave the reins to Steve Phelps and their team of lawyers.

Soon, everyone was ready. The Battle Bus launched, and everyone dove in.

Denny Hamlin, ever the experienced veteran, tried to play it safe: “Let’s land at Slappy Shores. Not too hot, not too cold.”

But Bubba yelled: “Tilted! We’re dropping Tilted Towers, boys!”

The squad followed him in, immediately greeted by chaos. Steve Phelps already had a gold shotgun and was going for the Megazord. Meanwhile, NASCAR’s lawyers camped in a bush, trying to figure out how to switch weapons.

Early on, 23XI/FRM gained the upper hand. Bubba was cranking 90s like he was born with a controller in hand. Gilliland sniped one of the lawyers from across the map. Gragson managed to get an elimination himself before getting vaporized by Phelps’ Megazord, causing him to throw his controller across the courtroom before throwing up on his rig. 

Michael Jordan, competitive as ever, was calling strats like he was courtside in the NBA: “Rotate left! Bubba, push high ground! Denny, cover fire!”

It was working—until the final circle.

Steve Phelps was the last one alive for his squad. After his Megazord was downed, he boxed up on top of a hill with a rocket launcher. Bubba and Denny pushed hard. Gragson and Gilliland were already knocked, leaving it to the 23XI duo.

Bubba: “We got this, Denny! He’s one shot!”

Hamlin: “Alright, team. Stand back. My actions are about to get detrimental.” 

He launched forward with a rift-to-go, shotgunned the president’s wall, and lined up the kill shot. But in his frenzy, he aimed just a little too low—BOOM!

Bubba Wallace exploded instantly, eliminated by his own teammate.

On the kill feed: dennytime blew up bubs23 (accident).

The courtroom howled. Even the judge spit out his coffee.

Bubba’s mic crackled like a walkie talkie being thrown down a flight of stairs. “DENNY. BRO. WHAT THE HELL?!”

Hamlin, stoic: “I won't apologize.”

With Bubba gone, the President of NASCAR popped out of his box, fired the rocket, and blasted Hamlin off the hill for the final elimination.

“Victory Royale – NASCAR.”

The courtroom erupted as NASCAR’s squad cheered. The lawyers, who didn’t even know how they won, fist-bumped awkwardly.

Bubba yanked off his headset:
“Man…I would think Denny would have wanted us to win this.” 

Hamlin sighed, staring at the ground. “Maybe the real lawsuit was the friends we made along the way.” 

With that, the case was settled. 23XI and FRM never regained their charters and shut down. NASCAR now had free reign to be a monopoly. Bubba Wallace would go on to race for Legacy Motor Club, only for them to be acquired by NASCAR itself and shut down out of pure pettiness. The case would go down in history as one of the moments of all time. The end. 
",2025-10-03
t3_1nyqwyh,"Throwback to the 1994 Fall Charlotte race:  Dale Jarrett, driver of the Joe Gibbs Racing No. 18 Chevy Lumina, celebrates his 3rd career Cup Series win.  The 1994 Mello Yello 500 was also the 2nd ever NASCAR win for JGR.  October 9, 1994",https://www.reddit.com/r/nascar/comments/1nyqwyh/,/u/ATSTlover,2025-10-05 15:17:11+00:00,,2025-10-05
t3_1nzgqqn,Can Denny Hamlin go 4 for 4 at Las Vegas of bad decision making?,https://www.reddit.com/r/nascar/comments/1nzgqqn/,/u/nascar9495,2025-10-06 11:44:35+00:00,"So far, he is 3 for 3 in the past 3 weeks of putting his foot in his mouth. Wrecked his teammate at New Hampshire, drove his car that he owns into the wall on the last lap and hand gifted a Hendrick car the win and the cherry on top of kicking 23XI out of the playoffs at Kansas, and then yesterday he act like he didn’t know the point situation and allowed Joey Logono who is great at Las Vegas, Dega , and Phoenix ( championship race) into the round of 8. Shew, he is on a hot streak of great decision making in these playoffs!  

Oh, let’s not forget that he could lose Bubba Wallace, Corey Heim, and Tyler Reddick to free agency and be stuck with only Riley Herbst if they lose the trial in December.",2025-10-06
t3_1nzkyb9,Asked AI what the standings would look like under Winston Cup Points,https://www.reddit.com/r/nascar/comments/1nzkyb9/,/u/HeFromFlorida,2025-10-06 14:41:50+00:00,"2025 NASCAR Cup Series Standings using the old Winston Cup-style full-season points system through October 5 (post-Charlotte ROVAL):

---

🏁 2025 Full-Season NASCAR Standings (Winston Cup Format)

No playoffs. No resets. Just pure consistency.

Rank	Driver	Highlights	
1	William Byron	Most consistent top-5s and finishes; strong across all track types	
2	Kyle Larson	Multiple wins and high average finish; dominant on intermediates	
3	Denny Hamlin	Veteran consistency with several top-10s and a win at Martinsville	
4	Ryan Blaney	Quietly climbing with strong runs in recent races	
5	Christopher Bell	Solid season with few DNFs and consistent top-10s	
6	Tyler Reddick	Fast but unlucky; missed playoffs but ranks high in full-season points	
7	Chris Buescher	Would be in title contention under old system; missed playoffs in real format	
8	Martin Truex Jr.	Steady veteran presence; not flashy but reliable	
9	Ty Gibbs	Breakout season for the rookie; top-10 in full-season points	
10	Joey Logano	Surged late to make playoffs; not as consistent early in season	
11	Chase Elliott	Strong road course and short track results; missed races early	
12	Ross Chastain	Aggressive driving hurt consistency; barely missed playoff cut	
13	Chase Briscoe	Quiet but steady; top-15 average finish	
14	Bubba Wallace	Mid-pack finishes with occasional top-10s	
15	Shane van Gisbergen	5 wins but poor finishes elsewhere; ranks low in cumulative points	


---

🚫 Drivers Who Made Playoffs but Wouldn’t Under Old System

• Josh Berry – Outside top 20 in full-season points
• Austin Dillon – Outside top 25
• Shane van Gisbergen – Despite 5 wins, ranks ~15th due to inconsistency


---

🧠 Winston Cup System Basics

• 175 points for a win, 170 for 2nd, 165 for 3rd, etc.
• +5 bonus for leading a lap
• +5 bonus for leading the most laps
• No eliminations or resets—every race counts equally


",2025-10-06
t3_1nzti2q,Round of 8 Playoff Predictions,https://www.reddit.com/r/nascar/comments/1nzti2q/,/u/analyst_kolbe,2025-10-06 19:56:36+00:00,"Before I dive in, here is the link for my beginning of the round article: [https://www.reddit.com/r/NASCAR/comments/1nhrzg1/round\_of\_12\_playoff\_predictions/](https://www.reddit.com/r/NASCAR/comments/1nhrzg1/round_of_12_playoff_predictions/)



And here is the link to the last artice:  [https://www.reddit.com/r/NASCAR/comments/1ntmxv6/round\_of\_12\_predictionspost\_kansas/](https://www.reddit.com/r/NASCAR/comments/1ntmxv6/round_of_12_predictionspost_kansas/)



It's a new round and a new series of predictions.  As I did at the start of last round, I'll start by looking at how I've done so far.



4/4 in Round Two!  Admittedly, it came down to the wire, and could have easily gone wrong had anyone told Hamlin the points situation.  I guess he just wasn't ""aware.""  Hey, speaking of which, Imma take a minute to do a LOT of bragging, starting with...



""There's a reason owner/drivers aren't as common now, and that's because it requires a different level of situational awareness that Hamlin is now proven to lack.""  

Yeah, this isn't really the kinda thing I was talking about last week, but me criticizing his situational awareness only for him to complain about not being aware of something important now is just comedy gold.



In the category of pretty relevant...



""Also, this is just further evidence that some drivers don't deserve to be on the track during playoffs. Obviously I'm referring to Carson Hocevar, who spun Yeley.""

Hocevar would go on this week to eliminate Austin Cindric, which is something that normally only Cindric would be capable of.  It wasn't intentional, or even really reckless, just unfortunate and a little funny.



On to my biggest brag, though.  Regarding Ross Chastain last week...



""Well, not all resources. SVG is probably going for a win, and I doubt Suarez feels like doing Chastain or Trackhouse any favors. Hm. This might be harder than it looks.""

This aged REALLY well.  Obviously SVG went for (and got) the win, but I feel most were predicting that.  But..end of stage 2, Suarez is right behind Logano, and Logano is about to get some stage points.  If Suarez passes him, that's 1 less point Chastain has to make up, and Suarez makes 0 effort to pass him.  Estepp covered that, and good on him for drawing attention to it, but he failed to mention Chastain spinning Suarez in July.  Take that one point from Logano and Ross likely advances.  There was plenty of talk about the accidents that cost him, but my favorite is the intentional decision.



Okay, thanks for bearing with me while I repeatedly pat myself on the back.  Now, let's see how our remaining contenders have performed so far.



[First Two Rounds](https://preview.redd.it/3q1srua2rjtf1.png?width=751&format=png&auto=webp&s=7aa3ab4212552ed3bbe8b6102f0b70abca0afd21)



Chase Briscoe's worst performance so far was 27 points.  And it came at the only road course he'll have to deal with.  If all playoff points continued, he'd have a pretty dominant lead right now.  But I'm not proposing that, just using this to demonstrate current ""momentum,"" and Briscoe has been remarkably consistent.  



William Byron has also been consistent, with one 50 point finish, one 17 point, and the other four between 28 and 33 points.  Unfortunately, he has earned 0 playoff points across 6 races.  The 32 points he had coming in, as impressive as they then seemed, are now just tied for third, which means he's now at the cut line.



Speaking of that, let's look at projections



[Round of 8 Projections](https://preview.redd.it/qjc176x5rjtf1.png?width=752&format=png&auto=webp&s=f46ecfb6e5aae8d0bdbe38e4373727d41ef35b45)



William Byron has a lot to look forward to, averaging a 10th place or better at each track in this round.  Based on those projections, no one has a better chance of advancing.  However, we are also talking about a driver who has managed 0 playoff points so far, and with only one top 5 points finish.  However, I really think that's just been bad tracks.  Over 6 races, I only had him projected for 175.9 points, and he's posted 189.  He's driving just fine, and I think we're in for a strong round, starting with Las Vegas.  



Kyle Larson, however, has been even stronger so far, exceeding postseason projections by 19 points, though it's worth noting that he has also managed 0 playoff points.  Maybe he should have put SVG in the wall.  Oh well, these are not bad tracks for him, with the best falling at the very end.  So if the round starts a bit rough (and with Talladega in the middle, that's certainly possible) he can at least look forward to a strong final race.



Denny Hamlin is probably not aware of where I have him on this list, and I don't think his spotter will tell him.  I can only hope that doesn't sour the relationship, because he can't afford to underperform now.  Among my friends/family, I am the only one who picked him to advance to the final four at the beginning of the postseason, so I am rooting for him, teases aside.  Yeah, he can be a selfish asshole at times, but (points to flair) that aint a deal-breaker with me.  Also, he's exceeded his projections so far by 9 points.  Not a lot, but certainly not a bad sign.  Of all drivers, Hamlin now has the most playoff points going in with 36.  So as long as he doesn't, I dunno, pull a Hamlin, his odds of advancing look pretty strong.  



Christopher Bell has been a force in the playoffs so far.  If you look at the first chart, you can't tell me he hasn't been on fire.  Well, unless you had been paying attention to projections, that is.  Bell is the first driver on this list to come up short, ""only"" scoring 223 points against his 235.4 projection, but with projections that high, it really only takes one bad finish, like his 12 points at Darlington.  Since then, he hasn't brought in less than 36.  But again, these have all been great tracks for him.  His best track this round has a worse average finish than his worst track over the first two rounds.  He'll need to get everything expected to advance again.



The reason Bell needs every bit is that Ryan Blaney is right behind him, and he is vastly exceeding expectations.  u/JohnNixx6 will be thrilled (not surprised, probably, but thrilled) to learn that Blaney has exceeded my predictions so far by SIXTY-FOUR POINTS.  Yes, the bar was unrealistically low based on previous bad luck, but in everyone's defense, Blaney is extremely bad luckable.  Unfortunately, that ""trend"" of low expectations continues, as Blaney has the lowest projections of all remaining drivers this round.  That might seem like a bad thing, but I'm counting it as a point in his favor.  Because that means he can finish behind all 7 competitors and still be in the hunt without a win.  His worst race is Las Vegas, so if he's going to buck the projections, that is the place to do it.  So I guess it's a bright future for the 12?



The unfortunate thing about bragging on how much Blaney has exceeded projections is that the driver just under him is the one who exceeded them the most.  Chase Briscoe has destroyed those projections by 81 points.  As a reminder, I didn't just take the driver average from a conveniently named website.  I tossed him an extra 4 positions per race based on how much faster he's been since moving to Gibbs.  However, it's worth noting that he was much faster the second half of the year than the first, so \*maybe\* I should have been a bit more aggressive with the adjustment.  Oh well.  I guess the takeaway is ""don't be fooled by Briscoe being so low on this list.""  Because the mark of a good analyst is to encourage readers to ignore their work.  Or is that a bad analyst?



And that brings us to the \*other\* Chase.  How do these two always end up paired?  I'm not even doing it for the joke this time.  And yes, Chase Elliott has exceeded projections by just under 1 point per race.  I'd brag about that, too, if the previous two drivers hadn't obliterated all projection credibility.  Sadly, this is the first driver I really struggle to see making it.  He's been solid these past three weeks, but I don't need to tell Chase fans what to expect.  Good points, but not enough.  Four drivers are ahead of him in projections, and five are ahead of him in current points.  Maybe consistency proves to be enough, but the odds are actually against him.  But who cares about odds, right?  After all, the only driver left is...



Be honest, even with me projecting him to advance, you weren't expecting it.  Dreading, maybe, but not expecting.  And I can't even say that he got lucky and ran well.  He finished only two points above predictions and ended up 15 points behind the next-worst contender.  By all rights he should have been eliminated.  However, if you are a Logano hater, know that he is already in win or miss territory barring incredible luck.  Despite being projected 3rd most points this round, he has to make up 20 points just to get to 0.  That's a tall order that I just don't think he can manage without a win.  



Finally, just three rounds in, and we have a group where almost any combination of advancements wouldn't surprise me.  I can't wait.



That's all for now!  Let me know what you think, because now we have real competition.",2025-10-06
t3_1nzypya,Denny Hamlin : SVG is the best road course driver in NASCAR history.,https://www.reddit.com/r/nascar/comments/1nzypya/,/u/B_Starr_fan,2025-10-06 23:18:40+00:00,"In his first year. And that he‘d wipe the floor basically with Jeff Gordon who despite driving a Hendricks / Evernham rocket, never dominated like SVG has. 

Basically that if anyone disagrees, they can shut up, they’re wrong. 

I am NOT a Denny Hamlin fan. However he's 100% correct. ",2025-10-06
t3_1nzzbg5,Nascar Full Season Points,https://www.reddit.com/r/nascar/comments/1nzzbg5/,/u/AlphaEvolu,2025-10-06 23:45:26+00:00,"Hi everyone, with all the talk of going back to the full season points I decided I wanted to see what the updated standings would be if the playoff points didn't come into effect, and the points that they had leaving Daytona would just be added onto like normal through the roval yesterday.

I tried looking around for anyone else keeping track of this week to week, and didn't see anyone, however if this is already an ongoing weekly post, my apologies.

The number before each driver's name is where each driver finished the regular season. The points are up to date from the roval.

||
||
|Current Standing|Driver|Points as they run|Diff off Leader|
|1|1 - William Byron|1052||
|2|2 - Ryan Blaney|1025|27|
|3|3 - Kyle Larson|1017|35|
|4|5 - Christopher Bell|1006|46|
|5|4 - Chase Elliott|988|64|
|6|6 - Denny Hamlin|974|78|
|7|8 - Chase Briscoe|952|100|
|8|7 - Tyler Reddick|911|141|
|9|12 - Joey Logano|824|228|
|10|10 - Chris Buescher|822|230|
|11|11 - Bubba Wallace|808|244|
|12|13 - Ross Chastain|795|257|
|13|9 - Alex Bowman|794|258|
|14|14 - Ryan Preece|748|304|
|15|16 - Ty Gibbs|678|374|
|16|19 - Brad Keselowski|655|397|
|17|20 - Michael McDowell|647|405|
|18|17 - Kyle Busch|633|419|
|19|23 - Carson Hocevar|633|419|
|20|15 - Austin Cindric|630|422|
|21|18 - A.J. Allmendinger|625|427|
|22|22 - Erik Jones|615|437|
|23|25 - Shane van Gisbergen|605|447|
|24|24 - John Hunter Nemechek|601|451|
|25|26 - Austin Dillon|579|473|
|26|21 - Josh Berry|576|476|
|27|28 - Zane Smith|550|502|
|28|27 - Daniel Suarez|536|516|
|29|31 - Todd Gilliland|510|542|
|30|29 - Ricky Stenhouse Jr|508|544|
|31|30 - Justin Haley|507|545|
|32|32 - Ty Dillon|446|606|
|33|33 - Cole Custer|413|639|
|34|34 - Noah Gragson|398|654|
|35|35 - Riley Herbst|365|687|
|36|36 - Cody Ware|212|840|

  
",2025-10-06
t3_1o04dne,Which current drivers are future hall of famers?,https://www.reddit.com/r/nascar/comments/1o04dne/,/u/Jomosensual,2025-10-07 03:46:12+00:00,"I don't know how exactly the 10 year rule works so I'm just going to assume its 10 years in cup including part time seasons

Right now I'd say locks are Denny Hamlin, Kyle Busch, Joey Logano, Kyle Larson, and Brad Keselowski without a doubt. Chase Elliot and Ryan Blaney hit 10 years in Cup next season and will likely join them.

  
For drivers who haven't hit that 10 year mark, I think that we'll see Tyler Reddick, William Byron, and Christopher Bell be at that level by the time they do.

  
For people with work to do still I see Ross Chastain, Alex Bowman, and Chase Briscoe maybe making a case for themselves. SVG will be a weird case as he probably won't hit 10 years but if he keeps dominating road courses alone he could make it interesting. Should get get a few oval wins I could see them lifting the rule for him. I don't feel very good on Bowman's chances in this group in particular

  
Anyone else I miss?",2025-10-07
t3_1o0rcsb,"2025 LASTCAR cup, Xfinity, and Truck Playoff Grid (after Charlotte Roval)",https://www.reddit.com/r/nascar/comments/1o0rcsb/,/u/TIFUthebestSubreddit,2025-10-07 21:09:11+00:00,"Cup Series Playoff standings (Race 3/3 of round of 12)

1) Riley Herbst 4036 (36 PP)

2) Cody Ware 4029 (29 PP)

3) AJ Allmendinger 4019 (19 PP)

4) Noah Gragson 4013 (13 PP)

_____________________________________________

5) Ricky Stenhouse Jr 4010 (10 PP)

6) Kyle Busch 4008 (8 PP)

7) Erik Jones 4008 (8 PP)

8) Alex Bowman 4006 (6 PP)

_____________________________________________

Eliminated Drivers

~~9) Carson Hocevar 2115~~

~~10) Brad Keselowski 2106~~

~~11) Ross Chastain 2091~~

~~12) Kyle Larson 2081~~

~~13) Denny Hamlin 2072~~

~~14) Joey Logano 2072~~

~~15) William Byron 2067~~

~~16) Ryan Blaney 2067~~

**___________________________**

Xfinity Playoff standings (Race 3/3 of round of 12)

1) Parker Retzlaff 3021 (21 PP)

2) Garrett Smithley 3016 (16 PP)

3) Kyle Sieg 3015 (15 PP)

4) Daniel Dye 3014 (14 PP)

_____________________________________________

5) Anthony Alfredo 3012 (12 PP)

6) Dean Thompson 3009 (9 PP)

7) Ryan Sieg 3007 (7 PP)

8) Sammy Smith 3007 (7 PP)

_____________________________________________

Eliminated Drivers

~~9) Jesse Love 2045~~

~~10) Christian Eckes 2039~~

~~11) William Sawalich 2036~~

~~12) Taylor Gray 2032~~


**___________________________**

Truck series Playoff Grid (race 1/3 of Round of 8)

1) Toni Briedinger 3050

2) Spencer Boyd 3032

3) Jack Wood 3027

4) Chandler Smith 3025

_____________________________________________

5) Dawson Sutton 3025

6) Matt Mills 3023

7) Kaden Honeycutt 3021

8) Connor Mosack 3021

_____________________________________________

Eliminated Drivers

~~9) Layne Riggs 2053~~

~~10) Frankie Muniz 2022~~",2025-10-07
t3_1o0t7pi,Anyone have any pictures of Denny Hamlin in his Bob's Discount Furniture race suit?,https://www.reddit.com/r/nascar/comments/1o0t7pi/,/u/Cherry_ytOfficial,2025-10-07 22:21:13+00:00,"pls help me find some

https://preview.redd.it/a0oykwlwlrtf1.jpg?width=2048&format=pjpg&auto=webp&s=61273da6111d869a9518e9a01b120de85bacb1ae

",2025-10-07
t3_1o1vq4x,Writeup Wednesday Every Week Until the 2025 Championship Weekend #33: The History of NASCAR Video Games,https://www.reddit.com/r/nascar/comments/1o1vq4x/,/u/bruhmoment2248,2025-10-09 03:31:44+00:00,"With *NASCAR 25* set to be the first fully-fledged NASCAR game in nearly half a decade, it seems only fitting to check out the games that came before it and what this newest entry will be compared to for months on end after it releases next week… let’s talk about it.

'

[please don't let this game suck-](https://preview.redd.it/znwcpzkc80uf1.png?width=1920&format=png&auto=webp&s=b9b71bdf43a79f834c9e6f1b477e529312f47ded)

'

# NASCAR's Video Games

The early days of video games were a weird and experimental time, as technology still hadn’t quite advanced to the levels we see today or even 20 years ago. The first known NASCAR game released was *Richard Petty’s Talladega* in 1984, which resembles a precursor to the F-Zero games that came along half a decade later. *Days of Thunder* in 1990 was the next, and was much more dynamic than its 1984 counterpart. Racing games were still finding their footing at this time, the computing power needed for these types of games having not yet been reached en masse.

'

[imagine showing a modern game to people that played this back then](https://preview.redd.it/f7498b4g80uf1.png?width=320&format=png&auto=webp&s=a0b62e2ba0b210b7a51eaadb1dac4a4c9ddf2228)

'

# Papyrus



Having already released an IndyCar game the year prior, Papyrus took on making a stock car simulator in 1994 with *NASCAR Racing* on the MS-Dos and Mac hardwares, along with a PlayStation version being released in 1996 along with the Mac port. Meant to simulate real world racing physics, it was a success with *NASCAR Racing 2* following after the end of the 1996, *3* in the middle of the 1999 season, and *4* just before the 2001 Daytona 500. For the next 2 years, the game took on the PROPER year in the title and refined the physics even further, 2003’s release being Papyrus’ last but best title. In fact, *NR2003* is one of the major reasons for Denny Hamlin’s first 2 victories of his Cup career coming at Pocono in 2006: he’d only ever seen or driven the track in that particular game as the Busch Series hadn’t yet run any races there until 2016.



Had it not been for our next challenger, Papyrus would have continued making games throughout the 2000s. But one company sought to monopolize the emerging NASCAR video game market.

  


# It’s In the Game

[oh how the mighty have fallen...](https://preview.redd.it/nhkjtfnu80uf1.png?width=1280&format=png&auto=webp&s=821499dc4274d6a23a1734182a5854b8c1898c64)

'

Electronic Arts had already hit the ground running with their sports titles with their new FIFA series, and by 1997 had become one of the biggest emerging companies in the video game publishing industry. With their portfolio growing, EA decided to try their hand at making a racing game that didn’t feature high-end supercars being chased by the police. In collaboration with Stormfront Studios and Tiburon Entertainment, *NASCAR 98* released on the PlayStation and Sega Saturn with Dale Earnhardt on the cover, a game that led to better and more sophisticated titles in the following years. *NASCAR 2001* was the first game to release on a 6th-generation console in 2000, which would bring about greater capabilities and more game modes than ever before.

'

[many don't think about this game because of the games that came after it, but this was monumental in its own right](https://preview.redd.it/ycvcxuxx80uf1.png?width=1280&format=png&auto=webp&s=c2ecf63b733efec36641cba1e7d47d90eb70556c)

'

*NASCAR Thunder 2002* started off the trend with a rudimentary season and career mode, along with much-improved graphics. *2003* refined the physics and introduced the beloved Lightning Challenge mode, which puts the player through specific scenarios based on real-world events. *2004* introduced the Grudges and Alliances rivalry feature, which made the racing experience even more realistic than before. *2005: Chase for the Cup* introduced the lower tier series along with an expansive new career mode named Fight to the Top, where you drive as a journeyman and work up the ladder. *06: Total Team Control* allowed you to control your teammates’ cars in a race, and made you the leader of a squadron of racecars. All of them were revolutionary for NASCAR games, but by this time they were the only ones that made NASCAR games. And they made sure of it themselves.

'

[NASCAR Thunder 2004 remains the greatest NASCAR game of all time for now](https://preview.redd.it/2xlj9i9190uf1.png?width=1000&format=png&auto=webp&s=80da7835990df71906c1041832b4728edd8fc773)

'

*NASCAR 07* is where the slide started, as it didn’t add anything particularly new compared to the previous year. In fact, you had less teammates available than in *06*, which annoyed me as a kid. EA ditched the original Xbox the following year and put out a rushed title that debuted NASCAR on the 7th-generation of consoles, of which was regarded as one of the worst games yet. *09* the following year didn’t improve much on the disaster that was *08*, and with NASCAR Kart Racing on the Wii replacing the ill-fated NASCAR 10 EA gave up on NASCAR and focused on its successful IPs. The golden era of NASCAR gaming had come and passed with EA’s departure.

'

It was at this time that Polyphony Digital picked up the rights to use NASCAR Sprint Cup cars in Gran Turismo, with the 5th game awaiting release for longer than it should have. Originally, the 2009 cars with the COT’s wing were to feature in *Gran Turismo 5*, but the constant delays made it so that the 2010 cars were added to the game’s revised Simulation Mode.

'

[Polyphony should have kept the winged cars anyway, they put too many damn cars in that game to begin with](https://preview.redd.it/esophdga90uf1.png?width=1920&format=png&auto=webp&s=16a401c7072b5d9abfc58408485638a7f5bbc0ed)

'

# The Eutechnyx Era

Amidst Polyphony’s run with NASCAR’s license, Eutechnix picked up the ball to make dedicated games starting with *NASCAR The Game 2011*, which oddly featured the 2010 roster instead of 2011 (at first). *NASCAR The Game: Inside Line* followed in 2012, with 3 subsequent games following that took on the correct year in the title. The product continually but marginally improved, yet didn’t innovate quite like the EA titles did, leaving fans slightly disappointed overall. No one had any idea what was to come in the future, for 2015 was the last bit of hope until today.

'

[surprise lizard lady jumpscare, sorry](https://preview.redd.it/m1c7y4gd90uf1.png?width=1280&format=png&auto=webp&s=6803d7e1b9e2242e1c28564c9be7bda541d7d0e6)

'

# Monster Games

Monster’s run began a decade and a half earlier, with the *NASCAR Heat* titles in 2000 and 2002, the latter of which’s superior Xbox port was a launch title for said system alongside *NASCAR Thunder 2002*. Along with Infogrames, they also released NASCAR: Dirt to Daytona, which introduced the lower tier series (minus the Busch Series) before EA ever did, going as far down as the Weekly Series on obscure dirt tracks. But like Papyrus, they too went by the wayside with EA’s exclusive contract kicking in for 2003 and beyond.

'

[NASCAR Heat 2002 and Thunder 2002 were the first console games to feature 43 cars on track at once](https://preview.redd.it/1gh7i21k90uf1.png?width=512&format=png&auto=webp&s=520acc0a254ff07dcf7b7cc075c86a7f0804ee1e)

'

Until 2016, when it was announced that Monster would return to make NASCAR games carrying on from Eutechnyx. Only problem was: the game was bad; at least, it was to a lot of people that played it. *NASCAR Heat: Evolution* was rated as one of the worst NASCAR games yet, but the subsequent sequels with DMR improved handily through into 2020. *NASCAR 21: Ignition* served as sort of a reboot for the franchise, only to fall well flat of expectation and functionality that it essentially killed off NASCAR games for awhile. Until a familiar friend came along…

'

# iRacing

[why do you have to be so expensive :\(](https://preview.redd.it/yv8kg97p90uf1.png?width=616&format=png&auto=webp&s=d0b3ed001633be5913253c92f55109b015185d80)

'

Around the same time as Gran Turismo’s time with NASCAR, iRacing had just recently picked up steam as a realistic simulator, and wound up becoming influential in the upbringings of many of the newer drivers of today, including that of cover athlete William Byron whose racing career started on a computer with iRacing (sorry, I had to). With the demise of 704/Monster Games, iRacing swooped in and announced a new NASCAR game set to release in 2025. A lot of care has seemingly been put into the game, with Dale Jr himself serving as a lead collaborator to make sure another game doesn’t fall flat 4 years on from the failed experiment that was *NASCAR 21: Ignition*.

'

How it plays… we shall wait and see.

[we will be there](https://preview.redd.it/iygrobxw90uf1.png?width=2560&format=png&auto=webp&s=c9b2837c2a5eff2792dc6d65b7a007a868041b5c)

'

# Next Week...

Let's see if iRacing remembered to code the out of bounds lines at Daytona and Talladega correctly...",2025-10-09
t3_1o41iqa,Is this Denny Hamlin in a Starbucks ad?,https://www.reddit.com/r/nascar/comments/1o41iqa/,/u/ipsumdeiamoamasamat,2025-10-11 17:30:20+00:00,Colored contacts are a thing. Maybe it’s a new sponsor for 2026. ,2025-10-11
t3_1o5g1n4,Congrats to Denny Hamlin for your 60th cup series victory!,https://www.reddit.com/r/nascar/comments/1o5g1n4/,/u/DroidTweeker,2025-10-13 10:28:27+00:00,"Keep on diggin and stay up on that wheel, your the best driver and you got the best team behind! This championship is yours for the taking.  Be safe",2025-10-13
t3_1o5glfg,"The Day After the Races - October 13, 2025",https://www.reddit.com/r/nascar/comments/1o5glfg/,/u/NASCARThreadBot,2025-10-13 11:00:05+00:00,"Welcome to this week's Day After the Races thread! The dust has settled, the track has cooled, and the confetti's been swept.  With this weekend's activities over, what are your thoughts?  Here's a summary of the previous week's race(s):

---

[NCS](#theNCS)[](#trackVegas) ***South Point 400 at Las Vegas Motor Speedway***

**Elapsed Time**: 2:55:14 for 267 laps (400.5&nbsp;mi / 644.54&nbsp;km)

**Cautions**: 5 cautions for 32 laps

**Leaders**: 21 lead changes among 11 leaders (Kyle Larson led most with 129)

**Stage 1**: William Byron at 80 Laps

**Stage 2**: Kyle Larson at 165 Laps

**Race Winner**: Denny Hamlin at 267 Laps

[Current Standings at NASCAR.com](http://www.nascar.com/standings/nascar-cup-series)

**Race Threads**: [[Pre](/r/NASCAR/comments/1o4udly/prerace_discussion_thread_ncs_south_point_400_at/)]:[[Race](/r/NASCAR/comments/1o4zuol/race_thread_ncs_south_point_400_at_las_vegas/)]:[[Post](/r/NASCAR/comments/1o55i42/postrace_discussion_thread_ncs_south_point_400_at/)]

---

[NXS](#theNXS)[](#trackVegas) ***Focused Health 302 at Las Vegas Motor Speedway***

**Elapsed Time**: 2:13:31 for 201 laps (301.5&nbsp;mi / 485.22&nbsp;km)

**Cautions**: 4 cautions for 22 laps

**Leaders**: 15 lead changes among 9 leaders (Aric Almirola led most with 107)

**Stage 1**: Aric Almirola at 45 Laps

**Stage 2**: Aric Almirola at 90 Laps

**Race Winner**: Aric Almirola at 201 Laps

[Current Standings at NASCAR.com](http://www.nascar.com/standings/xfinity-series)

**Race Threads**: [[Race](/r/NASCAR/comments/1o48qjn/race_thread_nxs_focused_health_302_at_las_vegas/)]:[[Post](/r/NASCAR/comments/1o4d3fw/postrace_discussion_thread_nxs_focused_health_302/)]",2025-10-13
t3_1o5ju64,"In 2011, I was booing Denny Hamlin and crossing my fingers he’d never win a championship",https://www.reddit.com/r/nascar/comments/1o5ju64/,/u/Emergency-Two-6407,2025-10-13 13:33:10+00:00,"Now it’s 2025, and I find myself in the odd position of rooting for him to finally win the big one. He’s never been my guy, but even I can admit he deserves it. I hope he takes the next few weeks to prepare himself for the last race in Phoenix, I’ll be cheering for him. Despite it all, this year in a Hamlin fan ",2025-10-13
t3_1o5nmwq,"If none of the Penske cars make it to the final round, is this the year that Denny Hamlin finally wins a championship?",https://www.reddit.com/r/nascar/comments/1o5nmwq/,/u/furrynoy96,2025-10-13 15:56:49+00:00,"As much as I don't want to admit it, Denny is arguably the best Playoff driver right now but Joey and Ryan are both good at Phoenix but that won't matter if they get eliminated",2025-10-13
t3_1o5ofn5,Denny Hamlin,https://www.reddit.com/r/nascar/comments/1o5ofn5/,/u/Wayne-Wonder,2025-10-13 16:25:21+00:00,The amount of people who think NASCAR is telling drivers to let him win and it’s rigged is astounding. I use to think people were stupid but this dumb bullshit solidifies it. ,2025-10-13
t3_1o5s41k,Round of 8 Predictions - Post Las Vegas,https://www.reddit.com/r/nascar/comments/1o5s41k/,/u/analyst_kolbe,2025-10-13 18:35:33+00:00,"Before I dive in, here is the link for my beginning of the round article:

[https://www.reddit.com/r/NASCAR/comments/1nzti2q/round\_of\_8\_playoff\_predictions/](https://www.reddit.com/r/NASCAR/comments/1nzti2q/round_of_8_playoff_predictions/)



In that article, I ended with the following projections:

[Initial Round Projections](https://preview.redd.it/3c11b6c0bxuf1.png?width=752&format=png&auto=webp&s=2b89963e05cc1501a0cf303991dd1290c7850c93)



Las Vegas was wild, and I don't even really know where to start.  



I guess I have to start with the winner, Denny Hamlin.  I was ready to write off his chances at a win after a 13 second green flag pit cost him the lead.  Then, he got himself back to the front, but that final restart went about as ugly as possible, and it seemed like he would fall behind trying to get by traffic while Larson chased Briscoe.  THEN he got slowed down significantly by Larson fighting for the #2 spot.  Somehow, though, he got past all of that and flew past Briscoe with plenty of time to spare.  With the win, Denny becomes the first driver to lock in to the final race, and now has 3 weeks to think about nothing other than setting up for Phoenix, which has worked out pretty well for other drivers in the past.



For Briscoe, this has gotta be a mixed bag.  Like Hamlin, he was in the lead earlier in the race, only to be taken out by a slow pit stop and loose tire in the first stage.  Between that and Hamlin, it seemed Gibbs was going to start off the Round of 8 the same way Hendrick started off the Round of 16, with devastating pit road incidents.  Instead, they started it off the same way Gibbs did: by winning.  And while Briscoe would have loved that win, 48 points is still a great start to the round, so I doubt he's complaining.



Someone who definitely has a reason to complain is William Byron.  Byron came into the postseason with 32 playoff points, which is the same number he had coming in to Las Vegas.  He'd been kind of a non-factor in the previous races, leading 0 laps.  Last night, he finally got his first stage win.  And while ""playoff points"" may not matter, to me the momentum of getting it was huge.  He was finally showing the speed of a real contender.  And it ended due to something that should have been illegal: a Dillon brother in the Cup Series.  I'm kidding, of course.  I actually don't mind Ty, and I'll agree that he wasn't the only car slowing down  out on the track, but I've been pretty consistent on a particular stance: if you aren't in the playoffs, stay out of the way of those who are.  I think the bigger issue that needs to be resolved this off-season is slowing down on the track.  Minimum speeds exist, and we saw why at Vegas.  You normally only hear them mentioned in reference to damaged cars, but slow is slow, and it's a hazard.  Really a damn shame for the 24, because that was a glorious performance right up to the wreck.



He wasn't the only playoff driver to wreck out, though.  Admittedly, if you had to guess which driver it was without watching, you'd probably guess it was Blaney.  He just seems a magnet for DNFs, having posted 6 of them in the regular season.  That's about one every four races, so having gone six in a row here was a streak bound to end.  In fact, he was on a streak of 12 straight non-DNFs, which is a pretty phenomenal run for him this year.  



All right, let's look at the updated projections:



https://preview.redd.it/zq61hic3bxuf1.png?width=752&format=png&auto=webp&s=19406d7442dcf55dfc392546febbc1c4a93ea643



Denny Hamlin is officially locked in to the championship race, and pretty much everyone has to be wondering if this is the year.  This has certainly been one of his best seasons, after all.  If nothing else, it ends what would have been a four year streak of not making the Final Four.  This will be his fifth appearance, and only his second since becoming an owner/driver.  



Not far behind (technically ahead in projections) is Kyle Larson, who matched Hamlin's 54 points at Las Vegas.  As with teammate William Byron, he also notched his first stage win of the postseason.  Unlike Byron, though, his speed wasn't a surprise, as this makes his 5th time in the 2025 playoffs to break 40 or more points, and his 4th in a row.  He's fast, and making fewer mistakes than normal.  Not flawless, by any stretch, but I would say smoother.  I normally see Larson as the kind of driver who will risk grazing the wall to get that extra tenth of a second, but he's been a lot more stable.  That's just my impression, and I'd be curious to hear what the rest of you think.



Chase Briscoe continues to impress, and twice it seemed like the race was his.  I initially had him projected to miss the Round of 4, but a strong performance from him, and some bad luck from opponents, was enough to move him above the projected cut line.  If he can survive Talladega, Martinsville is a solid track for him, especially considering all he'll need at this point is a good finish rather than a win.



Last above the line is Christopher Bell, making all three Gibbs racers more likely to win a championship this year than Ty Gibbs is to win a race.  Despite technically being the most vulnerable to being passed, I actually really like Bell's situation.  He's above the cut line despite only being projected to earn 57 points combined at the next two races, giving him a very good shot of at least meeting that goal.  Considering he's currently averaging 36.75 points per race in the postseason, I like those odds.



That's bad news for William Byron, who has already had to put up with quite a bit of bad news.  Realistically, 19 points at Las Vegas isn't a death sentence.  He can still absolutely get back in this, but going from a very likely lock-in to needing to make up points is a tough transition.  But is gets worse.  Of all remaining drivers, he has the best average at Talladega, quite possibly the track with the highest expected variance.  So not only does he need to make up points, he has to do it at a track where there's less room for improvement and a high chance of wrecking.  



Next up is Chase Elliott, who had a ""surprisingly"" ineffective run at Las Vegas.  I say that in quotes because he was projected a few points lower; this just isn't a good track for him historically.  But after such a strong practice and qualifying, I was expecting better.  Admittedly, his situation has slightly improved through attrition, but it still looks rough.  He's currently projected 17 points below Bell, which means that even accounting for him outperforming on the remaining tracks, he's still well below.



In fact, I think Joey Logano has a better chance of making it.  Logano is an odd one, in that we know he's fast at Talladega, but seemingly so does everyone else, and taking him out seems to be a priority.  He's only projected 18 points next week, and yet I think we all expect a stronger performance.  In addition, he is a massive threat to win at Martinsville, making him incredibly hard to rule out.  That said, he's the last driver I could see breaking in on points.  



That means exactly what you think it means for Ryan Blaney.  Yes, it's technically possible for him to make it in on points, but it would take about 95+ points over the next two races, which is so close to needing a win that we might as well call that the requirement.  As with Logano, there is a major opportunity at Talladega, where his known speed has been historically outmatched by bad luck that surpasses even his normal DNF rate.  Despite that, he's still managed three wins, including one that helped him get to his one championship in 2023.  



As I said in the last article, we have reached the round of real competition.  No one is out of this.  



That's all for this week!  As always, love to hear your thoughts.",2025-10-13
t3_1o63faz,Most NASCAR Cup Series Wins without championship,https://www.reddit.com/r/nascar/comments/1o63faz/,/u/LeaderFast,2025-10-14 02:18:57+00:00,"Denny Hamlin (60) 2nd. 2010

Junior Johnson (50) 6th, 1955 and 1960

Mark Martin (40) 2nd, 1990, 1994, 1998, 2002 and 2009

Fireball Roberts (33) 2nd, 1950

Carl Edwards (28) 2nd, 2008 and 2011
",2025-10-14
t3_1o6oy68,You Don't Want Hamlin to Win the Title,https://www.reddit.com/r/nascar/comments/1o6oy68/,/u/Charming_News_5104,2025-10-14 19:20:21+00:00,"I’ve come to speak for the fans who are sick and tired of being labeled as Toyota haters or Hendrick fanboys just because we don’t like Denny Hamlin. That lazy excuse needs to stop. We’re not biased, we just see through the facade. Denny Hamlin doesn’t deserve a championship, plain and simple. He’s had years to prove he’s more than talk, and every season ends the same way: blame, excuses, and ego.

Hamlin carries himself like the sport owes him something, like he’s the face of NASCAR when he’s really just the loudest voice in the room. Every time something doesn’t go his way, it’s everyone else’s fault. Never his. That’s not the mentality of a champion, that’s the mentality of someone who can’t handle being humbled.

Let’s be honest. The last thing this sport needs is another arrogant, self-absorbed driver acting like he’s above everyone else. Denny feeds on drama. He doesn’t just attract it but he creates it and he won't admit it, but he loves it. He loves being the center of attention because he could never do it by winning a championship. He talks about respect on track while wrecking others when it suits him, then cries foul when the tables turn. There are so many examples of this but Nashville 2024 said it all and really stuck out to me. Larson gave him a taste of his own medicine, and Denny couldn’t stand it.

And while we’re at it, the arrogance isn’t just limited to him. Wallace and Reddick aren’t far behind. Reddick especially, that smug attitude ever since Nashville 2024, whining about finishing third behind Logano, and bailing on Childress without warning. The lack of loyalty and accountability across that camp is embarrassing. 

He’s built an entire team that mirrors his exact attitude. 23XI is a program built on drama and double standards. He could’ve hired almost anyone to represent his “vision” for NASCAR’s future, but instead, he centered his team around Bubba Wallace, one of the most polarizing and controversy-driven drivers of the modern era. Wallace has made more headlines for drama than racing, from the noose garage incident to constantly taking jabs at the fans and acting like criticism doesn’t apply to him. If Hamlin truly hated drama as much as he pretends to, he never would’ve hitched his entire brand to someone who thrives on it. And his own drivers are clearly learning from him and it isn't benefiting them in any way.

Denny Hamlin has built his whole image around being the “villain,” but the truth is, villains are supposed to be interesting. Kyle Busch at least talked the talk. Denny is just hypocritical. He loves to stir the pot, play the victim, and bask in attention when he’s not even the best driver out there. If he wins a championship, it won’t be validation but it’ll be vindication for everything wrong with modern NASCAR: entitlement, theatrics, and zero humility.

He’s talented and no one denies that but talent means nothing without character. And character is exactly what Denny Hamlin lacks. If he ever wins the title, it won’t elevate the sport. It’ll drag it down, empowering every whiner and excuse maker who thinks arrogance equals greatness.

That’s why we don’t want Denny Hamlin to win the title. Because he hasn’t earned it and deep down, even he knows it.
",2025-10-14
t3_1o6xiag,Pretty amazing that Denny Hamlin has been winning regularly since the Gen 4 era,https://www.reddit.com/r/nascar/comments/1o6xiag/,/u/MisterCCL,2025-10-15 01:09:49+00:00,,2025-10-15
t3_1o70yje,Denny Hamlin's surprise crew chief change couldn't have gone better.,https://www.reddit.com/r/nascar/comments/1o70yje/,/u/-Tickery-,2025-10-15 03:56:51+00:00,And; who do we thinj,2025-10-15
t3_1o7llk8,2025 LASTCAR Cup & Xfinity Playoff Grid (after Las Vegas II & Round 1/3 of round of 8),https://www.reddit.com/r/nascar/comments/1o7llk8/,/u/TIFUthebestSubreddit,2025-10-15 20:04:43+00:00,"Cup Series Playoff standings (Race 1/3 of round of 8)

1) Cody Ware 4077

2) Riley Herbst 4052

3) AJ Allmendinger 4036

4) Noah Gragson 4024

_____________________________________________

5) Ricky Stenhouse Jr 4022

6) Erik Jones 4021

7) Kyle Busch 4014

8) Alex Bowman 4011

_____________________________________________

Eliminated Drivers

~~9) Carson Hocevar 2145~~

~~10) Ryan Blaney 2117~~

~~11) Ross Chastain 2115~~

~~12) Brad Keselowski 2114~~

~~13) William Byron 2101~~

~~14) Kyle Larson 2082~~

~~15) Joey Logano 2076~~

~~16) Denny Hamlin 2073~~

**___________________________**

Xfinity Playoff standings (Race 1/3 of round of 8)

1) Garrett Smithley 3061

2) Parker Retzlaff 3051

3) Dean Thompson 3035

4) Anthony Alfredo 3035

_____________________________________________

5) Kyle Sieg 3034

6) Daniel Dye 3029

7) Sammy Smith 3025

8) Ryan Sieg 3012

_____________________________________________

Eliminated Drivers

~~9) Christian Eckes 2055~~

~~10) Jesse Love 2049~~

~~11) William Sawalich 2046~~

~~12) Taylor Gray 2038~~",2025-10-15
t3_1o7pwn2,What’re you guys 10 favorite drivers oat across all 3 touring series?,https://www.reddit.com/r/nascar/comments/1o7pwn2/,/u/zandr12,2025-10-15 22:55:17+00:00,"1. Kyle Busch 
2. Matt Crafton 
3. Dale Earnhardt
4. Dale Earnhardt jr.
5. Ward Burton
6. John Andretti 
7. Denny Hamlin
8. Carl Edwards
9. Leeroy Yarborough 
10. Richard Petty
HM: Jeff Burton 
",2025-10-15
t3_1o7v7nl,[Denny Hamlin on X] BP knew the story. Off the cuff. I miss BP,https://www.reddit.com/r/nascar/comments/1o7v7nl/,/u/jmnordan,2025-10-16 03:00:11+00:00,"Hamlin confirming the story told by BP when Hamlin won the 2006 Bud Shootout.  No matter what opinion you have about Denny, you have to appreciate what he's accomplished so far especially considering that his career almost never got off the ground if he didn't get that opportunity that BP mentioned.

I agree, Denny.  I miss BP, too.",2025-10-16
t3_1o7y1u5,Writeup Wednesday Every Week Until the 2025 Championship Weekend #34: The Yellow Line Rule,https://www.reddit.com/r/nascar/comments/1o7y1u5/,/u/bruhmoment2248,2025-10-16 05:37:05+00:00,"Anyone who’s ever driven on a non-separated highway knows what it’s like to see 2 solid yellow lines to your left on said roads. When you put those same lines on a track where stock cars compete on… things go awry. Let’s talk about it.

'

[funny to think that a strip of paint has influenced nearly a quarter of a century of restrictor plate races](https://preview.redd.it/twsn1dayqevf1.png?width=724&format=png&auto=webp&s=e8f0b1d18157dbad4d872d4a5e1a3203c7787b12)

'

# Out Of Bounds

Most every sport has some form of an out of bounds rule. Likewise, on highways solid double yellow lines mean absolutely NO passing below it or you risk getting pulled over by the police or state highway patrol. Thus, the marriage of this and the concept of “out of bounds” led some prominent voices in NASCAR to call for an out-of-bounds line, most notably Darrell Waltrip during practices in the buildup to the 2001 Daytona 500. Before then, drivers had only one thing that constituted out of bounds: the outside retaining wall. Then the race happened.

'

Black Sunday is the crossroads for many things that connect to each other in the vast web of stock car racing lore, and as it pertains to what DW was envisioning while Earnhardt was still on the track, an out-of-bounds line quickly went from being simply an idea to a new rule that would be in effect not 2 months later in the name of safety. But in doing so, NASCAR did essentially the opposite; more wrecks have been caused by drivers essentially being put in a “box” between a yellow strip of paint and what was already an out-of-bounds line to begin with: the outside retaining wall.

'

The way the rule is supposed to work is like this: if you go below the yellow line to advance your position and gain an advantage, or if you force someone below the yellow line, you will be penalized. If you are forced to go below the yellow line, you must make every attempt possible to rejoin the racetrack safely and “blend in” with the field again. Seems fair, right? Well, it’s not that simple, I’m afraid.

'

# New Rules in Town

[how people weren't more outraged by this call... I have no idea](https://preview.redd.it/1ryew9busevf1.png?width=579&format=png&auto=webp&s=401c6e60f14b00938fd39dd7178f057243fda57f)

'

In its first weekend in effect in the first restrictor plate race after the 2001 Daytona 500 at Talladega, the rule immediately caused controversy when both Buckshot Jones and Casey Atwood dipped 2 wheels below the line incidentally and got drive-through penalties as a result. The first major point of controversy with the rule was in NASCAR’s return to Daytona in 2001, where Tony Stewart was quickly judged to have passed Johnny Benson below the yellow line just as Dale Jr took the lead from the driver of the #10 Valvoline Pontiac. However, Stewart was forced below the yellow line by Benson, and thus dipped his left side wheels below the line as a result; Stewart never came down pit road to serve the penalty, and finished on track just outside of the top 5 only to wind up being credited with a 26th place finish.

'

The new rule had little room for clarification, apart from NASCAR simply saying that it was a judgment call, which didn’t inspire confidence in how the rule would be enforced going forward. All confidence was erased from the fanbases of drivers not named Dale Jr in the spring of 2003 at Talladega when he put 2 wheels below the yellow line to take the lead with less than 5 laps to go, only for NASCAR to allow the pass to stand as Junior collected his 4th consecutive win at Talladega. Once again, DW offered some perspective:

>“It would be very unpopular to black flag him-” 

[and black flag him they did not, to the delight of the Talladega crowd](https://preview.redd.it/fqt4y4h3tevf1.png?width=1582&format=png&auto=webp&s=ee9977d6d7ffc10561b5de32290fc719cb6b962d)

'

Throughout the 2000s, the same reminders kept getting drilled into drivers’ heads: if NASCAR judges you did something wrong, you’ll get penalized. Doesn’t quite sound like a racing rule and more so a declaration that the sanctioning body calls the shots and gets to decide races by their hand. Spring 2003 had shown that NASCAR was willing to let certain things go if it benefitted the sport in their eyes; the screaming crowds underneath the Alabama sky that night reaffirmed that. The yellow line rule was here to stay, and stay it did.

'

# What's Legal and What Isn't?

[apparently this pass wasn't, to the dismay of many in the stands that afternoon](https://preview.redd.it/20swpz83qevf1.png?width=1024&format=png&auto=webp&s=0e3ba822ae0380662a6dc0b04fd0fd38760fa53a)

'

The fall Talladega race of 2008 stands out as one of the more pivotal examples of how the rule has caused headaches across the garage area. Regan Smith was robbed of his first win because of it when on the last lap he attempted to pass Tony Stewart in the tri-oval, only for Stewart to force him below the yellow line where his momentum pushed him past Tony and to the win of the race… until NASCAR judged that Smith went below the yellow line of his own volition which he clearly did not. The winning moment that should have been Smith’s was also paired with this confusing piece of commentary as Regan crossed the line:

>“I think it’s legal on the last lap” - Andy Petree

'

That quote became less confusing when Regan popped out of his car to  basically say that he thought on the last lap anything goes, a common perception amongst the drivers so it’s not like he said anything out of left field. If anything, he’s correct; oh, remember when we talked about safety towards the start? The following 2 restrictor plate races to open the 2009 season did little to convince people of it. 

'

Once again, Dale Jr found himself in a bit of controversy as in the 2009 Daytona 500 he was forced below the yellow line by Brian Vickers on the backstretch, only for Dale to immediately blend back up into the back of Vickers’ #83 Red Bull Toyota and caused a massive accident that took out the dominant car of Kyle Busch (who should have won that race otherwise).

'

[arguably the lowest point of Junior's career, let alone the entire season](https://preview.redd.it/292z4w61uevf1.png?width=1116&format=png&auto=webp&s=2ec7ffc95115bc930f557531584a470a04f5ad92)

'

I think we know what happened the next time they put the plates on…

'

[this wreck made a LOT of people dislike Keselowski](https://preview.redd.it/jceawe19uevf1.png?width=576&format=png&auto=webp&s=6bcb6d63d1d7328fc8c3b09b8dcfb76307b722fd)

'

While people remember this accident for Brad Keselowski’s first win and the horrifying images of seeing a car flying into the fence much like Bobby Allison’s near sport-ender 32 years prior, what people often forget is that wreck was caused by the yellow line rule. If Brad goes below the line he loses the race, so holding his line while Carl went to block a second time was his only chance to win, which unfortunately created one of the scariest wrecks of the modern era. 

'

It was this race that made a lot of people change their tune on the rule and call for it to be removed. Yet it never was, and eventually the line got a partner to become a double yellow line at both Daytona and Talladega, and ONLY these two tracks; everywhere else you could go wherever you please.

'

[also this: this was bullshit](https://preview.redd.it/vleo0raguevf1.png?width=640&format=png&auto=webp&s=8a781fff88bb846becfef9fb651f1fc3c8b47d99)

'

While there are many more cases of the double yellow line being controversial, the fall 2020 race at Talladega stands out as perhaps the most egregious case of judgment calls being inconsistent. Not only did Denny Hamlin pass multiple people for the lead on the final lap and was allowed to have his subsequent “win” stand, Matt DiBenedetto was penalized for forcing Byron below the line while giving him room to blend in again. 

'

[I had never been more confused watching a NASCAR race than this at the time](https://preview.redd.it/5tinq2fkuevf1.png?width=1200&format=png&auto=webp&s=1897a0cba876f1345faf34f45cdd85062c12a452)

'

The inconsistency was glaring, and it had been for nearly 2 decades. By this point, it had gotten so bad that Dale Jr himself, who had benefitted quite a few times by that particular rule in the past (2003 stands out), called for the rule to be abolished live during a broadcast. The sentiment continues to hold strong as the rule is still in effect to this very day. 

'

If the most respected retired figure in the sport couldn’t get the rule abolished, it seems destined to continue dictating races into the future. This weekend’s race could very well prove to bring out all the animosity towards the yellow line if it decides who races for a championship and who doesn’t as a result of now being in the Round of 8 instead of being in the Round of 12 as it had been for a decade prior.

'

Whether or not it happens… we shall see on Sunday.

'

[Talladega certainly seems to be a focal point for yellow line controversies...](https://preview.redd.it/ikbbsvcpuevf1.png?width=700&format=png&auto=webp&s=bf314f64b3d5b7c6f852b37ef0b44827d778fba5)

'

# Next Week...

It takes extreme skill to win at Talladega, or anywhere else on the NASCAR schedule. So what does it take to be the best at winning in stock cars...",2025-10-16
t3_1o9akyv,What was the best 5-10 minutes of driving of your favorite racer's career?,https://www.reddit.com/r/nascar/comments/1o9akyv/,/u/Zetona,2025-10-17 19:22:08+00:00,"Why 5-10 minutes? Well, I think there's a decent case that Denny Hamlin's final 14 laps at Vegas after the last restart were the finest 7.5ish minutes of driving of his Cup career (though I say this as not particularly a Hamlin fan), so it's on people's minds. That, and it's an interesting amount of time to consider: nowhere close to a whole race, but also long enough to encompass more than just a couple brilliant moves on a green-white-checkered or whatever. 

For my favorite drivers: the first thing that comes to mind for Jeff Gordon is that battle for the win with Jimmie Johnson at Atlanta in 2011, but that feels a little obvious, so I'm going to go with him [driving from 14th to the lead in five laps at Talladega in 2007](https://youtu.be/_5DtK36MRF0?si=6DRGfx9hTEsWgnPN&t=9511), or maybe how he worked himself to the lead in the final laps of the 2005 Daytona 500. (I'm sure I'm missing some great moments from before I started watching in 2002). As for Bubba, it's probably [when he drove from 32nd to 6th](https://www.youtube.com/watch?v=hUPsjKbt6ws) at the end of Iowa this year, though that took place over more like 20 minutes, so maybe I'll say the time he drove from 19th to 4th at the end of the 2023 Coke 600. ",2025-10-17
t3_1oajdl3,[Joe Gibbs Racing] William Sawalich has been released from the hospital.,https://www.reddit.com/r/nascar/comments/1oajdl3/,/u/GodzillaFan8520,2025-10-19 07:21:37+00:00,,2025-10-19
t3_1ob3qxw,Playoff Standings after Talladega,https://www.reddit.com/r/nascar/comments/1ob3qxw/,/u/Elijahs0nline,2025-10-19 22:55:32+00:00,"⭐️ 1. Chase Briscoe (Adv.) 🏁
⭐️ 2. Denny Hamlin (Adv.) 🏁
🟢 3. Christopher Bell +37
🟢 4. Kyle Larson +36
————————————
🔴 5. William Byron -36
🔴 6. Joey Logano -38
🔴 7. Ryan Blaney -47
🔴 8. Chase Elliott -62",2025-10-19
t3_1oba874,"For the first time in the next gen era, a team other than Hendrick Motorsports will have a driver lead the series in wins",https://www.reddit.com/r/nascar/comments/1oba874/,/u/TakeDemPills,2025-10-20 04:09:14+00:00,"Technically SVG is in the conversation, but his oval prowess is nowhere near winning yet, so this practically means that Denny will be the winningest driver of 2025.

Since ‘22, Hendrick has dominated this category, with Elliott in ‘22, Byron in ‘23, and Larson in ‘24. 

Denny Hamlin and JGR will finally dethrone Hendrick in this category, which was just an interesting statistic to me ",2025-10-20
t3_1ockcle,Denny Hamlin’s 2025 King’s Hawaiian 75th Anniversary Paint Scheme for Martinsville,https://www.reddit.com/r/nascar/comments/1ockcle/,/u/Dmacthegoat,2025-10-21 18:10:40+00:00,https://x.com/JoeGibbsRacing/status/1980697084283257295,2025-10-21
t3_1ocq6xj,"2025 LASTCAR Cup, Xfinity and Truck Playoff Grid (After Talladega II & race 2/3 of Round of 8)",https://www.reddit.com/r/nascar/comments/1ocq6xj/,/u/TIFUthebestSubreddit,2025-10-21 21:50:19+00:00,"Cup Series Playoff standings (Race 2/3 of round of 8)

1) Cody Ware 4104

2) Riley Herbst 4080

3) AJ Allmendinger 4078

4) Ricky Stenhouse Jr 4070

_____________________________________________

5) Erik Jones 4066

6) Noah Gragson 4063

7) Alex Bowman 4036

8) Kyle Busch 4029
_____________________________________________

Eliminated Drivers

~~9) Carson Hocevar 2147~~

~~10) Ryan Blaney 2136~~

~~11) Ross Chastain 2124~~

~~12) William Byron 2122~~

~~13) Brad Keselowski 2120~~

~~14) Kyle Larson 2104~~

~~15) Denny Hamlin 2093~~

~~16) Joey Logano 2088~~

**___________________________**

Xfinity Playoff standings (Race 2/3 of round of 8)

1) Anthony Alfredo 3076

2) Garrett Smithley 3072

3) Dean Thompson 3062

4) Ryan Sieg 3062

_____________________________________________

5) Parker Retzlaff 3056

6) Daniel Dye 3052

7) Kyle Sieg 3048

8) Sammy Smith 3032
_____________________________________________

Eliminated Drivers

~~9) William Sawalich 2075~~

~~10) Taylor Gray 2069~~

~~11) Jesse Love 2057~~

~~12) Christian Eckes 2057~~


**___________________________**

Truck series Playoff Grid (race 2/3 of Round of 8)

1) Toni Briedinger 3083

2) Spencer Boyd 3056

3) Jack Wood 3048

4) Chandler Smith 3047

_____________________________________________

5) Matt Mills 3042

6) Connor Mosack 3035

7) Kaden Honeycutt 3031

8) Dawson Sutton 3029

_____________________________________________

Eliminated Drivers

~~9) Layne Riggs 2063~~

~~10) Frankie Muniz 2048~~",2025-10-21
t3_1odu6vo,Writeup Wednesday Every Week Until the 2025 Championship Weekend #35: NASCAR's Untapped GOAT Debate,https://www.reddit.com/r/nascar/comments/1odu6vo/,/u/bruhmoment2248,2025-10-23 04:40:09+00:00,"Jordan. Montana. Bonds. Gretzky. The GOATs of the major American games. But what of America’s major SPORT?... Let’s talk about it.

'

[who knows, the GOAT probably hasn't entered the sport yet](https://preview.redd.it/u7a6u59xiswf1.png?width=1000&format=png&auto=webp&s=b766ed1fe8372d35648d450ab8fcb14b11bd2ed9)

'

# The Greatest of All Time

Every league has its greatest player of all time; in the case of NASCAR, that’s a little more up for debate. In a sport riddled with varying rulesets across its 75+ year history, to try and determine who is truly the greatest driver of all time feels like a gargantuan task to get correctly and accurately without angering at least ONE stock car historian, let alone a stock car racing fan. Many have their obvious picks, but let’s see how my personal 5 choices stack up against each other, for all of them have at least some valid arguments in their cases for being the greatest NASCAR driver of all time. 

'

Let’s start with the obvious choice.

'

# Richard Petty

[Petty as the GOAT is the safe opinion](https://preview.redd.it/6jrcufvngswf1.png?width=1000&format=png&auto=webp&s=9098c48251465796316183193d03022aaf2295ed)

'

The King of NASCAR, Richard Petty came from a racing family out in North Carolina, making his Cup Series debut in Toronto back in 1958 and going on to win 200 races at NASCAR’s top level to go with 7 championships and 7 Daytona 500s. Just that sentence alone solidifies him as one of the greatest of all time, if not the outright best. Petty won with more than just his family’s equipment, of which became one of the longest-running teams from the founding era of NASCAR to cross into the 21st century. Petty was also NASCAR’s first big “superstar”, and had more fans than most other drivers simply because he won so often.

'

What makes Richard Petty’s career stats seem almost mythical are the sheer absurdity of them; where you expect to find double digits, you find triple digits, and where you expect to find triple digits you’ll find more than that. He leads in more categories than you’d care to count, despite the fact that the Cup Series had a LOT more races on the schedule compared to now. Even after the shortening of the schedule in 1972, Petty still rattled off championships and 500s like he had in the past, and at the end of it all had himself a near 35-year career in the Cup Series from 1958 to 1992.

'

There’s a reason he’s called the King, but it sure didn’t look that way in the final 8 years of his career, where it looked like he was out there just to run around for fun. The fall-off was hard to watch in real time, and he finished his final race with a beat-up car.

'

# Dale Earnhardt

[\\""standing outside of his car, he was just like one of them...\\""](https://preview.redd.it/y8zdiyezhswf1.png?width=2000&format=png&auto=webp&s=3689897ebf221c3bcb60374a95887a29c726f780)

'

The choice of who the GOAT of NASCAR is may have been easy to a lot of older fans still clinging on to the past, even nearly 25 years on from his unfortunate passing. Dale Earnhardt resonated with people in deep ways, not just with his many accomplishments on a NASCAR racetrack. His rough and tumble style of driving rubbed a lot of people the wrong way, but it's part of what made Earnhardt such a dominant force behind the wheel, and allowed him to carve out 7 Winston Cup titles despite a massive slump after his maiden title.

'

But in the eyes of some, there’s a few things hampering his case. For one, his feat of 7 titles has been under scrutiny by some by placing an asterisk on his 1990 title, namely for a somewhat unfair penalty given to his competitor Mark Martin, a 46 point penalty for a previously approved spacer that ended up costing the Roush driver the championship by 26 points at season's end. For another, he has the lowest career win total of the 5 drivers mentioned here at 76. Despite the fact that there’s obvious reason for his career total being capped at that number, he reached it at a later point in his career compared to the drivers mentioned here.

'

[But the way he got to 76... the stuff of legends](https://preview.redd.it/qwg5sbaxhswf1.png?width=2700&format=png&auto=webp&s=a176f9f2d31da55dbbca1db1e2b8ab5de3bc092f)

'

Yet despite all that, he never truly showed his age in the racecar. In fact, his greatest career accomplishment came at the age of 46, nearly 47 when he won the 1998 Daytona 500. Yes, he had a few down years in the late 90s, but it seemed at though he was poised for a legitimate shot at a record-breaking 8th Winston Cup title. And it’s very possible that he could have done it: Bobby Labonte would regress in 2001 as did Jeff Burton, those 2 being Earnhardt’s competition for the 2000 title. His ability behind the wheel backs up all paper arguments for why Earnhardt deserves to be considered amongst the greatest to ever do it.

'

# Jeff Gordon

[surely the flames could have been incorporated into the rainbow scheme, right?](https://preview.redd.it/3dktmr8ihswf1.png?width=3072&format=png&auto=webp&s=6feaac3e2b87dbb6e0af25efe7bfc20428e5531c)

'

A man who was once destined to drive open-wheel cars before being tasked with driving stock cars for a living, Jeff Gordon was seen as a kid with insane potential. After a few years in the Busch Series, Rick Hendrick put Jeff in his new #24 car and made his debut in the 1992 Hooters 500, essentially becoming the anchor between the past and future of stock car racing given it was Richard Petty’s final race. While everyone was focused on the championship fight, no one realized that the driver of the 90s was just getting started.

'

His first wins came in his sophomore season of 1994, both crown jewel races in the World 600 and the inaugural Brickyard 400. He followed that up with a championship in just his 3rd season, and had it not been for multiple engine failures in 1996 he could have won 4 titles in a row, winning in 1997 and 1998; the latter of the 2 saw Gordon win 13 races out of 33 on the schedule, winning the title by hundreds of points in what is arguably the greatest individual season in the modern era of NASCAR.

'

[at one point, his win percentage was 1 in 5, which is ABSURD](https://preview.redd.it/8j0qg12ehswf1.png?width=2937&format=png&auto=webp&s=902629c10d9a623dc1d4dd5f5fa34f3321607aec)

'

Like Earnhardt, Jeff never truly fell off at the end of his career, save for a scare in the late 2000s after a hard crash at Las Vegas in 2008, of which Gordon was never the same after. In fact, Gordon’s 4 Cup titles and 3 Daytona 500s don’t tell the complete story of his dominance in the 90s and 2000s; were it not for the points format changes of the Chase and Playoffs, Gordon could have ended his 23-year career as a 7-time champion like Petty and Earnhardt before him. While he couldn’t do so, his protege definitely had a better crack at it than he did.

'

# Jimmie Johnson

[oh if only we knew what was to come after this burnout...](https://preview.redd.it/al8pz5t9hswf1.png?width=614&format=png&auto=webp&s=db3ce4649195c709268d81aa8cb1657cfa04a54f)

'

In 2000, an unknown ASA and Busch Series driver from El Cajon, California named Jimmie Johnson signed a contract with Hendrick Motorsports for the 2002 Winston Cup season. At the request of Jeff Gordon, Johnson became Hendrick’s fourth full-time driver and immediately delivered on Jeff’s recommendation, scoring his first victory at his home track in Fontana and sweeping the season’s races at Dover en route to becoming the first ever rookie to lead the Cup Series points standings. Johnson ended up finishing 5th in the standings, and followed that up with 2 consecutive runner-up finishes in the standings. Johnson remained in championship contention for the remainder of the decade and then some, achieving something nobody else EVER will in the future.

'

After losing out in 2005, Jimmie started out 2006 winning the Daytona 500 with a backup crew chief, and proceeded to rattle off wins throughout the year. Despite seeming out of the championship fight nearly halfway through the 10-race Chase, Johnson finished the season as champion for the first time after 5 years. Then he proceeded to do the same thing… for the next 4 more years in a row. From 2006-2010, Jimmie won 5 consecutive Cup Series titles, each time peaking in the final 10 races of the season to not only break but surpass Cale Yarborough’s feat of a three-peat. In that time, Jimmie kept all of Jeff Gordon, Carl Edwards, Mark Martin, Denny Hamlin, Matt Kenseth, and Kevin Harvick from winning a championship that would have impacted all of their careers had it not been for Johnson. 

'

Jimmie tacked on 2 more titles in 2013 and 2016 to claim 7 championships in the span of about a decade, and 7 titles in 15 Cup Series seasons. When was the last time you heard of a team winning 7 titles in 10 years, let alone 5 titles in a row? Not since the days of the 1960s Celtics, probably.

'

[one of the most dominant runs in all of American sports](https://preview.redd.it/ocgv9a2zgswf1.png?width=1600&format=png&auto=webp&s=50c0f16caa5005019274974cc78614c9c65646a1)

'

It only makes what came after that much harder to realize, as Johnson started out 2017 with 3 wins but then fell off a cliff after a hard crash at Pocono the week after securing the 83rd victory of his career at Dover. From then on he never won another race again, losing out on the championship in 2017, flaming out in the first round in 2018, and missing the playoffs after wrecking in the regular season finale in both 2019 and 2020 before calling it a full-time career. Johnson would venture off to IndyCar for a few years before returning as a team-owner investing in what was Richard Petty Motorsports. 



To see the fall-off in real time was painful to watch, mainly because of the heights we’d been accustomed to seeing the #48 team reach. 

'

# David Pearson

[an alternate universe where Pearson was more popular than Petty is one I would like to see play out](https://preview.redd.it/7jbcy2j1hswf1.png?width=640&format=png&auto=webp&s=44ded9f9b95bb99ea5469459657ded8464142a06)

'

People often forget about how good David Pearson was, despite the fact that he’s the only other driver besides Richard Petty to have 100 or more career Cup Series victories. His 3 titles all came within 3 years of each other in 1966, 1968, and 1969, of which were the majority of the years he ran close to full-time. Even when he didn’t run full-time, he still managed to finish 3rd in the standings in 1974 running just about 2/3rds of the shortened schedule.

'

The Silver Fox’s main argument for being the greatest lies in the fact that had he run more full-time seasons, it’s very much possible that he could have taken more titles for himself AND off of Richard Petty. Even sticking to the real world, Petty had 200 victories in 1,184 starts; Pearson had 105 victories in 574 starts. That should say a bit about what Pearson DID do whenever he made his presence felt on the racetrack.

'

[also this... this was badass](https://preview.redd.it/snuwnhk4jswf1.png?width=640&format=png&auto=webp&s=4e972ded94cfa20fa0ca270a2e89d8796f298050)

'

# Next Week...

This is it... this is what we've all been waiting for... the end of the road.",2025-10-23
t3_1oemmij,Best NASCAR Facts that seem wrong,https://www.reddit.com/r/nascar/comments/1oemmij/,/u/Icy-Consequence-4372,2025-10-24 02:49:45+00:00,"What are your favorite facts over the history of NASCAR that sound wrong or strange, but are absolutely true. 

Here’s a few of mine:

Michael Waltrip has a top 10 in the Monster Energy or “playoff” era of the cup series. He also has a top 10 more recently than Dale Jr, Jeff Gordon and Tony Stewart. 

The #3 and #36 cars that were involved in the fatal accident of Dale Earnhardt, battled for the win in the 2007 Daytona 500 numbered #29 and #01 respectively. Both races took place on February 18th too. 

Dale Jr, Denny Hamlin and Paul Menard have a combined one win at the Brickyard 400.

Ryan Newman, Greg Biffle and Kasey Kahne all had very similar career trajectories. They won 1-2 races a year at most except for one year each where they had a lot of wins. They ended up with nearly the same amount of wins with Biff having 19, and Newman & Kahne having 18
",2025-10-24
t3_1og4zjv,"Denny Hamlin on settlement talks: It was OK the first day, not great the second day. Didn't end in any resolution, unfortunately. ... Both sides probably feel strongly about their case. I think one of us is on a suicide mission",https://www.reddit.com/r/nascar/comments/1og4zjv/,/u/vpat48,2025-10-25 22:49:19+00:00,,2025-10-25
t3_1og5fxw,Denny Hamlin applauds Goodyear for the tire they’ve brought here so far.,https://www.reddit.com/r/nascar/comments/1og5fxw/,/u/Batman424242,2025-10-25 23:10:39+00:00,"“Denny Hamlin applauds Goodyear for the tire they’ve brought here so far. 

Says it feels like they’ve wound the clock back 15 years. 

Adds that drivers will have to take care of their stuff tomorrow. “",2025-10-25
t3_1oh7hoj,2025 NASCAR Cup Series Championship Breakdown,https://www.reddit.com/r/nascar/comments/1oh7hoj/,/u/Buschfan08,2025-10-27 06:45:31+00:00,"(Written with AI Assistance)

**WHOS IN THE TITLE FIGHT**

Here are the four contenders with shots at the title. 

* Denny Hamlin (No. 11, Joe Gibbs Racing)
Clinched his spot by winning earlier in the Round of 8.
This is his 6th championship appearance.
A veteran of many championship battles; this might be portrayed as one of his last chances.

* Chase Briscoe (No. 19, Joe Gibbs Racing)
First time in the Championship 4 for him — a younger contender, less title-final experience.
Has shown speed this season, especially qualifying strong.

* William Byron (No. 24, Hendrick Motorsports)
Made it via winning the elimination race at Martinsville, solidifying his spot.
Has been consistently near the top in recent seasons.

* Kyle Larson (No. 5, Hendrick Motorsports)
Former champion (2021). That prior success gives him an edge in experience.
He clinched the final spot on points rather than a late-win, showing consistency matters. 

This is notably the first Generation 7 Cup championship in which Team Penske is not in position to take the title, which comes as good news to many.

**KEY VARIABLES & WHAT WILL MATTER**

Here are what I see as the biggest factors for who will walk away champ:

Track mastery & history at Phoenix
* Phoenix is a somewhat unique track: shorter, tri-oval, with its own rhythm. Experience at the track helps.
* Of the four, Larson has a championship win here before (2021 title run) which could boost confidence.
* Byron also has won at Phoenix before. Briscoe and Hamlin’s past at Phoenix may be less weighted.

**TEAM PLAY VS INDIVIDUAL EXECUTION**


* Because it’s win or place highest among four, there’s some room for strategic work by teammates (especially within same team) but ultimately each driver must perform.

* Hendrick has two drivers; Joe Gibbs has two as well. Which team executes better on the day?

* Pit stops, strategy, avoiding errors will be critical.


**MOMENTUM AND PRESSURE**

* Hamlin: seasoned, knows what’s at stake. Might handle pressure best.

* Briscoe: fresh, less pressure (in a sense), but less title-final experience. Could either shine or crack under the spotlight.

* Larson: as former champ, he knows how to handle it — but maybe more expectation.

* Byron: the “young gun”, wants to take the next step. Could swing either way.

* The pressure is magnified: one mistake and the title disappears.


**SETUP/QUALIFYING & EARLY TRACK POSITION**

* At a short-ish oval like Phoenix, track position and clean air matter. Starting up front reduces risk of getting caught in others’ mess.

* Qualifying, early laps, avoiding incidents all key.


**THE WILDCARD: LUCK, CAUTIONS, INCIDENTS

* With only four drivers eligible, caution timing, pit road penalties, mechanical issues could swing the championship heavily.

* It might not necessarily be the fastest car alone, but the one that survives mistakes.


**MY PREDICTION AND SPECULATIONS**

Putting all that together, here’s how I see it playing out:

* I lean Kyle Larson as the slight favorite. His previous success at Phoenix and championship experience give him an edge.

* Next, William Byron is very strong — he’s been knocking on the door and has the team behind him.

* Denny Hamlin is a threat: veteran hunger, solid race craft. Could absolutely win.

* Chase Briscoe I view as the dark horse. If he nails everything, he could surprise. But more likely he’s one of the three chasing rather than dominating.

* Key scenario: If Larson or Byron get out front early and avoid trouble, they’ll be very hard to beat. But if strategy or incidents shuffle the field, Hamlin’s veteran status may carry him through.

I fully back Byron for the trophy, but anything could happen as always.


**WHAT TO WATCH LIVE**

* Who wins the pole and how do the Championship 4 qualify.

* Lap-leading breakdown: a driver dominating early may psychologically set the tone.

* Pit stop performances by each team. No slow stop, no penalties.

* Cautions: how many and when — each one resets everything and creates risk.

* Interactions between the four: Will they race each other or race the field? Sometimes the Championship 4 might race everyone else and play it safe within their group.

* Final laps: if multiple of the Championship 4 are up front, the battle will be head-to-head. If only one is alive up front, they could coast.

Everyone get ready for championship day, and may the best driver win. Hoping for byron🙏
Thanks!

",2025-10-27
t3_1ohibvs,Final Race Predictions and Martinsville Recap,https://www.reddit.com/r/nascar/comments/1ohibvs/,/u/analyst_kolbe,2025-10-27 16:00:14+00:00,"Before I dive in, here is the link for my beginning of the round article:



[https://www.reddit.com/r/NASCAR/comments/1nzti2q/round\_of\_8\_playoff\_predictions/](https://www.reddit.com/r/NASCAR/comments/1nzti2q/round_of_8_playoff_predictions/)



And here is the link for the last article:



[https://www.reddit.com/r/NASCAR/comments/1obrnnx/round\_of\_8\_predictionspost\_talladega/](https://www.reddit.com/r/NASCAR/comments/1obrnnx/round_of_8_predictionspost_talladega/)



In that article, I ended with the following projections:



https://preview.redd.it/vfsk0bb4goxf1.png?width=752&format=png&auto=webp&s=5280987d0397c4f4a809a22ad7bb6e22e5e8215d



Well, I might have been disappointed by the overall playoff picture, but the race itself had plenty of drama, mainly the good kind.



After leading the first two stages, William Byron seemed poised to keep it going in what would have been the most clutch appearance of ""Clean Air Man.""  However, just prior to the end of the stage, Blaney pitted to change up the schedule, a ploy that I have to admit worked despite things not really going his way.  I'll explain:



Blaney's tires were 20 laps older than Byron's starting stage 3, meaning that he was looking for two tire changes.  Ideally, this would have meant a caution some time in the low-mid 300s.  It didn't happen.  What did happen, though, was some great teamwork from Joey Logano, keeping Byron behind him for around 30 or so laps (estimate) plus the time it took to catch up to Logano on top of that.  In total, it took a little under 60 laps for Byron to start focusing on catching back up to Blaney, and by that point he'd been pushing his tires a little harder, mitigating any advantage he might have had.



At lap 376 (132 laps since Blaney had taken new tires), Jones spun out, but both Blaney AND Byron had just come in.  The fact that they came in pretty much together under green despite a 20 lap difference in tire age says a bit about how hard Logano made Byron work.  



Lap 399, Hocevar spun for the second time, and both Logano and Bell took new tires.  I believe Larson did as well, but I don't have that in my notes.  I did love seeing them trying something different, and I think it could have worked, but I don't want to get ahead of things.



Blaney had the lead and won the restart, with Byron right behind him.  Eventually, with 44 to go, Byron nudged Blaney's quarterpanel and passed while the 12 was squirrely.  I'd love to see a replay of that, because my initial impression was that Byron got in clean beneath, but I can't tell if Byron went up the track a bit or Blaney came down, though leaning toward the first.



Surprisingly, we didn't have another caution until lap 482, when Hocevar pulled off the hat trick with a THIRD spin.  Two of those spins were ""assisted"" by current or future teammates, by the way, which made for some fun, though neither seemed intentional, of course.  



However, that's when we get to an odd moment, because the Hocevar spin triggered a caution, and EVERY playoff contender came in for fresh tires, even Logano, who took new tires at 399, so about 25 laps fresher, and had virtually no chance of winning by coming in.  For Bell and Larson, I get that they were kinda just dueling each other (with handicap), but what was Logano's plan?  Maybe there was no ""good"" option, but it's a shame to see every contender make the same strategy call, even when some drivers are clearly ahead on said strategy.



Well, you all know who advanced, but here's the chart anyways...



https://preview.redd.it/lsvsq056goxf1.png?width=752&format=png&auto=webp&s=66a526c337bd97f610288278bdaf0c7959291a2e



Bell finished with the second-most points, which you'd think would be enough to advance, but wins from three separate drivers below him knock him out.  It's a shame, because he was amazingly consistent this postseason.  He averaged 38.1 points per race, and it's only that low due to a rough start at Darlington.  Since then, he hasn't finished under 36 points.  Unfortunately, the only driver to score more this round wasn't a race winner (which is surprising when you think how good Bell was), so this is the end for him.



On to Phoenix.



A win this week for William Byron is big news, because the previously facing elimination driver averages an 8.0 finish, with points at both stages his last 9 appearances.  One could argue he's been a bit lucky, though, with 0 DNFs.  The biggest thing going for him, though, is that the last guy he hit could actually win here, and might value that over getting revenge.  MIGHT.  I'm not actually expecting a problem, though.



But that doesn't mean he's necessarily favored, because Kyle Larson has a sneaky good history here as well.  Well, the 10.1 average is already good, but that includes 2 DNFs.  Removing those takes him down to 8.1.  Removing them AND only counting his Hendrick appearances takes him down to a 5.6.



Denny Hamlin may not have a great average, but with 40 races at Phoenix and only 1 DNF, he's unlikely to just hand anyone a win.  His 10.9 average is already a threat, but it drops to 10.0 with that 1 DNF removed.  



But then we have the enigma.  Chase Briscoe's 15.6 seems outmatched, but he has been a different driver since moving to Gibbs, and the initial 4 spot adjustment I gave him really doesn't feel like enough.  In addition, removing his 2 DNFs takes him down to 13.7 without adjustment.  



Average finish without DNFs.



Larson 5.6

Byron 8.0

Briscoe 9.7 (adjusted for team)

Hamlin 10.0



Even in what has arguably been Hamlin's best year, it's still not looking good for him.  And I also think that this is the problem with a single race championship, because in NASCAR, there's no such thing as a neutral field.  



Hope you enjoyed.",2025-10-27
t3_1oiec6g,TV Lineup Announcements,https://www.reddit.com/r/nascar/comments/1oiec6g/,/u/Decent-Annual-508,2025-10-28 16:38:05+00:00,"Had an idea watching Sunday Night Football. Its similar to what Fox does with Indycar. When showing the lineups before the race, the broadcast should have each driver introduce themselves with whatever they consider their home short track. 
“Denny Hamlin. Late Model Stock, South Boston Virginia” for example ",2025-10-28
t3_1oigtk5,"2025 LASTCAR Cup, Xfinity, and Truck Playoff Grid (After Martinsville II & Round 3/3 of Round of 8)",https://www.reddit.com/r/nascar/comments/1oigtk5/,/u/TIFUthebestSubreddit,2025-10-28 18:09:32+00:00,"Cup Series Playoff standings (Race 3/3 of round of 8)

1) Cody Ware 5000

2) Riley Herbst 5000

3) AJ Allmendinger 5000

4) Noah Gragson 5000

_____________________________________________

Eliminated Drivers

~~5) Ricky Stenhouse Jr 2250~~

~~6) Erik Jones 2219~~

~~7) Kyle Busch 2202~~

~~8) Alex Bowman 2197~~

~~9) Carson Hocevar 2179~~

~~10) Brad Keselowski 2139~~

~~11) Ryan Blaney 2137~~

~~12) Ross Chastain 2127~~

~~13) Denny Hamlin 2127~~

~~14) William Byron 2123~~

~~15) Kyle Larson 2108~~

~~16) Joey Logano 2095~~

**___________________________**

Xfinity Playoff standings (Race 3/3 of round of 8)

1) Anthony Alfredo 4000

2) Garrett Smithley 4000

3) Parker Retzlaff 4000

4) Daniel Dye 4000

_____________________________________________

Eliminated Drivers

~~5) Kyle Sieg 2153~~

~~6) Ryan Sieg 2132~~

~~7) Dean Thompson 2119~~

~~8) Sammy Smith 2089~~

~~9) Christian Eckes 2082~~

~~10) Jesse Love 2080~~

~~11) William Sawalich 2075~~

~~12) Taylor Gray 2070~~


**___________________________**

Truck series Playoff Grid (race 3/3 of Round of 8)

1) Toni Briedinger 4000

2) Matt Mills 4000

3) Spencer Boyd 4000

4) Connor Mosack 4000

_____________________________________________

Eliminated Drivers

~~5) Chandler Smith 2149~~

~~6) Jack Wood 2124~~

~~7) Dawson Sutton 2103~~

~~8) Kaden Honeycutt 2077~~

~~9) Frankie Muniz 2075~~

~~10) Layne Riggs 2067~~",2025-10-28
t3_1oihe3n,"Going Into Phoenix, why does it seem like Joe Gibbs Racing has so many mechanical failures compared to Hendrick Motorsports in the last two seasons? Brakes, Engine, Transmisson, etc",https://www.reddit.com/r/nascar/comments/1oihe3n/,/u/realflags,2025-10-28 18:31:03+00:00,"While not as fast overall as JGR this year, for every 1 mechanical failure HMS has, JGR has at least 4 to show for it in that same timespan.

Correct me if I'm wrong, but HMS has only blown one motor this year, with Alex Bowman in the spring 2025 Bristol race, had one transmission issue with Byron at Chicago, had one ""brake issue"" with a deflective O-ring on Larson's car at the Glen, and maybe a electrical issue for Larson at Michigan, despite getting a top 5. And impressively they have only blown two motors over the last two seasons, both with the 48 team at Loudon  24' & Bristol I 25'. Pretty clean overall compared to how many failures they have in 2022. 

In the mean time, JGR, along with 23XI by extension has had a plethora of mechanical failures. Hamlin blowing motors at Texas, Chicago (practice) & Martinsville, Briscoe blowing his motor too at Martinsville, brake issues for Ty Gibbs at spring Phoenix and 23XI at Pocano, Hamlin transmission issue at spring Kansas and many other little issues including recurring stuck throttles and more, while not mentioning how many motors the team blew last summer as well, as from Sonama 24 to Richmond 24, it felt like every other week at least one of them blew a motor. Not to mention that it feels like JGR has at least destoryed 1 set of brakes every year at Phoenix, going back to Bell's exploding in the 2023 Championship race.

So the question is? Were these failures just the teams testing the limits for a advantage or is this something we should keep an eye on going into the final week & is it likely that they'll have those issues ironed out? ",2025-10-28
t3_1oiswpw,Rookie season as a Fan! Playoff Format Review!,https://www.reddit.com/r/nascar/comments/1oiswpw/,/u/LBGBear,2025-10-29 02:25:22+00:00,"Hey! This is my rookie season as a NASCAR fan. My first five years of life were sprinkled with memories of my parents watching NASCAR and pulling for Dale Earnhardt Senior, I was essentially clueless to what was going on but once Dale Senior passed away they faded away from their fandom, and I haven’t even seen more than a highlight from a single season in the last 25 years. I wasn’t so clueless to this sport that I didn’t hear of Jimmy Johnson seven championships or Kyle Bush causing chaos lol but other than seriously seeing one highlight a year I have not even paid an ounce of attention to this sport, which after this year I have thought to myself I have really missed out. 

Earlier this year when the Daytona heat races were occurring I was at my father-in-law’s house and he was watching, I watched both heat races and then I watch the Daytona 500 in completion. I was pulling for no one in particular but I was just trying to observe and understand the series. This lead me into a season long wonderful fan experience for myself, I have watched every truck, Xfinity, and cup series race this year. I have been listening to the Dale Jr. download, Denny Hamlin’s actions detrimental, Kevin Harvick podcast, and NASCAR inside the race after each race to try and better understand the events that happened to get more familiar with the sport. It has truly been a great season from my point of view. I was listening to The Teardown but the way they argue with each other is just not my idea of enjoying my drive to work… 

Now what I would like to ask everybody in this form is, what do you truly think of the current playoff system? Because I’ve heard a lot of talk about the system being altered or changed completely and I’m trying to understand everybody’s viewpoints and what would actually make the most compelling racing on track. From my point of view, this year’s playoff has been good, maybe even great? I have nothing to base it off of but what it looks like for this year is that the people who deserved to get in actually got in and the best cars from a week to week performance have seemed to move forward. Is this me being a rookie fan or is this playoff year an anomaly? 

Each playoff race has actually had my interest in seeing who moves forward and I’ve been tracking each playoff driver and it seems like the system has worked well for this year? And I was wondering if you guys think the same or am I way off here. 

I’m genuinely excited for the next racing season and will be attending my first race(s) as an adult fan! 

If anyone would like to share their viewpoints as a fan of NASCAR over the last 20 years in comparison to how you feel like this year has gone I would greatly appreciate it! 

",2025-10-29
t3_1oj8j4a,The Playoff Excitement Question:,https://www.reddit.com/r/nascar/comments/1oj8j4a/,/u/-Tickery-,2025-10-29 16:03:54+00:00,"Tldr; How the full season format creates more drama than playoffs.



Most people agree the main benefit of the playoff format is it manufactures drama. You never really know who’s going to win the title, and it does produce many high title stakes fights near the end of the season. The argument is it’s impossible for that to happen with a full season points format, and playoffs or even the chase are necessary to ensure a good title fight.  



I’m not going to argue for any of the factors people often dwell on the most, like legitimacy, ratings, or even building star power. I think they’re absolutely true. But many of the full season championship fights (*under the current format which includes stage points*) have actually been a lot closer than we give them credit for. I’m going to examine what those fights would’ve looked like under the 36-race format, and argue for why the full season can create just as much excitement or “game 7 moments” as any other format.



Let’s start with this past weekend. Larson and Byron flaming out in dramatic fashion at Talladega put Bell back into points contention. The top 3 entered Martinsville within 6 points of each other, *with 2 races left,* and at one point were 1-2-3 on the racetrack. Imagine how exciting that fight would’ve been! Byron put on the race of his career on Sunday, sweeping the pole, stages, race and fastest lap. That mattered under the playoff format, but it matters even more under a full season format, where Byron extends his lead from 1 to 11 points over Larson. It’s not over, but if Byron puts in a solid performance vis-a-vis Larson next weekend, we can look back at Martinsville as the decisive race in the season. That’s a great story, and elevates the title fight and Byron’s impressive performance.



This year was a great example. Now let’s take a peek back at ‘23, and another *could have been*.



2023. The Breakout Star vs. the Seasoned Veteran:



This year was William Byron’s breakout year. Six wins in a season was a personal record and the most any driver had garnered in the next-gen car, and also represented 1.5x as many wins as he had in total over his whole career. It cemented him as a star. He had the most wins, T5’s, T10’s, average finish, & second most laps led.



But he failed to win the title and instead we remember ‘23 for Blaney’s title run, which consisted of a superspeedway win, a decently clutch Martinsville win and leading two laps and finishing second at Phoenix. That is far less compelling of a storyline or dramatic of a title fight, because all that mattered is what Blaney did. The competitors in a racing *competition* are swept aside, which is another way the playoffs quash excitement.



Some more choice elements are missing from that narrative. Truex’s legendary ‘23 title collapse is basically completely forgotten by all but lamenting Truex fans, because the 47 point lead he had built up by the end of the regular season meant very little in the playoffs. He was one in a sea of sixteen drivers, many of whom had issues of their own. Seeing him wreck out was just another fish to fry. Realistically it didn’t affect the title that much if you were rooting for a different guy because another competitive driver would just take his place. You’d still be 1v3 at Phoenix. Having that implicated in the points adds gravitas. Great championship fights aren’t just about victory but defeat, too. The current F1 fight is as much a story of Piastri’s collapse as it is Norris or Verstappen’s resurgence. At even the tightest playoff field a driver can be only one of four, so Truex’s struggles are shunted aside.



Truex ended the regular season with a hefty 47 point lead over Hamlin. Four races after the Regular Season closed, Hamlin and Byron had won back-to-back races (including a dramatic Bristol finish where Hamlin debuted “I beat your favorite driver!”) and had both gapped Truex, with Hamlin holding a 40 point lead over Byron. The next week at Talledaga, they finished 2nd and 3rd, but Byron took 18 stage points and Hamlin none, halving the lead. At the Roval, Hamlin wrecked out, whilst Byron took a strong 3rd, taking the lead by 4 points. Over the final five races of the year, Byron would go from +4, to +2, to **+32** after Hamlin wrecked out at Homestead, which might have killed his title chances. Then Hamlin had a superb day at Martinsville, finished 3rd, led 150 laps and collected a stage victory, (Byron only finished a mediocre 13th, good but not championship calibre), to close Byron’s lead to only **+4** heading into the final race. Byron finished 5 spots ahead and 8 points up in the title fight at the end of the final race. 



So we have an **insane** title fight where Byron, the hotshot in a breakout season and Hamlin, the seasoned veteran who’d always come up second, end the last 7 races 1-2 in points and four of the last five races within single digits points of one another. And even Truex’s title collapse is given the attention it deserves, because it had to happen to clear the way for the two of them to duke it out. This parallels the current F1 title fight which many agree is the best since ‘21. I mean, even I got insanely excited just reading that storyline. Frankly, I would go so far as to say it conjures more excitement than ANY season we’ve had in the playoff format. 



Currently, we don’t pay attention to the actual best performing guys. Most of the playoffs we look at people +-2 positions on the cutline. Hamlin and Byron both performing well just means they’re “good enough,” and we never compare the frontrunners to see who's doing better. 



The battle was consistent, and there was a clear storyline that spotlighted arguably the three and then two best and most deserving drivers. It would’ve been memorable, in a way none of the playoffs have been. Both drivers performed extremely well, but because of stage points had opportunities to perform and keep it close, especially after Hamlin’s unlucky Homestead wreck (Which also spotlights why the current format with stage points is far superior to the Winston points). 



2019: The Clash of Titans. 



This season saw the “big three” face some competition after their dominant ‘18. And the 2018 title fight might’ve been exciting, but examining the points the 2019 one was even better. Joey Logano, Denny Hamlin, Kevin Harvick, Martin Truex and Kyle Busch were all neck-and-neck as the season closed. KFB and Logano traded the points lead throughout the regular season, neither gaining much of an edge, with the other 3 all lurking further back. At the end of the regular season KFB was up 17 points on Logano and 66 points on Harvick, with Hamlin and Truex even further behind. Logano especially had been putting in a strange season for his standards, winning only twice but quietly being consistent. Truex was in 5th and 116 points back, which whilst not impossible, would be difficult to recover against four other highly competitive cars in just ten races. Then he won back-to-back in the clutch, putting himself back in contention. Over the final 8 races the lead would trade *5 times*. 



First, Kyle Busch DNFed at the next race, the Roval, handing the lead to Logano and putting the fight wide open with 7 races to go. Harvick was the big winner, going from \~-46 to \~-21. 



At Dover, Logano showed up with a broken rear end. His rivals all ran up front, (finishing second, fourth, fifth and sixth), handing Harvick the points lead and reducing the spread between the drivers to only 49 points.



At Talledaga, every driver would need to keep themselves from wrecking or else imperil their title hopes. They all survived, but imagine the stress of a potential superspeedway DNF actually meaning something! Logano retook the lead here.



At Kansas, Denny Hamlin locked tf in. He led the most laps (150+), won a stage and the race, but the other drivers kept pace with him. The spread was down to 30 points, Logano held onto the lead, and the top three were separated by just 4 points.



Truex had been steady around the bottom of the spread for most of the final ten races, slowly closing in on the leaders. At Martinsville he broke through, leading 464 laps, both stages, winning the race and vaulting himself from -30 to -12, all the way up to second. In 7 races he had closed 100 points on four different insanely qualified drivers. The top 5 were within 17 points with 3 races remaining, and Kyle Busch had slipped to fifth. Also, with three races remaining, any major slip-up by ANY of the five drivers would effectively doom their title hopes. 



Exactly that happened at Texas. Harvick won in convincing fashion, taking the points lead. Logano, Busch, and Truex would keep pace, but both Busch and Truex would need to make up 20 points on two other drivers in two races, which is hard when they’re two of the best. But Hamlin lost his handle and spun through the grass, effectively dooming his title hopes. 



That mistake was completely wiped out by the playoffs through a win he scored the next week at Phoenix, but in the regular points format proved insufficient as his four competitors all finished top ten. Logano led for long portions of this race but slipped to ninth by the end, passing Harvick in points. Logano, Harvick, and Busch would be separated by 13 points going into the final race. 



This is also where the other argument against the playoffs (it rewards mediocrity) is countered. Entering Homestead, Truex had an insane stretch of 8 top 6’s in the prior 9 races, including 3 wins, enough to close the gap. But it just wasn’t good enough when all of his competitors remained at the top of their game. Simply not scoring quite so many stage points at Phoenix was enough to count him out. Down 29 points, despite no major mistakes, Truex was effectively out. 



The last race is thus an epic three-way-duel between Logano, Harvick and Kyle Busch, all three of whom finished in the top 5. And even closing 13 points against two top-tier opponents is way harder than you’d think, only enabled by beating both drivers in both stages. Homestead was a herculean drive by Kyle Busch and it was a comeback win that ended the season with three drivers within 6 points of each other. It frankly would’ve been far more compelling than the manufactured drama that we got. 



Here we have 5 of the best drivers of the 2000’s and 2010’s locked in a titanic struggle that any one of them truly could’ve won. Arguably the last time all the drivers that dominated the Gen-6 era were at the top of their game. They number 5 of the top 6 wins leaders of that era. It truly was a “Clash of Titans,” and I can think of no better way that we could’ve closed out the 2010’s chapter of NASCAR history.



I think what makes these two stories, 2019 and 2023, so compelling is that they’re organic. It’s almost pathetic how the one story the playoffs can tell (albeit pretty well, I will give them that) is the late season lock-in, usually by Team Penske. Even that story is getting tiring having heard it three times in a row now.



Those were just two examples I decided to follow. Larson was insane in ‘21 but Hamlin was insanely consistent – they traded the lead all regular season (as we remember), and continuing tracking the points he actually led Larson by 40 with 5 races to go. Then Larson won 4 of the last 5 and shut that story down… but both drivers still finished 200+ points ahead of anyone else. In ‘24 Larson and Reddick battled it out towards the regular season… then Reddick fell apart and Bell surged 80 points to only a 6 point gap with two races left… and then Larson closed the season out with a solid 3rd and 4th. Kenseth wrecking Logano in ‘15 is perhaps another incident we think carries less meaning without the playoffs, but Harvick only bested Joey by 22 points that year. Kenseth would’ve cost Logano the championship. All 3 titles would’ve been well-deserved, unquestionably legitimate and have solid and clear storylines that remained consistent throughout the season. And seasons that did not come down to the wire like that…  Truex in ‘17, Harvick in ‘20, and even Elliot in ‘22, would’ve been all the more appreciated.



Heck, even the Chase playoffs are implicated. Johnson and Kenseth were single-digits apart for multiple races at the end in ‘06. Edwards and Johnson switched places in the final race in ‘08. 



Obviously, drivers would race differently if this were the format. It is a thought experiment. But we don’t even have the hope of getting any of these possible stories without a full season points format. What we have with stage points works great. I’d be down with issuing more points to the winner or even T5.  But this shows that good title fights are both possible and have happened consistently. 



I’d like to close with a message on the importance of winning. Under this format, the driver with the most wins would’ve won the Championship in: 2024, 2023, 2022, 2021, 2020, 2018 (tie), & 2017. (7/11, or about 64% of the time) The driver with the most wins has won the playoffs in: 2021, 2017, and 2016. (3/11, or about 27% of the time.)

",2025-10-29
t3_1ojcw9l,"Eight years ago today, Denny Hamlin wrecked Chase Elliott at Martinsville",https://www.reddit.com/r/nascar/comments/1ojcw9l/,/u/NeatWrongdoer1309,2025-10-29 18:44:23+00:00,,2025-10-29
t3_1ojz20f,Hamlin's Progressive paint job,https://www.reddit.com/r/nascar/comments/1ojz20f/,/u/Ancient_Canary8164,2025-10-30 13:00:49+00:00,"Can someone explain exactly what's happening here with the twitter conversation about the paint job?

I understand that teams have had odd colors/shapes/sponsors in specific locations that are meant to give the OSS trouble. When the photos of the11 car for PHX came out, there were multiple threads started about the changes to the scheme from the rest of the season. The comments were clearly from people in the industry that understood what they were seeing but would not explain it and out who they were. It became a big enough story that its on the cover page of my MSN News today.

What locations are important, what colors/logos are used, and why does it give OSS trouble?",2025-10-30
t3_1okcvso,[NASCOURT Bob] Denny Hamlin said he has been getting updates on the lawsuit this week -- he hasn't asked to just concentrate on racing for the title -- but indicated no settlement is imminent.,https://www.reddit.com/r/nascar/comments/1okcvso/,/u/Funny-Supermarket926,2025-10-30 21:53:49+00:00,[https://x.com/bobpockrass/status/1984011357809996126](https://x.com/bobpockrass/status/1984011357809996126),2025-10-30
t3_1okfhpv,[Fryer] Denny Hamlin races for his dying father's last chance to see him win a NASCAR championship,https://www.reddit.com/r/nascar/comments/1okfhpv/,/u/briiiskiii,2025-10-30 23:44:54+00:00,,2025-10-30
t3_1okia5e,Toyota Progressive Insurance Camry,https://www.reddit.com/r/nascar/comments/1okia5e/,/u/Working-Frosting9490,2025-10-31 01:53:04+00:00,,2025-10-31
t3_1ol4pvm,"[Srigley] #NASCAR... @JennaFryer asks if NASCAR is worried about backlash from the fanbase, should they have to make a call on a penalty against Denny Hamlin. Steve O'Donnell: ""No,"" and later suggests that the question is absurd, considering the technology that goes into those decisions.",https://www.reddit.com/r/nascar/comments/1ol4pvm/,/u/LBHMS,2025-10-31 20:01:39+00:00,,2025-10-31
t3_1olbooy,Is this guy gonna be a crew chief one day?,https://www.reddit.com/r/nascar/comments/1olbooy/,/u/Accomplished_East433,2025-11-01 01:21:02+00:00,This guy has been on top of Denny Hamlin’s pit box for years. I think this is his engineer.,2025-11-01
t3_1olt4yl,"Full Speed: How the agony of defeat impacted Denny Hamlin, family",https://www.reddit.com/r/nascar/comments/1olt4yl/,/u/MasterOrokuSaki,2025-11-01 17:07:27+00:00,https://www.nascar.com/videos/franchise/all-videos/full-speed-how-the-agony-of-defeat-impacted-denny-hamlin-family/,2025-11-01
t3_1omkkau,Comparison of the fate of drivers with most wins under full season points in the revised Latford points (2004 and 2007) era,https://www.reddit.com/r/nascar/comments/1omkkau/,/u/FMecha,2025-11-02 15:42:33+00:00,"[Spun off from a comment in a removed thread.](https://www.reddit.com/r/NASCAR/comments/1om8b7z/lets_crown_another_illegitimate_champ_tomorrow/nmnw6qq/)

An argument I've seeing recently is that the driver with most wins should be the worthy champion. I mean, we get that with the current Zilisch situation, but the Latford system had cases of the winningest drivers not being the champion because of their imperfections during the season (1985, 1993, 1996, 2003), due to a flaw in that system where it prioritized consistency and not DNFing (plus stacking bonus points) over winning.

With that in mind, I've compared the fate of drivers with most wins under full season points in the revised Latford points (2004 and 2007) era:

---

**2004 Latford** (180 points to the winner, +5 vs 2003):

* 2004 ([official](https://www.racing-reference.info/yeardet/2004/W) / [non-playoff](https://www.racing-reference.info/race-results/2004_Ford_400/W#:~:text=Non-playoff%20standings%20after%20this%20race)): Jeff Gordon full-season champion with 5 wins vs Jimmie Johnson 2nd (in both full-season and Chase standings) with 8 wins; Kurt Busch, Chase winner, had 3 wins
* 2005 ([official](https://www.racing-reference.info/yeardet/2005/W) / [non-playoff](https://www.racing-reference.info/race-results/2005_Ford_400/W#:~:text=Non-playoff%20standings%20after%20this%20race)): Tony Stewart champion with 5 wins vs Greg Biffle 2nd with 6 wins *(same in full-season and Chase for both)*
* 2006 ([official](https://www.racing-reference.info/yeardet/2006/W) / [non-playoff](https://www.racing-reference.info/race-results/2006_Ford_400/W#:~:text=Non-playoff%20standings%20after%20this%20race)): Jimmie Johnson champion under both chase and full season *(while tied for most wins with Harvick with 5 each)*, no contest

**2007 Latford** (185 points to the winner, +10 vs 2003):

* 2007 ([official](https://www.racing-reference.info/yeardet/2007/W) / [non-playoff](https://www.racing-reference.info/race-results/2007_Ford_400/W#:~:text=Non-playoff%20standings%20after%20this%20race)): Jeff Gordon full-season champion with 6 wins vs Jimmie Johnson 2nd (playoff champion) with 10 wins
* 2008 ([official](https://www.racing-reference.info/yeardet/2008/W) / [non-playoff](https://www.racing-reference.info/race-results/2008_Ford_400/W#:~:text=Non-playoff%20standings%20after%20this%20race)): Carl Edwards full-season champion with 9 wins vs Jimmie Johnson 2nd (playoff champion) with 9 wins
* 2009 ([official](https://www.racing-reference.info/yeardet/2009/W) / [non-playoff](https://www.racing-reference.info/race-results/2009_Ford_400/W#:~:text=Non-playoff%20standings%20after%20this%20race)): Jimmie Johnson champion under both chase and full season with 7 wins (the most among all drivers that year), no contest
* 2010 ([official](https://www.racing-reference.info/yeardet/2010/W) / [non-playoff](https://www.racing-reference.info/race-results/2010_Ford_400/W#:~:text=Non-playoff%20standings%20after%20this%20race)): Denny Hamlin won most races that season (8) but still lost to Jimmie with Chase (2nd in full-season standings) and Kevin Harvick in full season (with 3 wins; 3rd with Chase format).

---

EDIT: Discovered a tidbit: [In 2008 Nationwide Series, year two of 2007 revision of Latford,](https://www.racing-reference.info/standings/2008/B) Bowyer with 1 win/6386	laps run won over Edwards with 4 wins/6128 laps run. *In full-season points, and as Buschwackers.* (Only accounting for drivers that started all races)",2025-11-02
t3_1omt5n4,Denny Hamlin issues,https://www.reddit.com/r/nascar/comments/1omt5n4/,/u/ARisingDragon,2025-11-02 21:16:29+00:00,Why does it seem Denny Hamlin keeps having mechanical issues almost every race especially the clutch? ,2025-11-02
t3_1omup4f,This race sucks. Fuck Denny Hamlin,https://www.reddit.com/r/nascar/comments/1omup4f/,/u/[deleted],2025-11-02 22:19:32+00:00,[deleted],2025-11-02
t3_1omwy0e,Even chatgpt doesn't like denny hamlin 😂 *spoiler from the race*,https://www.reddit.com/r/nascar/comments/1omwy0e/,/u/123456789colton,2025-11-02 23:57:56+00:00,Had to update chatgpt to see its response. Apparently it hates Denny 😂😂,2025-11-02
t3_1omx51m,I’m a Kyle Larson fan…. this feels so wrong.,https://www.reddit.com/r/nascar/comments/1omx51m/,/u/Current_Lobster3721,2025-11-03 00:06:25+00:00,"This was arguably his worst season at HMS & yet this one out of all of them he wins the championship despite being mediocre through the whole race. 

Denny Hamlin got absolutely robbed & it’s a shame this joke of a format robbed him of probably ever being a champion. ",2025-11-03
t3_1omxawg,I have more of a problem with another GWC taking away a clear winner than Larson Winning in this format.,https://www.reddit.com/r/nascar/comments/1omxawg/,/u/IcedCoffey,2025-11-03 00:13:48+00:00,"Sheldon Creed, Parker Kligerman, Carl Edwards, and Denny Hamlin. im tired of seeing someone spank the field, build a lead, and all but guarantee the win with 2-6 laps to go annnnnnnnd. yellow. EVery one of those races felt completely hollow. im not sure how yall feel, but im tired of feeling like drivers and teams get ripped off for doing things right.",2025-11-03
t3_1omxfmn,"William Byron walked up to Denny Hamlin in the media center, put his hand on Hamlin's shoulder and said, ""Hey. Sorry, bud.""",https://www.reddit.com/r/nascar/comments/1omxfmn/,/u/NeatWrongdoer1309,2025-11-03 00:19:51+00:00,,2025-11-03
t3_1omxgyc,"[Gluck] Denny Hamlin: ""In this moment, I never want to race a car ever again. My fun meter is pegged.""",https://www.reddit.com/r/nascar/comments/1omxgyc/,/u/pixarfan9510,2025-11-03 00:21:32+00:00,,2025-11-03
t3_1omxzyl,"[Jeff Gluck] William Byron on why he apologized to Denny Hamlin: ""It just doesn't seem right, you know? He had beat us and we're running second and it's four laps to go and you go into the wall and cause a caution. I don't want to be that guy. That sucks.""",https://www.reddit.com/r/nascar/comments/1omxzyl/,/u/Far_Cry3445,2025-11-03 00:46:02+00:00,,2025-11-03
t3_1omyfny,"Who Would You Give a Championship To? Denny Hamlin, Carl Edwards, or Mark Martin?",https://www.reddit.com/r/nascar/comments/1omyfny/,/u/Hitokiri2,2025-11-03 01:05:59+00:00,"I'm not the biggest NASCAR fan but I do know enough that there have been drivers with a lot of success in the series but have never won the title. When I think of these drivers three names come into mind: Hamlin, Edwards, and Martin. All of them have won a ton of races and have gone into the title fight many times only to be knocked out at the end. 

My question is: if the racing gods gave you the power to give a Cup championship to one of these three guys who would you give it to? Is there someone who was just as successful that never won a championship that is also deserving? I know Hamlin hasn't retired yet but at 44 years old a person has to think he's close. 

Thanks!",2025-11-03
t3_1on09gy,"Denny bros (and anyone else who feels like it), let's make something positive out of today",https://www.reddit.com/r/nascar/comments/1on09gy/,/u/NoNameNoWerries,2025-11-03 02:32:28+00:00,"Mods, if this is a problem, please let me know how I can format this in an acceptable fashion. Im just going on stream of consciousness right now as a heartbroken DH fan. Im trying to take a page out of the Bills Mafia playbook (haha how ironic i know) and create something good out of this, for Denny fans, bad situation. I've been sitting here feeling numb for a few hours and I'm tired of it.

I made a donation to the Denny Hamlin Foundation. It was only $11 because I am not rich, but I think it'd be great if we could come together as a fanbase of our guy and show our love for him by helping out his charity. I AM NOT ASSOCIATED WITH HIS FOUNDATION NOR ANYONE INVOLVED WITH IT. For me its just a small thank you for the amazing ride driver 11 took us on this season, even if the big prize wasnt there at the end.

The $0.83 is a processing fee. 

Thanks, Denny. Congrats, Larson.",2025-11-03
t3_1on1289,2025 Champions,https://www.reddit.com/r/nascar/comments/1on1289/,/u/Ok-Veterinarian3466,2025-11-03 03:11:41+00:00,"Dodgers win the World Series back to back, Kyle Larson goes 2-0 against Denny Hamlin. Both with incredibly clutch performances. We are so fucking back.",2025-11-03
t3_1on1cee,Google Trends indicating a potential huge spike in searches for Carl Edwards after Denny Hamlin's gut wrenching defeat tonight.,https://www.reddit.com/r/nascar/comments/1on1cee/,/u/MisterCCL,2025-11-03 03:26:10+00:00,,2025-11-03
t3_1on1gf3,"[Taranto] Kyle Larson speaks about the empathy he feels for Denny Hamlin, who he's good friends with, and the conflicting emotions of winning a Cup championship  but doing so at Denny's expense.",https://www.reddit.com/r/nascar/comments/1on1gf3/,/u/Greatness143,2025-11-03 03:31:55+00:00,https://x.com/STaranto92/status/1985177872349216854,2025-11-03
t3_1on2zd1,Found this interesting. Data pulled from the last 10 races.,https://www.reddit.com/r/nascar/comments/1on2zd1/,/u/BeneficialIssue8575,2025-11-03 04:52:53+00:00,"So I found this interesting, and some of the results surprised me. So I pulled data from the last 10 races, to kind of simulate a 10 race play off system starting with Darlington. Using current stage points, and current points per position finished rules, I compiled the data and I'm somewhat surprised. I know people will say Nascar would change the points per position finished rules with a 10 race system, with no eliminations, but under the current rules, here is what it'd look like. 

Kyle Larson by my count would be the champion based off the current rules with no eliminations. He scored the most points across the final 10 races (races 27→36) and would win a “last-10-races” championship no eliminations, 12, 8, 4. 

What I did (brief): I summed each driver’s NASCAR race points (the official “Pts” value shown in the post-race reports) from the ten race result PDFs for race #27 through race #36 (Darlington → Phoenix). Using those official race result reports, Larson totaled 374 points across those ten races, which was the highest total I found. For comparison I calculated Denny Hamlin at 304 points. The per-race reports I used are the official post-race PDFs via Nascar.

1. Kyle Larson – 374

2. Denny Hamlin – 304

3	William Byron	299

4	Christopher Bell	288

5	Ryan Blaney	273

6	Tyler Reddick	265

7 Chase Briscoe 259



",2025-11-03
t3_1on3xzc,I will always love this sport,https://www.reddit.com/r/nascar/comments/1on3xzc/,/u/BriceRomero28,2025-11-03 05:48:37+00:00,"I think the title says it all. It doesn't matter how the system changes, whether that be the chase, full season points or the One race take all. I've seen so many folks on here tonight say they don't think they can watch Nascar anymore. I don't think I could exist and not watch. I've been a fan since the early 90s with Ricky Rudd and the tide car all the way to Ryan Blaney today. I'm just curious at this point am I an enigma as someone who still loves the sport the same despite all the changes? I know there's a lot of division because of the way things shook out for Denny Hamlin and CZ but let's not forget how awesome this sport is. ",2025-11-03
t3_1on43wo,Battered Denny Fan Syndrome,https://www.reddit.com/r/nascar/comments/1on43wo/,/u/the_racing_goat,2025-11-03 05:58:35+00:00,"When I visited JGR with my uncle in 2014, he was able to get us a look behind the scenes in the shop the week before the Coke 600 (my uncle was a major Charlotte radio host, front desk worker recognized him). We got to see the cars being put together, watch them test engines, and get a good look at the next several races' worth of paint schemes. When the receptionist asked me who my favorite driver was, my 9-year-old Earnhardt fan self had to think fast as to which Toyota driver I hated least. I was born to hate anyone with the last name Busch, and I wasn't big on Matt Kenseth, so I said Denny Hamlin off the top of my head, thinking nothing of it.
 
A little under a year later, two massive boxes of merch arrived at my house. That receptionist had somehow managed to get in touch with Denny and his mother to put together a massive care package complete with a race win shirt, a few diecasts, license plates, four signed FedEx hats (one in each color for any scheme he'd be running), and a signed replica helmet. I was cemented as a Denny Hamlin fan. The next February, after Dale Jr wrecked out and the rest of my family went to bed early, I watched Denny win the Daytona 500. I followed NASCAR in and out for the decade to follow, checking in occasionally when drivers I liked were doing good, and usually watching if I knew the 11 was making a decent playoff run.
 
I had no intentions of tuning in tonight. I've had a bad month, a worse week, and a terrible weekend. I figured there was no point watching, and that he'd probably already wrecked out - then I checked the standings, and saw 25 to go with Denny leading. I loaded up the stream on my phone and probably held my breath longer than is medically advisable while the camera followed his car around the track. With 6 to go, I turned off my stream and headed downstairs to put it on the TV and watch Denny finally win the big one with my dad, who's only ever cared about NASCAR because I do. By the time I turned the race on, I saw Byron's tire down and the yellows out. We both discussed strategy calls, and agreed the best move was to keep track position at any cost. Then Denny took 4. 
 
Once again, I had to watch my favorite driver lose by the slimmest of margins, in possibly the most heartbreaking fashion yet. We didn't even say anything after the checkers. I just went back upstairs, and he went back to his movie. I don't know how much longer I can keep this up. This was one of his best seasons yet, and this really seemed akin to Gordon's last championship run or Carl Edwards' 2016 attempt. If Denny still has this in him next year, I'd be shocked.",2025-11-03
t3_1on60lx,Why did Denny Hamlin (and the other Playoff riders) made a Pitstop with Only Overtime to go?,https://www.reddit.com/r/nascar/comments/1on60lx/,/u/No_Resource_9417,2025-11-03 08:01:33+00:00,and Why did Denny took 4 tires?.....am i missing something😮,2025-11-03
t3_1on6tai,Fun Fact: Only 5 Drivers From the Gen-4 Era Are Still Racing Today,https://www.reddit.com/r/nascar/comments/1on6tai/,/u/Intrepid_Refuse_9640,2025-11-03 08:55:05+00:00,"18 years later, only 5 remain...

Here's a list of the drivers and pictures from back in 2007 and now 2025!:

Kyle Busch: 2007; #5, Hendrick Motorsports - 2025; #,8 Richard Childress Racing.

Denny Hamlin: 2007; #11, Joe Gibbs Racing - 2025; #11, Joe Gibbs Racing

JJ Yeley: 2007; #18, Joe Gibbs Racing - 2025; #44, NY Racing

Jimmie Johnson: 2007; #48, Hendrick Motorsports - 2025; #84, Legacy Motor Club

AJ Allmendinger: 2007: #84, Redbull Racing - 2025; #16, Kaulig Racing",2025-11-03
t3_1on8pr9,The Monday morning of a Denny Hamlin fan,https://www.reddit.com/r/nascar/comments/1on8pr9/,/u/Maestro_Flo,2025-11-03 10:56:33+00:00,It was a tough night. ,2025-11-03
t3_1on9ul2,"The Day After the Races - November 3, 2025",https://www.reddit.com/r/nascar/comments/1on9ul2/,/u/NASCARThreadBot,2025-11-03 12:00:07+00:00,"Welcome to this week's Day After the Races thread! The dust has settled, the track has cooled, and the confetti's been swept.  With this weekend's activities over, what are your thoughts?  Here's a summary of the previous week's race(s):

---

[NCS](#theNCS)[](#trackPhoenix) ***NASCAR Cup Series Championship Race at Phoenix Raceway***

**Elapsed Time**: 3:15:53 for 319 laps (319&nbsp;mi / 513.38&nbsp;km)

**Cautions**: 9 cautions for 65 laps

**Leaders**: 16 lead changes among 6 leaders (Denny Hamlin led most with 208)

**Stage 1**: William Byron at 60 Laps

**Stage 2**: Denny Hamlin at 185 Laps

**Race Winner**: Ryan Blaney at 319 Laps

[Current Standings at NASCAR.com](http://www.nascar.com/standings/nascar-cup-series)

**Race Threads**: [[Pre](/r/NASCAR/comments/1oml0ll/prerace_discussion_thread_ncs_nascar_cup_series/)]:[[Race](/r/NASCAR/comments/1ompo20/race_thread_ncs_nascar_cup_series_championship/)]:[[Post](/r/NASCAR/comments/1omwvwc/postrace_discussion_thread_ncs_nascar_cup_series/)]

---

[NXS](#theNXS)[](#trackPhoenix) ***NASCAR Xfinity Series Championship Race at Phoenix Raceway***

**Elapsed Time**: 2:01:49 for 200 laps (200&nbsp;mi / 321.87&nbsp;km)

**Cautions**: 4 cautions for 31 laps

**Leaders**: 15 lead changes among 6 leaders (Justin Allgaier led most with 83)

**Stage 1**: Taylor Gray at 45 Laps

**Stage 2**: Justin Allgaier at 90 Laps

**Race Winner**: Jesse Love at 200 Laps

[Current Standings at NASCAR.com](http://www.nascar.com/standings/xfinity-series)

**Race Threads**: [[Race](/r/NASCAR/comments/1om10p6/race_thread_nxs_nascar_xfinity_series/)]:[[Post](/r/NASCAR/comments/1om56ww/postrace_discussion_thread_nxs_nascar_xfinity/)]

---

[NCTS](#theNCTS)[](#trackPhoenix) ***NASCAR Craftsman Truck Series Championship Race at Phoenix Raceway***

**Elapsed Time**: 1:50:29 for 161 laps (161&nbsp;mi / 259.1&nbsp;km)

**Cautions**: 7 cautions for 42 laps

**Leaders**: 10 lead changes among 6 leaders (Corey Heim led most with 100)

**Stage 1**: Corey Heim at 45 Laps

**Stage 2**: Corey Heim at 90 Laps

**Race Winner**: Corey Heim at 161 Laps

[Current Standings at NASCAR.com](http://www.nascar.com/standings/nascar-craftsman-truck-series)

**Race Threads**: [[Race](/r/NASCAR/comments/1ol86a8/race_thread_ncts_nascar_craftsman_truck_series/)]:[[Post](/r/NASCAR/comments/1olcf2p/postrace_discussion_thread_ncts_nascar_craftsman/)]",2025-11-03
t3_1ond92w,Could Hendrick have made it even easier on Kyle Larson?,https://www.reddit.com/r/nascar/comments/1ond92w/,/u/RegionRat0091,2025-11-03 14:30:55+00:00,"I don't see much dialogue about this but I said in the moments before that final restart that Hendrick had an opportunity to basically guarantee Kyle Larson the title but missed on it.

Larson had two teammates in Alex Bowman and Chase Elliott ahead of Denny Hamlin. Everyone knew that Hamlin would want to go to the inside and make as many passes in the dogleg as possible. Despite this, Bowman started on the outside of row two (in front of Larson) and Elliott started on the outside of row 5 (beside Hamlin).

If I was Hendrick Motorsports, I would have made sure both Bowman and Elliott took the inside rows and put up a roadblock for Hamlin. Or shoot, at least have one of them inside blocking Hamlin. If Hamlin would have made up that ground and passed Larson I think it would have been one of the biggest blunders a team in that position could have made.",2025-11-03
t3_1ondzoq,Denny Hamlin,https://www.reddit.com/r/nascar/comments/1ondzoq/,/u/tacoturdz,2025-11-03 14:59:49+00:00,,2025-11-03
t3_1onhpsw,How the championship points battle would’ve looked entering the finale with both full season and chase formats,https://www.reddit.com/r/nascar/comments/1onhpsw/,/u/Inevitable_Catch_566,2025-11-03 17:17:33+00:00,"
Bonus points for race and stage wins only counted for the regular season in the chase format. No bonus at all (except for fastest lap for full season points)


Trucks: 

- Under full season points Corey Heim would’ve cliched the Championship after the Charlotte Roval. 

- Under the chase format Corey Heim would’ve clinched the championship in a tiebreaker after Talladega over Layne Riggs.

Xfinity:

- Under full season points Connor Zilisch would’ve entered the finale at Phoenix with a 56 point lead over Allgaier.

- Under the Chase format Connor Zilisch would’ve clinched the championship after Martinsville.

Cup: 

- Under full season points William Byron would’ve entered the finale at Phoenix with a 13 point lead over Kyle Larson, and a 26 point lead over Christopher Bell

- Under the Chase format, Kyle Larson would’ve entered the finale at Phoenix with a 6 point lead over Christopher Bell, a 25 point lead over Chase Briscoe, and a 52 point lead over William Byron.


Points after the finale if they were reset like every other round in the playoffs: 

Trucks:

- Corey Heim 4158
- Ty Majeski 4062
- Kaden Honeycutt 4050
- Tyler Ankrum 4033

Xfinity:

- Connor Zillisch 4121
- Justin Allgaier 4089
- Jesse Love 4060
- Carson Kvapil 4037

Cup: 

- Denny Hamlin 5091
- Kyle Larson 5080
- William Byron 5062
- Chase Briscoe 5043

Points after finale if they counted stage points for the Championship 4

Trucks:

- Corey Heim 4061
- Ty Majeski 4052
- Kaden Honeycutt 4045
- Tyler Ankrum 4023

Xfinity: 

- Connor Zillisch 4050
- Justin Allgaier 4050
- Jesse Love 4046
- Carson Kvapil 4031

Cup: 

- Denny Hamlin 5050
- Kyle Larson 5047
- Chase Briscoe 5024
- William Byron 5022
",2025-11-03
t3_1onnywm,How Each Playoff Driver Performed During the Playoffs,https://www.reddit.com/r/nascar/comments/1onnywm/,/u/ChaseTheFalcon,2025-11-03 21:04:09+00:00,"With the season being over, let's look at who was able to perform the best during the playoffs.

|Driver|Points Scored|Average Finish|Stats|
|:-|:-|:-|:-|
|Kyle Larson|387|11.4|0 wins, 4 top 5s, 6 top 10s, 8 top 20s|
|Denny Hamlin|319|14.2|2 wins, 3 top 5s, 5 top 10s, 6 top 20s|
|Chase Briscoe|361|10|2 wins, 5 top 5s, 7 top 10s, 9 top 20s|
|William Byron|310|16.2|1 win, 2 top 5s, 3 top 10s, 6 top 20s|
|Christopher Bell|375|7.8|1 win, 4 top 5s, 8 top 10s, 9 top 20s|
|Ryan Blaney|339|12.8|2 wins, 5 top 5s, 5 top 10s, 6 top 20s|
|Joey Logano|322|10.9|0 wins, 4 top 5s, 6 top 10s, 9 top 20s|
|Chase Elliott|292|14.3|1 win, 4 top 5s, 6 top 10s, 8 top 20s|
|Tyler Reddick|303|12|0 wins, 2 top 5s, 5 top 10s, 8 top 20s|
|Ross Chastain|265|14.8|0 wins, 1 top 5, 2 top 10s, 7 top 20s|
|Bubba Wallace|247|17.5|0 wins, 2 top 5s, 4 top 10s, 6 top 20s|
|Shane Van Gisbergen|189|20.8|1 win, 1 top 5, 2 top 10s, 4 top 20s|
|Alex Bowman|190|20|0 wins, 0 top 5s, 2 top 10s, 5 top 20s|
|Austin Cindric|148|23.8|0 wins, 0 top 5s, 0 top 10s, 5 top 20s|
|Austin Dillon|147|22.8|0 wins, 0 top 5s, 0 top 10s, 4 top 20s|
|Josh Berry|144|24|0 wins, 1 top 5, 3 top 10s, 4 top 20s|

Takeaways:

\- Kyle Larson ended up scoring the most points over the playoffs

\- The regular season champion curse continued as Byron had a very lackluster playoff outside of his Martinsville win

\- What a rough playoff for Austin Cindric and Josh Berry

\- SVG got better towards the end of the playoffs, could be a sign of him being in contention more for next season",2025-11-03
t3_1onog6g,Points entering and leaving Phoenix with a 4 race final round,https://www.reddit.com/r/nascar/comments/1onog6g/,/u/Inevitable_Catch_566,2025-11-03 21:21:48+00:00,"Points entering and leaving Phoenix with a 4 race final round 

Trucks: 

Before race: 

- Corey Heim 3227
- Tyler Ankrum 3130 (-97)
- Ty Majeski 3130 (-97)
- Kayden Honeycutt 3129 (-98)
- Layne Riggs 3129 (-98)
- Rajah Caruth 3101 (-126)
- Grant Enfinger 3087 (-140)
- Daniel Hemric 3061 (-166)

After race:

- Corey Heim 3287
- Ty Majeski 3182 (-105)
- Kayden Honeycutt 3174 (-113)
- Layne Riggs 3165 (-122)
- Tyler Ankrum 3153 (-134)
- Rajah Caruth 3146 (-141)
- Grant Enfinger 3100 (-187)
- Daniel Hemric 3065 (-222)

Xfinity: 

Before race: 

- Connor Zillisch 3178
- Justin Allgaier 3165 (-13)
- Jesse Love 3116 (-62)
- Carson Kvapil 3102 (-76)
- Brandon Jones 3098 (-80)
- Sammy Smith 3097 (-81)
- Sam Mayer 3094 (-84)
- Sheldon Creed 3069 (-109)

After race:

- Connor Zillisch 3228
- Justin Allgaier 3215 (-13)
- Jesse Love 3162 (-66)
- Brandon Jones 3136 (-92)
- Carson Kvapil 3133 (-95)
- Sammy Smith 3130 (-98)
- Sheldon Creed 3114 (-114)
- Sam Mayer 3094 (-134)

Cup: 

Before race: 

- Kyle Larson 4155
- Christopher Bell 4148 (-7)
- William Byron 4131 (-24)
- Chase Briscoe 4122 (-33)
- Denny Hamlin 4110 (-45)
- Joey Logano 4106 (-49)
- Ryan Blaney 4098 (-57)
- Chase Elliott 4092 (-63)

After race:

- Kyle Larson 4202
- Christopher Bell 4180 (-22)
- Denny Hamlin 4159 (-43)
- Ryan Blaney 4156 (-46)
- William Byron 4153 (-49) 
- Chase Briscoe 4146 (-56)
- Joey Logano 4145 (-57)
- Chase Elliott 4120 (-82)",2025-11-03
t3_1onpagp,That was the first full race I watched in about 15 years. I feel robbed.,https://www.reddit.com/r/nascar/comments/1onpagp/,/u/Fresh-Radio-8253,2025-11-03 21:53:48+00:00,"Dont even know why Im posting this. I grew up near phoenix, and as a young teen I got to go to PIR for free. I got in the pits for free, and I often cam home with hoosier tires and body parts. I loved nascar, as the time went on for whatever reason I let it go.

The wife and I recently watched the Netflix series on Nascar and it seemed to spark an old flame. I even fell for a new driver, Christopher Bell. I also learned, Im not a fan of Denny Hamlin. I was paying attention to points and playoffs the last month or 2 despite not actually wstching a race. 

Well Championship weekend came and I told the wife, what the hell lets do it. Told her my guy aint in it, and I dont like Hamlin, but theres really no reason for it.  I guess I just think hes smug, kinda reminds me of Aaron Rodgers. Anyways, rooted for him anyways, just for the story. For his dad. 

When I saw Larson get 2 and Denny take 4, I literally flipped out. Me and my wofe basically started screaming at each other that there was no time to do anything. Even she was up in arms about the decision. 

F. 

Its the first thing I tought about this morning. Like...why do I even care? I dont know, but that sucked. I hate the format. I honestly dont know if Ill continue on, but probably. I read that using the old Winston Cup points Bell would be back to back champion. Just read that yesterday, how bout that 20 car! 

Damn it. Save Nascar!",2025-11-03
t3_1onsx7f,Reaction from Denny’s heartbreak— NASCAR needs to get rid of OT finishes,https://www.reddit.com/r/nascar/comments/1onsx7f/,/u/quirkyFogart,2025-11-04 00:21:19+00:00,"So what I just watched yesterday was one of the most deflating, heartbreaking things I’ve ever watched and experienced in a sport setting. 

I’m an Ohio State alum and experienced some devastating losses, 2019 Clemson and 2021 Georgia. Browns always do something poor but I never have felt as much emotion as I did yesterday. 

Imagine being up 31-10 with 2 minutes left in the 4th quarter of a football game, refs call timeout and change the score 0-0 and the next team that scores the touchdown wins the game. A 3+ second lead with 2.5 laps left, completing the scheduled 312 in the lead. But because of gimmicks and WWE style entertainment it was taken away. 

Denny Hamlin led the most laps all time in a championship 4 race, pretty much putting an ass whipping on the entire field. 

I was numb all day I seriously cannot believe it still happened 

I feel as if NASCAR needs to get rid of all of the gimmicks. No more OT, get rid of the playoff format at least. It makes the sport illegitimate and a circus. NASCAR will lose top tier talent if it continues this way 
",2025-11-04
t3_1onugjr,Kanye West changed the artwork to his album Ye in support of Denny Hamlin fans,https://www.reddit.com/r/nascar/comments/1onugjr/,/u/IWATJ16,2025-11-04 01:29:54+00:00,,2025-11-04
t3_1oo0kzw,My try at a modern points system (With the help of AI),https://www.reddit.com/r/nascar/comments/1oo0kzw/,/u/kswheels,2025-11-04 06:47:19+00:00,"I asked Gemini to give it a shot. I kinda like it.

# The Progressive Bonus System (Non-Playoff)

This system eliminates the playoffs. The NASCAR Cup Series Champion is the driver with the highest total points at the end of the season.

# 1. Base Points (Finish Position)

||
||
|**Position**|**Points**|**Position**|**Points**|**Position**|**Points**|**Position**|**Points**|
|**1st**|**40**|11th|30|21st|20|31st|10|
|2nd|39|12th|29|22nd|19|32nd|9|
|3rd|38|13th|28|23rd|18|33rd|8|
|4th|37|14th|27|24th|17|34th|7|
|5th|36|15th|26|25th|16|35th|6|
|6th|35|16th|25|26th|15|36th|5|
|7th|34|17th|24|27th|14|37th|4|
|8th|33|18th|23|28th|13|38th|3|
|9th|32|19th|22|29th|12|39th|2|
|10th|31|20th|21|30th|11|**40th**|**1**|

# 2. Performance Bonus Points

These points are **added** to the Base Points to heavily reward in-race performance and winning.

* **Race Winner (Win Bonus):** **+15 Points** (Awarded only to the 1st place finisher).
* **Lead the Most Laps:** **+5 Points** (Awarded to the single driver who leads the most laps).
* **Lead a Lap:** **+1 Point** (Awarded to any driver who leads at least one lap, including the winner).
* **Pole Position:** **+2 Points** (Awarded to the driver who qualifies fastest).

# 3. Key Point Totals Summary

||
||
|**Scenario**|**Total Points**|**Why It Matters**|
|**Dominant Win** (Pole, Most Laps, Win)|**63**|Highest possible score in one race.|
|**Minimal Win** (Win, Led Final Lap Only)|**56**|The floor for a race winner; ensures winning is highly valuable.|
|**Maximum Non-Winner** (2nd Place, Pole, Most Laps Led)|**47**|The ceiling for a non-winner; shows a **9-point deficit** to the minimal winner.|

This system emphasizes that **winning is paramount** (56+ points), but high **consistency** (39 points for 2nd) and **in-race excellence** (up to +8 bonus points) are still crucial for the season-long title.",2025-11-04
t3_1oobi1e,I propose the Denny Hamlin rule.,https://www.reddit.com/r/nascar/comments/1oobi1e/,/u/ieatcrap,2025-11-04 16:18:47+00:00,If the first place driver has more than a 3 second lead in a playoff race and a caution comes out that would lead to a GWC.  Instead there is no GWC and the race ends under caution.,2025-11-04
t3_1ooc65j,(@jeff_gluck) Denny Hamlin will not commit to racing next season today. He needs more time to think about it.,https://www.reddit.com/r/nascar/comments/1ooc65j/,/u/NoahGragsonsBarfBag,2025-11-04 16:43:34+00:00,,2025-11-04
t3_1ooc6o1,[Gluck] Denny Hamlin will not commit to racing next season,https://www.reddit.com/r/nascar/comments/1ooc6o1/,/u/[deleted],2025-11-04 16:44:05+00:00,[deleted],2025-11-04
t3_1oocqce,"[Nascourt bob] Of pretrial motions, the one on how much personal finance info should be allowed is intriguing. 23XI/FRM want Michael Jordan & Denny Hamlin’s personal financials to be off-limits. NASCAR says they’re fair game – but if off-limits, then Jim France’s should be as well.",https://www.reddit.com/r/nascar/comments/1oocqce/,/u/ZilischsPoopyPants,2025-11-04 17:03:50+00:00,,2025-11-04
t3_1oodmnf,[Bob correcting Gluck's clickbait BS] Denny Hamlin said he plans to race next year (he is signed through 2027) but he said he is going to need some time to get over Sunday and he's not ready to get in a race car right now.,https://www.reddit.com/r/nascar/comments/1oodmnf/,/u/Live-Support-2230,2025-11-04 17:36:05+00:00,,2025-11-04
t3_1oodxfc,[Motorsport] Denny Hamlin has not yet confirmed he'll be driving the No. 11 car for Joe Gibbs Racing in 2026 after his disappointing loss in the championship race.,https://www.reddit.com/r/nascar/comments/1oodxfc/,/u/NeatWrongdoer1309,2025-11-04 17:47:13+00:00,,2025-11-04
t3_1ooe84n,"Denny Hamlin: The Bridesmaid, the agony of defeat.",https://www.reddit.com/r/nascar/comments/1ooe84n/,/u/Sportsisthebest,2025-11-04 17:58:07+00:00,"Denny Hamlin is unquestionably one of the greatest NASCAR drivers of all time. 60 wins, a bunch of Crown Jewels, and insane competitiveness no matter the circumstances. Instant first ballot hall of fame whenever he decides to retire. But man. It’s just got to be so gut punching of all the ways to lose the championship no matter what you do.

2010: Trying to stop the regime of Jimmie Johnson. Hamlin has a great year. He dominated Phoenix and looks to put a great gap between him and Johnson. But a terrible pit strategy put him 12 laps short to make it. So he has to come to get fuel and he loses points. And then at Homestead he spins out and it was pretty much over.

2014: The first year of the elimination style format. He has been ahead of the other championship 4 drivers for most of the day. But a bad call by Darian Grubb to leave him out on old tires costed him the title.

2019: A new change, same Denny Hamlin. This time Chris Gabehart is the crew chief. Instant success as Hamlin was dominating the year with his other JGR teammates Kyle Busch and Martin Truex Jr. The finale, he was quiet for the first 2 stages. But the 3rd stage is where he was coming alive. Had the chance to win the title. But on the last green flag stop, the team puts too much tape on the grill. He has to come back down pit road and it ended any chances he had.

2020: Same deal. Insanely dominant. Makes it to Phoenix. He ran well for most of the day. But just didn’t have the long runs to keep up with the others for the championship.

2021: While not winning as much, he had a Matt Kenseth type of year. Remarkably consistent keeping toe to toe with Kyle Larson. The finale, he looked to take the fight with teammate Martin Truex Jr. But a late race yellow brings everyone to pit road. Hamlin looks to be the one taking the lead until Larson’s pit crew delivers the stop of the race and gets him out front. Hamlin couldn’t keep up with 2 of the contenders.

2025: Still winning races as expected. Does everything right and looks to win and finally break the dry spell. But a late race yellow changes everything. And instead of either staying out or taking 2 tires, crew chief does 4 tires and Hamlin couldn’t get there with a few cars ahead of him. 

Championship or not, Hamlin is an all time great. Doesn’t take away what he done for 2 decades.",2025-11-04
t3_1ooh9so,[MattWeaverRA] “Justin Allgaier has all the empathy for Denny Hamlin. Also JA on how long he wants to race.”,https://www.reddit.com/r/nascar/comments/1ooh9so/,/u/99Wolves17,2025-11-04 19:48:20+00:00,,2025-11-04
t3_1ooisjd,A Nuanced Look at “Season-Long Standings” and Championship Caliber Seasons,https://www.reddit.com/r/nascar/comments/1ooisjd/,/u/Icy-Spring4607,2025-11-04 20:45:54+00:00,"Every offseason, we see the same debates... “who really would’ve been champion” if NASCAR still used a season-long points system. But these conversations often get oversimplified into two extremes, ignoring context, format incentives, and the way teams actually operate. This post isn’t about picking one side, it’s about understanding how format shapes behavior and how we should evaluate “championship-caliber” seasons going forward. When we look at season-long point standings, we have to approach them with nuance, evaluating on a driver-by-driver, race-by-race basis rather than assuming that whoever scored the most points would’ve automatically been champion. A more accurate lens is to judge championship-caliber seasons, not just hypothetical points tables.

I say this as a 5-flair fan, and this logic applies all the way back to 2004. There’s a strange polarization in these discussions between two extremes:

Group 1: “Most Points = Automatic Champion.”

Group 2: “They would’ve raced differently, anyone could’ve won.”

The truth lies somewhere in the middle. The playoff format changes the incentive structure entirely. Teams are rewarded for taking big swings, going for wins, testing setups, or sacrificing one week to learn something for the next. In a full-season format, that same risk-taking is punished. That’s why comparing “raw” points totals across formats without considering those incentives is misleading. The goalposts literally move, and the teams adjust accordingly. I get why fans like to use “most points” as a clean metric, it’s simple, it feels fair, and it avoids playoff chaos. But clean doesn’t always mean accurate.


**Using 2025 as the Example**

This season perfectly illustrates the point. There were seven drivers who had the performance, speed, and consistency to contend for a season-long championship: Larson, Hamlin, Briscoe, Byron, Blaney, Bell, and Chase. Each had comparable stats, each had strong runs, and each made decisions within the context of the current format that would have changed if a season-long points system were in play.

And crucially — running a full-season format does not magically transform certain drivers into title contenders.

- Joey Logano doesn’t suddenly gain speed or consistency in a cumulative format (or in 2024)

- Tyler Reddick doesn’t just start ripping off wins.

- Ross Chastain’s crew chief doesn’t discover hidden pace and adjustments overnight.

There are certain drivers whose ceilings are what they are, no matter the system. But for the contenders, the details do matter.

**How Race-to-Race Behavior Would Shift**

A few quick examples of how strategy and circumstance would change under a cumulative system:

- William Byron: At Phoenix, if he’s protecting a points lead, he manages tires, plays conservative, and likely saves 20–30 points. At Talladega, maybe he plays the endgame safer and avoids a 20-point hit from spinning.

- Kyle Larson: At Talladega, points racing changes the fuel call entirely, topping off instead of gambling. That’s another swing.

- Denny Hamlin: Doesn’t skip Mexico, doesn’t test an engine at Martinsville, and races more aggressively at Dega if behind in points. That’s easily a 50–80 point swing across those races alone.

- Ryan Blaney: A team known for pushing tire pressures and engines to the edge would dial that back in a season-long setup, fewer DNFs, more consistency, more points.

- Chase Briscoe: Tested at Martinsville because he was already locked in; in a full-season race, that’s another 20–30 points lost he likely keeps. Early-season experimentation trying to find a groove with a new team would’ve been replaced by steady point accumulation.

When you account for all these realistic adjustments, it’s impossible to call Larson the automatic or guaranteed champion. A handful of drivers, not one, could’ve reasonably claimed that title in a true season-long structure.

**“Championship-Caliber” vs. “Guaranteed Champion”** 

What I will say: Kyle Larson had a championship-caliber season. That distinction matters.
This wasn’t a “2024 Logano” or “2023 Blaney” year, where someone got hot in the playoffs. Larson performed at a title level, but that’s not the same as being a mathematical lock under a different format.

Contrast that with 2024: Larson again had the most wins and most points despite missing a race, a season where his checkers-or-wreckers style could’ve easily been tuned down for more consistency. In that case, his margin likely grows under a traditional format. That’s an example of a true season-long edge.

The same logic applies to seasons like:

2021 Larson

2020 Harvick

2017 Truex Jr.

In those years, the driver’s overall dominance and efficiency across all tracks make them legitimate “guaranteed” champions under nearly any format. Hence, the nuance, context, needed, not on race to race or driver by driver basis, by year by year as well. 

**Main Takeaway**

So when we retroactively discuss “who would’ve been champion,” let’s stop pretending there’s a single, binary answer.

Some seasons are clear-cut, with one driver head-and-shoulders above.

Others are far more fluid, where race-by-race circumstances, testing choices, and risk management would have drastically altered outcomes.

Championship-caliber performance should be our benchmark here, not hypothetical points tables.

Every format... Winston Cup, Chase, or Playoffs... rewards something different. What doesn’t change is what defines greatness: the ability to win races, recover from bad ones, and make your team better over 36 weeks. That’s what “championship caliber” really means.

So when we look back on any season, the better question isn’t “who had the most points?”... it’s “who had a season that could’ve won in any era?”",2025-11-04
t3_1oojrvd,Did Denny Hamlin just become Nascar Most Popular Driver?,https://www.reddit.com/r/nascar/comments/1oojrvd/,/u/BeerMoney-5023,2025-11-04 21:25:09+00:00,[removed],2025-11-04
t3_1oopvzh,Standing Ovation for Denny Hamlin,https://www.reddit.com/r/nascar/comments/1oopvzh/,/u/Sad-Service8862,2025-11-05 01:36:42+00:00,"Standing Ovation at the awards ceremony for Denny Hamlin. He deserved it 100%.

It brought a tear to my eye :)

Update: I am now a Kyle Larson fan that was so sweet of him",2025-11-05
t3_1oosi5h,I really want to give Denny Hamlin a hug right now.,https://www.reddit.com/r/nascar/comments/1oosi5h/,/u/haydonclampitt,2025-11-05 03:38:46+00:00,"Just writing something as it was on my mind, wanted to say it somewhere to get it said. 

When I watched him during post-race coverage at Phoenix and when the cameras were on him at the banquet, I can’t help but feel like there is no sensible reason for him to be here, sitting around and being given awards for achievements that just don’t compare to what he was so close to getting, what he was so close to achieving. 

If I had the opportunity, I wish I could just give him a hug right now. Not to be sappy or what have you, I just feel like he could use one. ",2025-11-05
t3_1oox62s,Why hasn't  Denny Hamlin had success in the playoffs or come close to the championship until this year?,https://www.reddit.com/r/nascar/comments/1oox62s/,/u/chusaychusay,2025-11-05 08:07:37+00:00,I don't know his playoff history but apparently  he's been MIA. How you perform  in the regular season doesn't necessarily mean it translates into the playoffs but someone of Denny's caliber its amazing that he isn't contending year after year.,2025-11-05
t3_1opa96l,Can we be done catering flowers to Denny Hamlin’s loss?,https://www.reddit.com/r/nascar/comments/1opa96l/,/u/DPianoman,2025-11-05 18:05:38+00:00,"Look, I respect Denny Hamlin’s career - he’s a great driver (60 wins to show it!) and 100% deserving IF he eventually gets a championship. But man, the way people are over-sympathizing for his misfortune is getting out of hand.

He had a great season, sure, but let’s not act like he truly “dominated” the whole year (a better example of that is Connor Zilisch, but that’s a different conversation). As all drivers say, racing is racing. Just as Kyle Larson benefited from misfortune and mistakes made in a race, he for sure has done the same. So I’m not sure why all of the sudden he’s the biggest “victim” when literally Chase Briscoe had tire problems NUMEROUS TIMES and kept fighting, Kyle Larson as well and shoot Byron’s tired knocked him down to 33rd. 

The playoff format sucks, I agree and want it gone. But even if you change it to points (and to Winston cup version for some that I see talk about it), Denny Hamlin doesn’t even cross top 4. Again, not downplaying his season and definitely not his career, but he wasn’t “dominating” in points. I can see the argument of being robbed of Phoenix, because he led almost the entire race, but not the playoffs or championship when it comes to points. 

By all means pay your respects to what happened, but let’s not downplay Larson, Briscoe, and Byron because Hamlin lost.



Side note: On the bright side, maybe this will actually lead to a playoff format change",2025-11-05
t3_1opd2wb,"Let's compare Phoenix ""Game 7"" Race to other Game 7s this year or title games. Turns out, people watch when it is good, natural, not manufactured. Problem is truly the format.",https://www.reddit.com/r/nascar/comments/1opd2wb/,/u/Icy-Spring4607,2025-11-05 19:47:09+00:00,"MLB World Series Game 7 got 27 million viewers, up since 2017. Globally, the game got 51 million+ viewers. Just Game 1 of the World Series, in only Canada, got 7 million viewers.

NBA Finals Game 7, between small markets, OKC and Indiana, got 16 million viewers.

College Football Playoff Championship game got 22 million viewers. 

Not even using the Super Bowl, but using Conference Championship NFL games, got 57 million and 44 million views. Wildcard rounds average 28 million. 

NASCARs big grand Game 7 Super Bowl Finals Race Cup Racey Race... to crown a champion... with an interesting story going into it, with Denny Hamlin, Byron trying to win his first, Briscoe the Cinderella in a sense, and Kyle Larson.... 

2.7 million.

2.7 million when other sports are getting way more. We barely beat the Stanley Cup who was on TNT for every game on cable. Otherwise, would have lost to that too.",2025-11-05
t3_1ophvrk,"2025 LASTCAR Cup, Xfinity and truck Final Playoff Grid (After Phoenix II)",https://www.reddit.com/r/nascar/comments/1ophvrk/,/u/TIFUthebestSubreddit,2025-11-05 22:46:55+00:00,"Cup Series Playoff standings (Championship Race)

1) AJ Allmendinger 5040 (1st LASTCAR Playoff title, & 1st LASTCAR Playoff title for Kaulig Racing)

2) Cody Ware 5028

3) Noah Gragson 5025

4) Riley Herbst 5021

_____________________________________________

Eliminated Drivers

5) Ricky Stenhouse Jr 2265

6) Erik Jones 2233

7) Alex Bowman 2210

8) Kyle Busch 2205

9) Carson Hocevar 2205

10) William Byron 2154

11) Brad Keselowski 2140

12) Ross Chastain 2138

13) Ryan Blaney 2138

14) Denny Hamlin 2131

15) Kyle Larson 2109

16) Joey Logano 2097

**___________________________**

Xfinity Playoff standings (Championship Race)

1) Garrett Smithley 4029 (1st LASTCAR Playoff title, & 2nd LASTCAR Playoff title for SS-Greenlight Racing (1st being Joe Graf jr in 2022 in Xfinity)

2) Daniel Dye 4026

3) Parker Retzlaff 4025

4) Anthony Alfredo 4021

_____________________________________________

Eliminated Drivers

5) Ryan Sieg 2173

6) Kyle Sieg 2163

7) Dean Thompson 2134

8) Christian Eckes 2096

9) Sammy Smith 2093

10) Jesse Love 2081

11) Taylor Gray 2075

12) William Sawalich 2075


**___________________________**

Truck series Playoff Grid (Championship Race)

1) Connor Mosack 4028 (1st LASTCAR Playoff title, 2nd LASTCAR Playoff title for McAnally Racing (1st being Tyler Ankrum in Trucks last season (2024)

2) Toni Briedinger 4027

3) Spencer Boyd 4019

4) Matt Mills 4013

_____________________________________________

Eliminated Drivers

5) Dawson Sutton 2163

6) Chandler Smith 2159

7) Jack Wood 2136

8) Frankie Muniz 2102

9) Kaden Honeycutt 2082

10) Layne Riggs 2073",2025-11-05
t3_1oprk4t,Did Denny Hamlin get screwed by Byron and the 24?,https://www.reddit.com/r/nascar/comments/1oprk4t/,/u/Accomplished_East433,2025-11-06 06:24:25+00:00,?,2025-11-06
t3_1or6l0p,"[X: @_DanielCespedes]: Once 22 wins away, Denny Hamlin is just 3 wins away from Kyle Busch in Cup wins",https://www.reddit.com/r/nascar/comments/1or6l0p/,/u/Visual_Pack4560,2025-11-07 21:17:39+00:00,Crazy the gap that Denny has closed to KB in the last few years. Do you guys think Denny ties/passes Kyle in 2026?,2025-11-07
t3_1os2d5f,denny hamlin losing the championship,https://www.reddit.com/r/nascar/comments/1os2d5f/,/u/Fearless_Bad4479,2025-11-08 22:24:09+00:00,"i was surprised he went back to the pits with the last caution.... i would have stayed out if not i certainly wouldnt have took 4....

whoever made the 4 trye call fucked it all up!",2025-11-08
t3_1ot56qg,[Denny Hamlin on Instagram] (visiting Amelia Motor Raceway where he grew up racing karts),https://www.reddit.com/r/nascar/comments/1ot56qg/,/u/CNASFan1992,2025-11-10 05:06:09+00:00,,2025-11-10
t3_1otss6l,"Denny Hamlin spoke with Carl Edwards following his loss at Phoenix: “While he doesn't plan to abruptly retire following his heartbreaking Phoenix race, it was important to gain the perspective from Edwards on the situation.”",https://www.reddit.com/r/nascar/comments/1otss6l/,/u/LBHMS,2025-11-10 22:54:42+00:00,"Denny Hamlin echoed some of last week’s comments here, but this nugget was also interesting: He spoke with Carl Edwards.

“While he doesn't plan to abruptly retire following his heartbreaking Phoenix race, it was important to gain the perspective from Edwards on the situation.”",2025-11-10
t3_1otx8wp,Denny Hamlin 2025 Phoenix National Debt Relief Commercial,https://www.reddit.com/r/nascar/comments/1otx8wp/,/u/Icy-Spring4607,2025-11-11 02:08:18+00:00,,2025-11-11
t3_1otypw1,What drivers would you say had an overrated 2025 season?,https://www.reddit.com/r/nascar/comments/1otypw1/,/u/HULKP3,2025-11-11 03:17:46+00:00,"Cup-11 Denny Hamlin half of his wins he shouldn't have gotten and if he won the championship it would've been another example of the best driver not winning the championship 

Xfinity-1 Carson Kvapil just backed into the final 4 and was the only JRM driver to not win a race Sammy Smith even got a win and overall ran better than Kvapil and if Caruth was in the 1 full time in 26 he'd have deserved to lose his ride honorable mention 2 Jesse Love 

Trucks-17 Gio Ruggiero needs work on racecraft as shown in Phoenix and only won Talladega because Heim pushed him and Heim probably could've won but pushed Ruggiero ",2025-11-11
t3_1ou99ig,Michael Jordan's CFO called Denny Hamlin 'a terrible business man' - Racing News,https://www.reddit.com/r/nascar/comments/1ou99ig/,/u/TylerFortier_Photo,2025-11-11 13:20:12+00:00,[removed],2025-11-11
t3_1oux9tm,Need a reason to stop feeling bad for Denny Hamlin? JHN is going through a divorce because of him.,https://www.reddit.com/r/nascar/comments/1oux9tm/,/u/ZestyDreads,2025-11-12 05:54:14+00:00,"In July of this year, it was noticed that Taylor Nemechek had stopped accompanying JHN to races. The last race she attended was Pocono. Additionally, JHN stopped wearing his wedding ring and removed every Instagram photo with Taylor.

Someone on r/NascarWAGTea claimed that an industry source said Denny Hamlin had something to do with it. Details of the rumor included JHN seeing notifications of Denny's flirty texts on Taylor's phone. While it is unclear if anything more transpired between the two, most people passed it off as a baseless rumor. Mainly because JHN still followed Denny Hamlin on Instagram.

Within the past week, JHN has unfollowed Denny Hamlin. The divorce was all but confirmed already, but this news has me SHOOK. Denny Hamlin is a homewrecker! And to JHN, who has looked up to Denny throughout his career! Obviously Taylor holds most of the blame, but everyone has been treating Denny like some kind of saint the past month. It makes me sick!

JHN average finish pre-divorce: 18.7

JHN average finish post-divorce: 22.5",2025-11-12
t3_1ovnyhb,My way too early 26 predictions for 2026,https://www.reddit.com/r/nascar/comments/1ovnyhb/,/u/NormBenningisdagoat,2025-11-13 01:28:21+00:00,"1:Denny Hamlin goes winless, yet makes it to a top 10 on points

2: Viking Motorsports and/or Young’s Motorsports will either downsize, make one car part time, or shut down altogether. There’s no way, even with the resources they have, that both of them can extend that quickly and survive

3:Matt Crafton runs at least one top 4 division race

4:Norm Benning’s schedule becomes smaller than last year

5:Kaulig’s truck organization will downsize by one truck by year’s end.

6:Someone will hit the catch fence in Speedweeks

7:Frankie Muniz gets a top 5

8:Connor Zilisch wins within first 12 cup races

9:Ryan Preece has a three win season

10:Ryan Seig gets one win, yet finishes outside of the top 10 in points

11:Chase Briscoe will be cup champion

12:Lawless Alan to AM Racing in O’Reilly

13:Kole Raz runs partial/full time season with AM in a dodge in trucks

14:Kyle Sieg gets best career points finish

15:Kyle Busch wins two races

16:Brexton Busch makes ARCA debut

17:Ryan Reed returns

18: Timmy Hill gets two truck top 5’s

19: An O’Reilly series driver will miss at least three races due to injury

20:Brenden Queen gets 1 truck win

21:Brandon Jones win a truck race in the 1 truck

22:Brandon Jones O’Reilly champ

23:Grant Enfinger truck champ

24:Thomas Annunziata ARCA champ 

25:Jennifer Jo Cobb attempts Daytona

26:Carl Edwards rides again, at least as a pace car driver",2025-11-13
t3_1ox0emz,Fastest laps this season,https://www.reddit.com/r/nascar/comments/1ox0emz/,/u/Inevitable_Catch_566,2025-11-14 16:00:55+00:00,"

Trucks: 

- Corey Heim: 8 (Martinsville, Rockingham, Charlotte, Nashville, Lime Rock Park, IRP, New Hampshire, Phoenix)

- Layne Riggs: 3 (Daytona, Pocono, Martinsville 2)

- Carson Hocevar: 2 (Texas, Kansas)

- Chandler Smith: 2 (North Wilkesboro, Darlington)

- Tanner Gray: 1 (Atlanta)

- Ty Majeski: 1 (Las Vegas)

- Ross Chastain: 1 (Homestead)

- Kyle Larson: 1 (Bristol)

- Kaden Honeycutt: 1 (Michigan) 

- Andres Perez: 1 (Watkins Glen)

- Daniel Hemric: 1 (Richmond)

- Jake Garcia: 1 (Bristol 2)

- Brent Crews: 1 (Charlotte Roval)

- Ben Rhodes: 1 (Talladega)

Xfinity: 

- Connor Zilisch: 7 (Las Vegas, Watkins Glen, Portland, Gateway, Bristol 2, Charlotte Roval, Las Vegas 2)

- Justin Allgaier: 6 (Phoenix, Homestead, Texas, Charlotte, Nashville, Martinsville 2)

- Brandon Jones: 3 (Dover, Kansas, Phoenix 2)

- Jeremy Clements: 2 (Daytona, Talladega)

- Shane Van Gisbergen: 2 (Chicago, Sonoma)

- Christian Eckes: 1 (Atlanta)

- Carson Kvapil: 1 (COTA)

- Sammy Smith: 1 (Martinsville)

- Taylor Gray: 1 (Darlington)

- Kyle Larson: 1 (Bristol)

- Ryan Sieg: 1 (Rockingham)

- Ty Gibbs: 1 (Mexico City)

- Chase Elliott: 1 (Pocono)

- Austin Hill: 1 (Atlanta 2)

- Sam Mayer: 1 (Indy)

- Ross Chastain: 1 (Iowa) 

- Aric Almirola: 1 (Daytona 2)

- Josh Williams: 1 (Talladega 2)

Cup: 

- Denny Hamlin: 9 (Martinsville, Charlotte, Nashville, Pocono, Dover, Indy, Gateway, Kansas 2, Phoenix 2)

- Michael McDowell: 4 (Daytona, Phoenix Talladega, Talladega 2)

- Aj Allmendinger: 4 (Atlanta, Bristol, Daytona 2, Bristol 2)

- Kyle Larson: 4 (COTA, Kansas, Mexico City, Watkins Glen)

- Tyler Reddick: 3 (Las Vegas, Chicago, Charlotte Roval)

- William Byron: 3 (Darlington, Michigan, Martinsville 2)

- Bubba Wallace: 2 (Homestead, Richmond)

- Carson Hocevar: 2 (Texas, New Hampshire)

- John Hunter Nemechek: 1 (Atlanta 2)

- Justin Haley: 1 (Sonoma) 

- Brad Keselowski: 1 (Iowa)

- Josh Berry: 1 (Darlington 2)

- Chase Briscoe: 1 (Las Vegas 2)",2025-11-14
t3_1oxavbn,"""For people like [Hamlin], Byron, Larson, Blaney, Reddick, Elliott (mentioned later) - we're all for a bigger sample size!"" ""If I didn't list your name, ofc you like 1 Race Playoffs - It rewards Mediocrity!"" - Denny Hamlin",https://www.reddit.com/r/nascar/comments/1oxavbn/,/u/Leuel48Fan,2025-11-14 22:38:05+00:00,,2025-11-14
t3_1oxfc7e,"Denny Hamlin takes a shot at drivers who like the 1-race format on Actions Detrimental: ""If I didn't list your name, of course you love a 1-race format. It rewards mediocrity for a bulk of the season.""",https://www.reddit.com/r/nascar/comments/1oxfc7e/,/u/Mellow200,2025-11-15 01:56:37+00:00,,2025-11-15
t3_1p1ah68,Happy (late) birthday to Denny Hamlin!,https://www.reddit.com/r/nascar/comments/1p1ah68/,/u/Maglin21,2025-11-19 15:21:36+00:00,"Haven't seen anyone post It , if someone did then i will remove the post, but if so, he's almost this year's champion, we have to give him some respect",2025-11-19
t3_1p33kb2,Coal or Present - Santa Needs Help,https://www.reddit.com/r/nascar/comments/1p33kb2/,/u/Open_Mention_686,2025-11-21 16:44:38+00:00,"Okay Santa’s little NASCAR elves…. Out of the playoff drivers who are you giving coal to and who gets a present this year?

Kyle Larson
William Byron
Denny Hamlin
Ryan Blaney
Christopher Bell
Shane van Gisbergen
Chase Elliott
Chase Briscoe
Bubba Wallace
Austin Cindric
Ross Chastain
Joey Logano
Josh Berry
Tyler Reddick
Austin Dillon
Alex Bowman",2025-11-21
t3_1p34fm4,Denny Hamlin Paint Schemes From The 2025 Cup Series Season. What is/are your favorite schemes?,https://www.reddit.com/r/nascar/comments/1p34fm4/,/u/Dmacthegoat,2025-11-21 17:17:18+00:00,,2025-11-21
t3_1p34fot,Denny Hamlin Paint Schemes From The 2025 Cup Series Season. What is/are your favorite schemes?,https://www.reddit.com/r/nascar/comments/1p34fot/,/u/Dmacthegoat,2025-11-21 17:17:23+00:00,,2025-11-21
t3_1p34fto,Denny Hamlin Paint Schemes From The 2025 Cup Series Season. What is/are your favorite schemes?,https://www.reddit.com/r/nascar/comments/1p34fto/,/u/Dmacthegoat,2025-11-21 17:17:31+00:00,,2025-11-21
t3_1p34h0c,Denny Hamlin Paint Schemes From The 2025 Cup Series Season. What is/are your favorites?,https://www.reddit.com/r/nascar/comments/1p34h0c/,/u/Dmacthegoat,2025-11-21 17:18:45+00:00,,2025-11-21
t3_1p3fjik,[NASCOURT BOB] Some interesting texts revealed tonight …  the text reaction of Phelps and O’Donnell when they found out Denny Hamlin was running SRX … (tonight is the deadline for redacted exhibits to be filed for exhibits used in the summary judgment rulings).,https://www.reddit.com/r/nascar/comments/1p3fjik/,/u/thebigtymer,2025-11-22 00:43:35+00:00,,2025-11-22
t3_1p402vr,[Crandall] An email from Denny Hamlin in 2022 to a few other team executives after a conversation with Jim France,https://www.reddit.com/r/nascar/comments/1p402vr/,/u/LBHMS,2025-11-22 18:13:51+00:00,,2025-11-22
t3_1p6xxju,Denny Hamlin in response to Matt Weaver's tweet where Weaver states: 23XI designates MJ as the designated representative but also motion for Hamlin and Polk to be allowed to sit in too. NASCAR disagrees.,https://www.reddit.com/r/nascar/comments/1p6xxju/,/u/LBHMS,2025-11-26 04:04:18+00:00,,2025-11-26
t3_1p78rsc,😮 wow,https://www.reddit.com/r/nascar/comments/1p78rsc/,/u/AdrianOfficialMusick,2025-11-26 14:13:55+00:00,This is a Denny Hamlin masterclass ladies and gentleman,2025-11-26
t3_1p8z3dk,By The Numbers Denny Hamlin,https://www.reddit.com/r/nascar/comments/1p8z3dk/,/u/TaharisatWork,2025-11-28 16:26:42+00:00,"So it is the Offseason. I am going to break down each full time driver by Car number, Who the best driver to ever drive the car(Cup only 36 starts min), who had the best Performance while driving said car, and what the Current driver would have to do or if they are the best driver in that said car. 



\#11 car

Current Driver Denny Hamlin Career Stats

Total: 721 starts, 0 Championships, 60 wins, 248 top 5's, 376  top 10's, 13.2 average finish, 16320 laps led

in the #11 car:  all his races have been in the #11



Notable drivers to drive the #11 car, (holy cow the amount of legends who have spent time in this car and also the car # with the most wins)

Ned Jarrett, Cale Yarborough, Darrell Waltrip, Terry Labonte, Bill Elliot, Geoff Bodine, Junior Johnson.



Championships won in the #11 Car, 2 by Ned Jarrett, 3 by Cale Yarborough, 3 by Darrell Waltrip, 



Most wins in the #11 Denny Hamlin has the most with 60, followed by Cale Yarborough with 55 and Ned Jarrett with 49



Top 5's in the #11 Denny Hamlin again has the most with 248, Ned Jarrett has 182 for second and third is Cale with 158



top 10's in the car, Denny with the most 376, Ned Jarrett with 232, Cale is third with 172



Average Finish in the #11 car: First is Ned Jarrett with a 8.3 average, second with a 8.4 is Cale Yarborough, third is Darrell Waltrip with a 8.8. Denny Hamlin actually comes in 6th behind Terry Labonte (13.0) and Junior Johnson (11.8)



Laps Lead in the #11 Cale has the most with a amazing 20837, second is Denny Hamlin 16320, third is Darrell Waltrip with 11478 laps led.



Denny leads wins, top 5's and top 10's. He does have over twice as many starts as anyone else. He also races in the most competitive Era in NASCAR. with that being said I have to believe the best Tenure in the #11 goes to Cale Yarborough with 55 wins and 3 championships in 237 starts or Darrell Waltrip with 43 wins and 3 championships in 178 starts. I believe Denny is competing with Ned Jarrett for the third best Tenure in the #11 car.  I think the biggest thing that keeps Denny from having the best Tenure is sadly a Championship. but honestly He might need a second just because of what Cale and DW did in such short amount of time, they won almost a 4th of the races they drove the #11 car and each have 3 titles. 



Denny Hamlin: 721 starts, 0 Championships, 60 wins, 248 top 5's, 376  top 10's, 13.2 average finish, 16,320 laps led

Ned Jarrett: 324 starts, 2 Championships, 49 wins, 182 top 5's, 232 top 10's, 8.3 average finish, 9,696 laps led

Cale Yarborough: 237 starts, 3 Championships, 55 Wins, 158 top 5's, 172 top 10's, 8.4 average finish, 20,837 laps lead

Darrell Waltrip: 178 Starts, 3 Championships, 43 Wins, 112 top 5's, 133 top 10's, 8.8 average Finish, 11,478 laps lead.





I will leave you with this question how do you rank the 4 drivers for best tenure in the #11 car between, Denny Hamlin, Cale Yarborough, Darrell Waltrip and Ned Jarrett?







(All stats from [driveraverages.com](http://driveraverages.com) )",2025-11-28
t3_1pa4pig,Michael Jordan and Denny Hamlin VS NASCAR begins Monday,https://www.reddit.com/r/nascar/comments/1pa4pig/,/u/KatShadow08,2025-11-30 00:45:10+00:00,,2025-11-30
t3_1pamj05,"""I Absolutely Hate Racing Against You"": Why Kyle Busch Always Wanted to Be on the Same Team As Tony Stewart",https://www.reddit.com/r/nascar/comments/1pamj05/,/u/TylerFortier_Photo,2025-11-30 16:31:41+00:00,">So when [**Busch**](https://thesportsrush.com/tag/kyle-busch/) was asked which past driver he would choose to team up with if he could turn back the clock, he didn’t hesitate.

>*“The first one that comes to mind is (Dale Earnhardt) Sr. I think he’s one of the guys you would never want to race against; you’d rather race with him.* ***Stewart was that way. When I was with Hendrick and Stewart was with (Joe Gibbs Racing), I hated racing against Tony Stewart. Hated it.”***",2025-11-30
t3_1pao1s1,"NASCAR, two race teams ready for Monday’s beginning of antitrust trial",https://www.reddit.com/r/nascar/comments/1pao1s1/,/u/sebas920118ruiz,2025-11-30 17:31:26+00:00,"The lawsuit brought against NASCAR by two of its Cup Series race teams is set to begin Monday at the Federal Courthouse in Charlotte, North Carolina.

Barring an 11th-hour development, the lawsuit titled “23XI Racing and Front Row Motorsports v. NASCAR” will open with jury selection and likely proceed to opening statements on the first day of trial before Judge Kenneth D. Bell.

In October of 2024, 23XI (co-owned by Cup Series driver Denny Hamlin and former NBA superstar Michael Jordan) and Front Row (owned by Bob Jenkins) filed suit against NASCAR under Sections 1 and 2 of the Sherman Antitrust Act, accusing the sanctioning body of anticompetitive practices following a two-plus year negotiation with race teams for a new charter agreement that began in 2025.

Though the lawsuit cites NASCAR’s ownership of race tracks, the exclusivity of sanctioning agreements and the use of single-source parts in the current Gen-7 race car, the crux of the lawsuit involves the 2025 Cup Series charter agreement, which 23XI and Front Row declined to sign.

The remaining 13 chartered NASCAR Cup Series teams, however, are parties to the agreement, which runs concurrent with the seven-year television broadcast package that will expire at the end of the 2031 season but includes another seven-year extension guaranteed through 2038 as well as additional exclusive negotiating period after that.

The charter system, created at the request of team owners, was introduced in 2016. All told, 36 charters, which guaranteed starting positions in all 36 points-paying Cup races as well as higher payouts, were awarded to established teams at no cost.

“The France family started NASCAR in 1948 using their own resources, grit and ingenuity,” NASCAR Commissioner Steve Phelps said. “They have taken countless personal and financial risks, investing billions of dollars and untold hours into growing this sport to create opportunity for teams to race in front of fans for nearly eight decades. We are proud of what we built for fans together with the race teams, especially since the charters were introduced.”

Over the course of 10 years, the aggregate value of the charters has grown to $1.5 billion, with individual charters selling for as much as $45 million. When NASCAR signed a new media rights deal with FOX, NBC, Turner and Prime in 2023 for nearly $8 billion, all new money over the previous rights deal went to race teams under the 2025 charters in addition to $50 million in other funds contributed directly from NASCAR and tracks.

In a recent filing that included declarations from team owners who have signed the charter agreement, Hendrick Motorsports owner Rick Hendrick offered the following:

“Shortly after Hendrick Motorsports signed its four charters, I made remarks to members of the press that conveyed my perspective: I think we worked really hard for two years and it got down to, you’re not going to make everybody happy,” Hendrick said. “But in any negotiation, you’re not going to get everything you want, and so I felt it was a fair deal and we protected the charters, which was number one, we got the revenue increase, I feel a lot of things we didn’t like we got taken out, so I’m happy with where we were.

“The Charter agreement is critical to the stability of the NASCAR ecosystem—the teams, the businesses that support us and NASCAR itself. Undoing what we have collectively negotiated will not only result in immeasurable damage to our sport and our respective businesses, it will, most importantly, hurt the people and families that depend on us for their livelihoods.”

NASCAR issued the following statement citing the declarations from Hendrick and such fellow team owners as Roger Penske, Joe Gibbs, Richard Childress and Brad Keselowski:

“Today’s filing demonstrates that NASCAR’s charter system has the support of race teams throughout the garage, and that the 23XI Racing and Front Row Motorsports lawsuit is not in the best interests of the sport. This lawsuit is not about antitrust; it is merely an attempt to renegotiate an agreement that was signed and is being honored by all other race teams.

“Together with our race team partners, we remain committed to delivering the best of stock car racing to our fans every weekend.”

Hendrick and Penske both are on NASCAR’s witness list for the trial. Jordan is expected to testify for the plaintiffs.

The lawsuit comes to trial after several significant rulings already have been made. In December 2024, Bell granted a preliminary injunction that would have allowed 23XI and Front Row to race as chartered teams while the lawsuit was being contested.

However, the Fourth District Court of Appeals vacated the injunction in June, and when the 2025 season concluded Nov. 2 at Phoenix Raceway, 23XI and Front Row were racing as unchartered or ‘open’ teams.

Two days after the season finale, Bell dismissed NASCAR’s counterclaim that 23XI and Front Row had colluded to form an “illegal cartel” with other race teams to manipulate charter negotiations.

Further, Bell granted a motion from 23XI and Front Row for partial summary judgment in limiting the relevant market definition for the lawsuit to “premier stock car racing.” NASCAR had sought a broader market definition that included other racing series.

“While we respect the Court’s decision, we believe it is legally flawed and we will address it at trial and in the Fourth Circuit if necessary,” NASCAR stated.

It is against this background that the jury will begin to decide the issues of fact when the trial begins on Monday.

— NASCAR Wire Service —",2025-11-30
t3_1pcpotc,Dale Earnhardt vs Jeff Gordon - MTV Celebrity Deathmatch July 6th 2000,https://www.reddit.com/r/nascar/comments/1pcpotc/,/u/Timecard100,2025-12-03 00:35:50+00:00,"https://web.archive.org/web/20010610214604/http://speedvision.com/pub/articles/racing/02NASCAR/000706d.html

If this was 2025, it would be Denny Hamlin vs Steve Phelps ",2025-12-03
t3_1pd91d3,Green White Checkered effects on Nascar,https://www.reddit.com/r/nascar/comments/1pd91d3/,/u/Shaperlst,2025-12-03 16:35:14+00:00,"I spent wayyyyy too much time on this, but with all the talk about the Championship Race finish it made me curious. I went back to all previous Green White Checkered results and compared to who would have been leading on the last lap without the overtime (taking in consideration people wouldn't have pitted if they knew the race would end at regular time). I then compared the changes in wins with and without the GWC rule (some people being equally affected positively and negatively so they canceled out i.e. Kyle Larson won 6 and lost 6 due to the GWC rule) and created a cute little chart to show how it would affect their total wins and how their rank on the all time wins list would change. I put it below. I can also past my long list as a comment if anyone has any data that disagrees with what I have. I think after looking at all the data, I would be okay if the race ended under caution, it can add excitement for that one race for sure, but I do agree it draws down ""Star Power"" for the top drivers. Just a fun thought experiment.

Table summary it hurts Jimmie Johnson the most and benefits Jeff Gordon and Denny Hamlin the most. Which may make it unpopular.... but that's just the opinion side of it.

https://preview.redd.it/3wggr7hgn05g1.png?width=566&format=png&auto=webp&s=f11e2052c4f705a1bc88dbb1c92abeb797d15d41",2025-12-03
t3_1pdffdd,"[Jenna Fryer] During a break in court, I confirmed Chris Gabehart has left JGR. Denny Hamlin said he had no comment.",https://www.reddit.com/r/nascar/comments/1pdffdd/,/u/ckoss_,2025-12-03 20:25:31+00:00,"[Jenna Fryer] During a break in court, I confirmed Chris Gabehart has left JGR. Denny Hamlin said he had no comment.",2025-12-03
t3_1pe3tw1,"Truck, Xfinity, and Cup series points (F1 points system)(25, 18, 15, 12, 10, 8, 6, 4, 2, 1)",https://www.reddit.com/r/nascar/comments/1pe3tw1/,/u/Inevitable_Catch_566,2025-12-04 16:05:29+00:00,"Trucks: 

- Corey Heim would’ve clinched the championship with 5 races left

Xfinity:

-  Connor Zillisch would’ve clinched the championship with 5 races left 

Cup: 

- Heading into the finale Denny Hamlin would’ve entered with a 8 point lead over Christopher Bell and a 16 point lead over Kyle Larson ",2025-12-04
t3_1pie6ca,Joe Gibbs Racing quietly needs a new driver for four NASCAR races,https://www.reddit.com/r/nascar/comments/1pie6ca/,/u/Allyfan48,2025-12-09 17:52:01+00:00,[removed],2025-12-09
t3_1pj4vlf,Unpopular Opinion: Kyle Busch’s prime did not start in 2015. It started in 2013.,https://www.reddit.com/r/nascar/comments/1pj4vlf/,/u/Rowdyfan0823,2025-12-10 15:05:38+00:00,"Many people say that Kyle’s injury and having Brexton in 2015 gave him a new perspective on life (which I completely agree with) and kickstarted his prime. However already think he was in his prime at that point. 2013 seemed to be the first truly consistent season Kyle without many stupid incidents, antics, and temper tantrums. He won 4 races, led over 1200 laps, had 22 top 10s and 16 top 5s (the most in his career at that point), and most importantly it was the first top 5 points finish with Joe Gibbs Racing (4th, which was the highest in his career at the time). While he had a down year in 2014, that was clearly a Toyota problem as they sucked as a whole that season. As a whole, Toyota only won two races with Kyle at Auto Club and Denny Hamlin at Talladega in the spring. It was well documented that they had a horsepower deficit and reliability issues with their 900 hp engines and they played a role in NASCAR reducing horsepower to 750 in 2015. ",2025-12-10
t3_1pj4zwn,"Unpopular Opinion: Kyle Busch’s prime started in 2013, not 2015",https://www.reddit.com/r/nascar/comments/1pj4zwn/,/u/Rowdyfan0823,2025-12-10 15:10:28+00:00,"Many people say that Kyle’s injury and having Brexton in 2015 gave him a new perspective on life (which I completely agree with) and kickstarted his prime. However, I already think he was in his prime at that point. 2013 seemed to be the first truly consistent season for Kyle without many stupid incidents, antics, and temper tantrums. He won 4 races, led over 1200 laps, had 22 top 10s and 16 top 5s (the most in his career at that point), and most importantly it was the first top 5 points finish with Joe Gibbs Racing (4th, which was the highest in his career at the time). While he had a down year in 2014, that was clearly a Toyota problem as they sucked as a whole that season. Toyota only won two races with Kyle at Auto Club and Denny Hamlin at Talladega in the spring. It was well documented that they had a horsepower deficit and reliability issues with their 900 hp engines and Toyota likely played a role in NASCAR reducing horsepower to 750 in 2015 due to their engine issues in 2014.",2025-12-10
t3_1plb5cx,Does anyone know why Denny Hamlin has more than twice as many followers on Twitter than he has on Instagram?,https://www.reddit.com/r/nascar/comments/1plb5cx/,/u/45winner23,2025-12-13 03:13:11+00:00,"I find this interesting. 

Why is Denny Hamlin’s following not consistent throughout social media platforms? ",2025-12-13
t3_1plsd2d,"As a fan, which added benefit are you most looking forward to from the Denny Hamlin/23XI lawsuit settlement?",https://www.reddit.com/r/nascar/comments/1plsd2d/,/u/45winner23,2025-12-13 18:30:00+00:00,"
Which improvement to the series are you most looking forward to? ",2025-12-13
t3_1po2o2j,"[Denny Hamlin to Larry Mac on Twitter] ""Good morning. Now that the case is settled and the evidence is out will you or anyone on channel 90 be issuing an apology for what you all said about 23XI/FRM when the lawsuit was filed?""",https://www.reddit.com/r/nascar/comments/1po2o2j/,/u/i_hate_shitposting,2025-12-16 14:01:17+00:00,,2025-12-16
t3_1pp7idz,When the movie comes out,https://www.reddit.com/r/nascar/comments/1pp7idz/,/u/Suspicious_Tour917,2025-12-17 20:42:30+00:00,With the court case ending in such a dramatic way WHO do you think should play Denny Hamlin in the movie?,2025-12-17
t3_1pp7q7e,When the Nascar movie comes out,https://www.reddit.com/r/nascar/comments/1pp7q7e/,/u/Suspicious_Tour917,2025-12-17 20:51:10+00:00,"With the NASCAR settlement coming so dramatically WHO do you think should play Denny Hamlin?
",2025-12-17
t3_1pwu4xb,I am sussy during the Denny Hamlin car driing,https://www.reddit.com/r/nascar/comments/1pwu4xb/,/u/NeighborhoodTiny5292,2025-12-27 09:50:49+00:00,Ayo I’m so sussy yk like Denny fenny lenny menny ,2025-12-27
t3_1pxc6cv,I think I like denny hamlin s little bit,https://www.reddit.com/r/nascar/comments/1pxc6cv/,/u/hesstruckfan,2025-12-27 23:43:19+00:00,,2025-12-27
t3_1pxc87l,I think I like Denny Hamlin a tiny little bit.,https://www.reddit.com/r/nascar/comments/1pxc87l/,/u/hesstruckfan,2025-12-27 23:45:36+00:00,"Don't mind the license plate, and don't mind how dark the Denny Hamlin hauler is.
",2025-12-27
t3_1pyb9j2,Denny Hamlin's parents house fire praying for them,https://www.reddit.com/r/nascar/comments/1pyb9j2/,/u/Ok_Description1856,2025-12-29 03:26:02+00:00,,2025-12-29
t3_1pycldl,LIVE SCENE | Fire reported at Gaston County home of NASCAR driver Denny Hamlin's parents,https://www.reddit.com/r/nascar/comments/1pycldl/,/u/KyBuschOwnsYou,2025-12-29 04:29:56+00:00,,2025-12-29
t3_1pyctox,Fireman on Denny Hamlin house fire stream says one was taken to hospital for smoke inhalation,https://www.reddit.com/r/nascar/comments/1pyctox/,/u/Remote_Plastic_8692,2025-12-29 04:41:36+00:00,[removed],2025-12-29
t3_1pz25t9,"[BOB] “ Sad news: Gaston County EMS confirms that Denny Hamlin's father, Dennis, died from his injuries at the hospital from the Sunday night fire. His mother, Mary Lou, was transferred to Atrium Health Wake Forest Baptist Burn Center in Winston-Salem, where she is actively being treated”",https://www.reddit.com/r/nascar/comments/1pz25t9/,/u/blue_mut,2025-12-29 23:46:07+00:00,,2025-12-29
t3_1pz2tis,Denny Hamlin Foundation,https://www.reddit.com/r/nascar/comments/1pz2tis/,/u/NoahGragsonsBarfBag,2025-12-30 00:13:27+00:00,"Listen, I’m not here to ask you to donate. And this isn’t for Denny. But if you feel compelled to do something to honor his father’s memory, the Denny Hamlin Foundation is really easy to donate to through PayPal. 

Also, it was mentioned before but I’ll post it here as well, the Biffle family has asked that memorial donations be directed to two organizations especially close to Greg's heart-the American Red Cross and Lake Norman Humane.",2025-12-30
t3_1pz61wz,Denny Hamlin's father dies after house fire; mother hospitalized,https://www.reddit.com/r/nascar/comments/1pz61wz/,/u/PrincessBananas85,2025-12-30 02:35:44+00:00,,2025-12-30
t3_1pzbpim,"Dennis Hamlin Sr, father Denny Hamlin, dies in house fire; Mary Lou Hamlin still in critically condition.",https://www.reddit.com/r/nascar/comments/1pzbpim/,/u/RJM_50,2025-12-30 07:22:14+00:00,"Such a terrible situation.

Any 75 year old in poor health, on supplemental oxygen,, caught in a fire is extremely dangerous situation.  Far too many of our household items are made from oil based plastics and the smoke is thick, black, and full of toxins. Like carpet from recycled plastic bottles.😇😥😢

68 year old Mary Lou Hamlin is also in critical condition either smoke inhalation, burns, or likely both (trying to get her husband out, with reports of CPR started on scene from the emergency dispatch radio transmissions).",2025-12-30
t3_1pzv41a,"[NASCAR] “NASCAR extends its deepest condolences to Denny Hamlin and the entire Hamlin family. Dennis Hamlin instilled a love of racing in his son, and sacrificed greatly to develop Denny into a world-class talent in the sport.–",https://www.reddit.com/r/nascar/comments/1pzv41a/,/u/ZilischsPoopyPants,2025-12-30 22:01:04+00:00,"–We also continue to offer our thoughts and prayers to Denny’s mother, Mary Lou, and hope for her full recovery.”",2025-12-30
t3_1q0mgtt,"[Denny Hamlin on X] Thank you to everyone who has reached out with condolences on my father’s passing. My mother continues to improve, and our family truly appreciates the outpouring of support and the respect for our privacy during this time.",https://www.reddit.com/r/nascar/comments/1q0mgtt/,/u/NoahGragsonsBarfBag,2025-12-31 20:20:38+00:00,https://x.com/dennyhamlin/status/2006460054497878279?s=46&t=NOJpCnNeVUF5CQug6YVTUA,2025-12-31
t3_1q0p8s1,Show of hands… 🤚🏻,https://www.reddit.com/r/nascar/comments/1q0p8s1/,/u/wounduptite,2025-12-31 22:35:01+00:00,Who’s gonna be a closeted Denny Hamlin fan this season? I probably am. Idk maybe I just feel really bad for him rn. ,2025-12-31
t3_1q0x6tu,2026 Season Predictions,https://www.reddit.com/r/nascar/comments/1q0x6tu/,/u/Rowdyfan0823,2026-01-01 06:00:59+00:00,"1. Return of 10 race chase

2. Christopher Bell wins the championship 

3. This will be Denny Hamlin’s last year. After the unfortunate events that have transpired for him over the last two months I think he’ll stick it out for one more year but then call it a career (as a driver, he’ll still be around as an owner obviously).

4. Kyle Busch will return to victory lane (Either at COTA or one of the superspeedways (hopefully the Daytona 500)

5. The racing quality at the short tracks and road courses will be decent to really good across the season. We’re starting to see incremental improvements in the racing as goodyear keeps introducing newer, softer tire compounds (Richmond and Martinsville fall were really good) and the increase in horsepower will only help.",2026-01-01
t3_1q18jkm,NASCAR’s 50 most memorable moments of 2025,https://www.reddit.com/r/nascar/comments/1q18jkm/,/u/TylerFortier_Photo,2026-01-01 16:45:14+00:00,">On the whole, the 2025 NASCAR season was a memorable one for a lot of reasons.

>There was pretty good competition on the big tracks during the summer months, continued progress on short tracks with the fourth year NextGen and the culmination of a 15-month legal process that made it all the way to trial.

>Kyle Larson emerged the champion for the second time in his career, while the entire industry debated all year the process in which those championships should be determined, with Denny Hamlin serving as something of a main character all the way through the campaign.

>**Here are the 50 most memorable moments from NASCAR’s 76th season.**",2026-01-01
t3_1q1gh55,"The 2014 Camping World RV Sales 301: A momentous race weekend in NASCAR history (Yes, really)",https://www.reddit.com/r/nascar/comments/1q1gh55/,/u/TheImageworks,2026-01-01 22:02:04+00:00,"There are dozens of races in NASCAR history that serve as shorthand for moments of significance.  1992 Hooters 500.  2001 Daytona 500.  Both the 1994 and 2008 Brickyard 400s, for wildly opposite reasons.  Here...is the 2014 Camping World RV Sales 301, an entry you won't normally see on that list but deserves recognition. 

https://preview.redd.it/4y5njf715tag1.png?width=1781&format=png&auto=webp&s=2c78a7ec9a4255fdbc4b6c9d3bda7c4b142e03d1

On this casual summer's afternoon in Loudon in July 2014, Brad Keselowski won a relatively fine if normal race, leading just under half the race distance. Kyle Busch led the second-most but was on Brad's tail for most of it. Just a normal race from that seaosn.  Everything else *surrounding* the race however...was the end of an era. 

https://preview.redd.it/0mlkj23w4tag1.png?width=1777&format=png&auto=webp&s=26d210432292427e523e3384ef4bbf12cd9c89de

In the garage, it was the first race after the team owners of the time came together to form the Race Team Alliance, the brainchild of former Michael Waltrip Racing co-owner Rob Kaufmann. It was formed in the hope of cutting costs and guaranteeing revenue for NASCAR team owners, and directly led to the creation of the Charter System a year and a half later.  For good and for ill, the Charter System has been one of the biggest storylines of the past decade of NASCAR, and this is the race weekend you can put a pin into as where that started. 

Numerous smaller team owners and hopefuls have been deeply critical of both the RTA and Charters for freezing out independents from the series.  Furniture Row Racing infamously refused to join it, eventually leading to their exit from the sport despite championship success (and a partnership with member Joe Gibbs Racing).  They join numerous other independent single and occasionally two-car teams that went out of NASCAR in the late 2010s, with many blaming at least partially the charters. 

(Notably: Between penalties, loss of potential winnings from the 2013 Chase, and damage to team reputation all as a result of Spingate, it's worth noting again that Kaufmann was the co-owner of MWR which would shut down after 2015. The owner and 'money man' of the team that engineered one of NASCAR's biggest controversies (Spingate) being the architect of the creation of the Charter System is a fact that has ***never*** left my mind.)

https://preview.redd.it/f9b5xpf55tag1.png?width=1791&format=png&auto=webp&s=b46708a9434debc263b82c238f46c9a9be7a76b1

On TV, it was the final race for TNT under the then-current TV contract, and the end of an era of NASCAR on Turner Sports that had started in 1983.  Although TV coverage moved from TBS to TNT in 2001 (and was co-produced with NBC through 2006), Turner continued to broadcast the sport, a continuity that had been lost with ESPN and the by-then-defunct TNN. This was the last race. 

Ken Squier, who had been with the sport since the 70s on radio, and on TV since the famous '79 Daytona 500, made a special guest appearance to commemorate the day. At the time, it was presumed this would be Ken's last TV appearance as he had already semi-retired, but he was eventually coaxed back to help call a couple of Southern 500s with Ned Jarrett. 



https://preview.redd.it/isamti784tag1.png?width=1781&format=png&auto=webp&s=85083b332015f431e9e94eeb58c356ca18ab8baa

  
Dating back to 2001, during the NBC and Turner races, former driver Wally Dallenbach had done a hot lap before the race and explained how to drive each track, things the driver's doing or watching out for, etc.  They were great insight - and Wally's final lap produced one of my favorite NASCAR images of all time. 



https://preview.redd.it/qhqbk3g06tag1.png?width=1290&format=png&auto=webp&s=472b78b26ceb06be3cc3892797815768324e353e

Lastly, back in 39th place - the last car running - was 72 year old Morgan Shepherd. This is Morgan's final career Cup start (probably), setting a record for oldest driver to start a Cup race that may well never be broken. It's also the last NASCAR start for a driver who began their career in NASCAR's Vintage Era (1948-71). Morgan's Cup Series career *pre-dated Winston*, his first start coming in 1970 a full two seasons before the cigarette brand's sponsorship changed the sport.  

Here, he's driving the #33 Thunder Coal Chevrolet. When Morgan had an incident on pit road during a caution and actually managed some TV time, Kyle Petty made a proud point to note that Morgan was the only driver in the field present for the \*first\* Turner race in 1983, finishing 7th at Atlanta.

The end of a 32 year TV partnership, the final race for NASCAR's oldest driver, and the formation of the Race Team Alliance - which ultimately led to the Charter System. Not bad for an otherwise random weekend in Loudon. ",2026-01-01
t3_1q5qezy,"Taylor Gray, William Sawalich return to Joe Gibbs Racing in 2026",https://www.reddit.com/r/nascar/comments/1q5qezy/,/u/JayDee_185,2026-01-06 18:20:58+00:00,,2026-01-06
t3_1q6spd9,Unpopular opinion: The real reason why NASCAR took horsepower out of the cars several years ago..,https://www.reddit.com/r/nascar/comments/1q6spd9/,/u/zx10r_tomahawk,2026-01-07 21:46:32+00:00,"My theory is NASCAR intentionally made Cup cars easier to drive - less horsepower, more predictability, and tighter parity - so almost anyone can wheel them. That opened the door for young drivers backed by daddy’s money to buy their way into competitive rides and look good immediately, because now funding makes the cars fast more than raw talent does. And guess what? NASCAR pockets this influx of cash into the sport - not the charters.  I highly doubt anybody got a REAL look at the books despite the recent court settlement.

And guess what?  Putting the 950+ back in the cars is going to expose every driver out there who is racing with their checkbook (or their parents).

In the high-horsepower, low-grip era of the ’90s and early 2000s, skill separated the field brutally, and most of today’s drivers wouldn’t survive a full race weekend back then, aside from a few veterans like Denny Hamlin who still show that old-school edge.",2026-01-07
t3_1q70zhl,I tried to put a list together of every NASCAR team's backup business,https://www.reddit.com/r/nascar/comments/1q70zhl/,/u/Think-Border4882,2026-01-08 03:30:52+00:00,"I'm trying to make a list for each NASCAR team's owner's primary business

  
Hendrick Motorsports - Hendrick Automotive Group [https://www.hendrickcars.com/](https://www.hendrickcars.com/)

  
Hyak Motorsports - Hyak Maritime [https://www.hyakmaritime.com/](https://www.hyakmaritime.com/)

  
Kaulig Racing - LeafFilter [https://www.leaffilter.com/](https://www.leaffilter.com/) / Kaulig Companies [https://www.kauligcompanies.com/](https://www.kauligcompanies.com/) 

  
Richard Childress Racing - no side business before he started his team / Childress Vineyards [https://childressvineyards.com/](https://childressvineyards.com/)

  
Spire Motorsports - Spire Sports + Entertainment [https://spiresportsinc.com/](https://spiresportsinc.com/)

  
Trackhouse Racing - Trackhouse Entertainment Group [https://www.trackhouse.com/](https://www.trackhouse.com/) / Trackhouse Motorplex [https://trackhousemotorplex.com/](https://trackhousemotorplex.com/)

  
Haas Factory Team - Haas Automation [https://www.haascnc.com/index.html/](https://www.haascnc.com/index.html/)

  
RFK Racing - Roush Performance [https://www.roushperformance.com/](https://www.roushperformance.com/) / Fenway Sports Group [https://fenwaysportsgroup.com/](https://fenwaysportsgroup.com/)

  
Rick Ware Racing - ?

  
Team Penske - Penske Corporation [https://www.penske.com/](https://www.penske.com/)

  
Wood Brothers Racing - no side business before they started team / Wood Brothers Racing Museum [https://www.woodbrothersracing.com/visit-us/](https://www.woodbrothersracing.com/visit-us/) 



Joe Gibbs Racing - no side business before they started team / Harris Blitzer Sports & Entertainment (minority owner) [https://www.hbse.com/](https://www.hbse.com/) / Arctos Partners (minority owner) [https://www.arctospartners.com/](https://www.arctospartners.com/) 

  
Legacy Motor Club - no side business before the Petty's started team / Petty's Garage [https://www.shophemi.com/m-58-pettys-garage.aspx](https://www.shophemi.com/m-58-pettys-garage.aspx) / Knighthead Capital Management (minority owner) [https://knighthead.com/](https://knighthead.com/)



Front Row Motorsports - Morristown Drivers Service [https://mdstrucking.com/](https://mdstrucking.com/) / franchises of restaurants / Four Oaks Partners / Long John Silver's [https://www.ljsilvers.com/](https://www.ljsilvers.com/)



23XI Racing - royalties from Air Jordan [https://www.nike.com/jordan](https://www.nike.com/jordan)

  
Beard Motorsports - Beard Oil Distributing & Leasing [https://beardoil.com/](https://beardoil.com/)

  
JR Motorsports - Dale Jr's DEJ Management / Filter Time [https://www.filtertime.com/](https://www.filtertime.com/) 

  
Live Fast Motorsports - no side business before he started team / Pigeon Forge Racing Coaster [https://pigeonforgeracingcoaster.com/](https://pigeonforgeracingcoaster.com/)

  
NY Racing - owned nightclubs and taverns and a trucking company [https://news.gram.edu/index.php/2020/12/15/making-his-own-lane/](https://news.gram.edu/index.php/2020/12/15/making-his-own-lane/)



Team AmeriVet - AmeriVet Securities [https://amerivetsecurities.com/](https://amerivetsecurities.com/) / Prime Gate Holdings [https://www.primegateholdings.com/](https://www.primegateholdings.com/)

  
MBM/Garage 66 - ? [https://www.hagerty.com/media/motorsports/nascars-last-cowboy-snakebit-carl-long-will-do-whatever-it-takes-to-race/](https://www.hagerty.com/media/motorsports/nascars-last-cowboy-snakebit-carl-long-will-do-whatever-it-takes-to-race/)

  
Alpha Prime Racing - Alpha Prime Apparel and Supplements [https://alphaprimeusa.com/](https://alphaprimeusa.com/)

  
Tricon Garage - sold Marbob Energy [https://www.dnb.com/business-directory/company-profiles.marbob\_energy\_corporation.ebd706b74e259ced2e3de200b4bf0a5d.html](https://www.dnb.com/business-directory/company-profiles.marbob_energy_corporation.ebd706b74e259ced2e3de200b4bf0a5d.html)

  
Barrett Cope Racing - ?

  
Big Machine Racing - Big Machine Records [https://www.bigmachinelabelgroup.com/](https://www.bigmachinelabelgroup.com/)

  
DGM Racing - ?

  
Jesse Iwuji Motorsports - ?

  
Jeremy Clements Racing - Clements Racing Engines [https://www.dnb.com/business-directory/company-profiles.clements\_automotive\_inc.880fadc01f0947103a7cf4f4b97e3be2.html](https://www.dnb.com/business-directory/company-profiles.clements_automotive_inc.880fadc01f0947103a7cf4f4b97e3be2.html)

  
Jordan Anderson Racing Bommarito Autosport - Bommarito Automotive Group [https://www.bommarito.com/](https://www.bommarito.com/)

  
Peterson Racing - 3Dimensional Services Group [https://3dimensional.com/](https://3dimensional.com/)

  
RSS Racing - S&W Towing Service [https://www.bbb.org/us/ga/atlanta/profile/towing-company/s-w-services-of-atlanta-inc-0443-6000510/addressId/21877](https://www.bbb.org/us/ga/atlanta/profile/towing-company/s-w-services-of-atlanta-inc-0443-6000510/addressId/21877)

  
SS-Green Light Racing - ?

  
BRK Racing - Knight Fire Protection [http://knightfire.net/](http://knightfire.net/)

  
Viking Motorsports - SciAps [https://www.sciaps.com/](https://www.sciaps.com/)

  
Hettinger Racing - Victory Custom Trailers [https://www.victorycustomtrailers.com/](https://www.victorycustomtrailers.com/)

  
Sigma Performance Services - Sigma Engineering Solutions [https://www.sigmanv.com/](https://www.sigmanv.com/)

  
Nitro Motorsports - Nitro Kart [https://nitro-kart.myshopify.com/?shpxid=24e5a2ad-fac9-428b-b6f8-66b16408cf02](https://nitro-kart.myshopify.com/?shpxid=24e5a2ad-fac9-428b-b6f8-66b16408cf02) 

  
Sam Hunt Racing - ?



Young's Motorsports - Young's Building Systems & Randco Industries [https://randcoindustries.com/](https://randcoindustries.com/)

  
Joey Gase Motorsports with Scott Osteen - East Coast Lumber [https://www.eastcoastlumber.com/](https://www.eastcoastlumber.com/) 



Our Motorsports - Robert B. Our Construction [https://robertbour.com/](https://robertbour.com/)

  
Pardus Racing - Danus Utilities [https://www.danusutilities.com/](https://www.danusutilities.com/)

  
CR7 Motorsports - Grant County Mulch [https://www.grantcountymulch.com/](https://www.grantcountymulch.com/)



ACR Motorsports - ALL Construction [https://www.allconstructiongroupwv.com/](https://www.allconstructiongroupwv.com/)



McAnally-Hilgemann Racing - franchises of NAPA [https://www.bmrnapa.com/](https://www.bmrnapa.com/) / Hilgemann owns Sanifab [https://www.bizapedia.com/wi/sanifab-inc.html](https://www.bizapedia.com/wi/sanifab-inc.html)

  
Rackley WAR - Rackley Roofing [https://rackleyroofing.com/](https://rackleyroofing.com/) / WAR Shocks [https://www.warshocks.com/](https://www.warshocks.com/)

  
ThorSport Racing - ThorSport Farm [https://thorsportfarm.com/](https://thorsportfarm.com/), TSport Trucks [https://tsporttruck.com/](https://tsporttruck.com/), SealMaster [https://sealmaster.net/](https://sealmaster.net/) / CURB Records [https://www.curb.com/](https://www.curb.com/)

  
Team Reaume - ?

  
Halmar Friesen Racing - CEO of Halmar International [https://halmarinternational.com/](https://halmarinternational.com/)

  
Niece Motorsports - Niece Equipment [https://nieceequipment.com/](https://nieceequipment.com/), CEO of Detroit Quality Staffing [https://www.dqstaff.com/](https://www.dqstaff.com/), CEO of JF Electric [https://www.jfelectric.com/](https://www.jfelectric.com/)

  
AM Racing - AM Technical Solutions [https://amts.com/](https://amts.com/)

  
Mike Harmon Racing - ?

  
Hill Motorsports - ? [https://www.dandb.com/businessdirectory/jerryhillmotorsportsinc-porttobacco-md-19770554.html](https://www.dandb.com/businessdirectory/jerryhillmotorsportsinc-porttobacco-md-19770554.html)

  
Bret Holmes Racing - Holmes II Excavation [https://www.buzzfile.com/business/Holmes-II-Excavation,-Inc-256-831-9545](https://www.buzzfile.com/business/Holmes-II-Excavation,-Inc-256-831-9545)

  
Pinnacle Racing Group - ?

  
GK Racing - Backyard Blues Pools [https://backyardbluestn.com/](https://backyardbluestn.com/)

  
Freedom Racing Enterprises - Freedom Warranty [https://www.freedomwarranty.com/](https://www.freedomwarranty.com/)

  
Jan's Towing Racing - Jan's Towing [https://www.janstowing.com/](https://www.janstowing.com/)

  
Rette Jones Racing - Jones Group Demolition [https://www.jonesgroup.ca/](https://www.jonesgroup.ca/)



Henderson Motorsports - Food Country USA [https://foodcountryusainc.com/](https://foodcountryusainc.com/)



Faction46 - Venture Food Stores [https://www.mooresventurefoods.com/](https://www.mooresventurefoods.com/)

  
Steve McGowan Motorsports - MMI Services [https://mmi-services.com/](https://mmi-services.com/)

  
Roper Racing - Preferred Industrial Contractors [https://preferredindustrialcontractors.com/](https://preferredindustrialcontractors.com/)

  
Brandonbilt Motorsports - Brandonbilt Foundations [https://www.brandonbilt.com/](https://www.brandonbilt.com/)

  
Rev Racing - Max Siegel Inc [https://www.maxsiegelinc.com/](https://www.maxsiegelinc.com/)

  
Leavine Family Racing - WRL General Contractors [https://www.wrl-gc.com/](https://www.wrl-gc.com/)

  
Furniture Row Racing - Furniture Row [https://www.furniturerow.com/](https://www.furniturerow.com/) / Visser Precision [https://visserprecision.com/](https://visserprecision.com/) 

  
Germain Racing - Germain Auto [https://www.germain.com/](https://www.germain.com/) / Germain Yachts [https://germainyachts.com/](https://germainyachts.com/) / SI Yachts [https://www.siyachts.com/](https://www.siyachts.com/) 

  
TC Motorsports - Carrolls Automotive [https://www.carrollsautomotive.net/](https://www.carrollsautomotive.net/)

  


",2026-01-08
t3_1qb7pb0,NASCAR Playoffs Stats,https://www.reddit.com/r/nascar/comments/1qb7pb0/,/u/SRASC,2026-01-12 21:23:16+00:00,"Now that the Playoffs are a thing of the past, a look back of the stats to date of the formats from 2004 to 2025.

51 drivers made the Chase/Playoffs.

For 12 of those their 1st appearance was their only appearance.

For 11 of them they won their Championship during this time.

Denny Hamlin made the most appearances at 19

Kurt Busch made the most appearances with 6 different teams

Jimmie Johnson was the most successful with 7 Championships

Appearances (active drivers)  
19 - Hamlin  
16 - Busch  
12 - Keselowski, Logano  
9 - Elliott, Larson, Blaney  
7 - Byron, Bowman  
6 - A. Dillon  
5 - Bell, Reddick  
3 - Cindric, Chastain, Briscoe  
2 - Suárez, B. Wallace, Stenhouse Jr, McDowell, Jones, Buescher  
1 - van Gisbergen, Allmendinger, Gibbs, Custer, H. Burton, Berry",2026-01-12
t3_1qb94p6,"Under the new format, Kyle Larson and Ryan Blaney would have been 1 point behind the Points Leader after the ROVAL. They were tied for 3rd in the Overall Standings.",https://www.reddit.com/r/nascar/comments/1qb94p6/,/u/Hipster_Whale5,2026-01-12 22:15:58+00:00,"Someone can check my math on this, but my calculations have Christopher Bell and Chase Briscoe tied at 2293, while Ryan Blaney and Kyle Larson are tied at 2292. William Byron was -4 back at 2289, Denny Hamlin -17 back at 2276, and Chase Elliott was -38 back at 2255.",2026-01-12
t3_1qbcj1g,Previous format was better,https://www.reddit.com/r/nascar/comments/1qbcj1g/,/u/Legitimate-Ruin5284,2026-01-13 00:31:54+00:00,"I am not stopping this. People are just mad that I am always right . I am always right. I can't be wrong. If I was wrong, I would be homeless and living out the streets like the plebs of society.

\]Anyways, old system was better because it had more parity and also Denny Hamlin hated it so it had to be good.

Also no ill will to Denny, I know hes going through alot. ",2026-01-13
t3_1qbnuwy,Is Denny Hamlin the savior of NASCAR?,https://www.reddit.com/r/nascar/comments/1qbnuwy/,/u/Easy-Sea7552,2026-01-13 10:24:28+00:00,"To me, looking at the last 20 years of this sport Denny Hamlin feels like the savior of the modern day. 

He came into the sport as a hot shot rookie, a guy who came from little money. He faced the legendary Jimmie Johnson, coming just short of ever beating Johnson.

Hamlin persevered. He kept on going. He went through injuries, he continued. He started his own team by bringing in legandary businessman Michael Jordan to the sport of NASCAR bringing prestige and profile to a sport that desperately needed it.

In 2023, Denny Hamlin started his podcast Actions Detrimental. Hamlin brought the inside baseball of the sport to the average fan from an active drivers perspective at the top, nothing ever seen before. 

In 2025, Denny Hamlin killed the atrocious Playoff format. Hamlin's heartbreaking loss led to a change in the points fans had been begging for. Meanwhile, he went into the courtroom as David facing Goliath, and won! He beat NASCAR. He helped the teams reach a favorable deal and permanent charters ensuring their future in the sport. 

Ultimately, Denny Hamlin has been the single most positively influential character in NASCAR history. He has ensured the sport will survive for decades to come.",2026-01-13
t3_1qc3o1b,[Working Prediction] 2026 Daytona 500 Entry List,https://www.reddit.com/r/nascar/comments/1qc3o1b/,/u/FranticTikTok,2026-01-13 21:18:11+00:00,"Based off recent talk and Bob Pockrass, here's what I've gathered as the potential Daytona 500 entry list. Are we missing any?  


36 Chartered Teams:  


1. #1 - Ross Chastain  
2. #2 - Austin Cindric  
3. #3 - Austin Dillon  
4. #4 - Noah Gragson  
5. #5 - Kyle Larson  
6. #6 - Brad Keselowski  
7. #7 - Daniel Suarez  
8. #8 - Kyle Busch  
9. #9 - Chase Elliott  
10. #10 - Ty Dillon  
11. #11 - Denny Hamlin  
12. #12 - Ryan Blaney  
13. #16 - AJ Allmendinger  
14. #17 - Chris Buescher  
15. #19 - Chase Briscoe  
16. #20 - Christopher Bell  
17. #21 - Josh Berry  
18. #22 - Joey Logano  
19. #23 - Bubba Wallace  
20. #24 - William Byron  
21. #34 - Todd Gilliland  
22. #35 - Riley Herbst  
23. #38 - Zane Smith  
24. #41 - Cole Custer  
25. #42 - John Hunter Nemechek  
26. #43 - Erik Jones  
27. #45 - Tyler Reddick  
28. #47 - Ricky Stenhouse Jr.  
29. #48 - Alex Bowman  
30. #51 - Cody Ware  
31. #54 - Ty Gibbs  
32. #60 - Ryan Preece  
33. #71 - Michael McDowell  
34. #77 - Carson Hocevar  
35. #88 - Connor Zilisch  
36. #97 - Shane Van Gisbergen  


Provisional Guaranteed Spot  


37. #84 - Jimmie Johnson  


Open Cars:  


38. #33 - TBD  
39. #40 - Justin Allgaier  
40. #44 - JJ Yeley  
41. #62 - TBD? Alfredo?  
42. #66  -Casey Mears  
43. #67 - Heim  
44. #78 - BJ McLeod",2026-01-13
t3_1qfkrz8,The standards for having a good season has been lowered with the next gen car,https://www.reddit.com/r/nascar/comments/1qfkrz8/,/u/Rowdyfan0823,2026-01-17 18:26:26+00:00,"With previous generation cars, I used to think that 4 or more wins was a lot for a driver. Now I think that 3 or more is a lot. Also, now guys struggle to get over 20 top tens in a season. I remember when almost every elite driver and team pairing would break the 20 top ten threshold with only a couple of exceptions who just had down years. Just for some perspective:

Drivers with 20 more top tens in 2021 (Last year of Gen 6) (8):

* Kyle Larson – 26
* Denny Hamlin – 25
* Kevin Harvick – 24
* Kyle Busch – 22
* Chase Elliott – 21
* Martin Truex Jr. – 20
* Ryan Blaney – 20
* William Byron – 20

Drivers with 20 or more top 10s in 2025 (2):

* Kyle Larson – 22
* Christopher Bell – 22

Prior to 2022, I would’ve said that, for an elite driver and team pairing, 20 or more top tens was good, 15-19 was average and below 15 was bad. Now I would say 15 and above is good 10-14 is average and below 10 is bad. It’s crazy how much the next gen car has hindered drivers abilities to pad stats. 

  
To be clear, this is not an endorsement or criticism of the next gen car, I think it has a fair amount of positives and negatives, but I’m just amazed at these facts.

https://preview.redd.it/utyyplawcydg1.jpg?width=966&format=pjpg&auto=webp&s=0366ffbffb0ceb7a9a17c36a89ac2f9fbb3e3c1e

",2026-01-17
t3_1qj2ixj,2026 Bob’s Discount Furniture Sponsorship Schedule For Denny Hamlin,https://www.reddit.com/r/nascar/comments/1qj2ixj/,/u/Dmacthegoat,2026-01-21 16:27:15+00:00,[https://www.instagram.com/p/DTx1YFuDSls/?utm\_source=ig\_web\_copy\_link&igsh=NTc4MTIwNjQ2YQ==](https://www.instagram.com/p/DTx1YFuDSls/?utm_source=ig_web_copy_link&igsh=NTc4MTIwNjQ2YQ==),2026-01-21
t3_1qk5ezc,[As of January 22] 2026 Daytona 500 Entry List Prediction,https://www.reddit.com/r/nascar/comments/1qk5ezc/,/u/FranticTikTok,2026-01-22 20:14:18+00:00,"With the newest announcements, talk and Bob Pockrass tweets, I've updated the Daytona 500 entry list as of today

36 Chartered Teams:

1. 1 - Ross Chastain
2. 2 - Austin Cindric
3. 3 - Austin Dillon
4. 4 - Noah Gragson
5. 5 - Kyle Larson
6. 6 - Brad Keselowski
7. 7 - Daniel Suarez
8. 8 - Kyle Busch
9. 9 - Chase Elliott
10. 10 - Ty Dillon
11. 11 - Denny Hamlin
12. 12 - Ryan Blaney
13. 16 - AJ Allmendinger
14. 17 - Chris Buescher
15. 19 - Chase Briscoe
16. 20 - Christopher Bell
17. 21 - Josh Berry
18. 22 - Joey Logano
19. 23 - Bubba Wallace
20. 24 - William Byron
21. 34 - Todd Gilliland
22. 35 - Riley Herbst
23. 38 - Zane Smith
24. 41 - Cole Custer
25. 42 - John Hunter Nemechek
26. 43 - Erik Jones
27. 45 - Tyler Reddick
28. 47 - Ricky Stenhouse Jr.
29. 48 - Alex Bowman
30. 51 - Cody Ware
31. 54 - Ty Gibbs
32. 60 - Ryan Preece
33. 71 - Michael McDowell
34. 77 - Carson Hocevar
35. 88 - Connor Zilisch
36. 97 - Shane Van Gisbergen

Provisional Guaranteed Spot

37. #84 - Jimmie Johnson

Open Cars:

38. #36 - Chandler Smith  
39. #40 - Justin Allgaier  
40. #44 - JJ Yeley  
41. #62 - Alfredo  
42. #66 -Casey Mears  
43. #67 - Heim  
44. #78 - BJ McLeod  
45. #99 - Corey Lajoie",2026-01-22
t3_1qk84tz,"@bobpockrass: Denny Hamlin Mourning Father, Will Race in Clash: I'm Doing 'OK'",https://www.reddit.com/r/nascar/comments/1qk84tz/,/u/NoahGragsonsBarfBag,2026-01-22 21:58:04+00:00,,2026-01-22
t3_1qkcjmp,Bob Pockrass: “Denny Hamlin also confirmed today that 23XI Racing had signed the new charter agreement. Teams got the new version this week and have through next week to sign.”,https://www.reddit.com/r/nascar/comments/1qkcjmp/,/u/Dmacthegoat,2026-01-23 01:01:32+00:00,,2026-01-23
t3_1qkdzfc,Five reasons I think Jimmie Johnson is the greatest NASCAR driver of all time,https://www.reddit.com/r/nascar/comments/1qkdzfc/,/u/GhostRaptor4482,2026-01-23 02:06:01+00:00,"1. Of all the GOAT contenders, I would argue that Jimmie raced against the toughest competition during his prime. During his prime years, he had to contend with all-time greats like Matt Kenseth, Tony Stewart, Jeff Gordon, Kevin Harvick, the Busch brothers, Carl Edwards, Greg Biffle, Mark Martin, Bill Elliott, Denny Hamlin, Dale Jr., Joey Logano, Martin Truex, Brad Keselowski, etc.
2. Five championships in a row is a staggering record that I don't think will ever be touched in my lifetime. Records are made to be broken, but this one might stand the test of time.
3. I \*believe\* JJ has the best win percentage of any driver since the 70s.
4. Johnson's consistency during his prime was unreal. From 2002 to 2017, Johnson recorded 16 straight multi-win seasons, which is the longest streak that is completely contained in the modern era. During this stretch, Jimmie finished outside of the top 5 in the season standings only four times.
5. Jimmie came into NASCAR with arguably the greatest talent the sport had ever seen as his teammate and consistently outperformed him. Head-to-head, Johnson won more than twice as many races as Gordon and beat him in the final season points standings 11 out of 14 times.",2026-01-23
t3_1qmkm9d,The Connor Zilisch Question: How Good Can He Be in Year 1?,https://www.reddit.com/r/nascar/comments/1qmkm9d/,/u/infantebets,2026-01-25 14:32:23+00:00,"Hi all -- my name is Matt and I write the newly launched NASCAR newsletter for PFSN. It's a FREE newsletter that sends 2 to 3 times per week. And it's always original content -- not links to articles to get cheap clicks.

  
I put a link to subscribe to the newsletter below if you'd like to subscribe. But first, I wanted to share the entire column from the newsletter (edition #2 that sent on Friday). 

  
**The Connor Zilisch Question: How Good Can He Really Be in Year One?**

The 19-year-old phenom from Mooresville, North Carolina, will arrive at Daytona next month with a truly sparkling resume for a teenager. Ten wins in his rookie Xfinity season. The regular season championship. A record-breaking 18 consecutive top-five finishes. And somewhere in there, a broken collarbone suffered not in a crash, but while celebrating a victory at Watkins Glen.

Connor Zilisch is the most anticipated Cup Series rookie since Joey Logano debuted with Joe Gibbs Racing in 2009. That comparison is intentional, too.

**A Rookie Season Years in the Making**

The anticipation around Zilisch has been building for years, ever since Kevin Harvick spotted him dominating karting circuits in Europe and convinced his father not to let the kid quit racing for college. Zilisch won the FIA Karting Academy Trophy at 14, becoming the first American to do so. 

He won in his first NASCAR Xfinity Series start at Watkins Glen in September 2024, less than two months after turning 18. He’s also won at the Rolex 24 at Daytona and the 12 Hours of Sebring. He seemingly just wins everywhere.

His 2025 Xfinity campaign was historic. His 10 victories set the rookie record, surpassing the seven Christopher Bell managed in 2018. Zilisch won four consecutive races at one point, tying Sam Ard (1983) and Noah Gragson (2022) for the series record. And though he didn’t win the championship at Phoenix, falling just short to Jesse Love, he did give JR Motorsports their best season finish ever.

But now I must pump the brakes slightly, because the Cup Series humbles everyone.

Zilisch made three Cup starts last year for Trackhouse Racing. At COTA, he ran well before getting collected in a wreck, finishing 37th. At the Coca-Cola 600, he got tangled up with Jimmie Johnson mid-race but did salvage a 23rd-place finish. His best showing came at Atlanta, where he finished 11th in a chaotic superspeedway race. Solid, sure. But Zilisch himself even admitted afterward that he benefited from attrition.

Kyle Busch, a guy who dominated at every level on his way up, offered a frank assessment of what Zilisch should expect. 

""Look at Ty Gibbs,"" Busch told ESPN's Kelly Crandall. ""It's the same sort of thing: dominating the Xfinity Series, winning with one of the best teams out there, doing everything right and getting results, winning a championship and then getting to the Cup Series and just not understanding the level that it takes at this level to be good or run up front, capitalize, win races and the such. Again that's no dig on Ty, it's just a fact. So, Zilisch is going to have the same thing. It's a rude awakening.""

Busch isn't wrong. Gibbs won the 2022 Xfinity championship with seven victories and arrived in Cup with enormous expectations. Three full seasons later, he still hasn't won a Cup race. The gap between Saturday and Sunday is wide. And bridging that gap, even for the most talented drivers, is never easy.

**Setting Realistic Expectations Despite the Deserved Buzz**

So what should we expect from Zilisch in 2026?

Road courses will be his strength, of course. He won five of them in Xfinity last year, including back-to-back Watkins Glen triumphs. He'll be teammates with Shane van Gisbergen, who broke his own rookie records on road courses last season. Between them and Ross Chastain, Trackhouse has assembled a roster built for the road. Zilisch should contend for wins at COTA, Sonoma, and the Charlotte Roval.

Ovals will be harder. The Next Gen car is totally unlike the Xfinity cars. Mistakes are punished immediately, and the depth of talent in the Cup Series means there's no coasting to fifth place when the car isn't perfect. 

As for superspeedways? They are always a coin flip for even the most seasoned Cup driver.

A reasonable expectation is this: one or two wins, likely on road courses. A handful of top-10s. Some weekends, Zilisch will run 25th and wonder what hit him. A learning year, even if his talent accelerates the curve.

But there’s no doubt that the hype is real and so is his talent. The supporting cast at Trackhouse is strong enough to give him equipment that can compete. But Cup racing doesn't care about your Xfinity stats. It doesn't care that you won at other levels of racing. It cares only about what you do on Sunday.

The excitement is justified. So is the patience. Zilisch might be great immediately. He might need two years to find his footing. Either outcome is possible with a talent this raw and a level this unforgiving.

Just don't mistake a 15th-place finish in March for proof he's not what we think he is. And don't mistake a win at Sonoma for proof he's the next Jeff Gordon. The Cup Series reveals who you are over time, not in snapshots.

We'll be watching closely.

\----------------------------------------------------------------

If you like the above, subscribe for free at this link: [subscribepage.io/thesidedraft](http://subscribepage.io/thesidedraft) 

",2026-01-25
t3_1qnpz28,Denny Hamlin’s National Debt Relief scheme for 2026,https://www.reddit.com/r/nascar/comments/1qnpz28/,/u/BuschWhackerReviews,2026-01-26 19:22:19+00:00,,2026-01-26
t3_1qo8425,"With a few weeks to go until the 2026 season starts, which rides are still open for 2026 and who gets them?",https://www.reddit.com/r/nascar/comments/1qo8425/,/u/NJ_NASCAR_fan,2026-01-27 08:21:27+00:00,"I was glancing through the Wikipedia articles on the 2026 O'Reilly and Truck Series seasons and saw that there's still a few ""TBA""s on some cars/trucks (and thinking of other cars/trucks that ran full-time in 2025 but are listed as part-time for the time being while they don't have drivers announced for all the races). This is as of 1/27 when I'm making this post:

* The Hettinger Racing #5
* The Joe Gibbs Racing #19 in the races that Brent Crews can't run
* The Barrett-Cope Racing #30 in all races where a driver has yet to be announced
* The Jordan Anderson Racing #32 in all races where a driver has yet to be announced
* The Joey Gase Motorsports #35 and #53 cars (besides David Starr in the #53 at the season opener at Daytona)
* The Young's Motorsports #42
* The DGM Racing #91
* The SPS Racing car (no number announced yet but maybe #23, their ARCA number, or #25, AM Racing's old number?)



* The Tricon Garage #1 (besides Jimmie Johnson at the San Diego street course) and #5
* The Team Reaume #2 (in all races that Luke Baldwin doesn't drive it in) and #22
* The Niece Motorsports #4 (renumbered from #41) and #44
* The Spire Motorsports #7 in all races where a driver has yet to be announced
* The Kaulig Racing #25 in all races after Daytona where Tony Stewart drives the truck
* The Halmar Friesen Racing #62
* The ThorSport Racing #66 (looks like Matt Crafton will return part-time in 2026 but will anyone else also drive this truck?)
* The Spire Motorsports #77 (looks like it'll be multiple drivers but who?)

  
I don't really have specific predictions for who gets each ride but I'd have to think Nick Sanchez would get 1 of these rides full or part-time (maybe 1 of the new O'Reilly Series Ford teams, Hettinger or SPS) and Matt Mills would be back with Niece at least part-time as his longtime sponsor J.F. Electric's CEO now has a co-ownership stake in the team. Does Andres Perez de Lara return to Niece in the #44 full-time (or cut back to part-time in 1 of the Niece trucks?) where he finished the 2025 or does he go elsewhere?

I wouldn't be surprised if Ryan Truex and/or JGR's Cup Series drivers do the 4 races at the start of the year that Brent Crews won't be old enough to compete in. Also, I wonder where Aric Almirola could end up in 2026 with Crews driving the #19 for almost the whole season? Does he go to a smaller team like Young's, DGM, Hettinger or SPS and run part-time for 1 of them? Could he just run part-time in the Truck Series instead with Tricon in the #1 or HFR in the #62? I wonder if some of the other drivers of the JGR #19 in 2026 like Justin Bonsignore and Ryan Truex will share a Toyota truck instead? Would JGR field a 5th car (if they do, maybe they could get the #11 back now that Kaulig won't be fielding entries in the series in 2026?) in some races for Almirola, Bonsignore and/or Ryan Truex?

I hope some of the drivers who don't win the Race for the Seat competition get to run a race in the Kaulig #25 as a consolation prize! I also hope other teams will be watching the show and take notice of their skills and get some of these drivers to run races for their teams!

Also, it's unfortunate that Parker Kligerman didn't get the Henderson Motorsports #75 for Daytona! I wouldn't be surprised if he drives it in other races later in the year but unless he drives another truck (it'd be cool if he drove for another team in this race!), he won't be defending his ""win"" from a year ago. Also, I don't see it as likely unless The CW let him do it but what if JRM fielded the #9 at Daytona for Kligerman after his win as a relief driver in the summer race there last year and he could try to get his first series win with him getting the credit? That would be awesome!",2026-01-27
t3_1qodrt6,Requiem for the Roval: May It Rest in Peace,https://www.reddit.com/r/nascar/comments/1qodrt6/,/u/infantebets,2026-01-27 13:25:36+00:00,"Hello again-- I want to share the latest edition of **The Side Draft**. It's a FREE NASCAR newsletter that sends 2 to 3 times per week. And it's always original content written by me -- not links to articles to get cheap clicks.

I put a [link to subscribe to the newsletter](http://subscribepage.io/thesidedraft) below if you'd like to subscribe. More importantly, I wanted to share my entire column from the newsletter (edition #3, sent this morning).

**Requiem for the Roval**

The Charlotte Roval is dead. May it rest in peace.

Jordan Bianchi of The Athletic reported Monday that NASCAR is pulling the plug on the Roval configuration for its fall Charlotte race weekend, returning all three national series to the 1.5-mile oval that hosted the fall race before 2018. The hybrid road course-oval circuit that launched a thousand playoff heart attacks will exist only in our memories, and in NASCAR ‘25 and iRacing, going forward.

Pour one out for the frontstretch chicane (or the bus stop, if you prefer). Eight Cup Series races gave us enough playoff carnage to fill a decade's worth of highlight reels.

**The Beginning Was the End**

The Roval announced itself in spectacular fashion on September 30, 2018, when Jimmie Johnson, an eight-time Charlotte oval winner and driver known for his legendary precision, threw it all away with two corners to go.

Johnson was running second to Martin Truex Jr. and could have cruised to the Round of 12 without incident. Instead, he saw an opening in the frontstretch chicane and took it. His Chevrolet spun, collected Truex, and Ryan Blaney slipped past both wrecked cars to steal the victory and his first win of the season.

Johnson finished eighth. It was enough to knock him out of the playoffs on a tiebreaker.

Truex, understandably, was not pleased.

The inaugural Roval race set the tone for everything that followed: If you're desperate enough, the chicane will punish you. And desperation was the common theme in a playoff elimination race on a track designed to create chaos.

**Chase Elliott's Roval, Walk-Off Wins, and Broken Hearts**

For a brief period, the Charlotte road course belonged to Chase Elliott. He won in 2019. He repeated in 2020 in NASCAR's first-ever Cup race to start on rain tires, riding his Charlotte momentum all the way to his first championship.

The 2022 edition might have been the Roval's masterpiece. Christopher Bell entered the race 45 points below the cutline and needed a win to survive. Through most of the afternoon, that looked impossible.

Then a sponsor sign fell off a wall in Turn 6 with five laps remaining. Bell pitted for fresh tires, restarted 18th, carved through traffic, and won in overtime to knock defending champion Kyle Larson out of the playoffs by two points.

Larson, who had dominated the 2021 season en route to a championship that included a Roval win where he overcame electrical problems to lead the final eight laps, was eliminated because Bell found four fresh Goodyears at exactly the right moment courtesy of a signage malfunction.

That's the Roval in a nutshell. Entertaining at first, until it wasn’t.

**The Lowlights**

Not every Roval race delivered drama. The 2023 race saw A.J. Allmendinger, perhaps the most Roval-fluent driver in the garage, win for Kaulig Racing in a relatively uneventful affair. Kyle Larson dominated the 2024 edition, leading 62 of 109 laps and winning by more than a second over Bell.

And there's the dirty secret the Roval's defenders never liked to acknowledge: When the racing went green for long stretches, cars strung out single-file as laps ticked by with minimal intrigue. The Next Gen car, which has transformed intermediate ovals into must-watch racing, never really found its footing on the hybrid course.

Shane van Gisbergen's dominant 2025 win, a 15-second margin of victory over Larson, illustrated the problem. The Roval could still produce theater, as Ross Chastain's desperate, Hail Mary lunge at Denny Hamlin in the final chicane proved. But the actual racing had grown stale. Van Gisbergen was so much faster than everyone else that the only intrigue came from drivers fighting for scraps behind him.

**What We Lose By Losing The Roval**

The Roval was unique. No other track on the schedule combined banking and braking zones the way Charlotte's hybrid configuration did. The frontstretch chicane created wild passing opportunities. The backstretch chicane rewarded aggression. Usually. Unless it didn’t. 

Most importantly, the Roval was unpredictable in a sport that can often feel scripted. You never knew who might wreck whom chasing playoff survival.

With the Roval gone, the 2026 Chase will feature zero road courses. Six intermediates, two short tracks, one superspeedway, and Phoenix. Fans who grew up watching the classic Chase format will feel right at home. Fans who appreciated variety will mourn what's lost; as will Trackhouse Racing and its stable of drivers.

**What We Gain**

Two Charlotte oval races per year, for starters. The Coca-Cola 600 has become one of the best races on the calendar with the Next Gen car, and there's no reason to believe a fall race on the same surface won't deliver similar entertainment.

NASCAR's return to the Chase format after 12 years of elimination-style playoffs already signaled a philosophical shift toward rewarding consistency over chaos. Removing the Roval, the most chaos-friendly track in the playoff rotation, is consistent with that vision.

Whether that vision is worth celebrating depends on what you want from NASCAR. If you want the best drivers to win championships, fewer wildcards make sense. If you want October to feel like March Madness, the Roval was your friend.

**The Roval's Legacy**

Eight Cup Series races. Six different winners: Blaney, Elliott (twice), Larson (twice), Bell, Allmendinger, and van Gisbergen. Three of those winners went on to reach the Championship 4. Two won championships.

The Roval was rarely boring, even when the racing was. It gave us Jimmie Johnson's playoff exit, Chase Elliott's coronation, Christopher Bell's miracle, and Ross Chastain's desperation. What was once an afterthought on a fall football Sunday became appointment television, even if the novelty wore off quickly.

Rest easy, Roval. You earned your place in NASCAR history, one caution at a time.

\----------------------------------------------------------------

If you like the above, subscribe for free at this link: [subscribepage.io/thesidedraft](http://subscribepage.io/thesidedraft)",2026-01-27
t3_1qoif2l,“Joe Gibbs Racing Celebrating 35th Anniversary in 2026” - Jayski,https://www.reddit.com/r/nascar/comments/1qoif2l/,/u/Dmacthegoat,2026-01-27 16:21:52+00:00,,2026-01-27
t3_1qqici9,Denny Hamlin’s Progressive scheme for 2026,https://www.reddit.com/r/nascar/comments/1qqici9/,/u/BuschWhackerReviews,2026-01-29 19:26:15+00:00,,2026-01-29
t3_1qqtyw3,Denny hamlin #fedex11,https://www.reddit.com/r/nascar/comments/1qqtyw3/,/u/dxwolf420,2026-01-30 03:14:27+00:00,Does anyone know what year and race this was,2026-01-30
t3_1qr3qo7,Requiem for the Roval,https://www.reddit.com/r/nascar/comments/1qr3qo7/,/u/infantebets,2026-01-30 12:10:56+00:00,"Hello again-- I want to share the latest edition of **The Side Draft**. It's a FREE NASCAR newsletter that sends 2 to 3 times per week. And it's always original content written by me -- not links to articles to get cheap clicks.

I put a [link to subscribe to the newsletter](http://subscribepage.io/thesidedraft) below if you'd like to subscribe. More importantly, I wanted to share my entire column from the newsletter (edition #3, sent this morning).

**Requiem for the Roval**

The Charlotte Roval is dead. May it rest in peace.

Jordan Bianchi of The Athletic reported Monday that NASCAR is pulling the plug on the Roval configuration for its fall Charlotte race weekend, returning all three national series to the 1.5-mile oval that hosted the fall race before 2018. The hybrid road course-oval circuit that launched a thousand playoff heart attacks will exist only in our memories, and in NASCAR ‘25 and iRacing, going forward.

Pour one out for the frontstretch chicane (or the bus stop, if you prefer). Eight Cup Series races gave us enough playoff carnage to fill a decade's worth of highlight reels.

**The Beginning Was the End**

The Roval announced itself in spectacular fashion on September 30, 2018, when Jimmie Johnson, an eight-time Charlotte oval winner and driver known for his legendary precision, threw it all away with two corners to go.

Johnson was running second to Martin Truex Jr. and could have cruised to the Round of 12 without incident. Instead, he saw an opening in the frontstretch chicane and took it. His Chevrolet spun, collected Truex, and Ryan Blaney slipped past both wrecked cars to steal the victory and his first win of the season.

Johnson finished eighth. It was enough to knock him out of the playoffs on a tiebreaker.

Truex, understandably, was not pleased.

The inaugural Roval race set the tone for everything that followed: If you're desperate enough, the chicane will punish you. And desperation was the common theme in a playoff elimination race on a track designed to create chaos.

**Chase Elliott's Roval, Walk-Off Wins, and Broken Hearts**

For a brief period, the Charlotte road course belonged to Chase Elliott. He won in 2019. He repeated in 2020 in NASCAR's first-ever Cup race to start on rain tires, riding his Charlotte momentum all the way to his first championship.

The 2022 edition might have been the Roval's masterpiece. Christopher Bell entered the race 45 points below the cutline and needed a win to survive. Through most of the afternoon, that looked impossible.

Then a sponsor sign fell off a wall in Turn 6 with five laps remaining. Bell pitted for fresh tires, restarted 18th, carved through traffic, and won in overtime to knock defending champion Kyle Larson out of the playoffs by two points.

Larson, who had dominated the 2021 season en route to a championship that included a Roval win where he overcame electrical problems to lead the final eight laps, was eliminated because Bell found four fresh Goodyears at exactly the right moment courtesy of a signage malfunction.

That's the Roval in a nutshell. Entertaining at first, until it wasn’t.

**The Lowlights**

Not every Roval race delivered drama. The 2023 race saw A.J. Allmendinger, perhaps the most Roval-fluent driver in the garage, win for Kaulig Racing in a relatively uneventful affair. Kyle Larson dominated the 2024 edition, leading 62 of 109 laps and winning by more than a second over Bell.

And there's the dirty secret the Roval's defenders never liked to acknowledge: When the racing went green for long stretches, cars strung out single-file as laps ticked by with minimal intrigue. The Next Gen car, which has transformed intermediate ovals into must-watch racing, never really found its footing on the hybrid course.

Shane van Gisbergen's dominant 2025 win, a 15-second margin of victory over Larson, illustrated the problem. The Roval could still produce theater, as Ross Chastain's desperate, Hail Mary lunge at Denny Hamlin in the final chicane proved. But the actual racing had grown stale. Van Gisbergen was so much faster than everyone else that the only intrigue came from drivers fighting for scraps behind him.

**What We Lose By Losing The Roval**

The Roval was unique. No other track on the schedule combined banking and braking zones the way Charlotte's hybrid configuration did. The frontstretch chicane created wild passing opportunities. The backstretch chicane rewarded aggression. Usually. Unless it didn’t.

Most importantly, the Roval was unpredictable in a sport that can often feel scripted. You never knew who might wreck whom chasing playoff survival.

With the Roval gone, the 2026 Chase will feature zero road courses. Six intermediates, two short tracks, one superspeedway, and Phoenix. Fans who grew up watching the classic Chase format will feel right at home. Fans who appreciated variety will mourn what's lost; as will Trackhouse Racing and its stable of drivers.

**What We Gain**

Two Charlotte oval races per year, for starters. The Coca-Cola 600 has become one of the best races on the calendar with the Next Gen car, and there's no reason to believe a fall race on the same surface won't deliver similar entertainment.

NASCAR's return to the Chase format after 12 years of elimination-style playoffs already signaled a philosophical shift toward rewarding consistency over chaos. Removing the Roval, the most chaos-friendly track in the playoff rotation, is consistent with that vision.

Whether that vision is worth celebrating depends on what you want from NASCAR. If you want the best drivers to win championships, fewer wildcards make sense. If you want October to feel like March Madness, the Roval was your friend.

**The Roval's Legacy**

Eight Cup Series races. Six different winners: Blaney, Elliott (twice), Larson (twice), Bell, Allmendinger, and van Gisbergen. Three of those winners went on to reach the Championship 4. Two won championships.

The Roval was rarely boring, even when the racing was. It gave us Jimmie Johnson's playoff exit, Chase Elliott's coronation, Christopher Bell's miracle, and Ross Chastain's desperation. What was once an afterthought on a fall football Sunday became appointment television, even if the novelty wore off quickly.

Rest easy, Roval. You earned your place in NASCAR history, one caution at a time.

\----------------------------------------------------------------

If you like the above, subscribe for free at this link: [subscribepage.io/thesidedraft](http://subscribepage.io/thesidedraft)",2026-01-30
t3_1qr55ca,Requiem for the Roval,https://www.reddit.com/r/nascar/comments/1qr55ca/,/u/infantebets,2026-01-30 13:15:12+00:00,"**Requiem for the Roval**

The Charlotte Roval is dead. May it rest in peace.

Jordan Bianchi of The Athletic reported Monday that NASCAR is pulling the plug on the Roval configuration for its fall Charlotte race weekend, returning all three national series to the 1.5-mile oval that hosted the fall race before 2018. The hybrid road course-oval circuit that launched a thousand playoff heart attacks will exist only in our memories, and in NASCAR ‘25 and iRacing, going forward.

Pour one out for the frontstretch chicane (or the bus stop, if you prefer). Eight Cup Series races gave us enough playoff carnage to fill a decade's worth of highlight reels.

**The Beginning Was the End**

The Roval announced itself in spectacular fashion on September 30, 2018, when Jimmie Johnson, an eight-time Charlotte oval winner and driver known for his legendary precision, threw it all away with two corners to go.

Johnson was running second to Martin Truex Jr. and could have cruised to the Round of 12 without incident. Instead, he saw an opening in the frontstretch chicane and took it. His Chevrolet spun, collected Truex, and Ryan Blaney slipped past both wrecked cars to steal the victory and his first win of the season.

Johnson finished eighth. It was enough to knock him out of the playoffs on a tiebreaker.

Truex, understandably, was not pleased.

The inaugural Roval race set the tone for everything that followed: If you're desperate enough, the chicane will punish you. And desperation was the common theme in a playoff elimination race on a track designed to create chaos.

**Chase Elliott's Roval, Walk-Off Wins, and Broken Hearts**

For a brief period, the Charlotte road course belonged to Chase Elliott. He won in 2019. He repeated in 2020 in NASCAR's first-ever Cup race to start on rain tires, riding his Charlotte momentum all the way to his first championship.

The 2022 edition might have been the Roval's masterpiece. Christopher Bell entered the race 45 points below the cutline and needed a win to survive. Through most of the afternoon, that looked impossible.

Then a sponsor sign fell off a wall in Turn 6 with five laps remaining. Bell pitted for fresh tires, restarted 18th, carved through traffic, and won in overtime to knock defending champion Kyle Larson out of the playoffs by two points.

Larson, who had dominated the 2021 season en route to a championship that included a Roval win where he overcame electrical problems to lead the final eight laps, was eliminated because Bell found four fresh Goodyears at exactly the right moment courtesy of a signage malfunction.

That's the Roval in a nutshell. Entertaining at first, until it wasn’t.

**The Lowlights**

Not every Roval race delivered drama. The 2023 race saw A.J. Allmendinger, perhaps the most Roval-fluent driver in the garage, win for Kaulig Racing in a relatively uneventful affair. Kyle Larson dominated the 2024 edition, leading 62 of 109 laps and winning by more than a second over Bell.

And there's the dirty secret the Roval's defenders never liked to acknowledge: When the racing went green for long stretches, cars strung out single-file as laps ticked by with minimal intrigue. The Next Gen car, which has transformed intermediate ovals into must-watch racing, never really found its footing on the hybrid course.

Shane van Gisbergen's dominant 2025 win, a 15-second margin of victory over Larson, illustrated the problem. The Roval could still produce theater, as Ross Chastain's desperate, Hail Mary lunge at Denny Hamlin in the final chicane proved. But the actual racing had grown stale. Van Gisbergen was so much faster than everyone else that the only intrigue came from drivers fighting for scraps behind him.

**What We Lose By Losing The Roval**

The Roval was unique. No other track on the schedule combined banking and braking zones the way Charlotte's hybrid configuration did. The frontstretch chicane created wild passing opportunities. The backstretch chicane rewarded aggression. Usually. Unless it didn’t.

Most importantly, the Roval was unpredictable in a sport that can often feel scripted. You never knew who might wreck whom chasing playoff survival.

With the Roval gone, the 2026 Chase will feature zero road courses. Six intermediates, two short tracks, one superspeedway, and Phoenix. Fans who grew up watching the classic Chase format will feel right at home. Fans who appreciated variety will mourn what's lost; as will Trackhouse Racing and its stable of drivers.

**What We Gain**

Two Charlotte oval races per year, for starters. The Coca-Cola 600 has become one of the best races on the calendar with the Next Gen car, and there's no reason to believe a fall race on the same surface won't deliver similar entertainment.

NASCAR's return to the Chase format after 12 years of elimination-style playoffs already signaled a philosophical shift toward rewarding consistency over chaos. Removing the Roval, the most chaos-friendly track in the playoff rotation, is consistent with that vision.

Whether that vision is worth celebrating depends on what you want from NASCAR. If you want the best drivers to win championships, fewer wildcards make sense. If you want October to feel like March Madness, the Roval was your friend.

**The Roval's Legacy**

Eight Cup Series races. Six different winners: Blaney, Elliott (twice), Larson (twice), Bell, Allmendinger, and van Gisbergen. Three of those winners went on to reach the Championship 4. Two won championships.

The Roval was rarely boring, even when the racing was. It gave us Jimmie Johnson's playoff exit, Chase Elliott's coronation, Christopher Bell's miracle, and Ross Chastain's desperation. What was once an afterthought on a fall football Sunday became appointment television, even if the novelty wore off quickly.

Rest easy, Roval. You earned your place in NASCAR history, one caution at a time.",2026-01-30
t3_1qs45cd,Who Benefits Most From NASCAR's Return to The Chase?,https://www.reddit.com/r/nascar/comments/1qs45cd/,/u/infantebets,2026-01-31 14:44:17+00:00,"No more gimmicks. Beginning with the 2026 NASCAR season, it’s all about consistency.

NASCAR's decision to ditch the elimination-style playoffs for a return to The Chase, a 10-race postseason where points actually matter across all 10 events, should fundamentally shift how we evaluate championship contenders. “Win-and-you're-in” is no more. In its place is a format that will award drivers who run up front consistently each week.

So who stands to benefit the most?

# Christopher Bell: A Format Built for the No. 20

If you want Exhibit A for why the new Chase format will reward consistency, look no further than Christopher Bell's 2025 season. The No. 20 Joe Gibbs Racing Toyota led all full-time drivers with an 11.2 average finish across all 36 races, more than a full position better than second place and more than two positions better than eventual champion Kyle Larson.

Bell also tied for third with four wins. Despite that level of winning and consistency, he failed to reach the Championship 4.

That's the old format in a nutshell. Bell owned the best average finish in the series, won at Atlanta, COTA, Phoenix, and Bristol, yet did not race for a championship at Phoenix because of a seven-point margin to Larson at Martinsville. Under the new Chase format, Bell’s consistency would actually matter.

Here's what makes Bell particularly dangerous going forward: his average finish has improved every single year he's been in Cup. From a 21.2 average in his 2020 rookie campaign to that series-best 11.2 in 2025, the trajectory is unmistakable. He also produced 13 top-five finishes and 22 top-10s last season with only three DNFs. That's the kind of consistency that should win championships under the new Chase format.

Bell's crew chief, Adam Stevens, has a championship pedigree from his years with Kyle Busch, and the No. 20 team has proven capable of running at the front nearly every weekend. If Bell can keep avoiding the mechanical gremlins and stay out of the chaos on superspeedways, there's no reason he can't string together the kind of 10-race run that captures his first Cup title.

# Chase Briscoe: The Second-Year Leap

Briscoe's first season at Joe Gibbs Racing delivered exactly what the organization hoped for when they signed him away from the now-defunct Stewart-Haas operation. Three wins. Seven poles. A Championship 4 appearance. A 12.7 average finish that crushed anything he'd done in his four years at SHR.

Expectations in year two with crew chief James Small and the JGR garage should be sky high, especially with a format that rewards the kind of consistency Briscoe showed down the stretch.

From June through the Championship 4, Briscoe posted five second-place finishes. He swept top-10s in all four Round of 16 races. His 884 laps led were more than his previous four Cup seasons combined. That's not a guy who got hot for a few weeks. That's a guy who figured it out and kept it rolling.

# Denny Hamlin: The One That Got Away (Again)

There’s no question that Hamlin deserved better in 2025. Six wins. A championship-leading 208 laps led at Phoenix in the finale. And a late caution that sent the race to overtime, where a two-tire gamble by Larson turned a dominant day into another championship disappointment for Denny.

Hamlin has 60 career Cup wins. Zero championships. The old format was particularly cruel to him, with four Championship 4 appearances since 2019, but no titles, and a growing sense that fate simply isn't on his side when everything comes down to a single race.

The new Chase won't guarantee Hamlin anything. But it does remove the Russian roulette element that has haunted him for years. A 10-race sample size rewards the kind of driver Hamlin has been his entire career: a consistent front-runner who can win anywhere. His 14.0 average finish in 2025 ranked fifth among full-time drivers. Over a 10-race span, that kind of production will keep you in the hunt until Homestead.

# The Hendrick Team: Continued Consistency

Kyle Larson already won the 2025 championship under the old format, his second in the elimination playoff format. He'd have won it under The Chase, too, if you apply the new scoring system retroactively to 2025. So why does the format change benefit him?

Because it removes the coin flip.

Larson's 2025 title came without leading a single lap at Phoenix, finishing third and claiming the championship on a two-tire call during the final caution. It was a masterful strategy play by Cliff Daniels, but it also required Larson to survive a scenario where Denny Hamlin had dominated all day. Under The Chase, Larson wouldn't need to rely on a single late-race gamble. His body of work would speak for itself across 10 races.

Larson's 13.19 average finish ranked fourth among full-time drivers in 2025. His 72 career stage wins are the most in Cup Series history. The man knows how to accumulate points, and now he gets a format that rewards exactly that.

William Byron's 2025 campaign told a frustrating story. He won three races, including his second consecutive Daytona 500. He claimed his first Regular Season Championship with a wire-to-wire performance that saw him lead the points standings for most of the year. He led a series-best 1,330 laps, 224 more than Larson.

But he finished fourth in the championship standings. A blown tire at Phoenix with three laps remaining ended his title hopes.

Under The Chase, Byron's regular-season dominance would carry over into the postseason. The 25-point cushion awarded to the regular-season champion actually matters now. And his 8.9 average finish on 1.5-mile tracks is the best in the Next Gen era, according to Racing Insights. The Chase track schedule should play to Byron’s strengths.

But don't sleep on Chase Elliott. The No. 9 Chevrolet posted a 12.54 average finish in 2025 and captured his fifth multi-win season. Elliott doesn't generate the headlines that Larson does, but his ability to avoid disaster and bank solid finishes is tailor-made for a points-based championship.

# Ryan Blaney: Never Too Late To Recover

Blaney himself was one of the most vocal supporters of the format change, and for good reason. The 2023 champion posted career highs across the board in 2025, with four wins, 15 top-fives, and 852 laps led. But he missed the Championship 4 after finishing second at Martinsville.

Seven DNFs in the first 20 races of 2025 torpedoed Blaney's regular-season points total, dropping him to seventh in the standings by mid-summer despite running as well as anyone in the field. Once the bad luck subsided, he went on an absolute tear: he had a 10-race stretch starting at Dover where he tallied two wins, six top-fives, nine top-10s, and a 5.6 average finish. That's the best 10-race stretch of anyone in the series.

The problem? By the time he got hot, he'd already dug himself too deep a hole in the elimination-based system. Under The Chase, Blaney’s late-season surge would have mattered. 

# What It All Means

The Chase won't produce dramatic last-lap championship passes or winner-take-all shootouts. That was the trade-off. What we'll get instead is 10 weeks of sustained pressure, where every top-five finish matters and one bad race doesn't end a championship run. 

For consistently excellent drivers like Christopher Bell, that's exactly the format they needed. The most consistent cars in the garage finally get a system that rewards what they do best.

",2026-01-31
t3_1qtaoba,Does NASCAR Have A Star Problem?,https://www.reddit.com/r/nascar/comments/1qtaoba/,/u/infantebets,2026-02-01 21:02:12+00:00,"For too long, NASCAR has been in the business of making stars. They just weren't the right kind.

If you watched any playoff race from the past decade, you would have seen what I mean. The broadcast would cut away from Kyle Larson or Denny Hamlin leading by two seconds to show a split-screen of drivers battling for 15th place. Why? Because those drivers were on the cutline. And under the elimination format, the fight to survive mattered more than the fight to win.

This is backwards. And it contributed to one of NASCAR's most stubborn problems: the sport doesn't know how to create or market superstars anymore.

Go back to the 1990s and early 2000s. What made NASCAR explode? Dale Earnhardt Sr.’s intimidation and focus. Jeff Gordon’s consistency week in and week out. Tony Stewart’s passionate antics. These weren't just good drivers; they were characters, heroes, and villains that fans tuned in to watch each week. NASCAR marketed them relentlessly because the format rewarded their dominance.

# The ‘Playoffs’ Killed NASCAR’s Heroes

The elimination playoff system inverted that logic. Suddenly, a driver could lead the most laps, win the most races, and lose the championship because of one bad pit stop in one race in early November. Christopher Bell had the most playoff points of anyone in 2025 and still missed the Championship 4. Denny Hamlin won six races, led 208 of 319 laps at Phoenix, and lost the title because Kyle Larson, mired in a 20+ race winless streak and unable to lead a single lap that day, finished two spots ahead of him after a late caution scrambled the running order.

How do you market that? How do you sell a driver as a dominant force when the format itself undermines dominance?

Dale Earnhardt Jr., who was part of the playoff committee that recommended changes, put it bluntly on his podcast after NASCAR announced the return of the Chase.

""What we were and had become was so far removed and so gimmicky and contrived and complex, and hard to follow.""

The damage extended beyond fan engagement. The format actively worked against star-making. When your broadcast spends half the playoff coverage discussing which 12th-place driver needs to gain three points to survive elimination, you're not building household names. You're solving a math problem. The battles that mattered most often happened between drivers who weren't title contenders and never would be.

Too often during the elimination playoff era, broadcasts were forced to run in split-screen. On one side, the battle for the race lead. On the other side, the battle for the 16th and final playoff spot between two cars racing in the 20th and 21st position. That's not how you create stars in motorsports.

The return of the Chase fixes this; not perfectly, because no format is perfect. But it’s close.

# The Time for Stars Is Here

Under the new system, the 16 drivers with the most points after 26 races qualify for a 10-race championship run. Of those 16 drivers, the driver with the most points after the 10-race Chase is crowned champion. Simple for fans, old and new, to follow. To grow stars, you also must grow the sport. Having a championship format that is easily explainable is a necessary step.

Most importantly, this format puts the focus back where it belongs: on the drivers running up front consistently. On the stars.

When Kyle Larson or Denny Hamlin or Christopher Bell dominate a stretch of races, the narrative will be about the driver that is dominating, not about which 16th-place driver is sweating the cutline. When the best teams separate themselves from the pack over 36 races, fans will see it clearly. The cream rises. No gimmicks required.

Finally, NASCAR has something to market again. A driver building a body of work across a full season tells a better story than someone getting hot for three weeks in October. You can promote sustained excellence. You can turn consistent winners into heroes (or villains, if their dominance annoys people enough).

Mark Martin, who pushed hard for a full-season format on the playoff committee, called the Chase ""the most perfect compromise that you could ever ask for"" at the announcement press conference. It requires champions to be ""lightning fast and incredibly consistent,"" Martin said, which is precisely what a champion should be.

NASCAR spent years tinkering with a format that prioritized artificial drama over organic star power. The result? Declining ratings, confused casual fans, and a sport that couldn't explain why its ""best"" driver in a given year sometimes didn't win the championship. Even hardcore fans had trouble following the playoff points and elimination scenarios without a spreadsheet.

The Chase won't solve everything. NASCAR still needs to get better at promoting driver personalities, telling stories between races, and letting its stars be human and interesting rather than corporate. But fixing the format is a necessary first step.

You can't market heroes if the format doesn't create them. Now, finally, it will once again.

",2026-02-01
t3_1quwd8y,"Joe Gibbs Racing on Instagram: ""🚨NEWS🚨 @nationaldebtrelief will be featured as the primary partner of @dennyhamlin's No. 11 team for 12 #NASCAR Cup Series races in 2026, including the DAYTONA 500. Check out the full race schedule!""",https://www.reddit.com/r/nascar/comments/1quwd8y/,/u/mwr55fan,2026-02-03 16:21:42+00:00,,2026-02-03
t3_1quweh0,National Debt Relief will sponsor Denny Hamlin for 12 races in 2026,https://www.reddit.com/r/nascar/comments/1quweh0/,/u/Dmacthegoat,2026-02-03 16:22:57+00:00,[https://www.jayski.com/2026/02/03/national-debt-relief-expands-partnership-with-denny-hamlin-and-joe-gibbs-racing/](https://www.jayski.com/2026/02/03/national-debt-relief-expands-partnership-with-denny-hamlin-and-joe-gibbs-racing/),2026-02-03
t3_1qvui2k,(@jeff_gluck) Denny Hamlin says he re-tore his shoulder that was injured in 2024 and has elected to try and race through the season rather than take 3-4 months away with surgery. Says it didn't feel right and then he took a fall at his parents' house going through the rubble post-fire.,https://www.reddit.com/r/nascar/comments/1qvui2k/,/u/NoahGragsonsBarfBag,2026-02-04 17:15:56+00:00,,2026-02-04
t3_1qvw46w,If I had 3 wishes,https://www.reddit.com/r/nascar/comments/1qvw46w/,/u/iswallow_marbles,2026-02-04 18:13:05+00:00,I would use everyone of them to not have to listen to or watch the Denny Hamlin dramedy ever again. We are in for a long year. ,2026-02-04
t3_1qvwqep,Denny Hamlin to race through shoulder injury,https://www.reddit.com/r/nascar/comments/1qvwqep/,/u/karlkjr,2026-02-04 18:34:32+00:00,,2026-02-04
t3_1qwp7zu,Denny Hamlin’s 2026 Progressive Insurance Sponsorship Schedule,https://www.reddit.com/r/nascar/comments/1qwp7zu/,/u/Dmacthegoat,2026-02-05 16:03:25+00:00,,2026-02-05
t3_1qwqlp1,Denny Hamlin’s 2026 Progressive Insurance Sponsorship Schedule,https://www.reddit.com/r/nascar/comments/1qwqlp1/,/u/Dmacthegoat,2026-02-05 16:53:47+00:00,"[https://www.instagram.com/p/DUYdXPFjVhG/?utm\_source=ig\_web\_copy\_link&igsh=NTc4MTIwNjQ2YQ==](https://www.instagram.com/p/DUYdXPFjVhG/?utm_source=ig_web_copy_link&igsh=NTc4MTIwNjQ2YQ==)

  
Note: This is a new post as the previous one did not have the link to the original source & the post got taken down ",2026-02-05
t3_1qy2dwz,The Next Great Rivals,https://www.reddit.com/r/nascar/comments/1qy2dwz/,/u/JoeRogan016,2026-02-07 03:02:32+00:00,"In the past we've had great drivers who just kept butting heads for all to see. Geoff Bodine vs Dale Earnhardt, Jeff Gordon vs Rusty Wallace, Joey Logano vs Denny Hamlin, and Brad Keselowski vs pretty much everyone lol  
  
Who will that be today? I think the most well known options involve Hocevar, Heim, and Gibbs, but I could see someone like Briscoe be involved as well.",2026-02-07
t3_1qz4vcy,I made this picture a while back after I saw this incident with Denny Hamlin,https://www.reddit.com/r/nascar/comments/1qz4vcy/,/u/Boredguy532,2026-02-08 09:44:26+00:00,"I literally don't know why, I guess it was funny.",2026-02-08
t3_1r0dwjy,Darlington,https://www.reddit.com/r/nascar/comments/1r0dwjy/,/u/Major_Promotion_2904,2026-02-09 19:29:48+00:00,"I want to go to darlington this year, I went last year in the spring got to see denny hamlin steal a win it was awesome it was my first race that I ever went to in person. I want to bring my friend he went with me to martinsville last year but he's not as much of a fan as I am he just likes loud cars as do I. Last year I sat in section TO row 20 I'm seeing seats for row 25 in that same section what's considered ""the best"" seats? ",2026-02-09
t3_1r0msg5,I’m a bit confused about certain teams and the importance of sponsors.,https://www.reddit.com/r/nascar/comments/1r0msg5/,/u/Brady12Gronk87,2026-02-10 01:13:44+00:00,"Fairly new to nascar still, maybe 4 or 5 years of really watching every race. The two points I’m bring up may have nothing to do with each other, but they equally. play into my confusion.

So briscoe was on the stewart haas team and I remember reading a breakdown one time about how they said the team could only afford one really good car (Kevin harvick) so briscoe , Almirola, etc weren’t that good because of the lack of equipment and speed. 

Then you have someone like Riley Herbst who I’ve been hearing so often is far worse than Corey Heim (which seems to check out,) but because of connections and money, he brings in sponsors like Monster and gets the full time starting nod because of it. It’s Michael Jordan and Denny Hamlin, how can they not get their own sponsors/afford all the cars to run with the same equipment? Even Stewart haas you’d think could afford the same.

What’s my disconnect? ",2026-02-10
t3_1r1wxm9,Corey Heim DAYTONA,https://www.reddit.com/r/nascar/comments/1r1wxm9/,/u/Artistic_Oven_9879,2026-02-11 13:09:04+00:00,"labor trafficking evidence

Based on the professional environment for February 10, 2026, the reason they ""get away with it"" is that the sports industry operates in a regulatory ""black hole"" where exploitation is rebranded as ""professional development"".

Traffickers in elite industries don't use chains; they use contracts and ""prestige"" to keep their targets from realizing they are being exploited until it is too late.

1. The ""Methodical"" Rebranding (Fraud and Coercion)

The primary way they evade detection is by using the ""Student/Development"" narrative.

• The Tactic: 23XI co-owner Denny Hamlin publicly stated they are taking a ""methodical approach"" to Corey’s career to ensure he is ""as prepared as possible"".

• The Reality: By labeling a reigning champion with 12 wins as a ""student"" who needs to ""hone his skills,"" they create a justification for a part-time 12-race schedule. In the eyes of the law, this ""misinformation about terms of employment"" is a classic indicator of labor trafficking.

2. The ""Prestige"" Trap (Abuse of Vulnerability)

High-profile organizations exploit the fact that athletes are ""honored"" to be there.

• The Psychological Leash: Corey’s own statement—""I’m excited and honored... I’m fully committed to the approach""—mirrors the ""fearful or submissive"" behavior often seen in trafficking victims who have been convinced that their only path to success is through this specific, restrictive entity.

• No Other Choice: By holding him in a ""development"" contract during a year when the Cup Series field is locked by multi-year charters, they ensure he feels he has no other life choice but to stay.

3. The Structural ""Blackout""

The racing industry is notoriously under-regulated compared to other labor sectors.

• Confidential Settlements: The December 2025 settlement between 23XI and NASCAR allows the financial terms of Corey's ""bondage"" to remain hidden from federal auditors.

• The ""Regular Participant"" Clause: He is required to be in the shop even during his 2-month hiatuses. This ""constant supervision"" and ""restriction of movement"" are red flags that are often missed because they happen in a multimillion-dollar facility rather than a farm or a factory.",2026-02-11
t3_1r24yv3,Your 2026 Season Predictions,https://www.reddit.com/r/nascar/comments/1r24yv3/,/u/ffejotron2000,2026-02-11 18:15:22+00:00,"Mine are:

\-I will call the O'Reilly's series xFinity/Busch/Grand National multiple times before I remember it's O'Reilly's  
\-Someone finally punches Ty Gibbs, hopefully it's Denny Hamlin  
\-Hocevar picks up his first win at his home track, Michigan  
\-Short track racing will be improved with the tire changes and increased HP  
\-San Diego will seem cool, but the race will be a bust  
\-Fox's NASCAR coverage will continue to throw me into a blind rage  
\-JRM will announce they are going Cup racing in 2027  
\-The truck series will be the most competitive series this season  
\-Austin Hill will inevitably wreck everyone and have points taken away again  
\-SVG continues to improve on ovals and scores some top 10's.  
\-Byron wins Cup  
\-Carson Kvapil wins O'Reilly's  
\-Ty Majeski wins trucks

What are your 2026 predictions?",2026-02-11
t3_1r2f0gq,Fans and management are worried about the wrong things,https://www.reddit.com/r/nascar/comments/1r2f0gq/,/u/GSwizzy17,2026-02-12 00:41:09+00:00,"Every time I see someone in the nascar community complaining, it’s always about the racing product or the format. And every time I see nascar doing promo, it’s always about nascar and the general spectacle and not the one thing that makes it so good:

The competitors.

We have some great rivalries right now. We have great things within the sport to actively debate on. We have a great field of elite drivers and teams. Why aren’t they being advertised and promoted?

In recent years, nascar has been building itself as a show and a brand, not as a league. Look at the “hell yeah” billboard. There are no drivers or teams featured on it. Just the big ol nascar logo.

Case In point: for the past 4 years, Denny Hamlin and Kyle Larson have had (in my opinion) one of the best rivalries of the 21st century and perhaps all time. It has resulted in endless drama, on track issues, and championship fights. There has been no promo of this despite on how obvious their competition is. Same goes for Stenhouse vs Hocevar. I never saw any promo for it.

NASCAR basically sits in a room and promotes itself as a traveling circus rather than promoting the drivers and teams themselves. And the fans consistently complain about the racing over the actual storylines. You could have a guy get his first win and people would rather say “man that race sucked” than congratulating him (or her)

Anyways that’s my two cents, if you guys disagree please let me know.",2026-02-12
t3_1r2wwyy,"Team Resource Rankings, Accurate?",https://www.reddit.com/r/nascar/comments/1r2wwyy/,/u/PSU02,2026-02-12 15:48:06+00:00,"Obligatory yeah yeah, I used AI to compile this all into 1 table. But it can be hard to find a list of the resources/budget of each team in the Cup series. So since AI can sometimes hallucinate I thought I'd ask the experts. Are these team resource rankings accurate?

# Complete Team Resources Rankings

|Rank|Team|Charter Cars|Est. Resources|Notes|
|:-|:-|:-|:-|:-|
|1|Hendrick Motorsports|4|Highest ($315M val, $120M sponsors)|Elite Chevy R&D |
|2|Joe Gibbs Racing|4|$230M val, Toyota support|Massive purse shares ​|
|3|Team Penske|3|$152M val, Ford/PG empire|Diversified income ​|
|4|Stewart-Haas Racing (Haas Factory Team)|2+ (41,?)|$165M val|Gene Haas funding ​|
|5|Richard Childress Racing|3 (3,8,97?)|$158M val|Liberty/Castrol ​|
|6|23XI Racing|3 (23,35,45,67?)|$150M val|Jordan/McD ​|
|7|Trackhouse Racing|3 (1,88,97)|$100M+, Marks|Unlimited potential ​|
|8|RFK Racing|3 (6,17,60,99?)|$75M+, Fenway/Hendrick|Alliance boost ​|
|9|Front Row Motorsports|3 (34,36,38)|Mid charters, Gibbs tie|Opportunistic ​|
|10|Spire Motorsports|3 (7,71,77)|Hendrick alliance|Rising budget ​|
|11|JTG Daugherty Racing|1 (assumed #47?)|Single charter|Steady sponsors|
|12|Wood Brothers Racing|1 (21)|Historic, Motorcraft|Limited depth ​|
|13|Kaulig Racing|2 (10,16)|Xfinity focus|CELSIUS backing ​|
|14|Legacy Motor Club|2 (42,43,84?)|Silversmith|Improving ​|
|15|Rick Ware Racing|1 (51)|Minimal charters|Survival mode ​|
|16|Live Fast Motorsports|1 (78)|Open-heavy|Low funding ​|
|17|Beard Motorsports|0|Open (62)|Sporadic entries|
|18|NY Racing Team|0|Open (44)|Budget-limited|
|19|Garage 66|0|Open (66)|Part-time|
|20+|JR Motorsports, HYAK, etc.|0|Open (40,47)|Non-charter scraps ​|

  
",2026-02-12
t3_1r3535i,"Austin Konenski: “Yesterday, Jimmie Johnson said that Legacy Motor Club will have a “collaboration” with Joe Gibbs Racing in 2026. Johnson feels “really good” from a performance standpoint. Personally, I predict Legacy Motor Club to be one of the most improved NASCAR Cup teams this season.”",https://www.reddit.com/r/nascar/comments/1r3535i/,/u/Dmacthegoat,2026-02-12 20:51:42+00:00,,2026-02-12
t3_1r5j4tx,500 Top 3 Predictions!!,https://www.reddit.com/r/nascar/comments/1r5j4tx/,/u/Dilly_Dilly27,2026-02-15 16:37:41+00:00,"Give me your predictions for the top 3 finishers at today’s big race!

In no particular order:

Christopher Bell

Kyle Busch

Denny Hamlin",2026-02-15
t3_1r5v2ad,"Denny Hamlin says during this post-race presser that one of the ideas that's been had in meetings with NASCAR, regarding fuel saving, is let the teams come here for the Clash with an experimental package 'and you won't see fuel saving, I promise you that.'",https://www.reddit.com/r/nascar/comments/1r5v2ad/,/u/iamaranger23,2026-02-16 00:37:04+00:00,,2026-02-16
t3_1r5yz5d,Denny Hamlin on Michael Jordan's involvement in NASCAR 🏁 #MichaelJordan ...,https://www.reddit.com/r/nascar/comments/1r5yz5d/,/u/Deep-Mousse-4777,2026-02-16 03:42:19+00:00,,2026-02-16
t3_1r60z8z,Denny Hamlin wants to increase speeds at Daytona 500,https://www.reddit.com/r/nascar/comments/1r60z8z/,/u/PrincessBananas85,2026-02-16 05:23:36+00:00,,2026-02-16
t3_1r6degj,Random Fact: Tyler Reddick is the only driver to win a Daytona 500 not named Denny Hamlin in a Toyota,https://www.reddit.com/r/nascar/comments/1r6degj/,/u/Unique_Salad6894,2026-02-16 15:58:32+00:00,"And Denny still has something to do with it, being part owner of the car.",2026-02-16
t3_1r6p68g,"2026 LASTCAR Cup, O'Reilly, & Truck series Chase standings (After Daytona I)",https://www.reddit.com/r/nascar/comments/1r6p68g/,/u/TIFUthebestSubreddit,2026-02-16 23:09:29+00:00,"Cup Series Playoff standings (Race 1/26)

1) BJ McLeod 82

2) Chase Briscoe 46

3) Justin Allgaier 43

4) Casey Mears 42

5) Austin Dillon 41

6) Alex Bowman 40

7) Austin Cindric 38

8) Connor Zilisch 38

9) Todd Gilliland 37

10) Jimmie Johnson 34

11) Christopher Bell 30

12) John Hunter Nemechek 27

13) Denny Hamlin 26

14) Shane van Gisbergen 26

15) AJ Allmendinger 25

16) Corey Heim 24

_____________________________________________

17) Ross Chastain 23

18) Cody Ware 23

19) Ryan Blaney 22

20) Ryan Preece 20

21) Cole Custer 20

22) Ty Gibbs 18

23) Kyle Busch 18

24) Michael McDowell 17

25) Erik Jones 16

26) William Byron 16

27) Ty Dillon 15

28) Carson Hocevar 13

29) Chris Buescher 12

30) Kyle Larson 11

31) Anthony Alfredo 10 (Pts from duel)

32) Josh Berry 9

33) JJ Yeley 9 (Pts from Duel)

34) Daniel Suarez 8

35) Noah Gragson 6

36) Corey LaJoie 6 (Pts from duel)

37) Bubba Wallace 5

38) Riley Herbst 4

39) Zane Smith 3

40) Chandler Smith 3 (Pts from duel) 

41) Brad Keselowski 1

42) Chase Elliott 1

43) Joey Logano 1

44) Ricky Stenhouse Jr 1

45) Tyler Reddick 1

**___________________________**

O'Reilly Playoff standings (Race 1/26)

1) Mason Maggio 75

2) Gio Ruggerio 53

3) Nick Sanchez 48

4) Harrison Burton 40

5) Dean Thompson 33

6) Luke Fenhaus 33

7) Josh Williams 32

8) Corey Day 32

9) Sheldon Creed 32

10) Natalie Decker 31

11) Sam Mayer 31

12) Jeremy Clements 30

_____________________________________________

13) Brandon Jones 28

14) Taylor Gray 26

15) William Sawalich 24

16) Jeb Burton 23

17) Carson Hocevar 23

18) Austin Green 20

19) Carson Ware 20

20) Daniel Dye 19

21) Patrick Staropoli 16

22) Josh Bilicki 15

23) Lavar Scott 14

24) Kyle Sieg 13

25) Parker Retzlaff 12

26) Patrick Emerling 11

27) Brennan Poole 10

28) Anthony Alfredo 9

29) Rajah Caruth 8

30) Jesse Love 7

31) Blaine Perkins 6

32) Carson Kvapil 5

33) Ryan Ellis 5

34) Sammy Smith 5

35) Ryan Sieg 5

36) Jordan Anderson 2

37) Justin Allgaier 1

38) Austin Hill 1


**___________________________**

Truck series Chase standings (Race 1/18)

1) Cleetus McFarland 75

2) Jason White 46

3) Tony Stewart 43

4) Jake Garcia 38

5) Jason Kitzmiller 37

6) Daniel Hemric 34

7) Carson Hocevar 34

8) Corey LaJoie 33

9) Layne Riggs 30

10) Josh Reaume 29

_____________________________________________

11) Grant Enfinger 28

12) Taylor Gray 27

13) Clay Greenfield 27

14) Frankie Muniz 27

15) Dawson Sutton 26

16) Spencer Boyd 25

17) Kris Wright 24

18) Michael McDowell 23

19) Tanner Gray 22

20) Justin Haley 21

21) Mini Tyrell 19

22) Daniel Dye 16

23) Travis Pastrana 16

24) Cole Butcher 13

25) Andres Perez de Lara 12

26) Ben Rhodes 11

27) Nick Leitz 10

28) Stewart Friesen 929) Tyler Ankrum 8

30) Kaden Honeycutt 7

31) Butterbean Queen 6

32) Ricky Stenhouse Jr 6

33) Chandler Smith 5

34) John Hunter Nemechek 4

35) Ty Majeski 3

36) Christian Eckes 2

37) Gio Ruggerio 1",2026-02-16
t3_1r718j9,"The Michael McDowell Strategy, do we see it at the remaining two Talladega races and summer Daytona race with multiple cars?",https://www.reddit.com/r/nascar/comments/1r718j9/,/u/realflags,2026-02-17 09:09:50+00:00,"After watching Zane Smith lead the mini pack of 9 or so cars in the first stage of the Daytona 500, followed by Michael McDowell almost seemingly pulling off the impossible in the last stage of the Daytona 500, makes me wonder if we see a return to this strategy in the remaining traditional plate races at Daytona and Talladega, under green flag conditons, barring a package change.

After watching Denny Hamlin's opinion after looking at the throttle data, it seems McDowell was running about 25% throttle before green flag pit stops, and 65% throttle afterwards getting 49.50sec lap times alone on the track. The only real question was whether him running two seconds slower in the final 10-12 laps would have been enough to hold the win 24 secs ahead or so?

And if so he could have won, what stops others temas, lets say all of Spire, Penske or Hendrick instructing all their car to run 25% throttle and barely lose the pack at April's dega race or the daytona cut-off race and have 3 or 4 cars stay in line to avoid making a final pit stop in the final stage?

As Denny pointed out, the pack would have caught McDowell on the last lap, the question is if four cars did this and were able to save fuel and use the lead car as the sacrifice to create a draft while the others save fuel? Will we see it more often?",2026-02-17
t3_1r7j48h,Beginners Guide to NASCAR's Full Time Drivers,https://www.reddit.com/r/nascar/comments/1r7j48h/,/u/JoeRogan016,2026-02-17 21:19:08+00:00,"It's a new season, new rules, and a new (old) era! With that I thought it made sense to make a basic overview of the cup drivers for anyone new or old fans returning to the sport. Hopefully you can find someone to keep an eye on across the season! I've done my best to be objective, but like everyone I have my biases.


#97: Shane Van Gisbergen. The road course demon driving for Trackhouse. He won 4 out of 5 such races last year. There are only a select few drivers who can rival him in his element, but everywhere else he still has a ways to go to be competitive. He's not afraid to move someone or get his hands dirty when the chips are down, but overall he's a smooth, cool headed driver. The more complex the track, the brighter he shines.

#88: Connor Zilisch. The only rookie in the field, also driving for Trackhouse. One of the youngest in the field at 19, and yet quite mature according to those who know him. Connor is one of the most hyped rookies to come up to cup in many years. His debut season in Xfinity/O’rielly saw him take 10 wins and EIGHTEEN top fives in a row! People expect great things from him this season and in the years to come.

#77: Carson Hocevar. Given that he just signed a long term contract extension with Spire, it's safe to say this kid is their star driver for the foreseeable future. He's fast, aggressive, and full of potential. But that also comes with mistakes which have cost him both finishes and reputation with the rest of the garage. Has yet to win a race, but he's come just short over and over again. It's only a matter of time till he pulls it off.

#71: Michael McDowell. Spire’s oldest current driver at 41, winner of the Daytona 500, and solid all-round driver. He's known to be outspoken about his religion and a father of many children. Was also known as one of the best drivers on the road courses as well, but given SVG’s current dominance it might be some time before he takes another.

#60: Ryan Preece got his big break with Roush Fenway Keselowski Racing last year, after leaving the sunsetting Stewart Haas team. Born and raised in the north east US racing scene. Preece is a short track ace infamous for his awful superspeedway luck. While still technically on the hunt for his first win, he placed first in the Clash at Bowman Gray at the start of the year.

#54: Ty Gibbs. The youngest driver at his grandfather's team, Joe Gibbs Racing. Expectations were high after his tenure in the lower divisions. He's a champion in the ARCA and Xfinity/O’Reilly series. However his cup career has been slow going despite driving cars for one of the top teams. Also hunting for his first win.

#48: Alex Bowman. Taking over the number from the seven time champion Jimmie Johnson, Bowman has become known today as the 4th and weakest Hendrick car. His overall results were noticeably lower than his teammates despite driving top tier equipment. Many fans see his car as the best chance for their favorite driver to drive top tier equipment, speculation is everywhere about him losing his ride. This is the best chance in years he's had to prove them all wrong.

#47: Ricky Stenhouse Jr. The lone driver for Hyak Motorsports. His career has been chaotic and prone to conflict with many drivers young and old alike. However he's also made a name for himself as a respectable superspeedway driver, even winning a Daytona 500. He won't be winning championships anytime soon, but his team has shown surprising speed on rare occasions.

#45: Tyler Reddick. Starr driver of Micheal Jordan and Denny Hamlin’s team, 23XI. Winner of this year's Daytona 500. He made a name for himself by pulling off multi-win seasons in midpack Richard Childress equipment. He was poached by his current team in 2023, leaving sore feelings and burned bridges. If 23XI wins a championship, Reddick will almost certainly be the one to do it.

#43: Erik Jones. Former Joe Gibbs driver and winner of the Southern 500. He now drives for the up and coming Legacy Motor Club, run by former champion Jimmie Johnson. Last season Jones came close to winning more than once, and is a dark horse pick to pull off a surprise win this year.

#42: John Hunter Nemechek. Teammate of Erik Jones at LMC and son of former driver Joe Nemechek. He’s somewhat prone to mistakes and has yet to make a name for himself, but has shown flashes of potential on occasion.

#41: Cole Custer. The only driver left in the once great Stewart Haas team, now Haas Factory Team. His lone win came almost six years ago, and it doesn't seem like that will change anytime soon. The fate of this driver and his team is very much unsure at the moment.

#38: Zane Smith. Driver for Front Row Motorsports. An inconsistent mid pack team. Much like his team when he gets those rare days when he's on, he's a contender to win. He just needs to have more of those on days.

#35: Riley Herbst. A 23XI driver. His rookie season last year was…less than stellar. He finished second to last in the points and was almost completely forgotten by everyone except his team. But at this year's Daytona 500 he finally got his shining moment, pushing his teammate to the win on the final lap before wrecking himself.

#34: Todd Gilliland. Son of former driver David Gilliland, and Zane Smith's teammate at FRM. Though he is technically driving the team's flagship car, more often than not Smith is the one with better finishes. But he's still young and has a lot to learn.

#24: William Byron. The successor to four time champion Jeff Gordon. Byron has already had a strong career, winning 16 cup races before the age of 30, including 2 Daytona 500’s. He's come just short of the championship multiple times and has recently developed a reputation of failing to close out races. With the new rules it will be more important than ever for Byron to turn his misfortune around if he wants to finally take a championship.

#23: Bubba Wallace. Full name William Darrell Wallace Jr. He completes the 3 car team of 23XI. Known for being a hot head and wearing his emotions on his sleeve. He's proven himself to be a winner, including a victory at the Brickyard 400. However he's also a bit inconsistent. This year will be his chance to join his teammate, and prove that he can compete with the best for a championship.

#22: Joey Logano. Penske’s most successful active driver with three championships, and 35 victories with the team. A polarizing driver in both attitude and performance. Known for his ability to make the most of even the worst scenarios, this year will be his chance to prove that he's a winner regardless of the rules. Also helps that it's an even year…

#21: Josh Berry. He was left out of a ride when Stewart Haas fell apart, and managed to find stability with one of the oldest teams in the sport. The newly reforming/Penske allied Wood Brothers. Despite having a win and some decent runs last season, he had the worst playoff run in history to cap off the year. They will certainly be looking for redemption this year.

#20: Christopher Bell. Joe Gibbs’ bread and butter driver. Known for driving clean, getting good finishes, and taking as much as he can get no matter the track. Make no mistake he's proven himself a highly skilled driver, getting at least one win every year he's been with the team. He's come very close to a championship multiple times. Thanks to the new format his chances are looking better than ever.

#19: Chase Briscoe. Gibbs newest driver, and another Stewart Haas refugee. There was doubt if he was worthy of replacing the championship driver Martin Truex Jr last year, but he swiftly put the doubts to rest with 8 poles, 3 wins (including the Southern 500), and 3rd in the championship. Now the only question is can he finish the job in only his second year with the team?

#17: Chris Buescher. It's fitting that he's taken the 17 car because he's quickly made a reputation as the new Matt Kenseth. While RFK is no longer the powerhouse team It was in the early 2000’s, he's still finished high in the points and earned himself a handful of wins, including a victory against SVG at Watkins Glen. A sleeper pick to make the top 10 in points this year.

#16: AJ Allmendinger. Kaulig Racing’s veteran driver and road course expert. He lost his Penske ride in 2012 to a failed drug test (it was Adderall). After completing rehab he bounced around various mid/back marker teams, went into soft retirement, then Kaulig brought him back in 2021 and he's been slowly improving ever since. While he's best on the road courses, he's found surprising speed on some ovals as well.

#12: Ryan Blaney. Penske's long run, flat track master and in-car-radio demon. He won the championship in 2023 and has had at least 3 wins a season for the last 3 years. He shows no signs of slowing down. Much like a certain other champion, his greatest weakness is his many DNF’s. Unlike Larson however he's very solid on superspeedways.

#11: Denny Hamlin. Gibbs veteran driver and NASCAR legend. 60 wins. 3 Daytona 500’s. 3 Southern 500’s. 1 Coca Cola 600. Zero championships. This fact has haunted his career for over a decade, now made even worse by his final run at Phoenix last year losing the championship in the final restart to a bad pit call. This plus his off season from hell and legal battles with NASCAR have earned this traditional villain character more fans than he's had in a very long time.

#10: Ty Dillon. Grandson of Richard Childress, and current teammate of AJ Allmendinger in Kaulig. He's spent his whole career driving for mid to backmarker teams, though he's never shown himself capable of more. If the rumors of Kaulig going to Dodge next year are true, that may be the best chance Ty Dillon will ever get to show what he can really do.

#9: Chase Elliott. Full name William Clyde Elliott II, Son of champion Bill Elliott, 2020 champion, and the most popular driver in NASCAR. Famous for his cool under pressure demeanor and rock solid consistency. He may not win as many races as he used to, but he's still a champion level driver in a championship capable car. Expect him to be top 10 to top 5 in points this year

Also his fans seem to have a blood feud with his crew chief.

#8: Kyle Busch. Two time champion with an infamously antagonistic personality. Since he was removed from Gibbs and moved to RCR he seems to have mellowed out somewhat. His last season was his worst on record, with no wins and not even making it to the first championship round. One of the few active legends on the track, this will likely be the season that shows if he has any fight left in him.

#7: Daniel Suarez. Former Trackhouse star and the only Mexican driver in cup. He was replaced in favor of the rookie sensation Connor Zilisch. Suarez previously drove for top teams including Stewart Haas and Joe Gibbs. But his only wins came with the team he just left. Now he’s replaced Justin Haley at Spire, but this season will be his final chance to prove he belongs in the cup series.

#6: Brad Keselowski. 2012 champion and majority owner of RFK Racing. He's begun to develop a reputation for putting his team above his own career, on top of his resilience in the face of injury. Despite a broken leg in the off season, that hasn't stopped him from taking a top five at Daytona to start the year. There’s a strong chance he wins a race this year if this trend continues.

#5: Kyle Larson. The defending two time champion. He's known for his aggressive driving style that pushes his car to the razor's edge. The result is either a dominant win where he leads the most laps by far, or he crashes half way through. Despite being fast on most tracks, he does have a small weakness on superspeedways. Time will tell if he can adjust to the new format and defend his title.

#4: Noah Gragson. An attention grabbing personality with awful luck getting caught in wrecks. His was by far the worst of the FRM cars with only three top tens and a single top five. This year he will need to prove that he can keep up with the rest of his team, or else his seat will be in grave danger indeed.

#3: Austin Dillon. Grandson of Richard Childress, and inheritor of a number made famous by the late Dale Earnhardt. So far he's not had near the success the intimidator earned. He occasionally has a good run, but more often than not he finishes midpack. The one exception is Richmond for some reason? Somehow this typically mediocre driver has won at that track two years in a row in dominant fashion (though not always without controversy).

#2: Austin Cindric. His career started strong with a Daytona 500 win, but in the former Penske flagship car he's only won three races in four years. He's not a terrible driver, but he still has a ways to go before he can rival his teammates. It remains to be seen how long Penske will let him keep trying.

#1: Ross Chastain. The veteran Trackhouse driver made famous for his Martinsville wall ride to make the final championship round in 2022. His early career consisted of taking any ride he could find until he got his big break thanks to Chip Ganassi Racing…taking a solar company sponsor which was later found out to be a ponzi scheme by the FBI…

Last year was a down year for the team overall. Few drivers have fought through and overcome as much adversity as the Melon Man.

#51: Cody Ware. I'll be honest I almost forgot about this dude, Rick Ware Racing is pretty much irrelevant. They made the top 20 only twice the entire season last year. They finished dead last, over a hundred and fifty points behind Herbst. Even part time driver Katherine Legge in a non charter team matched his results with only SEVEN STARTS through the whole year! That's how bad this team is!


Also, some honorable mentions for the part time drivers!

#62: Anthony Alfredo. Driving for Beard Motorsports. They have on occasion shown speed comparable to some charter cars! Possibly the ultimate dark horse pick for a win someday.

#67: Corey Heim. Last year's truck series champion with TWELVE wins! He'll get 12 starts in the cup series this year with solid 23XI cars. This will be his first big chance to prove that he can keep up with the best in the top Nascar series. Has a fierce rivalry with cup driver Ty Gibbs.

#66: Casey Mears. Former Hendrick driver who got his only win in the 2007 Coca Cola 600. A hard working driver driving absolute junk.

#44: JJ Yeley. 2009 F1 champion. Former Joe Gibbs driver. Wheelman of scrap metal. I have no idea how this guy keeps showing up after all these years.",2026-02-17
t3_1r9b36a,"NEWS: Joe Gibbs Racing has filed a lawsuit against former competition director Chris Gabehart alleging he ""embarked on a brazen scheme to steal JGR’s most sensitive information and use it for the benefit of a direct competitor in NASCAR -- Spire Motorsports.""",https://www.reddit.com/r/nascar/comments/1r9b36a/,/u/iamaranger23,2026-02-19 20:54:01+00:00,,2026-02-19
t3_1r9b39v,Joe Gibbs Racing has filed a lawsuit against former competition director Chris Gabehart,https://www.reddit.com/r/nascar/comments/1r9b39v/,/u/[deleted],2026-02-19 20:54:08+00:00,[deleted],2026-02-19
t3_1r9b39t,"[Jordan Bianchi] NEWS: Joe Gibbs Racing has filed a lawsuit against former competition director Chris Gabehart alleging he ""embarked on a brazen scheme to steal JGR’s most sensitive information and use it for the benefit of a direct competitor in NASCAR -- Spire Motorsports.""",https://www.reddit.com/r/nascar/comments/1r9b39t/,/u/[deleted],2026-02-19 20:54:08+00:00,[deleted],2026-02-19
t3_1ra0njz,Denny Hamlin's reaction to the JGR vs. Chris Gabehart lawsuit.,https://www.reddit.com/r/nascar/comments/1ra0njz/,/u/ZilischsPoopyPants,2026-02-20 16:52:22+00:00,https://x.com/dennyhamlin/status/2024676789314896321,2026-02-20
t3_1rac51q,North Carolina fire that killed Denny Hamlin's father ruled accidental,https://www.reddit.com/r/nascar/comments/1rac51q/,/u/PrincessBananas85,2026-02-21 00:10:06+00:00,,2026-02-21
t3_1radfbu,"[NASCOURT Matt Weaver] Three attorneys have filed notices of appearances to serve as Chris Gabehart's legal representation in the Joe Gibbs Racing complaint: Cary B. Davis, Anna Claire Tucker and Spencer T. Wiles from Robinson, Bradshaw & Hinson, P.A.",https://www.reddit.com/r/nascar/comments/1radfbu/,/u/[deleted],2026-02-21 01:06:20+00:00,[removed],2026-02-21
t3_1radgd9,"[NASCOURT Matt Weaver] ""Three attorneys have filed notices of appearances to serve as Chris Gabehart's legal representation in the Joe Gibbs Racing complaint""",https://www.reddit.com/r/nascar/comments/1radgd9/,/u/ZilischsPoopyPants,2026-02-21 01:07:37+00:00,,2026-02-21
t3_1raukwr,I Won One of the 12 Days of Christmas Giveaways from JGR,https://www.reddit.com/r/nascar/comments/1raukwr/,/u/NolanThePatriot,2026-02-21 15:55:15+00:00,"Back in December, Joe Gibbs Racing were giving away a signed Chase Briscoe diecast. I honestly thought it was just for media interaction, but I actually won!! Briscoe is my favorite driver since Smoke retired so I'm so stoked to finally get his autograph!!!

Thank you u/ChaseBriscoe keep winning please 😭",2026-02-21
t3_1raxu3w,"OTDIH: Denny Hamlin edges out Martin Truex Jr. by just 0.010 seconds (approx. 6 inches) fto win his first Daytona 500, climbing from 4th to 1st and leading 95 laps in the process (2016)",https://www.reddit.com/r/nascar/comments/1raxu3w/,/u/Seahawks_12thman,2026-02-21 18:00:37+00:00,,2026-02-21
t3_1raxvso,"OTDIH: Denny Hamlin edges out Martin Truex Jr. by just 0.010 seconds (approx. 6 inches) to win his first Daytona 500, climbing from 4th to 1st and leading 95 laps in the process (2016)",https://www.reddit.com/r/nascar/comments/1raxvso/,/u/Seahawks_12thman,2026-02-21 18:02:15+00:00,,2026-02-21
t3_1rc1j5l,"Why is William Byron hyped up so much by the community, journalists, and announcers?",https://www.reddit.com/r/nascar/comments/1rc1j5l/,/u/Sad-Service8862,2026-02-22 23:41:44+00:00,"Why is he hyped up so much? Like, yes he's a good driver and drives for Hendrick, but its not like he's Kyle Larson or Denny Hamlin. I just don't get it. And especially the level 100 power ranking in NASCAR 25. Ridiculous.",2026-02-22
t3_1rcy2sr,Denny Hamlin said on Actions Detrimental at 1 hour mark a fellow NASCAR podcaster said Michael Jordan does nothing for the sport,https://www.reddit.com/r/nascar/comments/1rcy2sr/,/u/Serious-Effort-6647,2026-02-23 23:43:46+00:00,[removed],2026-02-23
t3_1rd08vj,"2025 LASTCAR Cup, O'Reilly, and Truck Standings (After Atlanta I)",https://www.reddit.com/r/nascar/comments/1rd08vj/,/u/TIFUthebestSubreddit,2026-02-24 01:07:56+00:00,"Cup Series Chase standings (Race 2/26)

1) BJ McLeod 128

2) Josh Berry 74

3) Austin Dillon 70

4) Connor Zilisch 66

5) Todd Gilliland 63

6) Ty Gibbs 62

7) Austin Cindric 62

8) Alex Bowman 61

9) Kyle Busch 55

10) JJ Yeley 50

11) Christopher Bell 49

12) Cody Ware 48

13) Chase Briscoe 47

14) John Hunter Nemechek 47

15) Erik Jones 47

16) Cole Custer 45

_____________________________________________

17) Ricky Stenhouse Jr 45

18) Riley Herbst 44

19) Justin Allgaier 43

20) Casey Mears 42

21) William Byron 42

22) Kyle Larson 41

23) Denny Hamlin 37

24) Shane van Gisbergen 36

25) Michael McDowell 35

26) AJ Allmendinger 35

27) Jimmie Johnson 34

28) Ryan Preece 31

29) Ryan Blaney 30

30) Ty Dillon 29

31) Carson Hocevar 25

32) Chris Buescher 25

33) Corey Heim 24

34) Ross Chastain 24

35) Noah Gragson 18

36) Joey Logano 17

37) Brad Keselowski 17

38) Daniel Suarez 11

39) Bubba Wallace 11

40) Chase Elliott 10

41) Anthony Alfredo 10

42) Zane Smith 8

43) Corey LaJoie 6

44) Chandler Smith 3

45) Tyler Reddick 2

**___________________________**

O'Reilly Chase standings (Race 2/26)

1) Mason Maggio 99

2) Kyle Sieg 88

3) Harrison Burton 87

4) Gio Ruggerio 78

5) Ryan Sieg 58

6) Josh Williams 57

7) Jeremy Clements 57

8) Blaine Perkins 56

9) Luke Fenhaus 51

10) Nick Sanchez 49

11) Dean Thompson 46

12) William Sawalich 45

_____________________________________________

13) Joey Gase 44

14) Sam Mayer 44

15) Anthony Alfredo 42

16) Lavar Scott 40

17) Austin Green 39

18) Jeb Burton 37

19) Brandon Jones 36

20) Carson Kvapil 35

21) Cody Ware 34

22) Corey Day 34

23) Sammy Smith 33

24) Taylor Gray 33

25) Sheldon Creed 33

26) Justin Allgaier 32

27) Natalie Decker 31

28) Josh Bilicki 28

29) Brennan Poole 27

30) Patrick Staropoli 27


**___________________________**

Truck series Chase standings (Race 2/18)

1) Christian Eckes 78

2) Cleetus McFarland 75

3) Daniel Hemric 68

4) Spencer Boyd 61

5) Tanner Gray 60

6) Josh Reaume 59

7) Dawson Sutton 58

8) Layne Riggs 57

9) Grant Enfinger 57

10) Frankie Muniz 54

_____________________________________________

11) Justin Carroll 50

12) Caleb Costner 50

13) Jason White 46

14) Jake Garcia 45

15) Cole Butcher 44

16) Tony Stewart 43

17) Kris Wright 42

18) Mini Tyrell 39

19) Ty Majeski 38

20) Jason Kitzmiller 37

21) Tyler Tomassi 37

22) Carson Hocevar 34

23) Corey LaJoie 33

24) Kaden Honeycutt 33

25) Justin Haley 31

26) Stewart Friesen 29

27) Daniel Dye 29

28) Taylor Gray 27

29) Clayton Green 27

30) Clay Greenfield 27",2026-02-24
t3_1rd15wd,"[Denny Hamlin] (responding to a fan regarding Hocevar) ""Puppies are great, but if they shit in your bed you gonna just lay in it? Or teach the puppy where to properly take a dump?""",https://www.reddit.com/r/nascar/comments/1rd15wd/,/u/CNASFan1992,2026-02-24 01:41:48+00:00,,2026-02-24
t3_1rd715b,NASCAR Drivers by road course wins,https://www.reddit.com/r/nascar/comments/1rd715b/,/u/GSwizzy17,2026-02-24 05:06:21+00:00,"Figured with COTA coming up it was noteworthy to mention who has won on the road

Chase Elliott-7\*

Shane Van Gisbergen-6

Kyle Larson-6

Kyle Busch-4

Christopher Bell-3\*

Tyler Reddick-3\*

AJ Allmendinger-3

William Byron-2\*

Ross Chastain-1\*

Daniel Suarez-1

Denny Hamlin-1

Ryan Blaney-1

Chris Buescher-1

Joey Logano-1

Alex Bowman-1

Michael McDowell-1

\*means they have won at COTA

The Favorite going into this weekend is probably Shane Van Gisbergen. However this is probably SVG’s weakest Road Course. So Reddick with his momentum and Bell the reigning winner are co-favorites. A good sleeper is Zilisch or Buescher.",2026-02-24
t3_1rdltgt,Hosevar's nickname,https://www.reddit.com/r/nascar/comments/1rdltgt/,/u/Secure-Employee-1469,2026-02-24 17:01:11+00:00,"Leigh Diffy gave Carson Hosevar the nickname ""the hurricane"" last season during the Iowa race, and it's starting to stick. Even though it was mostly used on NBC broadcasts, other outlets are starting to use it, and I swear that either Mike Joy, Kevin Harvick or Clint Boyer used it on the FIX broadcast last weekend! Carson really likes it, and thinks it's ""cool"" that Leigh Diffy coined the nickname, and that it's starting to stick. And Denny Hamlin, who was called Hurricane"" during his short track days in Virginia before moving to NASCAR, is fine with Carson Hosevar taking on the nickname.

Do you think Leigh Diffy nailed it? Does the Hurricane""nickname suit him? Will it be as big as other nicknames like Mr. Excitement (Jimmy Spencer) , The intimidated (Dale SR. and ""Jaws"" (Darrel Waltrip) fit them?",2026-02-24
t3_1rdy9dp,"[Bob] Joe Gibbs Racing has filed a motion for a temporary restraining order and preliminary injunction requiring Chris Gabehart cease and desist working or performing any services for Spire similar to those he provided to JGR for the 18 months following February 9, 2026",https://www.reddit.com/r/nascar/comments/1rdy9dp/,/u/ChaseTheFalcon,2026-02-25 00:39:11+00:00,,2026-02-25
t3_1reqy67,[Denny Hamlin] Drivers who fail to qualify will also be presented participation metals on the front stretch after the conclusion of stage 2. (In reaction to the All-Star Format),https://www.reddit.com/r/nascar/comments/1reqy67/,/u/NMMacc18,2026-02-25 21:45:43+00:00,,2026-02-25
t3_1rgdnk9,"[NASCOURT Jordan Bianchi] Joe Gibbs Racing co-owners Joe Gibbs and Heather Gibbs, along with JGR president Dave Alpern, are among the JGR contingent attending today's hearing.",https://www.reddit.com/r/nascar/comments/1rgdnk9/,/u/ZilischsPoopyPants,2026-02-27 17:49:58+00:00,,2026-02-27
t3_1ri03wm,Can Denny Hamlin win today??,https://www.reddit.com/r/nascar/comments/1ri03wm/,/u/Adorable-Service-755,2026-03-01 15:30:19+00:00,"Going to NASCAR first time, someone I know said they like Denny Hamlin today. Is there any possibility he wins? Currently 33-1 to win. But other drivers are 2-1 3-1 to win. Is this a skill or starting difference that is that big or is there something I’m missing. Hamlin is to start at 15. ",2026-03-01
t3_1rj85i3,"2026 LASTCAR Cup, O'Reilly, and Truck series Chase standings (After COTA/St. Pete)",https://www.reddit.com/r/nascar/comments/1rj85i3/,/u/TIFUthebestSubreddit,2026-03-02 22:57:21+00:00,"Cup Series Chase standings (Race 3/26)

1) BJ McLeod 128

2) Alex Bowman 103

3) Chase Briscoe 102

4) Austin Dillon 101

5) Josh Berry 99

6) Austin Cindric 93

7) Erik Jones 92

8) Todd Gilliland 91

9) Cody Ware 88

10) Connor Zilisch 86

11) Cole Custer 79

12) Ricky Stenhouse Jr 72

13) John Hunter Nemechek 68

14) Kyle Busch 66

15) Riley Herbst 66

16) Ty Gibbs 65

_____________________________________________

17) Carson Hocevar 60

18) Ross Chastain 58

19) Noah Gragson 57

20) William Byron 54

21) Christopher Bell 52

22) JJ Yeley 50

23) Zane Smith 49

24) Ryan Preece 48

25) Chris Buescher 48

26) Kyle Larson 46

27) Denny Hamlin 46

28) Ty Dillon 44

29) AJ Allmendinger 43

30) Justin Allgaier 43

31) Casey Mears 42

32) Michael McDowell 39

33) Daniel Suarez 39

34) Brad Keselowski 38

35) Shane van Gisbergen 37

36) Ryan Blaney 37

37) Jimmie Johnson 34

38) Joey Logano 33

39) Jesse Love 26

40) Corey Heim 24

41) Bubba Wallace 23

42) Chase Elliott 17

43) Anthony Alfredo 10

44) Corey LaJoie 6

45) Tyler Reddick 3

46) Chandler Smith 3

**___________________________**

O'Reilly Chase standings (Race 3/26)

1) Harrison Burton 117

2) Kyle Sieg 110

3) Mason Maggio 99

4) Jeremy Clements 89

5) Nick Sanchez 80

6) Blaine Perkins 78

7) Gio Ruggerio 78

8) Austin Hill 76

9) Dean Thompson 74

10) Ryan Sieg 72

11) Austin Green 70

12) Josh Bilicki 70

_____________________________________________

13) Anthony Alfredo 68

14) Lavar Scott 60

15) Ryan Ellis 57

16) Josh Williams 57

17) Sam Mayer 56

18) Jeb Burton 53

19) Carson Kvapil 52

20) Luke Fenhaus 51

21) William Sawalich 50

22) Brandon Jones 49

23) Baltazar Leguizamon 49

24) Sage Karam 48

25) Parker Retzlaff 47

26) Sheldon Creed 46

27) Patrick Staropoli 45

28) Taylor Gray 44

29) Joey Gase 44

30) Rajah Caruth 43


**___________________________**

Truck series Chase standings (Race 3/18)

1) Frankie Muniz 98

2) Christian Eckes 97

3) Dawson Sutton 91

4) Tanner Gray 91

5) Grant Enfinger 79

6) Daniel Hemric 76

7) Cleetus McFarland 75

8) Wesley Slimp 75

9) Mini Tyrell 68

10) Jake Garcia 63

_____________________________________________

11) Spencer Boyd 61

12) Kris Wright 61

13) Josh Reaume 59

14) Layne Riggs 58

15) Cole Butcher 58

16) Stewart Friesen 57

17) Tyler Ankrum 53

18) Justin Haley 52

19) Justin Carroll 50

20) Caleb Costner 50

21) Derek White 49

22) Timmy Hill 48

23) Jason White 46

24) Brendan Queen 46

25) Daniel Dye 46

26) Tony Stewart 43

27) Adam Andretti 42

28) Ty Majeski 40

29) Nathan Nicholson 38

30) Kaden Honeycutt 38",2026-03-02
t3_1rjzryn,"[Seth Eggert] There's been 60 detached wheels in the NASCAR Cup Series for the NextGen car. 10 of those 60 have been from one team, Joe Gibbs Racing. The active team that has had gone the longest without a detached wheel? Kaulig Racing, last having one detach in the 2023 Duel at Daytona.",https://www.reddit.com/r/nascar/comments/1rjzryn/,/u/CNASFan1992,2026-03-03 20:01:31+00:00,,2026-03-03
t3_1rk2nui,2026 NASCAR Cup Series Incident Tracker (3/36),https://www.reddit.com/r/nascar/comments/1rk2nui/,/u/libsoutherner,2026-03-03 21:48:22+00:00,"I thought it would be interesting to track how many incidents each driver causes throughout the year. I haven’t seen a dataset that tracks this.

First and foremost, we need to define what constitutes an incident. For the purposes of this tracker, I am defining an incident as a loss of control leading to a spin or crash, whether it results in a caution or not. The spin or crash must be on track and not on pit road. 

The purpose of this tracker is to show how many incidents a driver himself causes by error or aggression. Therefore, I am specifically \*\*excluding\*\* spins or crashes caused by mechanical failures because these are out of the driver’s control. 

For each incident that that has occurred so far in 2026, I watched the replay to determine which driver was the \*\*primary\*\* instigator of the incident. If I thought one driver was 80% at fault and another driver 20% at fault, the driver 80% at fault was credited with the incident. 

In cases where two or more drivers are equally at fault and a primary initiator cannot be identified, all drivers involved in starting the incident are credited. A good example of this is when two drivers simultaneously make a move for the same spot on the track, resulting in a crash. 

Here is the list I have compiled through 3 races of the 2026 season: 

Driver / Incidents Caused / Incidents (Lap)

:--|:--|:--

Josh Berry | 2 | Atlanta 1 (92), COTA (42)

Kyle Busch | 2 | Atlanta 1 (125), COTA (82)

Riley Herbst | 2 | Daytona 1 (200), Atlanta 1 (103)

Carson Hocevar | 2 | Atlanta 1 (266), COTA (94)

Erik Jones | 2 | Daytona 1 (200), COTA (52)

Joey Logano | 2 | Atlanta 1 (223), Atlanta 1 (238)

William Byron | 1 | Atlanta 1 (257)

Ty Gibbs | 1 | Atlanta 1 (92)

Noah Gragson | 1 | COTA (27)

Denny Hamlin | 1 | COTA (78)

Kyle Larson | 1 | Atlanta 1 (160)

Daniel Suarez | 1 | COTA (25)

SVG | 1 | Atlanta 1 | (199)

Connor Zilisch | 1 | Daytona 1 (85)

Admittedly, there is some subjectivity to this. You may have different opinions on who caused some of the incidents. I’m happy to hear your reasoning and make any changes necessary. 

Note that the list ONLY includes full time drivers. I’ll post an update to the list every few races, as some races will likely be close to incident-free.",2026-03-03
t3_1rk33mp,2026 NASCAR Cup Series Incident Tracker (3/36),https://www.reddit.com/r/nascar/comments/1rk33mp/,/u/libsoutherner,2026-03-03 22:05:28+00:00,"I thought it would be interesting to track how many incidents each driver causes throughout the year. I haven’t seen a dataset that tracks this.

First and foremost, we need to define what constitutes an incident. For the purposes of this tracker, I am defining an incident as a loss of control leading to a spin or crash, whether it results in a caution or not. The spin or crash must be on track and not on pit road. 

The purpose of this tracker is to show how many incidents a driver himself causes by error or aggression. Therefore, I am specifically \\\*\\\*excluding\\\*\\\* spins or crashes caused by mechanical failures because these are out of the driver’s control. 

For each incident that that has occurred so far in 2026, I watched the replay to determine which driver was the \\\*\\\*primary\\\*\\\* instigator of the incident. If I thought one driver was 80% at fault and another driver 20% at fault, the driver 80% at fault was credited with the incident. 

In cases where two or more drivers are equally at fault and a primary initiator cannot be identified, all drivers involved in starting the incident are credited. A good example of this is when two drivers simultaneously make a move for the same spot on the track, resulting in a crash. 

Here is the list I have compiled through 3 races of the 2026 season: 

| Driver | Incidents Caused | Incidents (Lap)|

|:-------|:-------|:-------|

| Josh Berry | 2 | Atlanta 1 (92), COTA (42) |

| Kyle Busch | 2 | Atlanta 1 (125), COTA (82) |

| Riley Herbst | 2 | Daytona 1 (200), Atlanta 1 (103) |

| Carson Hocevar | 2 | Atlanta 1 (266), COTA (94) |

| Erik Jones | 2 | Daytona 1 (200), COTA (52) |

| Joey Logano | 2 | Atlanta 1 (223), Atlanta 1 (238) |

| William Byron | 1 | Atlanta 1 (257) |

| Ty Gibbs | 1 | Atlanta 1 (92) |

| Noah Gragson | 1 | COTA (27) |

| Denny Hamlin | 1 | COTA (78) |

| Kyle Larson | 1 | Atlanta 1 (160) |

| Daniel Suarez | 1 | COTA (25) |

| SVG | 1 | Atlanta 1 (199) |

| Connor Zilisch | 1 | Daytona 1 (85) |

Admittedly, there is some subjectivity to this. You may have different opinions on who caused some of the incidents. I’m happy to hear your reasoning and make any changes necessary. 

Note that the list ONLY includes full time drivers. I’ll post an update to the list every few races, as some races will likely be close to incident-free.",2026-03-03
t3_1rk7w2s,Ty Gibbs AmPm scheme for Phoenix [Joe Gibbs Racing on X],https://www.reddit.com/r/nascar/comments/1rk7w2s/,/u/Comfortable_Rock4877,2026-03-04 01:23:22+00:00,https://x.com/joegibbsracing/status/2028938550960398705?s=46,2026-03-04
t3_1rmdc4x,Hamlin Martinsville night race,https://www.reddit.com/r/nascar/comments/1rmdc4x/,/u/UndisputedSwartz,2026-03-06 13:00:07+00:00,Anyone know what paint scheme Hamlin is running at the Martinsville night race in november? I saw for sure that it's not Progressive or National Debt Relief,2026-03-06
t3_1rodm2d,Joe Gibbs Racing had Chris Gabehart followed by a private investigator before lawsuit,https://www.reddit.com/r/nascar/comments/1rodm2d/,/u/TylerFortier_Photo,2026-03-08 19:16:20+00:00,">In support of the (below) argument [in support of expedited fact discovery](https://www.motorsport.com/nascar-cup/news/gibbs-seeks-proof-that-spire-chris-gabehart-conspired-to-steal-trade-secrets/10801496/) against Chris Gabehart and Spire Motorsports team owners Dan Towriss and Jeff Dickerson, Joe Gibbs Racing filed legal documents that revealed their hiring of a private investigator that followed the defendants after the Cup Series season had ended.

>Additionally, JGR filed exhibits in the form of declarations from team competition director Wally Brown, driver Denny Hamlin, Toyota’s Andy Graves and rival team owner Bob Jenkins to support why it is so important to uncover ... as soon as possible ... whether or not Spire acquired proprietary competition data upon hiring Gabehart.",2026-03-08
t3_1roma2m,"Random NASCAR Fact: Bubba Foods has sponsored the #23 Toyota Camry in the NASCAR Cup Series, sponsoring Gray Gaulding in 2017 and David Ragan in 2016, but has never sponsored Darrell ""Bubba"" Wallace Jr during his tenure in the 23 car. (Photo Credit: Jayski/Getty Images)",https://www.reddit.com/r/nascar/comments/1roma2m/,/u/Specialist-Two2068,2026-03-09 01:06:50+00:00,"What do the name ""Bubba"", the #23 Toyota Camry, and hamburgers have in common for NASCAR? You might immediately think of Darrell ""Bubba"" Wallace Jr, current driver of the #23 Toyota Camry for 23XI Racing, who was previously sponsored by McDonalds, and is now sponsored by Hardees. However, the #23 Toyota and the name ""Bubba"" have associations that go back further than 23XI racing's existence. Although Bubba Wallace has seen the most success with the 23 car in recent years under the ownership of former NBA star Michael Jordan and fellow NASCAR driver Denny Hamlin, while gaining the attention of many large and recognizable sponsors.

However, The 23 Toyota has seen the name ""Bubba"" on it prior to Wallace's debut in the NASCAR Cup Series in 2017: In 2016, BK Racing, fielding the number 23 at Charlotte for the Coke 600, was sponsored by Bubba Foods. BK Racing and Bubba Foods would follow this up in 2017, this time sponsoring Gray Gaulding, again at the Coke 600. Bubba Wallace would make his Cup Series debut just two weeks later, driving the number 43 Smithfield Ford Mustang for Richard Petty Motorsports at Pocono.

Later on, after BK Racing folded and 23XI Racing was formed, Michael Jordan and Denny Hamlin obtained the rights to the 23 number. The rest, as they say, is history.

Although it likely would not happen nowadays due to sponsor conflicts, do you think Bubba Foods should approach the 23 team for sponsorship? Should they embrace the meme and attempt to have Bubba in the #23 Toyota sponsored by Bubba, just for a throwback?   
",2026-03-09
t3_1rpeefu,2026 LASTCAR Cup & O'Reilly Chase standings (aaftet Phoenix II),https://www.reddit.com/r/nascar/comments/1rpeefu/,/u/TIFUthebestSubreddit,2026-03-09 22:06:32+00:00,"Cup Series Chase standings (Race 4/26)

1) Chase Briscoe 167

2) Josh Berry 130

3) BJ McLeod 128

4) Austin Cindric 126

5) Cole Custer 126

6) Cody Ware 125

7) Connor Zilisch 117

8) Austin Dillon 116

9) Noah Gragson 110

10) Erik Jones 104

11) Alex Bowman 103

12) Todd Gilliland 102

13) Kyle Busch 95

14) Ricky Stenhouse Jr 93

15) John Hunter Nemechek 92

16) Ross Chastain 85

_____________________________________________

17) Riley Herbst 83

18) Zane Smith 83

19) Carson Hocevar 79

20) Ty Dillon 69

21) Daniel Suarez 68

22) Ty Gibbs 68

23) Ryan Preece 65

24) Brad Keselowski 63

25) Joey Logano 63

26) AJ Allmendinger 61

27) Chris Buescher 61

28) William Byron 60

29) Christopher Bell 53

30) Denny Hamlin 50

31) JJ Yeley 50

32) Anthony Alfredo 49

33) Michael McDowell 49

34) Kyle Larson 48

35) Shane van Gisbergen 47

36) Justin Allgaier 43

37) Casey Mears 42

38) Chase Elliott 39

39) Ryan Blaney 38

40) Jimmie Johnson 34

41) Bubba Wallace 26

42) Jesse Love 26

43) Austin Hill 24

44) Corey Heim 24

45) Tyler Reddick 10

46) Corey LaJoie 6

47) Chandler Smith 3

**___________________________**

O'Reilly Chase standings (Race 4/26)

1) Mason Maggio 142

2) Harrison Burton 138

3) Ryan Ellis 133

4) Kyle Sieg 132

5) Nick Sanchez 130

6) Austin J Hill 121

7) Blaine Perkins 105

8) Josh Bilicki 105

9) Lavar Scott 98

10) Jeremy Clements 98

11) Dean Thompson 97

12) Austin Green 90

_____________________________________________

13) Ryan Sieg 87

14) William Sawalich 85

15) Gio Ruggerio 78

16) Anthony Alfredo 76

17) Patrick Staropoli 69

18) Joey Gase 65

19) Brandon Jones 63

20) Brennan Poole 60

21) Sam Mayer 59

22) Parker Retzlaff 59

23) Jeb Burton 58

24) Josh Williams 57

25) Taylor Gray 57

26) Carson Kvapil 53

27) Dawson Cram 51

28) Luke Fenhaus 51

29) Baltazar Leguizamon 49

30) Rajah Caruth 49",2026-03-09
t3_1rpevhk,Kyle Busch to 23IX please,https://www.reddit.com/r/nascar/comments/1rpevhk/,/u/Fun-Law-1814,2026-03-09 22:24:18+00:00,"I don’t care how it happens, and honestly I don’t care if it affects Corey Heim’s career path. I’m just tired of watching one of the greatest stock car drivers ever slowly fade out like this. RCR has been the worst thing that’s happened to Kyle Busch’s career — and that’s saying something considering Hendrick pushed him out to make room for Dale Jr.

Looking back, Kyle probably should have taken a reset year and run a full Xfinity and Truck season to get back into competitive equipment and rebuild momentum.

But there’s still a path that makes a lot of sense.

Kurt Busch is already an ambassador for 23XI. Michael Jordan would absolutely love having another driver that could win every week. 

Kyle and Denny Hamlin might not be the best of friends, but if Denny had the opportunity to get Kyle into a competitive ride, I doubt any old tension would stop that from happening. And now that Kyle doesn’t own a truck team anymore, going back to Toyota wouldn’t be nearly as complicated.

Put Kyle Busch in a 23XI Toyota and suddenly he has a legitimate shot to win again — and as a bonus, it would also be a pretty perfect way to stick it to Gibbs.",2026-03-09
t3_1rpkmlw,Grading every rookie of the year since 2000,https://www.reddit.com/r/nascar/comments/1rpkmlw/,/u/GSwizzy17,2026-03-10 02:22:35+00:00,"2000-Matt Kenseth: A+

We all know the legend, champion, and two time Daytona 500 winner Matt became but a win in his rookie year cements this even further, especially in crown jewel like the Coca Cola 600. Great season for a rookie.

2001-Kevin Harvick: A+

Kevin Harvick was thrusted into the spotlight without knowledge of how good he was going to be. He won two races that year alone and went on to have one of the greatest careers not just of the 21st century, but all time with 60 wins and a championship, as well as claiming all 4 Crown Jewels to his name.

2002-Ryan Newman: A+

While he didn’t have the career of Harvick and Kenseth, he had a much better rookie season, notching a win and a 6th place points finish.

2003-Jamie McMurray: B+

McMurray’s rookie year did not live up to the hype of winning in his second start but a 13th place points finish is nothing to scoff at. Obviously set up the strange moderately good career of Jamie McMurray.

2004: Kasey Kahne: A-

This one was tricky. The heartbreak after heartbreak for Kahne is a good threshold for his season. His points finish does not quite show the performance of his rookie year well enough, however that inconsistency does bite him in the ass a bit. Nonetheless a very good to great career followed.

2005-Kyle Busch: A+

The only thing that would hold this from not being an A+ is the points finish this year. Everything else makes up for it.

2006-Denny Hamlin: A+

The 2006 rookie class was legendary. This season and the career that followed was even more so. Statistically the greatest driver to never win a championship.

2007-Juan Pablo Montoya: B-

Outside of his two wins and borderline incredible 2009, Juan Pablo Montoya’s nascar career was really nothing special. But one of those 2 wins came this year, saving this from falling into C grade purgatory.

2008-Regan Smith: C

Like Montoya, outside his 2… sorry 1 career win, Smith’s career in cup was nothing phenomenal and neither was this season. But getting robbed of a first win by some of the worst officiating ever seen and also getting furniture row’s first win way before they even became a front running team is an impressive feat.

2009-Joey Logano: A+

Sure, he underperformed in a Gibbs car. But scoring your first win as a 19 year old and still getting a top 20 in points as well as being a certified legend of the sport to follow should make up for all of that.

2010-Kevin Conway: F

The worst rookie of the year ever and the beginning of the dark years

2011-Andy Lally: D-

At least he got gigs for his road racing prowess.

2012-Stephen Leicht: F

HE WASN’T EVEN THE BEST ROOKIE.

2013-Ricky Stenhouse Jr: B+

Stenhouse was the first rookie of the new era of competent rookies of the year. 19th in the standings and an average finish of 18.9. Ricky would go on to win 4 career races including the Daytona 500 and make the postseason twice, with a Round of 12 entry to go with it, one of only 4 Roush drivers to do such. Statistically the best driver Hyak/JTG Daugherty ever had, too.

2014-Kyle Larson: A

Larson’s rookie year resulting in a 17th, beating his teammate, and showing up Montoya was a statement. Him having arguably Ganassi’s best season and becoming a 32 time race winner and two time champion after makes this better.

2015-Brett Moffitt: C-

Moffitt never really got a fair shake in cup. But he wasn’t awful by any means as he drove for backmarker FRM and death bed MWR and still was able to get a top 10. Would love to see him back in cup, probably won’t happen though.

2016-Chase Elliott: A

Yes. This is it. 10th in the standings and the second best Hendrick driver as a rookie. Generational stuff. Let alone followed by a cup title and 23 career wins.

2017-Erik Jones: B+

Solid year for a guy with a brand new and one year exclusive Furniture Row car. Couldn’t win but still had great performances. Went on to have 3 career wins. Pretty good.

2018-William Byron: A-

Don’t let Byron’s active stats fool you. This was an atrocious rookie season. 23rd in points with Hendrick is not a good look especially when the other rookie drives a much worse car and isn’t too far off your pace. However, 13 wins, 3 final 4 appearances, a regular season championship, and 2 Daytona 500s later, I say he ain’t half bad.

2019-Daniel Hemric: D

Every excuse I made for Moffitt goes out the window with Hemric, who raced for an established team and was mid at best, especially when part time cars are outrunning you. Got a second chance in 2024 with Kaulig and shit the bed even more. Never a cup level driver.

2020-Cole Custer: B-

The 2020 rookie class was generational. One of the best we’ve seen in years. Which is why you’d be shocked that the guy from that class who is actively the worst of the bunch and has the second worst overall cup career of them won not only won rookie of the year, but is also getting a decent grade too. And that’s because in 2020, Cole Custer, as a rookie, had hands down his best career season. Both extraordinarily impressive and depressing at the same time. But that phenomenal Kentucky win I think cements this as at least an above average rookie campaign.

2021-Chase Briscoe: B+

Briscoe was unfortunately thrust into Stewart-Haas Racing at the beginning of their downfall. He had an alright season, nothing special, but has more than made up for it since.

2022-Austin Cindric: B+

Cindric is basically Cole Custer with more confidence and better cars. His best season was his rookie year which gave him a win in the Daytona 500 in his rookie start. Has never been kicked first round either in the playoffs.

2023-Ty Gibbs: C

Normally I’d give a guy finishing 18th in points in his rookie year props, but when you’re on a team with three elite drivers having career years and you still have not won a race despite driving for one of the best (and in 2025 the best) teams in the series. The excuse of age and being rushed up does not work here either, as he was 20 which isn’t a ridiculously young age for a cup rookie, and he got plenty of time to develop in Xfinity. Still has not lived up to the hype in 2026.

2024-Carson Hocevar: A

As a rookie, Carson Hocevar was predominantly running top 20 in points with a team that had never sniffed that rank beforehand. One of the most deserved rookie of the years in recent memory and has given a Spire car its best season still to this day as a 21 year old rookie and is only getting better.

2025-Shane Van Gisbergen: A+

Winning 5 races and finishing 12th as a rookie is nothing short of spectacular, even with his expectations and the little asterisks people may add.

2026-Connor Zilisch: N/A

Before the season began Connor Zilisch had rookie of the year locked up. However I cannot grade him after 4 races.",2026-03-10
t3_1rpkojf,Bubba Wallace shows his displeasure to team owner Denny Hamlin after the checkered flag.,https://www.reddit.com/r/nascar/comments/1rpkojf/,/u/Previous-Savings-977,2026-03-10 02:25:02+00:00,,2026-03-10
t3_1rq00om,"I'm confused, NASCAR, Why do we need Power Rankings when we already have Points Standings?",https://www.reddit.com/r/nascar/comments/1rq00om/,/u/goldbricker83,2026-03-10 15:28:40+00:00,"Sorry to start a flamewar but this seems like a sneaky way to push Bubba Wallace down to 5th when he's earned 3rd, and move Denny Hamlin up to 4th when he's earned 12th. Flame on.",2026-03-10
t3_1rq7q90,(Joe Gibbs Racing) Denny Hamlin’s 2026 Yahoo! paint scheme,https://www.reddit.com/r/nascar/comments/1rq7q90/,/u/Pwablems,2026-03-10 20:03:32+00:00,,2026-03-10
t3_1rrz00s,Denny Hamlin is not taking his start this year very well.,https://www.reddit.com/r/nascar/comments/1rrz00s/,/u/Tunasaladtacosupreme,2026-03-12 18:33:30+00:00,,2026-03-12
t3_1rs8mp8,Denny Hamlin?,https://www.reddit.com/r/nascar/comments/1rs8mp8/,/u/Thelona05mustang,2026-03-13 00:36:43+00:00,,2026-03-13
t3_1rv6bop,"The Day After the Races - March 16, 2026",https://www.reddit.com/r/nascar/comments/1rv6bop/,/u/NASCARThreadBot,2026-03-16 11:00:05+00:00,"Welcome to this week's Day After the Races thread! The dust has settled, the track has cooled, and the confetti's been swept.  With this weekend's activities over, what are your thoughts?  Here's a summary of the previous week's race(s):

---

[NCS](#theNCS)[](#trackVegas) ***Pennzoil 400 at Las Vegas Motor Speedway***

**Elapsed Time**: 2:41:17 for 267 laps (400.5&nbsp;mi / 644.54&nbsp;km)

**Cautions**: 3 cautions for 20 laps

**Leaders**: 21 lead changes among 9 leaders (Denny Hamlin led most with 134)

**Stage 1**: Christopher Bell at 80 Laps

**Stage 2**: William Byron at 165 Laps

**Race Winner**: Denny Hamlin at 267 Laps

[Current Standings at NASCAR.com](http://www.nascar.com/standings/nascar-cup-series)

**Race Threads**: [[Pre](/r/NASCAR/comments/1ruhrjn/prerace_discussion_thread_ncs_pennzoil_400_at_las/)]:[[Race](/r/NASCAR/comments/1rumhba/race_thread_ncs_pennzoil_400_at_las_vegas_motor/)]:[[Post](/r/NASCAR/comments/1rusjes/postrace_discussion_thread_ncs_pennzoil_400_at/)]

---

[NORAPS](#theNORAPS)[](#trackVegas) ***The LiUNA! at Las Vegas Motor Speedway***

**Elapsed Time**: 2:34:05 for 200 laps (300&nbsp;mi / 482.8&nbsp;km)

**Cautions**: 8 cautions for 42 laps

**Leaders**: 16 lead changes among 9 leaders (Justin Allgaier led most with 48)

**Stage 1**: Justin Allgaier at 45 Laps

**Stage 2**: Justin Allgaier at 90 Laps

**Race Winner**: Kyle Larson at 200 Laps

[Current Standings at NASCAR.com](http://www.nascar.com/standings/nascar-oreilly-auto-parts-series)

**Race Threads**: [[Race](/r/NASCAR/comments/1rtu0le/race_thread_noraps_the_liuna_at_las_vegas_motor/)]:[[Post](/r/NASCAR/comments/1rtzh0g/postrace_discussion_thread_noraps_the_liuna_at/)]",2026-03-16
t3_1rvrtef,2026 LASTCAR Cup & Xfinity Chase Standings (After Las Vegas I),https://www.reddit.com/r/nascar/comments/1rvrtef/,/u/TIFUthebestSubreddit,2026-03-17 00:40:16+00:00,"Cup Series Chase standings (Race 5/26)

1) Chase Briscoe 177

2) Cody Ware 172

3) Josh Berry 170

4) Cole Custer 162

5) Connor Zilisch 149

6) Noah Gragson 147

7) Todd Gilliland 146

8) Austin Cindric 145

9) Ricky Stenhouse Jr 130

10) BJ McLeod 128

11) Austin Dillon 128

12) Kyle Busch 125

13) Erik Jones 124

14) Shane van Gisbergen 118

15) John Hunter Nemechek 113

16) Ty Dillon 112

_____________________________________________

17) Riley Herbst 106

18) Alex Bowman 103

19) Ross Chastain 102

20) Carson Hocevar 101

21) Zane Smith 97

22) Daniel Suarez 86

23) Justin Allgaier 85

24) AJ Allmendinger 85

25) Michael McDowell 84

26) Joey Logano 78

27) Ryan Preece 76

28) Ty Gibbs 73

29) Brad Keselowski 73

30) Chris Buescher 67

31) William Byron 63

32) Christopher Bell 57

33) Kyle Larson 55

34) Ryan Blaney 54

35) Denny Hamlin 51

36) JJ Yeley 50

37) Anthony Alfredo 49

38) Casey Mears 42

39) Chase Elliott 41

40) Bubba Wallace 35

41) Jimmie Johnson 34

42) Jesse Love 26

43) Corey Heim 24

44) Austin Hill 24

45) Tyler Reddick 23

46) Corey LaJoie 6

47) Chandler Smith 3

**___________________________**

O'Reilly Chase standings (Race 5/26)

1) Nick Sanchez 185

2) Ryan Ellis 176

3) Mason Maggio 175

4) Harrison Burton 155

5) Kyle Sieg 144

6) Josh Bilicki 135

7) Blaine Perkins 132

8) Jeremy Clements 129

9) Dean Thompson 126

10) Lavar Scott 123

11) Austin J Hill 121

12) Ryan Sieg 119

_____________________________________________

13) Austin Green 113

14) Anthony Alfredo 107

15) Joey Gase 104

16) Sam Mayer 102

17) Patrick Staropoli 96

18) Taylor Gray 92

19) William Sawalich 92

20) Nathan Byrd 88

21) Jeb Burton 84

22) Gio Ruggerio 78

23) Brennan Poole 78

24) Brandon Jones 74

25) Josh Williams 71

26) Rajah Caruth 71

27) Parker Retzlaff 69

28) Carson Kvapil 62

29) Chandler Smith 59

30) Dawson Cram 51",2026-03-17
t3_1rvrzpe,NASCAR Classics on (X),https://www.reddit.com/r/nascar/comments/1rvrzpe/,/u/Andenwest,2026-03-17 00:47:34+00:00,"Denny Hamlin’s 61st win marks the 20th season he’s had at least one victory.

That is tied for the second most in Cup Series history. ",2026-03-17
t3_1rvx2ec,"Where do we rank Kyle Busch, Kevin Harvick, and Denny Hamlin all time? Statistically all are incredibly close.",https://www.reddit.com/r/nascar/comments/1rvx2ec/,/u/Icy-Spring4607,2026-03-17 04:42:48+00:00,"All competed against one another with the majority of their careers over lapping and all drivers are incredibly close statistically speaking. Busch and Hamlin were in elite equipment and teammates most of their careers, while Harvick spent years at RCR, something that Busch himself is now experiencing. The biggest gap between them is that Hamlin has not won a single title in any format, even applied retroactively. 

Kyle Busch: 63 Wins (9th), 254 Top 5s (9th), 392 Top 10s (7th), 35 Poles (21st), 19486 Laps Led (9th), 552 Lead Lap Finishes (5th), 14.3 AVF. 2x Champion. 5 Final 4 appearances (all in a row). 10 Top 10 Point Finishes with 7 of those being in the Top 5.

Best Season: 2018: 8 Wins, 22 T5s, 28 T10s, 8.3 AVF, all career highs. HM 2008, 2016, 2017, 2019. Best 5 Year Peak '15-'19 27 Wins, 82 T5s, 118 T10s, 2 Championships, 5 Final 4s in a row. Best 10 Year Peak '10-19 40 Wins, 144 Top 5s, 211 Top 10s. 

Kevin Harvick: 60 Wins (11th), 251 Top 5s (10th), 444 Top 10s (5th), 31 Poles (27th), 16058 Laps Led (12th), 633 Lead Lap Finishes (1st), 12.8 Average Finish. 1x Champion, arguably a 3-4x champion, 5 Final 4 Appearances. 16 Top 10 Point Finishes with 13 of those being in the Top 5. 

Best Season: 2020: 9 Wins, 20 T5s, 27 Top 10s, 7.3 AVF, career high in wins and AVF. HM 2018, 2010, 2015. Best 5 Year Peak '16-20 27 Wins, 89 Top 5s, 132 Top 10s. Best 10 Year Peak '11-20 44 Wins, 149 Top 5s, 234 Top 10s.

Denny Hamlin: 61 Wins (10th), 250 Top 5s (11th), 379 Top 10s (9th), 48 Poles (10th), 16471 Laps Led (11th), 562 Lead Lap Finishes (3rd), 13.2 AVF. 5 Final 4 Appearances, 17 Top 10 Point Finishes with 10 of those being in the Top 5

Best Season: 2020: 7 wins 18 Top 5s 21 Top 10s 9.3 AVF. HM 2010, 2019, 2021, 2025. Best 5 Year Peak '19-'23 20 Wins 80 Top 5s 105 Top 10s, 3 Final 4s in a row. Best 10 Year Peak '16-25 34 Wins, 143 Top 5s, 202 Top 10s.",2026-03-17
t3_1s01ke7,[Kitchen] Is 2027 it for Denny Hamlin? He's not as sure anymore. He assumes/wants 2027 to be it but says it depends on how the pieces fall into place at JGR. Says the team has already started prep for the future and feels he's given them enough of a heads up.,https://www.reddit.com/r/nascar/comments/1s01ke7/,/u/dman6233,2026-03-21 20:16:18+00:00,,2026-03-21
t3_1s032ao,Denny Hamlin believes Dale Earnhardt’s 76-win total is out of reach,https://www.reddit.com/r/nascar/comments/1s032ao/,/u/Dry-Membership3867,2026-03-21 21:17:50+00:00,,2026-03-21
t3_1s0d2e2,Buschwhacking built the modern Late 00s/2010s cup field and driver development was better for it. It was beneficial to the long term health of the sport. It produced the deepest generation of Cup Talent the sport has seen. And it needs to come back in full.,https://www.reddit.com/r/nascar/comments/1s0d2e2/,/u/Icy-Spring4607,2026-03-22 05:08:52+00:00,"Look at the Busch Series from roughly 2005 through 2010 and tell me that era hurt NASCAR's development pipeline with a straight face. You can't. Because what that era actually produced was the deepest generation of Cup talent the sport has seen in thirty years.

From 2006 to 2010, every single Busch/Nationwide Series champion was a Cup regular running the full schedule: Harvick, Carl Edwards, Clint Bowyer, Kyle Busch, and Brad Keselowski. Critics look at that stat and say ""see, Cup drivers are hogging the series."" But flip it around: those five drivers spent entire seasons grinding through a 35-race schedule in a lower series alongside hungry development guys, learning tracks, sharpening their own race craft, and being forced to execute at a level that no amount of Cup seat time alone could replicate. And every single development driver in the field... from Hamlin to Logano, Stenhouse, Bell, Chase, Larson, Byron the future contenders... had to figure out how to race against them. And Edwards/Harvick/Busch/Bowyer/etc... had to learn how to race against each other. That pressure wasn't hurting them. That was their education.

Keselowski is the clearest example. He came up racing against Harvick and Carl Edwards and Kyle Busch in the Nationwide Series regularly. Those weren't friendlies. Harvick was aggressive, Kyle Busch was dominant, and he had to learn. He took that education directly into Cup and became a championship caliber driver. You think that happens if his formative years were spent racing only against other developmental guys in a protected bubble? Not a chance.

Joey Logano is another one. Logano got to Cup young and it nearly broke him... he was raw, unpolished, and getting beaten by veterans every week. What fixed it wasn't more Cup experience alone. It was accumulating reps in the lower series against a mixed field, including veterans who had already solved the problems he was still struggling with. He went from a guy people were ready to write off to a three-time Cup champion. The lower series crossover was part of that transformation.

Then there's Kyle Busch himself. He is the all-time wins leader across NASCAR's top three divisions combined, a two-time Cup champion, and is widely regarded as one of the greatest drivers in the sport's history. He built that by racing everything, all the time, at every level available to him. His Busch Series dominance wasn't stealing anything from the series it was providing a live, in-race graduate seminar every Saturday for every development driver in the field. When you're 22 years old and you've had to dice with Kyle Busch in traffic on a short track for 50 laps, you come out the other side a measurably better racing driver. That is not theoretical. That is documented in results.

The sponsorship dimension of this conversation is also being completely ignored by the people who oppose crossover. Many NASCAR experts contend that without Cup drivers and the large amount of fan interest and sponsorship they attract, the series would cease to exist. This is not a small footnote. This is existential. When a sponsor is deciding whether to put money into an Xfinity car for a development driver, one of the calculations they're making is whether anyone will be watching. A Kyle Larson or Christopher Bell in the field on a Saturday dramatically raises the television audience, the social media footprint, and the perceived legitimacy of the event. That translates directly into sponsorship dollars and those dollars are what fund the rides that development drivers like Kvapil and Caruth are actually fighting over. The Cup star's presence isn't competing with those teams for money. In many cases it's generating the money that makes those teams viable in the first place.

The idea that development drivers need a sterile environment to grow is contradicted by every piece of evidence the Busch Series era left behind. Denny Hamlin didn't become one of the most technically refined racers of his generation by avoiding competition. Harvick didn't win a Cup championship at 38 by protecting himself from difficult races. They became elite because they spent years in environments where the margin for error was zero and the consequences of getting outworked were real and immediate.

Iron sharpens iron. It always has. The generation of Cup drivers who came of age in that late 2000s Busch Series era became the backbone of the sport for fifteen years precisely because they earned it the hard way... against each other, and against veterans who raised the standard of what elite NASCAR driving actually looked like.

So why again are fans so against this when the results genuinely show buschwhacking is BENEFICIAL to the long term health of the sport?",2026-03-22
t3_1s0g6tf,Denny Hamlin can race till 60 if we don't change the car or practice.,https://www.reddit.com/r/nascar/comments/1s0g6tf/,/u/Straight_Good_2372,2026-03-22 08:19:36+00:00,[removed],2026-03-22
t3_1s1tpis,[Actions Detrimental 54:00] Denny Hamlin was originally supposed to race the 5 Tricon truck at Darlington but declined and led to Corey Heim driving it.,https://www.reddit.com/r/nascar/comments/1s1tpis/,/u/LBHMS,2026-03-23 21:09:55+00:00,,2026-03-23
t3_1s1x4d0,"2026 LASTCAR Cup, Xfinity, and Truck Chase standings (After Darlington I)",https://www.reddit.com/r/nascar/comments/1s1x4d0/,/u/TIFUthebestSubreddit,2026-03-23 23:20:06+00:00,"Cup Series Chase standings (Race 6/26)

1) Cody Ware 225

2) Cole Custer 199

3) Chase Briscoe 188

4) Josh Berry 186

5) Todd Gilliland 177

6) Noah Gragson 175

7) Connor Zilisch 166

8) Ricky Stenhouse Jr 163

9) Ty Dillon 155

10) Austin Dillon 152

11) Austin Cindric 149

12) Kyle Busch 145

13) John Hunter Nemechek 143

14) Riley Herbst 140

15) Erik Jones 133

16) Shane van Gisbergen 131

_____________________________________________

17) BJ McLeod 128

18) Joey Logano 123

19) AJ Allmendinger 119

20) Zane Smith 118

21) Ross Chastain 117

22) Justin Allgaier 110

23) Carson Hocevar 104

24) Alex Bowman 103

25) Michael McDowell 103

26) Daniel Suarez 92

27) Ryan Preece 88

28) Kyle Larson 86

29) Ty Gibbs 78

30) Timmy Hill 76

31) Bubba Wallace 76

32) Christopher Bell 75

33) Chris Buescher 75

34) Brad Keselowski 74

35) William Byron 70

36) Denny Hamlin 61

37) Ryan Blaney 56

38) Chase Elliott 55

39) JJ Yeley 50

40) Anthony Alfredo 49

41) Casey Mears 42

42) Jimmie Johnson 34

43) Jesse Love 26

44) Tyler Reddick 24

45) Corey Heim 24

46) Austin Hill 24

47) Corey LaJoie 6

48) Chandler Smith 3

**___________________________**

O'Reilly Chase standings (Race 6/26)

1) Ryan Ellis 221

2) Nick Sanchez 199

3) Kyle Sieg 179

4) Blaine Perkins 177

5) Mason Maggio 175

6) Harrison Burton 175

7) Lavar Scott 158

8) Josh Bilicki 153

9) Joey Gase 141

10) Austin Green 147

11) Jeremy Clements 146

12) Dean Thompson 145

_____________________________________________

13) Nathan Byrd 134

14) Ryan Sieg 130

15) Patrick Staropoli 128

16) Austin J Hill 121

17) Anthony Alfredo 117

18) Sam Mayer 110

19) Jeb Burton 109

20) William Sawalich 107

21) Taylor Gray 105

22) Brennan Poole 94

23) Josh Williams 93

24) Rajah Caruth 92

25) Austin E Hill 79

26) Gio Ruggerio 78

27) Brandon Jones 75

28) Parker Retzlaff 75

29) Alex Labbe 71

30) Carson Kvapil 65


**___________________________**

Truck series Chase standings (Race 4/18)

1) Frankie Muniz 127

2) Josh Reaume 112

3) Mini Tyrell 111

4) Dawson Sutton 110

5) Tanner Gray 104

6) Spencer Boyd 103

7) Christian Eckes 100

8) Kris Wright 99

9) Ben Rhodes 93

10) Caleb Costner 86

_____________________________________________

11) Jake Garcia 86

12) Cole Butcher 86

13) Grant Enfinger 86

14) Daniel Hemric 85

15) Justin Carroll 82

16) Stewart Friesen 82

17) Tyler Ankrum 77

18) Wesley Slimp 75

19) Cleetus McFarland 75

20) Clayton Green 73

21) Ty Majeski 71

22) Layne Riggs 70

23) Brendan Queen 69

24) Andres Perez de Lara 67

25) Justin Haley 52

26) Timmy Hill 48

27) Carson Hocevar 58

28) Corey LaJoie 54

29) Derek White 49

30) Jason White 46",2026-03-23
t3_1s2wr9k,"[OC] I write this from genuine concern, multiple sources, hope this brings change, have friends watch, introduce new people, but NASCAR is in genuine long-term trouble, and the sport's own leadership and media knows it. Yet no one raises the alarm. Please fix the sport I love.",https://www.reddit.com/r/nascar/comments/1s2wr9k/,/u/Icy-Spring4607,2026-03-25 01:15:02+00:00,"I'm going to try to lay this out as clearly as possible with receipts, because every time someone raises these concerns they get shouted down by the ""NASCAR is fine, stop dooming"" crowd. It's not fine. Let's go point by point.

**The ratings are declining and the new TV deal has made it worse.**

For the full 2025 Cup Series season, viewership was down 14% year-over-year, averaging 2.476 million viewers (Jayski) NASCAR's response was that this was expected due to the shift off broadcast TV… but that explanation is starting to wear thin. The 16 combined points races on FOX Sports 1 and USA in 2024 averaged 2.217 million viewers per race. The 27 points races on cable or streaming in 2025 averaged 2.064 million… a 6.9% drop even on an apples-to-apples cable comparison (Frontstretch). So it's not just the distribution change. The product itself is losing people. 

And that new deal runs through 2031. With the new media deal running through 2031, there should be real concern if these viewership numbers are becoming the new normal. 

**The fragmentation story is also brutal for casual fans.**

If you want to watch everything in 2025, from practice to the race, it costs a minimum of $395.54 (yes I did the math) and still requires you to constantly switch between services throughout the year.  Compare that to F1 TV Pro at $85/year for everything. NASCAR built its brand on accessibility and now they've made it nearly impossible to follow casually.

**The lawsuit revealed what NASCAR actually thinks about its TV deal's value**

The 23XI/Front Row antitrust trial was one of the most damning moments of public transparency in NASCAR's history. Lead attorney Jeffrey Kessler focused heavily on internal emails suggesting NASCAR executives feared a breakaway stock car series could form if teams grew angrier about charter negotiations, prompting comparisons to the PGA Tour/LIV Golf split. (Toby Christie)

The really alarming quote came from Steve O'Donnell's own texts: ""We need to lock ourselves in a room and war game this thing. The future of the sport is on the line, and we need to assume, unfortunately, that 30 of 36 drivers will leave us, and all owners will leave us."" (Daily Downforce)

That's the president of NASCAR writing that internally. That's not the language of a sport that's healthy.

Denny Hamlin said his team's profit margin was 2.26% on $40 million in sponsorship revenue: ""I'm one sponsor away. All it takes is one to go away, and all of the profit is gone."" (Toby Christie) And he called the proposed charter offer ""essentially my team's death certificate.""

The trial also exposed the ugly culture at the top. Leaked texts showed NASCAR commissioner Steve Phelps called Richard Childress… one of the sport's most legendary team owners… a ""stupid redneck who owes his entire fortune to NASCAR"" after Childress publicly criticized the Next Gen car and the media deal. (On3). Phelps has since resigned. The reputational damage from this trial was immediate and real.

This also doesn’t include the internal conversations worrying about the next TV deal contract and how NASCAR would maintain the current value pf the contract with so many other sports contracts up in 2031 (Reddit Trial Coverage).

**The broadcast product is genuinely bad and fans have been saying it for years**

Fans have described NASCAR race coverage on Fox as ""damn near unwatchable,"" with complaints about bad camera angles for wrecks, commercial decisions, and more. One fan wrote: ""Fox is killing NASCAR. It's almost like the producer is doing it on purpose."" (The Spun)

Fans labeled NBC coverage ""lackluster,"" griping about excessive commercial interruptions, bland booth chemistry, and cartoonish graphics that made the on-track action feel sterile. (EssentiallySports)
 
One infamous NBC moment saw the network bump a NASCAR regular-season finale in favor of preseason football.

The contrast with Amazon in 2025 was instructive. Amazon's debut earned praise for crisp visuals, fresh commentary, great sound and camera work, and extended pre- and post-race shows and was deemed ""the best TV coverage for NASCAR in decades."" (Lectric eBikes) 

If a company that had never broadcast NASCAR before could come in and immediately produce a vastly better product, that tells you everything you need to know about how much effort Fox and NBC have been putting in for years.

**The sponsor exodus is real and it represents a verdict on the sport's ROI**

This one is impossible to spin. At the 2005 Daytona 500, around 60% of primary sponsors were Fortune 500 companies. That number has fallen to roughly 20%. (BlackBook Motorsport)

In that span, brands like Caterpillar, Dollar General, Farmers Insurance, GoDaddy, Home Depot, Jimmy John's, Lowe's, Mars/M&M's, Mountain Dew, Oscar Mayer, and Subway have all departed.

GEICO left NASCAR at the end of the 2024 Cup Series season for the first time in 16 years after serving as one of NASCAR's four premier partners. FedEx, which once ran 32-36 races per year at JGR, reduced that to 12 in 2023 and cut further in 2024. Mars/M&M's left after the 2022 season. (SportsSpeeda)

A full-season primary sponsorship that cost $25-$35 million at its peak a decade ago has now fallen to $10-$20 million (BlackBook Motorsport) and teams are still struggling to fill the inventory. That price compression is the market telling you something. Companies are not getting the eyeballs or ROI they once did. They're not leaving because they hate stock car racing. They're leaving because it's not working for their marketing budgets.

**The aging fanbase problem is existential**

This is the one NASCAR boosters really don't want to talk about. As of 2017, Nielsen data pegged the median age of NASCAR viewers at 58, making it one of the oldest fan bases among major U.S. sports — compared to IndyCar's average fan age of around 44 and Formula 1's global fan base skewing significantly younger at 32. (Autoracing1)

Fast forward to 26, would that not put the average age well over 60 now? What happens in 20 years?

34% of NASCAR's fanbase in the US is aged between 55 and 64 years old. (BlackBook Motorsport) That is not a demographic that grows. It is a demographic that ages out. Young viewers are leading the cable cord-cutting exodus, with 23% of Gen Z and 18% of millennials planning to cancel cable subscriptions in the near term — and NASCAR's new contract runs heavily through cable through 2031. The sport is betting its future on a distribution model that its potential new audience is actively fleeing.

And when the next TV deal is far lower than the current, what happens?

**There is no evidence of meaningful generational replacement happening. The influencer stunts and Chicago street races are gimmicks, not a pipeline.**

**The Next Gen car has failed to deliver good racing at most track types**

This is where the product-level problem lives. The Next Gen car was supposed to be the savior. Five seasons in, the honest verdict is mixed at best.

At short tracks, the Next Gen has made passing extremely difficult. At superspeedways, the lower horsepower package has created formation-style races where the optimal strategy is to ride in line and save fuel. Road courses have largely been lackluster, with the fun physical chaos of the Gen 6 era replaced by a car optimized for road racing that just... races. Even the intermediates, the one genuine bright spot, showed worrying signs in 2025, with Darlington hosting what many called its worst race in recent memory. (Frontstretch)

The Next Gen car has made passing on short tracks like Martinsville, Bristol, and Richmond extremely difficult, meaning less passing and fewer incidents — and even NASCAR's own Elton Sawyer publicly acknowledged the sanctioning body needs to do more. 

NASCAR president Steve O'Donnell revealed that horsepower will increase to 750hp for the 2026 season at ovals and short tracks under 1.5 miles and on road courses Herald Courier — a tacit admission that the 670hp baseline has been a problem all along, something drivers, crew chiefs, and fans have been saying for years while being ignored.

**The format changes aren't working either**

The Chase was supposed to create drama. Then the Playoff format was supposed to create drama. Then the elimination format. Now they're changing it again. How many format overhauls does a sport need before it asks whether the format is actually the problem?
The ratings don't move during playoff season. Fans have tuned out the playoff rounds specifically because the stakes feel artificial. Watching a guy who won eight races get eliminated in the Round of 16 because of one bad pit call isn't drama… it's frustration. The core issue is that the racing itself hasn't been compelling enough to carry casual viewers through a 38-week season, and no format change fixes that.

And the ratings this year, which have been down, show it.

**Where does this leave the sport?**

None of this means NASCAR will disappear tomorrow. The Daytona 500 still draws ~7 million viewers. The charter settlement gave teams permanent charters and some stability. The 750hp rule change is at least movement in the right direction.

But the combination of: a TV deal that's locked in through 2031 on an increasingly inaccessible distribution model, a sponsor base that's been cut to a third of its former Fortune 500 depth, a median fan age of 58 with no evidence of meaningful generational replacement, a car that doesn't produce compelling racing at most track types, and leadership whose leaked internal communications show genuine fear about the sport's survival — that's not a sport that's trending toward health.

Twenty years from now? I'm genuinely not sure what NASCAR looks like. And I don't think anyone inside the sport is, either, including the people running it.",2026-03-25
t3_1s3z8q8,Prediction video I made for how I think the remainder of 2026 will play up in terms of race winners and championship. What are your thoughts?,https://www.reddit.com/r/nascar/comments/1s3z8q8/,/u/realflags,2026-03-26 05:53:13+00:00,"Also, dear moderators. I understand if you remove this video I’m not 100% sure if it complies  the guidelines of the sub  

\- Thank you

  
in terms of prediction, I think this could very well be the year that Blaney really breaks out. I know that’s probably unlikely, but I could see him winning 5 to 7 races this year, based on how good long run speed is & Consistency has been since he won the championship in 2023.

also see Hamlin having a similar year to last year, Toyota seems to really have this new body figured out immediate, which will play into his hands. In terms of Hendrick, this year could be an absolute dud. 

Even as a Larson fan, I feel pretty generous giving him four wins this year. In reality, I kinda think it’s gonna be one or two if Chevy isn’t able to figure out this body by fall. very realistically, he and Elliott could go winless this year.

In terms of Penske & RFK, Outside Blaney, I kind of see Cindric and Logano running the same as the 3RFK cars in terms of being able to win. By far this year, the three powerhouses are going to be 2311, Joe Gibbs racing and Ryan BLANEY alone



  




  
",2026-03-26
t3_1s6ikwk,We need to talk about Riley Herbst,https://www.reddit.com/r/nascar/comments/1s6ikwk/,/u/PizzaAdventurous9671,2026-03-29 01:55:48+00:00,"so with the whole cheating accusations towards 23Xi, This made me realize that ""wait they have a third car"", Riley Herbst Is currently 27th in points... What the fuck, Even if 23Xi are cheating (I'm not getting into that conversation),how the fuck are you so bad to the point where you are 27th in points, somehow an Improvement over last season while your teammate is dominating the sport? He's had some bad luck, I give him that but at the same time he has not had any speed either. what kind of money is monster energy throwing to Denny Hamlin that Safelite or Robinhood can't for Corey Heim?",2026-03-29
t3_1s75nvh,[SERIOUS] Hypothetical outcome of swapping drivers/teams?,https://www.reddit.com/r/nascar/comments/1s75nvh/,/u/MtOlympus_Actual,2026-03-29 20:14:13+00:00,"Let's say, one weekend, Denny Hamlin hops into the 51 and Cody Ware switches to the 11. Everything else remains the same: prep, crew, crew chief, spotter, engineers, etc. Let's also assume there are no issues with compatibility, meaning the drivers, crew, and spotters can all communicate without any growing pains.

What would the outcome be? Would Denny drive to the front with the 51 car, crew, team? I know there are different manufacturers, and you can alter factors like brake bias, air pressure, and other things but my understanding is that NASCAR engineers the cars to be essentially equal.

I guess what I'm asking is, if you put a top tier driver into a car that's often at the back, and put a struggling driver into an elite car/team, what would the outcome be? How critical is individual driver skill in these cars? Or is it the team atmosphere and infrastructure that really separates the field?",2026-03-29
t3_1s77oe2,"Fun Fact: Chris Chan (Creator of Sonichu) and Denny Hamlin went to the same HS around the same time. Denny was Class of '99, Chris was Class of 2000.",https://www.reddit.com/r/nascar/comments/1s77oe2/,/u/Tyler2183,2026-03-29 21:32:47+00:00,,2026-03-29
t3_1s78rc8,Toyota,https://www.reddit.com/r/nascar/comments/1s78rc8/,/u/Efficient_Dig_572,2026-03-29 22:16:00+00:00,"NASCAR made a HUGE mistake letting Toyota in.  Kyle Busch was a mediocre driver until he got behind the wheel of a Toyota.  Joe Gibbs switches to Toyota and BOOM Kyle starts winning every week.  Changes teams and starts driving a Chevy now he can't win to save his life.  Denny Hamlin, same thing.  Drives a Toyota and wins every week but put him in a Ford or a Chevy and you won't even see him.  I call bullshit.  Get Toyota out of NASCAR now. ",2026-03-29
t3_1s7cx5p,"For the first time since the new points format change, the race winner (who’s eligible for championship points) did not score the most points in a race.",https://www.reddit.com/r/nascar/comments/1s7cx5p/,/u/Anti-Charter,2026-03-30 01:19:00+00:00,"screenshot credit to Bob Pockrass on Twitter/X

As it was announced earlier this year, starting in 2026, the race winner got an additional 15 bonus points for the win (to help ensure the winner of the race scored the most points). However, thanks to Chase Elliott not scoring any stage points, with second place finisher, Denny Hamlin sweeping both stages, and scoring the bonus point for the fastest lap,  Hamlin outscored  Elliott by a point.",2026-03-30
t3_1s7nbp4,"The Day After the Races - March 30, 2026",https://www.reddit.com/r/nascar/comments/1s7nbp4/,/u/NASCARThreadBot,2026-03-30 11:00:05+00:00,"Welcome to this week's Day After the Races thread! The dust has settled, the track has cooled, and the confetti's been swept.  With this weekend's activities over, what are your thoughts?  Here's a summary of the previous week's race(s):

---

[NCS](#theNCS)[](#trackMartinsville) ***Cook Out 400 at Martinsville Speedway***

**Elapsed Time**: 2:47:18 for 400 laps (210.4&nbsp;mi / 338.61&nbsp;km)

**Cautions**: 5 cautions for 54 laps

**Leaders**: 8 lead changes among 6 leaders (Denny Hamlin led most with 292)

**Stage 1**: Denny Hamlin at 80 Laps

**Stage 2**: Denny Hamlin at 180 Laps

**Race Winner**: Chase Elliott at 400 Laps

[Current Standings at NASCAR.com](http://www.nascar.com/standings/nascar-cup-series)

**Race Threads**: [[Pre](/r/NASCAR/comments/1s6xckm/prerace_discussion_thread_ncs_cook_out_400_at/)]:[[Race](/r/NASCAR/comments/1s72wyy/race_thread_ncs_cook_out_400_at_martinsville/)]:[[Post](/r/NASCAR/comments/1s793q8/postrace_discussion_thread_ncs_cook_out_400_at/)]

---

[NORAPS](#theNORAPS)[](#trackMartinsville) ***NFPA 250 at Martinsville Speedway***

**Elapsed Time**: 2:23:25 for 250 laps (131.5&nbsp;mi / 211.63&nbsp;km)

**Cautions**: 14 cautions for 97 laps

**Leaders**: 14 lead changes among 8 leaders (Justin Allgaier led most with 114)

**Stage 1**: Justin Allgaier at 60 Laps

**Stage 2**: Austin Hill at 120 Laps

**Race Winner**: Justin Allgaier at 250 Laps

[Current Standings at NASCAR.com](http://www.nascar.com/standings/nascar-oreilly-auto-parts-series)

**Race Threads**: [[Race](/r/NASCAR/comments/1s683v9/race_thread_noraps_nfpa_250_at_martinsville/)]:[[Post](/r/NASCAR/comments/1s6e1ml/postrace_discussion_thread_noraps_nfpa_250_at/)]",2026-03-30
t3_1s7pwud,Coming back to NASCAR after a long time away - give me some new favourite drivers to pull for!,https://www.reddit.com/r/nascar/comments/1s7pwud/,/u/AJV1Beta,2026-03-30 13:00:57+00:00,"So I first got into NASCAR back in 2001, and peaced out at the end of 2016. Having tangentially dipped back in here and there in the last ten years, I'm finally back into watching NASCAR week to week this year. As much as there's still quite a few folks active from my first go round, including an old favourite of mine AJ Allmendinger, I'm not very well up on a lot of the new guys who have come along, and especially the folks down in O'Reifinibuschwide or Trucks. 

So I'm open to suggestions, and I'd like to get to know some of the newer guys - pitch some new favourite drivers to me! 

For context on the kind of guys I pull for, my all-time favourite driver was Jeff Burton. Down-to-earth cool guy, well-respected in the garage, raced hard but generally clean, exactly my kind of guy. I also really liked Mark Martin, and retrospectively loved Darrell Waltrip - I say retrospectively, given I came into the sport just after he retired from driving. Other guys I really liked were Johnny Benson, Dave Blaney, Jerry Nadeau, Bobby Labonte, Greg Biffle (RIP), Marcos Ambrose, Tony Stewart, and Kurt Busch from 2014 onwards when he revived his career at SHR. I also used to hate Joey Logano and Kyle Busch, but I'm more ambivalent on them now - they're in the 'respected veterans' camp for me now, same as Denny Hamlin and Brad Keselowski.  

Most importantly, I \*love\* an underdog, and someone who's outperforming their equipment and/or not already established as a top driver with tonnes of wins/championships. I'm not really a fan of just glomming onto an already-super successful team/driver, and just one underdog win often means way more to me. Seeing Benson win his one Cup race at Rockingham 2002 was awesome, and I genuinely got choked up seeing AJ win Watkins Glen 2014. 

I've warmed towards Ryan Preece and Josh Berry for the moment, Preece for being a big Modifieds guy and Berry for being a sim racing head. And both of them drive for teams I really like in Roush/RFK and the Wood Brothers, so that helps. I've followed SVG since he debuted in V8 Supercars over 15 years ago, so of course I'm still firmly rooting for him too, and I really like Connor Zilisch having seen him race in person at the Rolex 24 in 2025. Carson Hocevar should tick most of those boxes, but his previous stunts mean I'm pretty split on him for now. We'll see, I might warm up to him. Meantime, the story of Sheldon Creed finishing 2nd so many times, only to \*finally\* win one, is the exact kind of redemption arc that I can get behind. ",2026-03-30
t3_1s840bu,Chase Elliott first ever “poached” win Sunday,https://www.reddit.com/r/nascar/comments/1s840bu/,/u/Technical_Ability_60,2026-03-30 21:30:45+00:00,"Since NASCAR implemented Stages in 2017, there have been 28 “poached wins” (wins with no stage points) by 18 different drivers with Chase Elliott adding his name to the list.

\* - shortened races

2017

\- Ryan Blaney - Pocono (14/36)

\- Kevin Harvick - Sonoma (16/36)

\- Ricky Stenhouse Jr. - Daytona (17/36)

\- Kasey Kahne - Indianapolis (20/36)

2018

\- Kyle Busch - Chicagoland (17/36)

\- **Kyle Busch (2) - Richmond (28/36)**

2019

\- Brad Keselowski - Atlanta (2/36)

\- Justin Haley - Daytona (18/36)\*

\- **Denny Hamlin - Bristol (24/36)**

2020

\- Austin Dillon - Texas (18/36)

\- **Kurt Busch - Las Vegas (30/36)**

**- Denny Hamlin (2) - Talladega (31/36)**

2021

\- A.J. Allmendinger - Indianapolis GP (24/36)

\- Ryan Blaney (2) - Michigan (25/36)

\- **Bubba Wallace - Talladega (31/36)\***

2022

\- Denny Hamlin (3) - Richmond (7/36)

\- Joey Logano - Gateway (15/36)

\- **Christopher Bell - Charlotte Roval (32/36)**

2023

\- Kyle Busch (3) - Talladega (10/36)

\- Chris Buescher - (Daytona 26/36)

2024

\- Joey Logano (2) - Nashville (19/36)

\- Tyler Reddick - Michigan (24/36)

\- Harrison Burton - Daytona (25/36)

\- **Chris Buescher (2) - Watkins Glen (28/36)**

**- Ross Chastain - Kansas (30/36)**

2025

\- Christopher Bell (2) - Atlanta (2/36)

**- Christopher Bell (3) - Bristol (30/36)**

2026

\- Chase Elliott - Martinsville (7/36)",2026-03-30
t3_1s871bw,2026 LASTCAR Cup & Xfinity Chase standings (after Martinsville I),https://www.reddit.com/r/nascar/comments/1s871bw/,/u/TIFUthebestSubreddit,2026-03-30 23:32:32+00:00,"Cup Series Chase standings (Race 7/26)

1) Cody Ware 276

2) Cole Custer 238

3) Noah Gragson 210

4) Ricky Stenhouse Jr 205

5) Todd Gilliland 201

6) Chase Briscoe 201

7) Ty Dillon 201

8) Connor Zilisch 198

9) Josh Berry 195

10) John Hunter Nemechek 189

11) Austin Dillon 179

12) Riley Herbst 175

13) Kyle Busch 174

14) Austin Cindric 156

15) Erik Jones 153

16) Zane Smith 151

_____________________________________________

17) AJ Allmendinger 150

18) Shane van Gisbergen 141

19) Ross Chastain 132


20) Justin Allgaier 131

21) BJ McLeod 128

22) Joey Logano 125

23) Carson Hocevar 120

24) Michael McDowell 120

25) Bubba Wallace 111

26) Daniel Suarez 111

27) Alex Bowman 103

28) Ryan Preece 99

29) Kyle Larson 94

30) Chris Buescher 93

31) Brad Keselowski 86

32) Ty Gibbs 81

33) Christopher Bell 81

34) Timmy Hill 76

35) William Byron 74

36) Austin Hill 71

37) Denny Hamlin 62

38) Ryan Blaney 61

39) Chase Elliott 56

40) JJ Yeley 50

41) Anthony Alfredo 49

42) Casey Mears 42

43) Tyler Reddick 38

44) Jimmie Johnson 34

45) Jesse Love 26

46) Corey Heim 24

47) Corey LaJoie 6

48) Chandler Smith 3

**___________________________**

O'Reilly Chase standings (Race 7/26)

1) Ryan Ellis 260

2) Nick Sanchez 226

3) Kyle Sieg 213

4) Josh Bilicki 200

5) Harrison Burton 195

6) Blaine Perkins 193

7) Jeremy Clements 191

8) Joey Gase 189

9) Lavar Scott 182

10) Austin Green 175

11) Mason Maggio 175

12) Anthony Alfredo 164

_____________________________________________

13) Dean Thompson 151

14) Patrick Staropoli 144

15) Ryan Sieg 141

16) Jeb Burton 137

17) Nathan Byrd 133

18) Sam Mayer 131

19) Josh Williams 128

20) William Sawalich 125

21) Austin J Hill 121

22) Taylor Gray 116

23) Rajah Caruth 115

24) Brennan Poole 106

25) Garrett Smithley 100

26) Carson Kvapil 91

27) Brandon Jones 91

28) Austin E Hill 84

29) Parker Retzlaff 84

30) Alex Labbe 71",2026-03-30
t3_1s886p9,Kyle Busch hits 100 races without a victory.,https://www.reddit.com/r/nascar/comments/1s886p9/,/u/TonyD9898,2026-03-31 00:22:11+00:00,"Kyle Busch has officially hit the 100 race mark without a win. In that time since, he’s finished 2nd only three times (2023 Sonoma, 2024 Daytona summer race, & 2024 Southern 500 at Darlington) 14% in the top5, and 29% in the top10. He’s led 381 laps in that time period (107 since 2025), an average finish of 18th, and a driver rating average of 71.2. Last year, he finished outside the top20 in points for the first time in his career, and now has started the first 7 races this season without a single top10 finish (another first in his career). But just the fact alone that he’s only finished top5 8 times since 2024 tells you something of where’s at in his career. For a guy who was so prominent back in the late 2000s and all throughout the 2010s, has really been falling off the map at a rapid pace. I’m not alone when I say I feel so sorry for him, but it’s very depressing to see him struggling like this, especially since we’re seeing guys like Denny Hamlin, who’s well over four years older than Kyle, still winning races and very competitive to this day. I don’t know what’s next for Kyle Busch in the future, but I know he’s not going to give up and I sure hope he doesn’t continue down this rabbit hole and end his career like this.",2026-03-31
t3_1s9b0nn,"Extended interview: Michael Jordan, Denny Hamlin and Tyler Reddick",https://www.reddit.com/r/nascar/comments/1s9b0nn/,/u/gtsmart821,2026-04-01 04:58:45+00:00,"Extended interview: Michael Jordan, Denny Hamlin and Tyler Reddick

https://youtu.be/77B-\_M2rR4E?si=GXOlsRs\_YLnWk6IN",2026-04-01
t3_1saqhcv,Question: From Korea to Sonoma,https://www.reddit.com/r/nascar/comments/1saqhcv/,/u/Stev1na,2026-04-02 19:03:19+00:00,"Hey, so me and my family are going to Sonoma this summer.

It's been about 10+ years since my last nascar race (2012 Coke Zero 400).

I'm curious whether or not the merch haulers are still a thing.

And since my favorite driver is Denny Hamlin, if I can get some diecasts, jackets, headwear, etc. on them haulers.",2026-04-02
t3_1sb6nzp,Denny Hamlins goofy quote,https://www.reddit.com/r/nascar/comments/1sb6nzp/,/u/ProbablyPorabola46n2,2026-04-03 07:16:14+00:00,"Denny has a comment about how he could hit a three point shot that Jordan would miss, but no athlete from an another sport could run a lap faster than he can..... Sorry bud but theirs about 20 drivers in a little sport called F1 that absolutely unequivocally can and do .... 🤔🤷🏻‍♂️😂",2026-04-03
t3_1sg7iep,"[NACOURT Weaver] In a Wednesday response to Joe Gibbs Racing's latest expedited discovery motion, Chris Gabehart says JGR is 'clearly desperate' and has no evidence that its proprietary information has been disclosed in objecting to the motion.",https://www.reddit.com/r/nascar/comments/1sg7iep/,/u/ZilischsPoopyPants,2026-04-08 22:23:06+00:00,"in a follow up tweet: Gabehart also does not object to a subpoena of his cell provider to recover deleted texts and has made efforts to get them himself, but objects to JGR's scope. Gabehart also calls third party subpoena of Custer, Marks, Meredith, Ware and Baldwin harassment without basis. 

https://xcancel.com/MattWeaverRA/status/2041995790822818169",2026-04-08
t3_1sghs14,Remember Denny Hamlin's 'Biggie' phase?,https://www.reddit.com/r/nascar/comments/1sghs14/,/u/YeleyFan18,2026-04-09 06:28:45+00:00,"I remember when Denny had a whole thing going on before the lawsuit where he was around 250-ish pounds and starred in McDonald's ads struggling to get into the #23. And then Bubba gave him one of those salads from McCafe and told Hamlin to go back in his own race car.

He was calling himself Biggie Hamlin and I remember the ads clear as day. Not only that but all the posts online concerned about his physical health and if he was doing alright. I'm glad he's been able to lose the weight, but it seems like the ad agency scrubbed it off the web?

I only remember again cause I saw a document from the other court case with Gabehart saying that Hamlin was gaining weight in an attempt to generate more downforce in the Next Gen for the 2025 chase. And then once Gabehart left JGR and the lawsuit hit, McDonalds left 23XI and suddenly Hamlin is as thin as a twig for Speedweeks '26.

Am I going crazy? Biggie Hamlin was a such a big deal here not too long ago and we all moved on from it and nobody likes talking about it.",2026-04-09
t3_1si0g96,[Crandall] Joe Gibbs Racing has previously stated it would seek an expedited trial and has now made the filing official. The proposed trial date is Nov. 16.,https://www.reddit.com/r/nascar/comments/1si0g96/,/u/dman6233,2026-04-10 21:53:58+00:00,,2026-04-10
t3_1sjz9uy,Cautions are killing my love of the sport,https://www.reddit.com/r/nascar/comments/1sjz9uy/,/u/Aurelian42,2026-04-13 03:24:36+00:00,"I’ve been a fan of NASCAR since 2008 when I was 11 years old. I watched all my life up until around 2020, when I just got exhausted by it. I never really cared to explain why I ended up hating the on-track product, but it was years in the making. Recently, Denny Hamlin voiced his frustration on his podcast about the number of caution laps they ran during a stage break. He claimed, like many of us, that they last so long just so the broadcast can squeeze in commercial breaks without missing pit stops.

I’ve recently gotten back into the sport. I always caught bits and pieces, but I’ve definitely become more of an F1 fan over the years. Even now, I’d say I respect and enjoy F1 miles more than I do NASCAR. But I live closer to my brother now and we’ve been trying to find things to do together; I’ve even gotten him into the sport as a beginner. We’ve been blessed with a few good races this year and we’ve both found a handful of drivers to pull for... but the more I watch, the more I realize exactly why I stopped watching all those years ago.

It’s undeniable that NASCAR has lost a ton of fans, and you can ascribe a hundred legitimate reasons to it. For me, what absolutely killed it was the insane amount of dead time**.** A race is 3–5 hours long, and the reported start time is always at least 30 minutes off from when the green flag actually waves. While people watch for the wrecks, a single incident costs the broadcast a minimum of 10 minutes of dead time, half-assed commentary, and 2–3 ad breaks.

It genuinely feels like if in the NFL or college football, every turn of possession or timeout lasted as long as halftime. I think for the longest time, NASCAR has been fighting their schedule by artificially breaking up the season to make ""boring"" races mean something (the chase, playoffs, etc.) and fighting the length of the races with stages, but none of that fixes the dead time. Honestly, it adds to the problem.

It’s crazy to me how long a caution can last at a stage break or early in the race, yet right at the end, a caution will last 2–4 minutes max. The image of cars just going and going around a track while the safety crews have already cleared everything is insane to me. Compared to F1, it’s rare that a race just halts for dozens of minutes for no good reason. It's impossible to keep watching, and genuinely both my brother and I have gotten to the point of only really paying attention to the last 50 laps or so. ",2026-04-13
t3_1skpbrf,"2026 LASTCAR Cup, Xfinity, and Truck Chase Standings (After Bristol I)",https://www.reddit.com/r/nascar/comments/1skpbrf/,/u/TIFUthebestSubreddit,2026-04-13 21:52:52+00:00,"Cup Series Chase standings (Race 8/26)

1) Cody Ware 314

2) Cole Custer 277

3) Ty Dillon 237

4) Noah Gragson 235

5) John Hunter Nemechek 234

6) Connor Zilisch 231

7) Josh Berry 226

8) Ricky Stenhouse Jr 221

9) Todd Gilliland 210

10) Chase Briscoe 205

11) Kyle Busch 198

12) Austin Dillon 196

13) Riley Herbst 195

14) Shane van Gisbergen 191

15) Erik Jones 175

16) Austin Cindric 171

_____________________________________________

17) Alex Bowman 169

18) Zane Smith 169

19) AJ Allmendinger 164

20) Ross Chastain 151

21) Michael McDowell 143

22) Justin Allgaier 131

23) Joey Logano 131

24) Carson Hocevar 129

25) BJ McLeod 128

26) Daniel Suarez 122

27) Bubba Wallace 121

28) William Byron 117

29) Christopher Bell 113

30) Ryan Preece 106

31) Chris Buescher 105

32) Brad Keselowski 99

33) Kyle Larson 96

34) Ty Gibbs 82

35) Chase Elliott 77

36) Timmy Hill 76

37) Austin Hill 71

38) Denny Hamlin 70

39) Ryan Blaney 62

40) Chad Finchum 52

41) JJ Yeley 50

42) Anthony Alfredo 49

43) Casey Mears 42

44) Tyler Reddick 41

45) Jimmie Johnson 34

46) Jesse Love 26

47) Corey Heim 24

48) Corey LaJoie 6

49) Chandler Smith 3

**___________________________**

O'Reilly Chase standings (Race 9/26)

1) Ryan Ellis 321

2) Joey Gase 280

3) Kyle Sieg 271

4) Josh Bilicki 260

5) Austin Green 255

6) Blaine Perkins 234

7) Jeremy Clements 227

8) Nick Sanchez 226

9) Lavar Scott 225

10) Harrison Burton 224

11) Mason Maggio 222

12) Anthony Alfredo 220

_____________________________________________

13) Sam Mayer 214

14) Garrett Smithley 213

15) Dean Thompson 203

16) Patrick Staropoli 203

17) Josh Williams 186

18) Jeb Burton 166

19) Ryan Sieg 157

20) Nathan Byrd 154

21) Brennan Poole 134

22) William Sawalich 131

23) Rajah Caruth 129

24) Taylor Gray 129

25) Austin J Hill 121

26) Austin E Hill 112

27) Brandon Jones 109

28) Dawson Cram 100

29) Carson Kvapil 97

30) Parker Retzlaff 97


**___________________________**

Truck series Chase standings (Race 6/18)

1) Frankie Muniz 224

2) Clayton Green 184

3) Spencer Boyd 177

4) Mini Tyrell 158

5) Kris Wright 158

6) Andres Perez de Lara 143

7) Timmy Hill 140

8) Tanner Gray 140

9) Dawson Sutton 136

10) Caleb Costner 132

_____________________________________________

11) Cole Butcher 124

12) Grant Enfinger 124

13) Ben Rhodes 122

14) Daniel Hemric 121

15) Christian Eckes 118

16) Josh Reaume 112

17) Chandler Smith 109

18) Brenden Queen 108

19) Ty Majeski 102

20) Stewart Friesen 102

21) Carson Hocevar 101

22) Jake Garcia 101

23) Tyler Ankrum 96

24) Layne Riggs 95

25) Justin Haley 94

26) Corey LaJoie 90

27) Adam Andretti 88

28) Justin Carroll 82

29) Cleetus McFarland 75

30) Wesley Slimp 75",2026-04-13
t3_1smt0no,Bozi Tatarevic on X in response to Denny Hamlin's comments about Zilisch VS Chastain,https://www.reddit.com/r/nascar/comments/1smt0no/,/u/racefanAJ,2026-04-16 04:16:06+00:00,"For context here's what Denny said: https://x.com/i/status/2044121219859931586

I know CZ gets talked about a lot on here but I thought this was really interesting from Bozi",2026-04-16
t3_1smwuup,Austin Dillon Underated?,https://www.reddit.com/r/nascar/comments/1smwuup/,/u/AdAshamed8540,2026-04-16 07:48:16+00:00,Hot take but if Austin Dillon drove for JGR he would be a top ten/five driver. The main reason people think AD sucks is bc RCR equipment has been mediocre majority of his tenure and because he drives the #3. Also if the rumors are true about RCR buying a stolen JGR setup at Richmond AD outran all of JGR back to back year and technically went undefeated in JGR equipment. I also think this has to do with why Kyle Busch is performing so poorly. I saw denny hamlin talking about how KB isnt outrunning AD on a weekly basis but AD is not a bad driver. ,2026-04-16
t3_1sn3cob,Why did the 11 struggle so much with Leffler in 2005?,https://www.reddit.com/r/nascar/comments/1sn3cob/,/u/ITMAKESSENSE72,2026-04-16 13:20:36+00:00,"Jason Leffler wasn't an awful driver, he wasn't Denny Hamlin either.  The team was really bad to start 2005 which is understandable, as it was a new team, however, things immediately changed when Denny took over.  What do you think attributed to the improvement?  Denny?  Team clicked better with him?",2026-04-16
t3_1snfd7a,[Nascourt Weaver] Spire Motorsports co-owner Jeff Dickerson's declaration on Chris Gabehart's role; and response to the Joe Gibbs Racing Bristol photographs and Monday filing.,https://www.reddit.com/r/nascar/comments/1snfd7a/,/u/ZilischsPoopyPants,2026-04-16 20:26:38+00:00,,2026-04-16
t3_1snnenq,Who do you guys think was the better JGR driver from 2008-2015? Denny Hamlin or Kyle Busch?,https://www.reddit.com/r/nascar/comments/1snnenq/,/u/Kurt_Wylde35,2026-04-17 01:57:56+00:00,,2026-04-17
t3_1so9q9x,"[NASCAR Insights] Ryan Blaney has won the last five races for Ford in the Cup Series, dating back to Nashville last June. This is the longest win-streak by a driver at Ford since Joey Logano in 2015, and the longest by any driver since Denny Hamlin at Toyota in 2020",https://www.reddit.com/r/nascar/comments/1so9q9x/,/u/CNASFan1992,2026-04-17 18:43:34+00:00,,2026-04-17
t3_1sp79ew,( Gluck ) Kyle Busch seemingly did not appreciate the comments on Denny Hamlin's podcast.,https://www.reddit.com/r/nascar/comments/1sp79ew/,/u/ScottRiggsFan10,2026-04-18 19:40:58+00:00,https://x.com/i/status/2045587536529997940,2026-04-18
t3_1sp79z1,"Kyle Busch responding to Hamlin's podcast comments: ""In this instance Denny Hamlin doesn't know what the hell he is talking about. So he can bash me all he wants and I can certainly make his life hell.""",https://www.reddit.com/r/nascar/comments/1sp79z1/,/u/LBHMS,2026-04-18 19:41:33+00:00,,2026-04-18
t3_1sp7kau,[Jeff Gluck] Kyle Busch seemingly did not appreciate the comments on Denny Hamlin’s podcast.,https://www.reddit.com/r/nascar/comments/1sp7kau/,/u/CNASFan1992,2026-04-18 19:52:39+00:00,,2026-04-18
t3_1spbgwj,"[Denny Hamlin on X] (regarding Kyle Busch) ""Not really sure what I’m supposed to do. I host a podcast and I have to answer questions about relevant topics. Should I just say I dunno, everything seems fine to me? Not sure where he felt I “bashed”. Im walking a damn tight rope here.""",https://www.reddit.com/r/nascar/comments/1spbgwj/,/u/CNASFan1992,2026-04-18 22:30:56+00:00,,2026-04-18
t3_1spbhbn,"[Denny Hamlin] In response to Kyle Busch's comments: ""Not really sure what I’m supposed to do. I host a podcast and I have to answer questions about relevant topics. Should I just say I dunno, everything seems fine to me? Not sure where he felt I “bashed”. Im walking a damn tight rope here.""",https://www.reddit.com/r/nascar/comments/1spbhbn/,/u/LBHMS,2026-04-18 22:31:26+00:00,,2026-04-18
t3_1sqav93,What is the beef between Denny Hamlin and JHN?,https://www.reddit.com/r/nascar/comments/1sqav93/,/u/dekewe1,2026-04-20 01:11:31+00:00,Every week that 42 makes it hell for the 11 to pass him. I feel like nobody talks about this and it's pretty apparent.,2026-04-20
t3_1sqlurx,Denny Hamlin,https://www.reddit.com/r/nascar/comments/1sqlurx/,/u/jms1228,2026-04-20 10:54:31+00:00,"I’m a casual fan, so take it easy on me.

However, can someone explain to me how Denny Hamlin races for JGR in cup, however is a partial team owner for the 45 & has a cup team 23/11 motorsports?

Why doesn’t Hamlin race for 23/11?

Why is JGR ok with this?

After the race in Kansas, MJ came over to Hamlin & Denny basically ignored him. It was very odd. Did anyone else see that?

I’m just confused…. Anyone?",2026-04-20
t3_1sqlyqe,"The Day After the Races - April 20, 2026",https://www.reddit.com/r/nascar/comments/1sqlyqe/,/u/NASCARThreadBot,2026-04-20 11:00:05+00:00,"Welcome to this week's Day After the Races thread! The dust has settled, the track has cooled, and the confetti's been swept.  With this weekend's activities over, what are your thoughts?  Here's a summary of the previous week's race(s):

---

[NCS](#theNCS)[](#trackKansas) ***AdventHealth 400 at Kansas Speedway***

**Elapsed Time**: 2:48:39 for 274 laps (411&nbsp;mi / 661.44&nbsp;km)

**Cautions**: 3 cautions for 20 laps

**Leaders**: 17 lead changes among 7 leaders (Denny Hamlin led most with 131)

**Stage 1**: Denny Hamlin at 80 Laps

**Stage 2**: Kyle Larson at 165 Laps

**Race Winner**: Tyler Reddick at 274 Laps

[Current Standings at NASCAR.com](http://www.nascar.com/standings/nascar-cup-series)

**Race Threads**: [[Pre](/r/NASCAR/comments/1sptrg5/prerace_discussion_thread_ncs_adventhealth_400_at/)]:[[Race](/r/NASCAR/comments/1spyhq3/race_thread_ncs_adventhealth_400_at_kansas/)]:[[Post](/r/NASCAR/comments/1sq58fr/postrace_discussion_thread_ncs_adventhealth_400/)]

---

[NORAPS](#theNORAPS)[](#trackKansas) ***Kansas Lottery 300 at Kansas Speedway***

**Elapsed Time**: 2:33:55 for 200 laps (300&nbsp;mi / 482.8&nbsp;km)

**Cautions**: 7 cautions for 37 laps

**Leaders**: 11 lead changes among 8 leaders (Brandon Jones led most with 67)

**Stage 1**: Brandon Jones at 45 Laps

**Stage 2**: Brandon Jones at 90 Laps

**Race Winner**: Taylor Gray at 200 Laps

[Current Standings at NASCAR.com](http://www.nascar.com/standings/nascar-oreilly-auto-parts-series)

**Race Threads**: [[Race](/r/NASCAR/comments/1spar6j/race_thread_noraps_kansas_lottery_300_at_kansas/)]:[[Post](/r/NASCAR/comments/1spfzpr/postrace_discussion_thread_noraps_kansas_lottery/)]",2026-04-20
t3_1sr0rm5,Tyler Reddick’s 2026 Vs Dale Earnhardt’s 1987 after 9 races,https://www.reddit.com/r/nascar/comments/1sr0rm5/,/u/TonyD9898,2026-04-20 19:51:51+00:00,"Tyler Reddick in 2026 after 9 races

5 Wins

6 Top5s

7 Top10s

3 Poles

199 Laps Led (7.6%)

Average Start: 6.1

Average Finish: 5th

0 DNF’s

9 Lead Lap Finishes

Worst Finish: 15th

Dale Earnhardt in 1987 after 9 races

6 Wins

8 Top5s

8 Top10s

1 Pole

1,624 Laps Led (48.3%)

Average Start: 5.3

Average Finish: 3.4

0 DNF’s

8 Lead Lap Finishes 

Worst Finish: 16th

The numbers really do speak for themselves. Tyler Reddick is off to an unbelievable start in the amount of wins he’s piled up already this early in the season! I would’ve liked to also include even Jeff Gordon’s 1998 season after 9 races, except at that time, he had 4 sup-par results along with just 2 wins before he really turned up the heat starting in June all the way through November. 

But what do you guys think? How many more wins Reddick will get? The most wins so far in the Next Gen car era has been 6 wins and that’s been done the last 3 years. Since 1999, only two drivers have gone on to win double digit races in a season post Jeff Gordon’s 13 win season from 1998. Jimmie Johnson winning 10 in 2007 & Kyle Larson also winning 10 in 2021. 

Also to keep in mind that the most wins in a season for a Toyota driver is 8 wins and that’s been done on multiple occasions (Kyle Busch in 2008 & 2018, Denny Hamlin in 2010, and Martin Truex, Jr. in 2017).",2026-04-20
t3_1sr0rve,[Sean Hannity] Kyle Busch on run-ins with Denny Hamlin: “We’ve had a couple minor ones. He’s got his own podcast and he’s been running his mouth lately so he might get run into again here soon.”,https://www.reddit.com/r/nascar/comments/1sr0rve/,/u/LBHMS,2026-04-20 19:52:05+00:00,,2026-04-20
t3_1sr0x1q,Tyler Reddick in 2026 vs Dale Earnhardt in 1987 after 9 races,https://www.reddit.com/r/nascar/comments/1sr0x1q/,/u/TonyD9898,2026-04-20 19:56:34+00:00,"Tyler Reddick in 2026 after 9 races

5 Wins

6 Top5s

7 Top10s

3 Poles

199 Laps Led (7.6%)

Average Start: 6.1

Average Finish: 5th

0 DNF’s

9 Lead Lap Finishes

Worst Finish: 15th

Dale Earnhardt in 1987 after 9 races

6 Wins

8 Top5s

8 Top10s

1 Pole

1,624 Laps Led (48.3%)

Average Start: 5.3

Average Finish: 3.4

0 DNF’s

8 Lead Lap Finishes

Worst Finish: 16th

The numbers really do speak for themselves. Tyler Reddick is off to an unbelievable start in the amount of wins he’s piled up already this early in the season! I would’ve liked to also include even Jeff Gordon’s 1998 season after 9 races, except at that time, he had 4 sup-par results along with just 2 wins before he really turned up the heat starting in June all the way through November.

But what do you guys think? How many more wins Reddick will get? The most wins so far in the Next Gen car era has been 6 wins and that’s been done the last 3 years. Since 1999, only two drivers have gone on to win double digit races in a season post Jeff Gordon’s 13 win season from 1998. Jimmie Johnson winning 10 in 2007 & Kyle Larson also winning 10 in 2021.

Also to keep in mind that the most wins in a season for a Toyota driver is 8 wins and that’s been done on multiple occasions (Kyle Busch in 2008 & 2018, Denny Hamlin in 2010, and Martin Truex, Jr. in 2017).

Update: For some reason, Reddit is deleting the photo I was wanting to share of Reddick & Earnhardt, but it ain’t coming up 🤷🏻‍♂️",2026-04-20
t3_1sr4bof,2026 LASTCAR Cup & O'Reilly Chase standings (After Kansas I),https://www.reddit.com/r/nascar/comments/1sr4bof/,/u/TIFUthebestSubreddit,2026-04-20 21:54:05+00:00,"Cup Series Chase standings (Race 9/26)

1) Cody Ware 388

2) Cole Custer 306

3) Ty Dillon 280

4) Connor Zilisch 270

5) Noah Gragson 269

6) John Hunter Nemechek 261

7) Josh Berry 252

8) Ricky Stenhouse Jr 241

9) Kyle Busch 239

10) Shane van Gisbergen 231

11) Todd Gilliland 226

12) AJ Allmendinger 213

13) Austin Dillon 211

14) Zane Smith 209

15) Riley Herbst 208

16) Chase Briscoe 207

_____________________________________________

17) Erik Jones 199

18) Alex Bowman 186

19) Michael McDowell 184

20) Austin Cindric 182

21) Ross Chastain 177

22) Joey Logano 161

23) Carson Hocevar 141

24) Daniel Suarez 140

25) Christopher Bell 132

26) Justin Allgaier 131

27) BJ McLeod 128

28) Bubba Wallace 125

29) William Byron 123

30) Ryan Preece 116

31) Chris Buescher 1114

32) Brad Keselowski 104

33) Kyle Larson 97

34) Ty Gibbs 90

35) Ryan Blaney 85

36) Chase Elliott 84

37) Timmy Hill 76

38) Denny Hamlin 73

39) Austin Hill 71

40) Chad Finchum 52

41) JJ Yeley 50

42) Anthony Alfredo 49

43) Tyler Reddick 42

44) Casey Mears 42

45) Corey Heim 38

46) Jimmie Johnson 34

47) Jesse Love 26

48) Corey LaJoie 6

49) Chandler Smith 3

**___________________________**

O'Reilly Chase standings (Race 10/26)

1) Ryan Ellis 342

2) Joey Gase 307

3) Austin Green 291

4) Josh Bilicki 287

5) Kyle Sieg 285

6) Mason Maggio 260

7) Blaine Perkins 256

8) Anthony Alfredo 252

9) Harrison Burton 251

10) Lavar Scott 243

11) Jeremy Clements 241

12) Nick Sanchez 226

_____________________________________________

13) Sam Mayer 222

14) Patrick Staropoli 216

15) Dean Thompson 213

16) Garrett Smithley 213

17) Josh Williams 202

18) Ryan Sieg 181

19) Nathan Byrd 179

20) Jeb Burton 178

21) Carson Kvapil 172

22) Austin E Hill 159

23) William Sawalich 153

24) Brennan Poole 152

25) Parker Retzlaff 150

26) Rajah Caruth 149

27) Dawson Cram 134

28) Blake Lothian 133

29) Taylor Gray 130

30) Austin J Hill 121",2026-04-20
t3_1sr5aa5,Is it me or is the O’Reilly series simply more interesting this year? I used to never really watch that series until this year and it might be my favorite of the three series. It has a classic feel in a “modern” era.,https://www.reddit.com/r/nascar/comments/1sr5aa5/,/u/realflags,2026-04-20 22:31:55+00:00,"I find it interesting in the age of parity with NASCAR, in some ways, the O’Reilly races feel like more wildcard than the cup races are these days. 

For those who dive deep into practice and qualifying results, it seems pretty easy unless it’s a super Speedway these days to pick the three best drivers in practice to win and they’ll likely be the winner unless something crazy happens. to quote Denny Hamlin on his thoughts about him winning yesterday’s race.

  
Were in O’Reillys even though teams like JRM, RCR and JGR might be overpowered at times, predicting which one of those drivers of those teams seems like a coin flip on a weekly basis. 

A great example of this is on a almost hundred lap green flag run at Kansas in the Saturday O’Reilly race, the top three drivers were literally running within two  seconds of each other, While in the cup series, Hamlin and Reddick were on a 10sec plus “island” in a series where they say parity means everything.

  
I don’t like about the cup currently is that data mining and manufacture Support dictates how well teams will be running. especially since teams can’t make their own parts anymore. 

  
Where in O’Reillys while they are branded by the car manufacturers,  it just the teams Just because Chevy or Ford puts out a new body that is slow does not mean O’Reilly teams will suffer.   

and a big plus for me is the car just look better. I like the look of the updated version of the car of tomorrow. it has a sheet metal nose down ass up, no diffuse and Side force means everything.

Plus, the CW broadcast feels like an old broadcast, not married in back stories and drama and distractions, it feels more like a classic play by play race.",2026-04-20
t3_1sr6bkz,What is going on with the pit crew over at Joe Gibbs Racing?,https://www.reddit.com/r/nascar/comments/1sr6bkz/,/u/Ajaxx702,2026-04-20 23:13:47+00:00,Was scanning the data from last race at [https://pitcrewrank.com/](https://pitcrewrank.com/) saw the pit crew for Joe Gibbs Racing plastered all over the top pit crew team. What is making them so consistent?,2026-04-20
t3_1srqc4p,Denny Hamlin’s 2026 King’s Hawaiian Ube Coconut Rolls Paint Scheme For Talladega,https://www.reddit.com/r/nascar/comments/1srqc4p/,/u/Dmacthegoat,2026-04-21 15:05:04+00:00,[https://x.com/JoeGibbsRacing/status/2046604933647003764?s=20](https://x.com/JoeGibbsRacing/status/2046604933647003764?s=20),2026-04-21
t3_1srzhdd,Denny Hamlin all week,https://www.reddit.com/r/nascar/comments/1srzhdd/,/u/bstone99,2026-04-21 20:19:53+00:00,,2026-04-21
t3_1suu0hi,Kyle Busch or Denny Hamlin?,https://www.reddit.com/r/nascar/comments/1suu0hi/,/u/Rowdyfan0823,2026-04-24 22:16:06+00:00,"To me Kyle Busch is still definitely the better driver of all time even if Denny has better longevity and ends up finishing his career with more wins. We saw them as teammates for 15 years and Kyle stood out as number driver at Gibbs when you look at their time as teammates as a whole. He had more top tens, wins, top fives, laps led, and obviously championships when they were together.  Also, Kyle Busch from 2013-2019 along with Truex from 2016-19 kind of made Denny look like a background character. It wasn’t even close who was the better driver at that time. Denny was under pressure to preform going into 2019. I remember after Denny’s poor 2018 hearing some people say that Joe Gibbs should consider replacing Denny in the near future. Kyle only left Gibbs due to sponsorship and him wanting to be paid the same amount of money as he was being paid when m&ms funded his car, not poor performance. Keep in mind, Kyle Busch’s 2020-22 were not bad years at all, they were just down years by his top 10 driver of all time standards. Denny at his best never looked as scary and nuclear as a 2008, 2013, and 2015-19 Kyle Busch. ",2026-04-24
t3_1sxivk2,2026 LASTCAR Cup & O'Reilly Chase standings (after Talladega I),https://www.reddit.com/r/nascar/comments/1sxivk2/,/u/TIFUthebestSubreddit,2026-04-27 22:26:56+00:00,"Cup Series Chase standings (Race 10/26)

1) Cody Ware 388

2) Cole Custer 306

3) Ty Dillon 280

4) Connor Zilisch 270

5) Noah Gragson 269

6) John Hunter Nemechek 261

7) Josh Berry 252

8) Ricky Stenhouse Jr 241

9) Kyle Busch 239

10) Shane van Gisbergen 231

11) Todd Gilliland 226

12) AJ Allmendinger 213

13) Austin Dillon 211

14) Zane Smith 209

15) Riley Herbst 208

16) Chase Briscoe 207

_____________________________________________

17) Erik Jones 199

18) Alex Bowman 186

19) Michael McDowell 184

20) Austin Cindric 182

21) Ross Chastain 177

22) Joey Logano 161

23) Bubba Wallace 163

24) Kyle Larson 162

25) William Byron 158

26) Daniel Suarez 148

27) Christopher Bell 145

28) Carson Hocevar 142

29) Brad Keselowski 134

30) Justin Allgaier 131

31) Ryan Preece 130

32) BJ McLeod 128

33) Ryan Blaney 125

34) Ty Gibbs 122

35) Chris Buescher 115

36) Denny Hamlin 90

37) Chase Elliott 85

38) Chad Finchum 84

39) Timmy Hill 76

40) Austin Hill 71

41) Tyler Reddick 52

42) JJ Yeley 50

43) Anthony Alfredo 49

44) Jesse Love 49

45) Casey Mears 42

46) Corey Heim 38

47) Joey Gase 36

48) Jimmie Johnson 34

49) Daniel Dye 27

50) Corey LaJoie 6

51) Chandler Smith 3

**___________________________**

O'Reilly Chase standings (Race 11/26)

1) Ryan Ellis 342

2) Joey Gase 307

3) Austin Green 291

4) Josh Bilicki 287

5) Kyle Sieg 285

6) Anthony Alfredo 281

7) Mason Maggio 280

8) Harrison Burton 276

9) Patrick Staropoli 269

10) Lavar Scott 267

11) Blaine Perkins 266

12) Sam Mayer 245

_____________________________________________

13) Jeremy Clements 244

14) Garrett Smithley 241

15) Josh Williams 235

16) Nick Sanchez 226

17) Dean Thompson 217

18) Jeb Burton 202

19) Ryan Sieg 200

20) Carson Kvapil 192

21) William Sawalich 179

22) Nathan Byrd 179

23) Rajah Caruth 177

24) Dawson Cram 176

25) Austin Hill 170

26) Brennan Poole 166

27) Taylor Gray 157

28) Parker Retzlaff 157

29) Blake Lothian 133

30) Brandon Jones 122",2026-04-27
t3_1sxm4zp,"After Race 10 in Talladega, here is what the cup series points would look like IF we still had win and your in with the CURRENT point system.",https://www.reddit.com/r/nascar/comments/1sxm4zp/,/u/Suspicious-Dust-6628,2026-04-28 00:44:35+00:00,"1. Tyler Reddick WIN(x5)  
2. Denny Hamlin WIN  
3. Ryan Blaney WIN  
4. Chase Elliott WIN  
5. TY Gibbs WIN  
6. Carson Hocevar WIN  
7. Kyle Larson +93  
8. Chris Buescher +87  
9. Christopher Bell +68  
10. Brad Keselowski +57  
11. William Byron +55  
12. Bubba Wallace +54  
13. Ryan Preece +47  
14. Daniel Suarez +13  
15. Joey Logano +12  
16. Austin Cindric +4  
\--------------------------------------------------------------------------  
17. Chase Briscoe -4  
18. Ross Chastain -21  
19. Shane Van Gisbergen -31  
20. Zane Smith -43  
21. AJ Allmendinger -43  
22. Todd Gilliland -45  
23. Michael McDowell -47  
24. Austin Dillion -63  
25. Ricky Stenhouse Jr -65  
26. Erik Jones -65  
27. Kyle Busch -66  
28. Josh Berry -79  
29. Riley Herbst -82  
30. Noah Gragson -82  
31. John Hunter Nemechek -85  
32. TY Dillion -104  
33. Connor Zilisch -124  
34. Cole Custer -138  
35. Cody Ware -142  
36. Alex Bowman -147",2026-04-28
t3_1sxzd02,"[NASCOURT WEAVER] Joe Gibbs Racing intends to amend Spire, Gabehart lawsuit.",https://www.reddit.com/r/nascar/comments/1sxzd02/,/u/ZilischsPoopyPants,2026-04-28 12:02:06+00:00,,2026-04-28
t3_1syvg4w,"Straight up, whose career would you rather have? Denny Hamlin or Joey Logano?",https://www.reddit.com/r/nascar/comments/1syvg4w/,/u/Fast-Loud,2026-04-29 10:59:51+00:00,"**Hamlin**: 61 wins, 0 championships, made it to final round of playoffs 5 times, finished top-four in pre-playoffs format 2 times

**Logano**: 37 wins, 3 championships, made it to final round of playoffs 6 times, finished top-four in pre-playoffs format 0 times",2026-04-29
t3_1syy3lk,NASCAR Podcasts,https://www.reddit.com/r/nascar/comments/1syy3lk/,/u/curiousmindNTK,2026-04-29 12:59:14+00:00,"Please feel free to add to this, if I’ve missed any. 

1. Dale Jr Download (Dale Earnhardt Jr)

2. Kevin Harvick’s Happy Hour

3. Door Bumper Clear (Freddie Kraft) 

4. Actions Detrimental (Denny Hamlin)

5. The Teardown (Jeff Gluck & Jordan Bianchi)

6. The Kenny Wallace Show

7. Staking Pennies (Corey LaJoie) 

8. The Money Lap (Parker Kligerman & Landon Cassill) 

9. Bless Your Hardt (Dale Jr & Amy Earnhardt) 

10. Certified Oversharer (Samantha Busch - often hosts NASCAR wives) 

11. Cleetus McFarland (more influencer style, but felt I should add here)",2026-04-29
t3_1sz2zpt,[JAYSKI'S SILLY SEASON SITE] Joe Gibbs Racing partners with MythWorx for AI acceleration.,https://www.reddit.com/r/nascar/comments/1sz2zpt/,/u/ZilischsPoopyPants,2026-04-29 15:59:12+00:00,,2026-04-29
t3_1t081fe,[Gluck] Heather Gibbs has issued a statement to The Athletic after Jeff Dickerson's comments today. Here is her statement in full:,https://www.reddit.com/r/nascar/comments/1t081fe/,/u/dman6233,2026-04-30 20:29:00+00:00,"Joe Gibbs Racing was founded on the guiding principle of valuing people above all else within our organization, and the entire NASCAR community.  We’re not here to diminish anyone.  Drivers like Carson Hocevar are exactly what NASCAR needs. I couldn’t be more of an advocate for young drivers coming into the series.      
  
In terms of the lawsuit, our singular purpose is to protect our trade secrets- the most important information that our race team (and any race team for that matter) possesses, particularly in this era of Next Gen cars.  These trade secrets have been created through the hard work and innovation of JGR’s talented employees over the past 35 years as we built our race team from the ground up.       
  
Those same trade secrets were admittedly stolen by a former employee in a manner meant to avoid detection.  Within days of the acknowledged theft, Spire offered that former employee a job and subsequently hired him.  This lawsuit isn’t personal; we have a responsibility to stand up for our employees, for our partners, and for the integrity of the garage.      
  
We believe accountability matters. That is why we are here. Not to tear anyone down, but to stand up for what is right and protect the foundation this sport is built on, so that every team, every driver, and every fan can trust in the fairness of the competition.",2026-04-30
t3_1t0eoqd,Denny Hamlin's thoughts on Jeff Dickerson's appearnce on the Gluckcast,https://www.reddit.com/r/nascar/comments/1t0eoqd/,/u/average_waffle,2026-05-01 01:03:04+00:00,,2026-05-01
t3_1t12whl,Présentation de Full Speed Manager,https://www.reddit.com/r/nascar/comments/1t12whl/,/u/Ill-Caregiver-506,2026-05-01 19:11:57+00:00,"**Salut à tous !**  
Et si tu pouvais diriger ta propre écurie NASCAR et battre 31 pilotes IA sur une saison complète ?  
Je travaille depuis un moment sur un jeu de gestion NASCAR dans le navigateur, et je cherche des gens passionnés pour l’essayer et me donner leurs retours. C’est gratuit, ça se joue directement en ligne sans rien installer.

**Petite présentation**  
Je m’appelle Valentin, j’ai 29 ans et je suis français. Passionné de NASCAR depuis petit, j’ai toujours rêvé d’un jeu de stratégie autour de cet univers… mais je n’ai jamais trouvé quelque chose qui me convenait vraiment, surtout avec la présence fréquente de systèmes pay-to-win.  
C’est ce qui m’a motivé à créer mon propre jeu.

**C’est quoi ?**  
Tu prends les rênes d’une écurie NASCAR Craftsman Truck Series. Tu choisis ton constructeur (Toyota, Ford, Chevrolet ou RAM), chacun avec ses forces et ses faiblesses, tu recrutes deux pilotes, tu gères les upgrades de ta camionnette, et tu pars affronter 31 pilotes IA sur une saison complète de 25 courses — sur les vrais circuits de la saison 2025.  
L’objectif : bâtir la meilleure écurie possible et remporter le championnat.

**Ce que tu fais concrètement**  
**Avant les courses :**  
Tu choisis ton constructeur (vitesse, régularité, fiabilité… à toi de voir)  
Tu améliores ta voiture dans 6 domaines : moteur, aérodynamisme, châssis, pneus, fiabilité, stand  
Tu entraînes tes pilotes pour améliorer leurs stats  
**Le week-end de course :**  
Séance de qualifications pour placer ta voiture sur la grille  
Course complète avec départ NASCAR, voiture de sécurité, arrêts au stand, stratégie pneus/carburant  
Des incidents peuvent survenir en course — une mauvaise stratégie peut te faire perdre 10 places en quelques tours  
Chaque course dure environ 12 minutes.  
**Sur la durée :**  
Classement pilotes et classement écuries mis à jour après chaque course  
Après la 18e course : The Chase — seules les 10 meilleures écuries continuent à se battre pour le titre  
Ta réputation et ton nombre de fans évoluent selon tes résultats

**Les 31 pilotes IA**  
Chaque pilote IA est unique — ils ont leurs propres statistiques, leurs styles de conduite, et même des rivalités entre eux qui influencent leur comportement en course. Tu peux consulter le profil de n’importe quel pilote depuis le classement.

**Ce que je cherche comme retours**  
Le jeu est encore en développement et vos retours m’aident directement à l’améliorer :  
Est-ce qu’il y a un constructeur trop dominant ?  
La difficulté est-elle bien dosée ?  
La simulation de course est-elle fun ?  
Qu’est-ce qui vous manque ?  
Des bugs à signaler ?  
Tous les retours comptent, même (surtout) les critiques.

**Développement (et futur du jeu)**  
Le jeu est pour l’instant en solo, avec uniquement la Truck Series.  
Si le projet fonctionne et que des joueurs sont au rendez-vous, je prévois d’ajouter progressivement les autres championnats, notamment la O’Reilly Series et la Cup Series.  
L’objectif à terme serait d’introduire des championnats entre joueurs réels, avec un rythme de course (par exemple une tous les 3 jours, à ajuster selon les retours).  
Le jeu restera volontairement sans graphismes poussés : le but est de proposer une expérience centrée sur la gestion et la stratégie, dans l’esprit des jeux de management de football.

Quelques screenshot pour vous !

Belle soirée les ami(e)s :)",2026-05-01
t3_1t20m8h,[Frontstretch] “I felt like he [Jeff Dickerson] went after the family. JGR’s family is my family and that’s where the knee jerk [reaction] came from.” Denny Hamlin on why he responded strongly to Dickerson’s comments this week regarding JGR vs Spire/Chris Gabehart,https://www.reddit.com/r/nascar/comments/1t20m8h/,/u/CNASFan1992,2026-05-02 20:19:29+00:00,,2026-05-02
t3_1t3awku,Early 2027 Silly Season Predictions,https://www.reddit.com/r/nascar/comments/1t3awku/,/u/Technical_Ability_60,2026-05-04 07:43:43+00:00,"***Unchanged Teams:***  
\- Hendrick Motorsports  
\- Joe Gibbs Racing  
\- Team Penske  
\- Trackhouse Racing  
\- RFK Racing  
\- Wood Brothers Racing  
\- Hyak Motorsports  
\- Haas Factory Team

***Drivers Leaving Cup:***  
\- Michael McDowell (retirement)  
\- A.J. Allmendinger (retirement/part-time)  
\- Cody Ware (#51 charter sold; could still run part-time)

***The Movers***:  
\- Kyle Busch -> #71 Spire Motorsports; 1 year  
Why?: change of scenery in hopes of Gabehart helping return KB closer to early 2023 KB

\- Noah Gragson -> #16 Kaulig Racing; 2 years  
Why?: returns to familiar equipment he ran part-time with in 2022; could be the personality Dodge/Ram look for potential in Cup return

\- Jesse Love -> #8 Richard Childress Racing; multi-year  
Why?: high ceiling and the face of RCR’s rebuild

\- Corey Heim -> #35 23XI Racing; multi-year  
Why?: I feel this is almost all but confirmed at this point

\- Riley Herbst -> #84 Legacy Motor Club; 2 years  
Why?: brings Monster Energy but he has shown improvement this season

\- Chandler Smith -> #4 Front Row Racing; 1 year  
Why?: already in the FRM pipeline and has some experience in the Gen 7. Could be given to Layne Riggs but I think Chandler’s experience gives him the nod.",2026-05-04
t3_1t3shr1,Our Cup Series Title Favorites?,https://www.reddit.com/r/nascar/comments/1t3shr1/,/u/Far_Cream7007,2026-05-04 19:47:01+00:00,"Question for everyone. Who have y'all got as your championship favorites? For me:

  
1.) Tyler Reddick: This one is obvious. Most wins and best average finish of 5.7

2.) Chase Elliott: First time since 2022 we can confidently say he has been the number 1 HMS driver. 8.9 average finish and 2 wins. Also continues to pull away with the best average finish in the NextGen era.

3.) Denny Hamlin: Even in his 40s, this dude doesn't slow down. He and Elliott have 3 1-2 finishes this year, and I want to see how many more they can get. Only 1 win right now, but 9.4 average finish and 2 second places.

  
Any I'm missing?",2026-05-04
t3_1t3w1ca,"2026 LASTCAR Cup, Xfinity, and Truck Chase standings (After Texas)",https://www.reddit.com/r/nascar/comments/1t3w1ca/,/u/TIFUthebestSubreddit,2026-05-04 21:55:05+00:00,"Cup Series Chase standings (Race 11/26)

1) Cody Ware 443

2) Cole Custer 396

3) Ty Dillon 316

4) Josh Berry 313

5) Connor Zilisch 307

6) Noah Gragson 302

7) John Hunter Nemechek 298

8) Todd Gilliland 274

9) Kyle Busch 263

10) Shane van Gisbergen 262

11) Ricky Stenhouse Jr 260

12) Chase Briscoe 258

13) Riley Herbst 252

14) AJ Allmendinger 249

15) Joey Logano 248

16) Austin Dillon 246

_____________________________________________

17) Michael McDowell 238

18) Zane Smith 237

19) Erik Jones 228

20) Christopher Bell 219

21) Ross Chastain 204

22) Austin Cindric 204

23) Kyle Larson 199

24) Alex Bowman 188

25) Bubba Wallace 170

26) William Byron 164

27) Ty Gibbs 163

28) Daniel Suarez 152

29) Carson Hocevar 147

30) Brad Keselowski 145

31) Ryan Preece 142

32) Ryan Blaney 133

33) Chad Finchum 132

34) Justin Allgaier 131

35) BJ McLeod 128

36) Chris Buescher 118

37) Denny Hamlin 91

38) Chase Elliott 86

39) Timmy Hill 76

40) Austin Hill 71

41) Corey Heim 67

42) Tyler Reddick 54

43) JJ Yeley 50

44) Anthony Alfredo 49

45) Jesse Love 49

46) Casey Mears 42

47) Joey Gase 36

48) Jimmie Johnson 34

49) Daniel Dye 27

50) Corey LaJoie 6

51) Chandler Smith 3

**___________________________**

O'Reilly Chase standings (Race 12/26)

1) Ryan Ellis 402

2) Joey Gase 357

3) Austin Green 346

4) Kyle Sieg 333

5) Josh Bilicki 326

6) Mason Maggio 321

7) Harrison Burton 296

8) Anthony Alfredo 291

9) Blaine Perkins 289

10) Lavar Scott 284

11) Patrick Staropoli 284

12) Garrett Smithley 276

_____________________________________________

13) Dawson Cram 252

14) Jeremy Clements 252

15) Josh Williams 251

16) Sam Mayer 246

17) Jeb Burton 234

18) Dean Thompson 231

19) Nick Sanchez 226

20) Ryan Sieg 212

21) Rajah Caruth 209

22) Carson Kvapil 201

23) Taylor Gray 194

24) William Sawalich 192

25) Brennan Poole 184

26) Nathan Byrd 179

27) Austin Hill 175

28) Parker Retzlaff 160

29) Corey Day 134

30) Blake Lothian 133


**___________________________**

Truck series Chase standings (Race 7/18)

1) Frankie Muniz 260

2) Clayton Green 213

3) Spencer Boyd 202

4) Kris Wright 197

5) Cole Butcher 189

6) Mini Tyrell 180

7) Andres Perez de Lara 174

8) Caleb Costner 171

9) Tanner Gray 169

10) Grant Enfinger 157

_____________________________________________

11) Dawson Sutton 153

12) Josh Reaume 143

13) Timmy Hill 140

14) Corey LaJoie 133

15) Jake Garcia 131

16) Christian Eckes 129

17) Daniel Hemric 129

18) Ben Rhodes 128

19) Brenden Queen 127

20) Justin Haley 122

21) Stewart Friesen 122

22) Chandler Smith 120

23) Tyler Ankrum 112

24) Ty Majeski 112

25) Carson Hocevar 103

26) Layne Riggs 102

27) Adam Andretti 88

28) Justin Carroll 82

29) Kaden Honeycutt 79

30) Cleetus McFarland 75",2026-05-04
t3_1t6c4uo,Brent Crew’s Flow Waterjet scheme for Dover [Joe Gibbs Racing on X],https://www.reddit.com/r/nascar/comments/1t6c4uo/,/u/Comfortable_Rock4877,2026-05-07 14:26:46+00:00,https://x.com/joegibbsracing/status/2052393207577632931?s=46,2026-05-07
t3_1t8pm7s,Had a driver ever won a race and felt bad for whoever finished second?,https://www.reddit.com/r/nascar/comments/1t8pm7s/,/u/slidejob4,2026-05-09 22:51:23+00:00,"I was thinking about NASCAR races where the winner almost felt like the “villain” afterward — not because they did anything dirty, but because so many fans were emotionally invested in the other driver winning. The biggest one that comes to mind for me is Denny Hamlin winning Bristol in 2019 over Matt DiBenedetto.",2026-05-09
t3_1t8talh,Brent Crews in 38 less starts has same amount of top 5s as William Sawalich,https://www.reddit.com/r/nascar/comments/1t8talh/,/u/Timecard100,2026-05-10 01:38:17+00:00,"Brent Crews seems like a darkhorse for title, and Sawalich only top 5 this season has been his win.  

I know it only been 8 races, but seems like JGR has found Denny Hamlin successor for 2028. ",2026-05-10
t3_1t9lk9v,Who are the biggest surprise performers and driver disappointments of 2026?,https://www.reddit.com/r/nascar/comments/1t9lk9v/,/u/TakeDemPills,2026-05-10 22:54:45+00:00,"Now that we are officially 1/3rd of the way through the season, I thought it would be appropriate to run back my post from last year of discussing the driver performances (both good and bad) which caught my eye the most this year.

  
Trucks:

Ben Rhodes - Although this team has certainly been inconsistent, they've had more speed this year than the previous two combined. It's clear Cale Gale is doing a great job setting up cars, they now just need to hope Thorsport can start bringing trucks that can consistently finish races.

McAnally-Hilgemann Racing - After back to back seasons where they seemed like they were up there with Tricon and Front Row, they've seemingly taken a huge step back. Daniel Hemric, a driver who has become known for being a consistency king, is currently struggling to stay within the chase cutline. This team has (In my opinion) The second best overall lineup in the truck series, just behind Front Row, and they seemingly can't find any semblance of pace to keep up with the big dogs. They need a huge rework to get back to the heights of 2023 - 2025.

  
Layne Riggs - ""Consistency be damned"" seems to be the motto of Layne Riggs this year. Every week he's either running top 5 and battling for wins, or wrecking out and finishing a lap down. Riggs is one of my favorite lower series talents, so I'm really hoping that come chase time, Riggs can get it together and make a push for the title.



O'Reilly:

Sheldon Creed - Creed finally won a race, and on top of that is having the best season of his career by far. He's finally showing the pace he showed back in the truck series, and seemingly could be bringing back conversations of potential cup series prospects for himself (unlikely but there have been rumors). 

  
Corey Day - After starting the year off rough, but Day has really impressed since COTA. Whatever conversation Rick Hendrick had with Day worked, as he went from being fast but a wrecking ball to a quick, consistent young gun just gaining experience. While I don't think he's a serious title threat this year, I think he could really break out next season and put up Zilisch esque numbers.

  
Austin Hill - Although Hill has been known for his dominance at superspeedways, he's also been incredibly solid at just about every track the O'Reilly series goes to, he's even won a regular season championship. This has not been the case this year however. Not only is RCR down on speed at the SSWs, but that 21 team seemingly has no speed at the intermediates and short tracks. For all the flack Hill gets, he is clearly a top driver, so it's shocking seeing him be so mediocre. 

  
Parker Retzlaff - I don't think a single person had Retzlaff genuinely contending for a chase spot. He's taken that Viking equipment way further than any driver before him, and now I'm genuinely curious how much he was being shafted by JAR and Alpha Prime.

  
Brent Crews - He's the Denny Hamlin replacement in the making and he knows it. He's showing so much raw pace and a ton of aggression (while still keeping it relatively clean). Once he is able to work on his race craft, he could really be the Toyota response to Connor Zilisch. 



Cup:

Tyler Reddick - What a huge season in the making for Reddick. Coming off his first winless season with 23xi, it really seemed like this was going to be a make or break season for the driver of the 45, and he has answered the call. 5 wins already and numerous other top 5s, there is easily a world where Reddick has 8 wins this year, which goes to show just how class of a driver he is, and has pretty much silenced all discussion from last year (and yes I was heavily apart of the discussion). 

  
Chase Elliott - Consistent speed is still an issue, but this 9 team has been the only bright spot for Hendrick Motorsports this year. Elliott has seemingly settled into the Next Gen car more, and is finally able to use the talent that everyone has known he has. If he continues to stay consistent, he could easily be the guy to bring the fight to Reddick in the Chase.

  
Ty Gibbs - Finally, Ty Gibbs is showing the talent he's had for years. I think 4 - 5 years may be the new time frame for drivers to fully acclimate starting as rookies in the next gen car, just because of how unique of a car it is, so props to Ty for silencing the noise and putting together the best season of his career. 

  
Kyle Larson - 1 year, it's been a full calendar season since Kyle Larson won a NASCAR Cup Series Race. He's had strong runs sure, but it's clear he's been off since the Indy 500 - Coke 600 Double attempt las year. I'm not sure what that 5 team needs, but Kyle needs to find that pace again if he wants to be a serious contender again. 

  
Christopher Bell - Since the 3 race win streak last year, Bell has just been mediocre. Granted he won the Bristol Night Race, but that was due to a lucky caution rather than raw speed. Bell probably needs a new CC to elevate himself to the next level, to go from just a great driver, to an elite one. 

  
William Byron - What happened??? So much speed in 2025, coupled with consistency to win the Regular Season championship. He even ended the year strong with a win at Martinsville and nearly a second place points finish (before he caused the second worst day in NASCAR history). This season though, that 24 team has had nothing. No speed, poor strategy, and rough consistency has brought Byron down to one of the worst points positions he's been in since his rookie season.

  
Honorable Mentions (I'm tired of typing paragraphs):

Daniel Suarez - Surprising speed, good for him!

  
Chase Briscoe - Just needs to find consistency again, the speed is there. 

  
Joey Logano - Fire Paul Wolfe those cars have zero speed week in and week out.

  
Zane Smith - Fun underdog punching well above his weight.

  
Kyle Busch - Jim Pohlman might be up there with Drew Blickensderfer for CC's dragging down their drivers.

  
Noah Gragson - Death, Taxes, and Gragson performing well behind his teammates.

  
Rajah Caruth - Surprisingly strong start to the season, but he's fallen off as the year has progressed. 

  
Anthony Alfredo - Just about anything that can go wrong for fast pasta has gone wrong

  
RAM - Ungodly mediocre, especially with the impressive driver lineup they have.",2026-05-10
t3_1t9s8ou,Get rid of overtime,https://www.reddit.com/r/nascar/comments/1t9s8ou/,/u/CheatinYota82,2026-05-11 04:02:38+00:00,"I made a pretty unpopular post earlier about being glad the 51 crash didn’t bring out a caution, but I think it’s only fair to explain why I feel that way. Too many times we’ve seen a dominant driver get robbed of a well-earned win because of a late caution and an overtime restart, only for someone who ran in the back half of the field all day to steal the victory.  

I understand that upsets can help ratings and create dramatic moments, but there’s a difference between exciting and manufactured. If a driver dominates a race and puts themselves in position to win fairly, they shouldn’t lose it because of a gimmicky restart with two laps to go.  

Seeing someone like Denny Hamlin lose a legitimately earned championship because of overtime chaos is unacceptable and honestly embarrassing for the sport. If a wreck happens within the final five laps, the race should end under caution like it used to.  

\#NoMoreOvertimes",2026-05-11
t3_1taih4x,"2026 LASTCAR Cup, Xfinity, and Truck Chase standings (after Watkins Glen)",https://www.reddit.com/r/nascar/comments/1taih4x/,/u/TIFUthebestSubreddit,2026-05-11 22:20:19+00:00,"Cup Series Chase standings (Race 12/26)

1) Cody Ware 478

2) Cole Custer 411

3) Josh Berry 358

4) Ty Dillon 355

5) Noah Gragson 331

6) Connor Zilisch 325

7) John Hunter Nemechek 312

8) Joey Logano 303

9) Todd Gilliland 298

10) Ricky Stenhouse Jr 289

11) Riley Herbst 279

12) Michael McDowell 276

13) Kyle Busch 269

14) Shane van Gisbergen 263

15) Chase Briscoe 260

16) Zane Smith 259

_____________________________________________

17) AJ Allmendinger 254

18) Austin Dillon 250

19) Erik Jones 246

20) Christopher Bell 239

21) Ross Chastain 229

22) Kyle Larson 223

23) Alex Bowman 215

24) Austin Cindric 211

25) William Byron 208

26) Bubba Wallace 197

27) Brad Keselowski 145

28) Ty Gibbs 164

29) Daniel Suarez 163

30) Ryan Preece 159

31) Carson Hocevar 148

32) Ryan Blaney 142

33) Chad Finchum 132

34) Justin Allgaier 131

35) BJ McLeod 128

36) Chris Buescher 128

37) Chase Elliott 108

38) Denny Hamlin 105

39) Timmy Hill 76

40) Austin Hill 71

41) Corey Heim 67

42) Tyler Reddick 57

43) JJ Yeley 50

44) Anthony Alfredo 49

45) Jesse Love 49

46) Katherine Legge 45

47) Casey Mears 42

48) Joey Gase 36

49) Jimmie Johnson 34

50) Daniel Dye 27

51) Josh Bilicki 26

52) Corey LaJoie 6

53) Chandler Smith 3

**___________________________**

O'Reilly Chase standings (Race 13/26)

1) Ryan Ellis 448

2) Kyle Sieg 363

3) Patrick Staropoli 359

4) Joey Gase 357

5) Austin Green 353

6) Josh Bilicki 346

7) Mason Maggio 321

8) Lavar Scott 313

9) Anthony Alfredo 313

10) Blaine Perkins 313

11) Harrison Burton 311

12) Jeremy Clements 291

_____________________________________________

13) Garrett Smithley 276

14) Dean Thompson 269

15) Jeb Burton 264

16) Sam Mayer 257

17) Dawson Cram 252

18) Josh Williams 251

19) William Sawalich 242

20) Ryan Sieg 233

21) Nick Sanchez 226

22) Rajah Caruth 219

23) Carson Kvapil 216

24) Brennan Poole 202

25) Taylor Gray 195

26) Austin Hill 184

27) Nathan Byrd 179

28) Parker Retzlaff 165

29) Corey Day 147

30) Blake Lothian 133


**___________________________**

Truck series Chase standings (Race 8/18)

1) Frankie Muniz 260

2) Cole Butcher 236

3) Kris Wright 226

4) Clayton Green 213

5) Tanner Gray 204

6) Spencer Boyd 202

7) Grant Enfinger 194

8) Mini Tyrell 191

9) Andres Perez de Lara 187

10) Ben Rhodes 178

_____________________________________________

11) Dawson Sutton 172

12) Caleb Costner 171

13) Timmy Hill 168

14) Christian Eckes 145

15) Corey LaJoie 145

16) Justin Haley 145

17) Josh Reaume 143

18) Jake Garcia 142

19) Stewart Friesen 141

20) Ty Majeski 140

21) Brenden Queen 136

22) Carson Hocevar 134

23) Daniel Hemric 133

24) Tyler Ankrum 129

25) Chandler Smith 128

26) Layne Riggs 123

27) Adam Andretti 121

28) Wesley Slimp 120

29) Tyler Reif 88

30) Gio Ruggerio 87",2026-05-11
t3_1tcqdk0,What if Kentucky Speedway went full Kentucky Derby mode?,https://www.reddit.com/r/nascar/comments/1tcqdk0/,/u/Impressive-Common183,2026-05-14 07:02:49+00:00,"One of the coolest things about NASCAR is how different each track feels, but a lot of them blend together these days. Kentucky Speedway is a perfect candidate for something truly unique. I have a very wild and detailed idea to turn it into the most distinctive event on the schedule by leaning hard into Kentucky’s Derby heritage.

The Track Re-Imagination  
•  Shorten it to a true 1.25-mile oval (matching the Derby’s distance).

•  Progressive banking in the turns (16° to 20°) with concrete surfaces for grip.

•  Asphalt straights with only 5° banking, dyed reddish-brown with iron oxide pigment to give that classic horse-track look while keeping high-speed pavement performance.

•  Frontstretch gets premium “Paddock Club” glass suites for owners/execs with a strict “Derby Formal” dress code.

• Iconic modern Twin Spires (rose-themed, illuminated) tower over start-finish — visible for miles and perfect for TV/drone shots

•  Backstretch is for the real fans. Grandstands pushed as close to the wall as safely possible, no RV infield clutter, and a massive 200-foot open-air bar so you never lose sight of the cars screaming by at 180+ mph. You’d literally feel the heat and vibration as they transition off the concrete.

The Race  
A 200-lap / 250-mile “Race for the Roses.” It would be one of the shortest, snappiest races of the regular season for that true Derby sprint feel. Based on similar 1.25-mile tracks, it should run about 2 to 2.25 hours. To create a high-stakes Thoroughbred invitational vibe, we need rules for paint schemes. 

Monochrome Sponsors: All secondary logos in one metallic color (silver, gold, or white) only — no visual clutter.  
•  Silks Palette: Cars limited to classic racing colors: Royal Blue, Deep Emerald, Crimson, Cream. No neon/fluorescent.  
•  Classic Numbering: Standardized serif or block fonts only (like saddle cloths).  
•  Premium Finish: Matte or high-gloss metallic paint. No shiny vinyl-wrap look.  
•  Clean Flanks: Door area reserved for just the number and team owner’s crest. Small stickers go on the lower skirts.

Driver & Crew “Silks”  
•  Drivers wear fire suits with traditional jockey patterns (diamonds, stripes, hoops).  
•  Pit crews get matching tailored “silks” versions for full stable coordination.

Event Traditions  
• Call to the Post: World-class bugler in the center of the oval — entire track goes silent until engines fire.  
•  Parade of Athletes: Drivers walk through fan-lined areas escorted by crew chiefs in formal paddock coats.  
•  Qualifying Walkover: Crews push cars through the fans to the grid, just like horses heading to the paddock.  
•  Victory Lane: Custom Blanket of Roses (exactly 400 roses), dramatic trophy unveiling at the Rose Line by color guard, brass band playing “My Old Kentucky Home,” and the Twin Spires pulsing in the winning team’s colors.

This could be the event equivalent of Monaco for NASCAR. It combines traditional horse racing event attributes with everything that makes NASCAR special",2026-05-14
t3_1tet9l9,"[NASCOURT WEAVER] Judge Rodriguez planned deadlines and trial dates for the Joe Gibbs Racing v Chris Gabehart and Spire Motorsports litigation, The court expects a nine day trial should it reach that point.",https://www.reddit.com/r/nascar/comments/1tet9l9/,/u/ZilischsPoopyPants,2026-05-16 13:09:07+00:00,"It looks like ""Beginning of Discovery"" already passed, and the trial date is already set if it gets to that point.",2026-05-16
t3_1tg1w4a,Hamlin's Victory Celebration Progressive Commercial,https://www.reddit.com/r/nascar/comments/1tg1w4a/,/u/RBF48,2026-05-17 21:07:56+00:00,,2026-05-17
t3_1tg4r9p,"[Crandall] Denny Hamlin on the $1 million prize: ""Mom needs some new furniture for her new house.""",https://www.reddit.com/r/nascar/comments/1tg4r9p/,/u/catsgr8rthanspoonies,2026-05-17 23:02:54+00:00,,2026-05-17
t3_1tg5dk2,Thank you Denny!,https://www.reddit.com/r/nascar/comments/1tg5dk2/,/u/Penske2Fan,2026-05-17 23:29:47+00:00,"Yesterday only hours after making [this post](https://www.reddit.com/r/NASCAR/s/Ireyygt2Sh). I found out that my best friend of over 25 years(pictured) had a fatal motorcycle accident, i had litterally just sent that post to him in our friends group chat minutes before. He had only started getting into NASCAR and was in between Tyler Reddick and Denny Hamlin as his favorite driver. He ultimately settled on Denny. 

Ive been a wreck ever since finding out. But today, watching his favorite driver win the race made me feel connected to him just one last time. Thank you Denny for giving me an hour of solace on the worst day of my life. I will miss him forever, I love him like a brother. 

Sorry for the sappy post but I feel like you guys are the only ones who will get it. ",2026-05-17
t3_1tgj4ds,"The Day After the Races - May 18, 2026",https://www.reddit.com/r/nascar/comments/1tgj4ds/,/u/NASCARThreadBot,2026-05-18 11:00:05+00:00,"Welcome to this week's Day After the Races thread! The dust has settled, the track has cooled, and the confetti's been swept.  With this weekend's activities over, what are your thoughts?  Here's a summary of the previous week's race(s):

---

[NCS](#theNCS)[](#trackDover) ***NASCAR All-Star Race at Dover Motor Speedway***

**Elapsed Time**: 1:33:51 for 200 laps (200&nbsp;mi / 321.87&nbsp;km)

**Cautions**: 2 cautions for 14 laps

**Leaders**: 9 lead changes among 5 leaders (Denny Hamlin led most with 103)

**Stage 1**:  at 0 Laps

**Stage 2**:  at 0 Laps

**Race Winner**: Denny Hamlin at 0 Laps

[Current Standings at NASCAR.com](http://www.nascar.com/standings/nascar-cup-series)

**Race Threads**: [[Pre](/r/NASCAR/comments/1tfovun/prerace_discussion_thread_ncs_nascar_allstar_race/)]:[[Race](/r/NASCAR/comments/1tftj5z/race_thread_ncs_nascar_allstar_race_at_dover/)]:[[Post](/r/NASCAR/comments/1tfwxr5/postrace_discussion_thread_ncs_nascar_allstar/)]

---

[NORAPS](#theNORAPS)[](#trackDover) ***BetRivers 200 at Dover Motor Speedway***

**Elapsed Time**: 2:14:06 for 200 laps (200&nbsp;mi / 321.87&nbsp;km)

**Cautions**: 9 cautions for 54 laps

**Leaders**: 12 lead changes among 10 leaders (Justin Allgaier led most with 71)

**Stage 1**: Brandon Jones at 45 Laps

**Stage 2**: Ross Chastain at 90 Laps

**Race Winner**: Corey Day at 200 Laps

[Current Standings at NASCAR.com](http://www.nascar.com/standings/nascar-oreilly-auto-parts-series)

**Race Threads**: [[Race](/r/NASCAR/comments/1tf2es4/race_thread_noraps_betrivers_200_at_dover_motor/)]:[[Post](/r/NASCAR/comments/1tf7k4h/postrace_discussion_thread_noraps_betrivers_200/)]

---

[NCTS](#theNCTS)[](#trackDover) ***ECOSAVE 200 at Dover Motor Speedway***

**Elapsed Time**: 1:50:59 for 200 laps (200&nbsp;mi / 321.87&nbsp;km)

**Cautions**: 5 cautions for 28 laps

**Leaders**: 5 lead changes among 4 leaders (Kyle Busch led most with 147)

**Stage 1**: Kyle Busch at 45 Laps

**Stage 2**: Kyle Busch at 90 Laps

**Race Winner**: Kyle Busch at 200 Laps

[Current Standings at NASCAR.com](http://www.nascar.com/standings/nascar-craftsman-truck-series)

**Race Threads**: [[Race](/r/NASCAR/comments/1te7egd/race_thread_ncts_ecosave_200_at_dover_motor/)]:[[Post](/r/NASCAR/comments/1teck50/postrace_discussion_thread_ncts_ecosave_200_at/)]",2026-05-18
t3_1tgkz5c,Just like last years Dover painting but this time with a silver Miles. Really feel that should have been a points race.,https://www.reddit.com/r/nascar/comments/1tgkz5c/,/u/dieselrainbow46,2026-05-18 12:22:02+00:00,Not a fan of the All-Star race to be honest. It’s usually just a multimillionaire getting another million. If it was a points race there’d be so much more to talk about. Briscoe getting some much needed points. Zilisch having a great comeback through the field. Good points for Jones & Dillon etc etc. but nope. Still love the Progressive scheme though. ,2026-05-18
t3_1tgrg0n,Denny haters.,https://www.reddit.com/r/nascar/comments/1tgrg0n/,/u/CnCorange,2026-05-18 16:16:27+00:00,Would you rather have Denny Hamlin win the championship and retire and only see him as a podcaster until his Hall of Fame speech or race one more season winning 10 races but never win a championship? ,2026-05-18
t3_1thggze,How come more NASCAR drivers don't star in car commercials?,https://www.reddit.com/r/nascar/comments/1thggze/,/u/CartoonistAnnual4672,2026-05-19 08:23:17+00:00,"When I watch NASCAR races on Sundays, I see numerous drivers in ads: Ross for Busch Light, RFK guys for Consumer Cellular, Denny for Progressive and National Debt Relief, Hocevar for Spectrum, etc. Outside of Toyota, I never see drivers marketing Chevy, Ford, or Ram vehicles on tv. How come?",2026-05-19
t3_1tjzbuo,[Denny Hamlin] Absolutely cannot comprehend this news. We just need to think of his family during this time. We love you KB.,https://www.reddit.com/r/nascar/comments/1tjzbuo/,/u/Ok-Soil-5133,2026-05-21 21:58:29+00:00,,2026-05-21
t3_1tk6czy,Too much loss in this sport,https://www.reddit.com/r/nascar/comments/1tk6czy/,/u/jeffgordon24fan4life,2026-05-22 03:00:22+00:00,"When Greg Biffle tragically was killed in a plane crash in December, it hurt so bad. This was someone I grew up watching and became even more respected by me after hearing of his charity work.

Today, Kyle tragically passed away after a medical emergency. While I must admit he wasn't always one I liked as a driver, he was still a big part of the sport for years and could drive the wheels off anything. He still wanted to do much more in his life obviously. 

Between Biffle and Busch's deaths, plus the loss of Denny Hamlin's father in a house fire, this sport has had the worst deaths since the 2000-2001 period where Adam Petty, Kenny Irwin, Tony Roper, Dale, and Blaise Alexander all died in crashes in a year and a half period. It's just been sad for the sport.

My condolences go out to Samantha, their two kids, Kurt, Kurt and Kyle's family, and everyone else that knew and loved him. R.I.P. Legend. Life is so unfair at times.",2026-05-22
t3_1tkgn0w,"[Good Morning America] Denny Hamlin speaks out on the death of NASCAR champion and former longtime teammate Kyle Busch: “To me, personally, I feel like he's the most talented gifted and talented race car driver that ever stepped in a car.”",https://www.reddit.com/r/nascar/comments/1tkgn0w/,/u/krzysiek_aleks,2026-05-22 11:50:01+00:00,,2026-05-22
t3_1tkiz6j,Denny Hamlin on GMA talking about Kyle Busch,https://www.reddit.com/r/nascar/comments/1tkiz6j/,/u/[deleted],2026-05-22 13:26:23+00:00,[deleted],2026-05-22
t3_1tkmu70,Kyle Busch & Denny Hamlin on trackside stage before Dover All-Star,https://www.reddit.com/r/nascar/comments/1tkmu70/,/u/Lost_Piece7189,2026-05-22 15:46:02+00:00,"Still in disbelief, I shared one of these photos in a comment section yesterday, but just wanted to share all that I have with the group. I was in complete awe of seeing Kyle and Denny together on stage, and was surprised too considering the only other pairing on stage were teammates (Ross & CZ). Dillon was the first up. They all signed a helmet that was auctioned off for charity. 

Gone way too soon. No one of would’ve imagined on Sunday we were witnessing Kyle’s last race. 

Rest in peace to an absolute legend. Praying for his family & friends. ",2026-05-22
t3_1tknj2f,The only drivers I want to see win this weekend,https://www.reddit.com/r/nascar/comments/1tknj2f/,/u/Mshel24,2026-05-22 16:09:58+00:00,"FORNER KBM DRIVERS : Erik Jones, Christopher Bell, Todd Gilliland, John Hunter Nemechek, William Byron, Denny Hamlin, Harrison Burton, Noah Gragson, Christian Eckes, Chandler Smith, Brandon Jones, Riley Herbst, Daniel Suarez, Corey Heim, Bubba Wallace, and Sammy Smith

CURRENT RCR DRIVERS : Austin Dillon, Austin Hill, and Jesse Love

CURRENT JGR DRIVERS : Chase Briscoe, Ty Gibbs, William Sawalich, Brent Crews, and Taylor Gray

CURRENT HENDRICK DRIVERS : Kyle Larson, Chase Elliott, Alex Bowman, and Corey Day

CURRENT SPIRE DRIVERS : Michael McDowell, Carson Hocevar, and Connor Zilisch

OTHERS : Tyler Ankrum cause he drives the 18 and Tyler Reddick cause he’s in Kurt’s 45

Rest in peace Rowdy. You will be missed.",2026-05-22
t3_1tknxhu,Backstretch battlefield players aren’t sympathetic at all,https://www.reddit.com/r/nascar/comments/1tknxhu/,/u/Italyball123,2026-05-22 16:24:00+00:00,"Last night, I heard the news of Kyle Buschs death and so I thought I play the game on Roblox and try to win a race for him but when I told the lobby my reasoning, they did not care at all. I’m just trying to pay my respect and these kids are just wrecking each other like normal as if we didn’t lose one of the sports most well-known drivers of the modern era less than 24 hours ago. I’m telling you man some people are sick took me four races four races of just bashing, crashing and watching people just not have a care. Though I’ve been a Denny Hamlin fan for as long as I can remember I’ll say it once and I’ll say it again. I just wanted to pay my respect for the fallen. Though this sub Reddit has been flooded with the same message. I just wanna say rest in peace Rowdy, you’ll sure as hell be missed",2026-05-22
t3_1tktr87,"[Austin Konenski] “Joe Gibbs, owner of Joe Gibbs Racing, will have a media availability at Noon ET at Charlotte Motor Speedway on Saturday.”",https://www.reddit.com/r/nascar/comments/1tktr87/,/u/Dmacthegoat,2026-05-22 19:45:55+00:00,,2026-05-22
t3_1tl0yg6,RIP Kyle,https://www.reddit.com/r/nascar/comments/1tl0yg6/,/u/spacegirlvisiting,2026-05-23 00:28:19+00:00,"In the roar of engines and the hush of memory, we bid farewell to Kyle Busch—a racer whose fire lit the asphalt for more than two decades, and a man whose quiet integrity left an even deeper imprint on those who knew him. 

Kyle passed far too soon, at 41, but the legacy he forged endures: not just in the record books, but in the lives he touched, the drivers he guided, and the unyielding character he brought to every lap, every challenge, every choice.As a racer, Kyle was a force of nature—raw talent wrapped in relentless will. Twice crowned NASCAR Cup Series champion, in 2015 and 2019, he amassed 63 victories at stock car racing’s highest level, a tally that placed him among the elite. Yet his dominance stretched far beyond the premier series. He stands as the all-time leader in national series wins with 234 victories across Cup, Xfinity, and Trucks, a testament to his versatility, his hunger, and his refusal to settle. From his early days tearing up short tracks in Las Vegas to his later triumphs with Joe Gibbs Racing, Richard Childress Racing, and his own Kyle Busch Motorsports, he didn’t merely compete—he redefined what excellence looked like under pressure. He was the driver who could win from anywhere, who turned adversity into fuel, and who reminded us that true greatness demands both blistering speed and unbreakable focus.

What made Kyle singular, though, was the man behind the wheel. In an era when racing often rewards the loudest voice or the flashiest persona, he evolved into something rarer: a figure of genuine integrity. The “Rowdy” of his youth—fierce, unfiltered, uncompromising—matured into a leader who measured success not only by checkered flags but by the example he set. He became a devoted husband to Samantha and a loving father to Brexton and Lennix, showing the world that the same intensity he brought to the track could be channeled into building a home and raising the next generation with purpose and heart. 



His “teaching career,” though never confined to a classroom, shone brightest in the way he poured himself into others. Through Kyle Busch Motorsports, he didn’t just field trucks; he mentored future stars. He guided Erik Jones to a Truck Series championship in 2015 and Christopher Bell to another in 2017, offering the kind of hands-on wisdom and tough-love counsel that turns raw potential into polished champions. He stayed in touch with young drivers like Daniel Suarez, sharing late-night calls and hard-earned insights long after the garage lights dimmed. And in February of this year, he walked into Ansley Smallwood’s fifth-grade classroom at Lanier Elementary in Gainesville, Georgia—a space transformed into a shrine to NASCAR—and turned an ordinary school day into legend. Surrounded by wide-eyed kids, he spoke not of glory but of schooling, careers, dreams, and the discipline it takes to chase them. He brought gifts, signed autographs, answered every question, and then invited the entire class to EchoPark Speedway the next day—where he promptly delivered his final Atlanta victory, a checkered flag shared with children who would never forget the racer who took the time to see them. 



That was Kyle: a man who understood that legacy is measured in the lives you lift. He taught by doing—by showing up, by pushing hard, by refusing to cut corners. In a sport that can test the soul as much as the machine, he proved that integrity isn’t the absence of fire; it’s the decision to harness it for something greater than yourself.We will miss the thunder of his engines and the steel in his resolve. Yet in every young driver who dares to race clean, in every kid who dreams bigger after meeting a hero, and in every fan who remembers the man as much as the myth, Kyle Busch lives on. He raced with everything he had, and he lived with even more. Rest easy, Champion. The track you built will carry us forward.",2026-05-23
t3_1tlp9mk,Racing for Rowdy,https://www.reddit.com/r/nascar/comments/1tlp9mk/,/u/TheKngOfRckNRoll,2026-05-23 19:10:03+00:00,"Denny Hamlin, Chase Elliott, Ty Gibbs, Christopher Bell, William Byron, Bubba Wallace drove his cars in race with Kyle",2026-05-23
t3_1tlpe4p,Racing for Rowdy,https://www.reddit.com/r/nascar/comments/1tlpe4p/,/u/TheKngOfRckNRoll,2026-05-23 19:15:15+00:00,"Denny Hamlin, Chase Elliott, Ty Gibbs, Christopher Bell, William Byron, Bubba Wallace drove his cars with Kyle. ",2026-05-23
t3_1tlvrv5,"[Adam Stern] Dale Coyne Racing will run its No. 18 car in tomorrow's Indy 500 with the same font that Kyle Busch used for years at Joe Gibbs Racing to pay respect to the NASCAR legend.

DCR said that Townsend Bell had the idea and that FOX Sports and JGR helped assist on the effort.",https://www.reddit.com/r/nascar/comments/1tlvrv5/,/u/[deleted],2026-05-23 23:39:20+00:00,[deleted],2026-05-23
t3_1tmiw17,Kyle Busch's one and only coca cola 600 win,https://www.reddit.com/r/nascar/comments/1tmiw17/,/u/Helpful-Bowler6681,2026-05-24 17:43:26+00:00,"On May/27th/2018,kyle busch wins his 1st and last Coca Cola 600

Kyle Busch won the 2018 Coca-Cola 600 by running a historically dominant race, leading 377 of the 400 laps. Starting from the pole position in his No. 18 Joe Gibbs Racing Toyota, he swept all four stages of the race to secure his first-ever points victory at Charlotte Motor Speedway.",2026-05-24
t3_1tn5quy,"The Day After the Races - May 25, 2026",https://www.reddit.com/r/nascar/comments/1tn5quy/,/u/NASCARThreadBot,2026-05-25 11:00:05+00:00,"Welcome to this week's Day After the Races thread! The dust has settled, the track has cooled, and the confetti's been swept.  With this weekend's activities over, what are your thoughts?  Here's a summary of the previous week's race(s):

---

[NCS](#theNCS)[](#trackCharlotte) ***Coca-Cola 600 at Charlotte Motor Speedway***

**Elapsed Time**: 4:39:56 for 373 laps (559.5&nbsp;mi / 900.43&nbsp;km)

**Cautions**: 12 cautions for 75 laps

**Leaders**: 32 lead changes among 13 leaders (Tyler Reddick led most with 119)

**Stage 1**: Kyle Larson at 100 Laps

**Stage 2**: Denny Hamlin at 200 Laps

**Stage 3**: Christopher Bell at 300 Laps

**Race Winner**: Daniel Suárez at 373 Laps

[Current Standings at NASCAR.com](http://www.nascar.com/standings/nascar-cup-series)

**Race Threads**: [[Pre](/r/NASCAR/comments/1tmbjwn/the_greatest_day_of_racing_indycar_f1_nascar/)]:[[Race](/r/NASCAR/comments/1tmo3on/race_thread_ncs_cocacola_600_at_charlotte_motor/)]:[[Post](/r/NASCAR/comments/1tmx3ed/postrace_discussion_thread_ncs_cocacola_600_at/)]

---

[NORAPS](#theNORAPS)[](#trackCharlotte) ***Charbroil 300 at Charlotte Motor Speedway***

**Elapsed Time**: 1:52:52 for 91 laps (136.5&nbsp;mi / 219.67&nbsp;km)

**Cautions**: 6 cautions for 54 laps

**Leaders**: 14 lead changes among 7 leaders (Justin Allgaier led most with 36)

**Stage 1**: Connor Zilisch at 45 Laps

**Stage 2**: Ross Chastain at 90 Laps

**Race Winner**: Ross Chastain at 91 Laps

[Current Standings at NASCAR.com](http://www.nascar.com/standings/nascar-oreilly-auto-parts-series)

**Race Threads**: [[Race](/r/NASCAR/comments/1tlqjvt/race_thread_noraps_charbroil_300_at_charlotte/)]:[[Post](/r/NASCAR/comments/1tm0l5s/postrace_discussion_thread_noraps_charbroil_300/)]

---

[NCTS](#theNCTS)[](#trackCharlotte) ***North Carolina Education Lottery 200 at Charlotte Motor Speedway***

**Elapsed Time**: 1:57:52 for 110 laps (165&nbsp;mi / 265.54&nbsp;km)

**Cautions**: 11 cautions for 53 laps

**Leaders**: 18 lead changes among 9 leaders (Layne Riggs led most with 52)

**Stage 1**: Christian Eckes at 30 Laps

**Stage 2**: Layne Riggs at 60 Laps

**Race Winner**: Layne Riggs at 110 Laps

[Current Standings at NASCAR.com](http://www.nascar.com/standings/nascar-craftsman-truck-series)

**Race Threads**: [[Race](/r/NASCAR/comments/1tkxdim/race_thread_ncts_north_carolina_education_lottery/)]:[[Post](/r/NASCAR/comments/1tmg8wf/postrace_discussion_thread_ncts_north_carolina/)]",2026-05-25
t3_1tn6ef5,Denny Hamlin becomes the first driver to score the most points under the current format and not win.,https://www.reddit.com/r/nascar/comments/1tn6ef5/,/u/Hipster_Whale5,2026-05-25 11:30:37+00:00,"I know in light of everything that happened this week, this is minor, but the Coke 600 is the only race where someone who is not the winner can score the most points. Since Suarez scored 0 stage points, Hamlin’s 26 stage points earned him an additional 5 points this weekend over Suarez.",2026-05-25
t3_1tnm7kz,"2026 LASTCAR Cup, O'Reilly, and Truck Chase standings (After Charlotte I) (RIP Kyle Busch)",https://www.reddit.com/r/nascar/comments/1tnm7kz/,/u/TIFUthebestSubreddit,2026-05-25 21:17:24+00:00,"Cup Series Chase standings (Race 13/26)

1) Cody Ware 513

2) Cole Custer 424

3) Connor Zilisch 410

4) Josh Berry 384

5) Ty Dillon 377

6) Noah Gragson 352

7) John Hunter Nemechek 338

8) Todd Gilliland 318

9) Joey Logano 308

10) Ricky Stenhouse Jr 298

11) Riley Herbst 297

12) Michael McDowell 292

13) Chase Briscoe 291

14) Austin Dillon 283

15) Austin Cindric 273

16) Shane van Gisbergen 271

_____________________________________________

17) AJ Allmendinger 269

18) Kyle Busch 269 (RIP Rowdy 🕊)

19) Zane Smith 266

20) Ross Chastain 265

21) Erik Jones 256

22) Christopher Bell 242

23) Alex Bowman 233

24) Kyle Larson 225

25) Bubba Wallace 219

26) William Byron 214

27) Brad Keselowski 196

28) Ryan Preece 189

29) Carson Hocevar 173

30) Ty Gibbs 167

31) Chase Elliott 166

32) Daniel Suarez 165

33) Chris Buescher 155

34) Ryan Blaney 146

35) Chad Finchum 132

36) Justin Allgaier 131

37) Timmy Hill 130

38) BJ McLeod 128

39) Denny Hamlin 106

40) Austin Hill 96

41) Katherine Legge 92

42) Corey Heim 83

43) Tyler Reddick 58

44) JJ Yeley 50

45) Anthony Alfredo 49

46) Jesse Love 49

47) Casey Mears 42

48) Joey Gase 36

49) Jimmie Johnson 34

50) Daniel Dye 27

51) Josh Bilicki 26

52) Corey LaJoie 6

53) Chandler Smith 3

**___________________________**

O'Reilly Chase standings (Race 15/26)

1) Ryan Ellis 495

2) Josh Bilicki 399

3) Kyle Sieg 395

4) Patrick Staropoli 395

5) Harrison Burton 390

6) Joey Gase 389

7) Austin Green 377

8) Lavar Scott 376

9) Blaine Perkins 372

10) Jeb Burton 337

11) Jeremy Clements 334

12) Anthony Alfredo 332

_____________________________________________

13) Dawson Cram 329

14) Mason Maggio 321

15) Garrett Smithley 308

16) Sam Mayer 300

17) Dean Thompson 298

18) Taylor Gray 257

19) Josh Williams 251

20) Parker Retzlaff 246

21) William Sawalich 246

22) Ryan Sieg 244

23) Rajah Caruth 239

24) Brennan Poole 238

25) Carson Kvapil 228

26) Nick Sanchez 226

27) Nathan Byrd 209

28) Austin Hill 188

29) David Starr 183

30) Brandon Jones 175


**___________________________**

Truck series Chase standings (Race 10/18)

1) Frankie Muniz 311

2) Cole Butcher 305

3) Kris Wright 277

4) Spencer Boyd 263

5) Mini Tyrell 260

6) Andres Perez de Lara 234

7) Tanner Gray 228

8) Grant Enfinger 225

9) Dawson Sutton 216

10) Clayton Green 213

_____________________________________________

11) Caleb Costner 206

12) Ben Rhodes 202

13) Ty Majeski 195

14) Brenden Queen 192

15) Timmy Hill 188

16) Josh Reaume 181

17) Stewart Friesen 179

18) Justin Haley 177

19) Daniel Hemric 174

20) Tyler Ankrum 174

21) Chandler Smith 140

22) Carson Hocevar 165

23) Corey LaJoie 165

24) Jake Garcia 164

25) Christian Eckes 158

26) Luke Baldwin 155

27) Layne Riggs 127

28) Adam Andretti 121

29) Wesley Slimp 120

30) Gio Ruggerio 112",2026-05-25
t3_1tnrm2b,Every NASCAR Winner's Most Recent Win,https://www.reddit.com/r/nascar/comments/1tnrm2b/,/u/TheImageworks,2026-05-26 01:02:12+00:00,"I'm at home sick, and like to fully explore rabbit holes once I start down them.  So, as of the Coca Cola 600, here is every single NASCAR winner ever (all 208)'s most recent win, the race it happened at (grouped by year), and what it bumped their total win count up to. I have a few notes I'll put into a reply. Racing Reference was used for the bulk of this, so races through the mid 60s missing names, that's why.

(Creating some space for formatting)

(Last warning)

2026: 8  
Daniel Suarez – 2026 Coca Cola 600, Charlotte, 5/24/26 (Win #3)

Shane Van Gisbergen – 2026 Go Bowling at the Glen, Watkins Glen, 5/10/26 (Win #7)

Chase Elliott – 2026 Wurth 500, Texas, 5/3/26 (Win #23)

Carson Hocevar – 2026 Jack Links 500, Talladega, 4/26/26 (Win #1)

Tyler Reddick – 2026 AdventHealth 400, Kansas, 4/19/26 (Win #13)

Ty Gibbs – 2026 Food City 500, Bristol, 4/12/26 (Win #1)

Denny Hamlin – 2026 Pennzoil 400 Presented by Jiffy Lube, Las Vegas, 3/15/26 (Win #61)

Ryan Blaney, 2026 Straight Talk Wireless 500, Phoenix, 3/8/26 (Win #18)

2025: 10  
William Byron, 2025 Xfinity 500, Martinsville, 10/26/25 (Win #16)

Chase Briscoe, 2025 Yellawood 500, Talladega, 10/19/25 (Win #5)

Christopher Bell, 2025 Bass Pro Shops Night Race, Bristol, 9/13/25 (Win #13)

Austin Dillon, 2025 Cook-Out 400, Richmond, 8/16/25 (Win #6)

Bubba Wallace, 2025 Brickyard 400 presented by PPG, Indianapolis, 7/27/25 (Win #3)

Ross Chastain, 2025 Coca Cola 600, Charlotte, 5/25/25 (Win #6)

Kyle Larson, 2025 Advent Health 400, Kansas, 5/11/25 (Win #32)

Joey Logano, 2025 Wurth 500, Texas, 5/4/25 (Win #37)

Austin Cindric, 2025 Jack Links 500, Talladega, 4/27/25 (Win #3)

Josh Berry – 2025 Pennzoil 400, Las Vegas, 3/16/25 (Win #1)

 

2024: 5

Ricky Stenhouse Jr. – 2025 Yellawood 500, Talladega, 10/6/24 (Win #4)

Chris Buescher – 2024 Go Bowling at the Glen, Watkns Glen, 9/15/24 (Win #6)  
Harrison Burton, 2024 Coke Zero Sugar 400, Daytona, 8/24/24 (Win #1)

Alex Bowman – 2024 Grant Park 165, Chicago Street, 7/7/24 (Win #8)

Brad Keselowski – 2024 Goodyear 400, Darlington, 5/12/24 (Win #36)

2023: 4

AJ Allmendinger – 2023 Bank of America Roval 400, Charlotte Roval, 10/8/23 (Win #3)

Michael McDowell – 2023 Verizon 200 at the Brickyard, Indy Road Course, 8/13/23 (Win #2)

Martin Truex Jr, 2023 Crayon 301, New Hampshire, 7/17/23 (Win #34)

Kyle Busch (RIP), 2023 Enjoy Illinois 300, WWT Raceway @ Gateway, 6/24/23 (Win #63)

 

2022: 3

Erik Jones – 2022 Cook Out Southern 500, Darlington, 9/4/22 (Win #3)

Kevin Harvick, 2022 Federated Auto Parts 400 (lol), Richmond, 8/14/22 (Win #60)

Kurt Busch, 2022 Advent Health 400, Kansas, 5/15/22 (Win #34)

 

2021: 1

Aric Almirola, 2021 Foxwoods Resort Casino 301, New Hampshire, 7/18/21 (Win #3)

2020: 1

Cole Custer, 2020 Quaker State 400, Kentucky, 7/12/20 (Win #1)

 

2019: 1  
Justin Haley, 2019 Coke Zero Sugar 400, Daytona, 7/7/19 (Win #1)

 

2018: 1

Clint Bowyer, 2018 FireKeepers Casino 400, Michigan, 6/10/18 (Win #10)

2017: 4

Matt Kenseth, 2017 Can-Am 500, Phoenix, 11/12/17 (Win #39)

Kasey Kahne, 2017 Brickyard 400, Indianapolis, 7/23/17 (Win #18)

Jimmie Johnson, 2017 AAA 400 Drive for Autism, Dover, 6/4/17 (Win #83)

Ryan Newman, 2017 Camping World 500, Phoenix, 3/19/17 (Win #18)

 

2016: 2

Carl Edwards, 2016 AAA Texas 400, Texas, 11/6/16 (Win #28)

Tony Stewart, 2016 Toyota Save Mart 350, Sonoma, 6/26/16 (Win #49)

 

2015: 2

Dale Earnhardt Jr, 2015 Quicken Loans Race for Heroes 500, Phoenix, 11/15/15 (Win #26)

Jeff Gordon, 2015 Goody’s Headache Relief Shot 500, Martinsville, 11/1/15 (Win #93)

 

2013: 4

Jamie McMurray, 2013 Camping World RV Sales 500, Talladega, 10/20/13 (Win #7)

Brian Vickers, 2013 Camping World RV Sales 301, New Hampshire, 7/14/13 (Win #3)

Greg Biffle, 2013 Quicken Loans 400, Michigan, 6/16/13 (Win #19)

David Ragan, 2013 Aaron’s 499, Talladega, 5/5/13 (Win #2)

 

2012: 1

Marcus Ambrose, 2012 Finger Lakes 355 at the Glen, Watkins Glen, 8/12/12 (Win #2)

 

2011: 3

Paul Menard, 2011 Brickyard 400, Indianapolis, 7/31/11 (Win #1)

Regan Smith, 2011 Showtime Southern 500, Darlington, 5/7/11 (Win #1)

Trevor Bayne, 2011 Daytona 500, Daytona, 2/20/11 (Win #1)

 

2010:  2

Juan Pablo Montoya, 2010 Helluva Good Sour Cream Dips at the Glen, Watkins Glen, 8/8/10 (Win #2)

David Reutimann, 2010 LifeLock \[dot\] com 400, Chicagoland, 7/10/10 (Win #2)

 

2009: 1

Mark Martin, 2009 Sylvania 300, New Hampshire, 9/20/09 (Win #40)

2008: 1

Jeff Burton, 2008 Bank of America 500, Charlotte, 10/11/08 (Win #21)

 

2007:  1

Casey Mears, 2007 Coca Cola 600, Charlotte, 5/27/07 (Win #1)

2005: 2

Dale Jarrett, 2005 UAW Ford 500, Talladega, 10/2/05 (Win #32)

Jeremy Mayfield, 2005 GFS Marketplace 400, Michigan, 8/21/05 (Win #5)

 

2004: 3

Joe Nemechek, 2004 Banquet 400, Kansas, 10/10/04 (Win #4)

Elliott Sadler, 2004 Pop Secret 500, Fontana, 9/5/04 (Win #3)

Rusty Wallace, 2004 Advance Auto Parts 500, Martinsville, 4/18/04 (Win #55)

 

2003: 6

Bobby Labonte, 2003 Ford 400, Miami, 11/16/03 (Win #21)

Bill Elliott, 2003 Pop Secret Microwave Popcorn 400, Rockingham, 11/9/03 (Win #44)

Michael Waltrip, 2003 EA Sports 500, Talladega, 9/28/03 (Win #4)

Terry Labonte, 2003 Mountain Dew Southern 500, Darlington, 8/31/03 (Win #22)

Robby Gordon, 2003 Sirius Satellite Radio at the Glen, Watkins Glen, 8/10/03 (Win #3)

Ricky Craven, 2003 Carolina Dodge Dealers 400, Darlington, 3/16/03 (Win #2)

 

2002: 4

Johnny Benson Jr, 2002 Pop Secret Microwave Popcorn 400, Rockingham, 11/3/02 (Win #1)

Ward Burton, 2002 New England 300, New Hampshire, 7/21/02 (Win #5)

Ricky Rudd, 2002 Dodge Save Mart 350, Sonoma, 6/23/02 (Win #23)

Sterling Marlin, 2002 Carolina Dodge Dealers 400, Darlington, 3/17/02 (Win #10)

 

2001: 2

Bobby Hamilton Sr, 2001 Talladega 500, Talladega, 4/22/01 (Win #4)

Steve Park, 2001 Dura Lube 400, Rockingham, 2/26/01 (Win #2)

 

2000: 2

Jerry Nadeau, 2000 NAPA 500, Atlanta, 11/20/00 (Win #1)

Dale Earnhardt, Sr, 2000 Winston 500, Talladega, 10/15/00 (Win #76)

 

1999: 1

John Andretti, 1999 Goody’s Body Pain 500, Martinsville, 4/18/99 (Win #2)

 

1997: 1

Ernie Irvan, 1997 Miller 400, Michigan, 6/15/97 (Win #15)

 

1996: 1

Geoff(rey) Bodine, 1996 Bud at the Glen, Watkins Glen, 8/11/96 (Win #18)

 

1995: 1

Kyle Petty, 1995 Miller Genuine Draft 500, Dover, 6/4/95 (Win #8)

 

1994: 1

Jimmy Spencer, 1994 DieHard 500, Talladega, 7/24/94 (Win #2)

 

1993: 2

Morgan Shepherd, 1993 Motorcraft Quality Parts 500, Atlanta, 3/20/93 (Win #4)

Davey Allison, 1993 Pontiac Excitement 400, Richmond, 3/7/93 (Win #19)

 

1992: 3

Darrell Waltrip, 1992 Mountain Dew Southern 500, Darlington, 9/6/92 (Win #84)

Harry Gant, 1992 Champion Spark Plug 400, Michigan, 8/16/92 (Win #18)

Alan Kulwicki, 1992 Champion Spark Plug 500, Pocono, 6/14/92 (Win #5)

 

1991:1

Ken Schrader, 1991 Budweiser 500, Dover, 6/2/91 (Win #4)

 

1990: 2

Derrike Cope, 1990 Budweiser 500, Dover, 6/3/90 (Win #2)

Brett Bodine, 1990 First Union 400, North Wilkesboro, 4/22/90  (Win #1)

 

1988: 4  
Phil Parsons, 1988 Winston 500, Talladega, 5/1/88 (Win #1)

Lake Speed, 1988 TranSouth 500, Darlington, 3/27/88 (Win #1)

Neil Bonnett, 1988 Goodwrench 500, Richmond Fairgrounds, 3/6/88 (Win #18)

Bobby Allison, 1988 Daytona 500, Daytona, 2/14/88 (Win #85)

 

1987: 1

Tim Richmond, 1987 Budweiser 400, Riverside, 6/21/87 (Win #13)

 

1986: 1

Bobby Hillin, Jr, 1986 Talladega 500, Talladega, 7/27/86 (Win #1)

 

1985:  2

Cale Yarborough, 1985 Miller High Life 500, Charlotte, 10/6/85 (Win #83)

Greg Sacks, 1985 Pepsi Firecracker 400, Daytona, 7/4/85 (Win #1)

 

1984: 2

Richard Petty, 1984 Firecracker 400, Daytona, 7/4/84 (Win #200)

Benny Parsons, 1984 Coca Cola 500, Atlanta, 3/18/84 (Win #21)

 

1983:1

Buddy Baker, 1983 Firecracker 400, Daytona, 7/4/83 (Win #19)

 

1982: 1

Dave Marcis, 1982 Richmond 400, Richmond Fairgrounds, 2/21/82 (Win #5)

 

1981: 2

Ron Bouchard, 1981 Talladega 500, Talladega, 8/2/81 (Win #1)

Jody Ridley, 1981 Mason-Dixon 500, Dover, 5/17/81 (Win #1)

 

1980: 1

David Pearson, 1980 CRC Chemicals Rebel 500, Darlington, 4/13/80 (Win #105)

 

1978: 2  
Donnie Allison, 1978 Dixie 500, Atlanta, 11/5/78 (Win #10)

Lennie Pond, 1978 Talladega 500, Talladega, 8/6/78 (Win #1)

1974:  1

Earl Ross, 1974 Old Dominion 500, Martinsville, 9/29/74 (Win #1)

 

1973: 2

Dick Brooks, 1973 Talladega 500, Talladega, 8/12/73 (Win #1)

Mark Donohue, 1973 Winston Western 500, Riverside, 1/21/73 (Win #1)

 

1972: 4

James Hylton, 1972 Talladega 500, Talladega, 8/6/72 (Win #2)

Ray Elder, 1972 Golden State 400, Riverside, 6/18/72 (Win #2)

Bobby Isaac, 1972 Carolina 500, Rockingham, 3/12/72 (Win #37)

AJ Foyt, 1972 Miller High Life 500, Ontario California, 3/5/72 (Win #7)

 

1971: 3

Tiny Lund, 1971 Wilkes 400, North Wilkesboro, 11/21/71 (Win #5)

Charlie Glotzbach, 1971 Volunteer 500, Bristol, 7/11/71 (Win #4)

Pete Hamilton, 1971 Daytona 500 Qualifier 1 (Duel 1), Daytona, 2/11/71\* (Win #4)  
(The Duels were full-points races through 1971)

 

1970: 1

LeeRoy Yarborough, 1970 National 500, Charlotte, 10/11/70 (Win #14)

 

1969: 1

Richard Brickhouse, 1969 Talladega 500, Talladega, 9/14/69 (Win #1)

 

1968: 1

Dan Gurney, 1968 Motor Trend 500, Riverside, 1/21/68 (Win #5)

 

1967:  6

Dick Hutcherson, 1967 Dixie 500, Atlanta, 8/6/67 (Win #14)

Jim Paschal, 1967 200mi race at Montgomery (AL), 6/27/67 (Win #25)

Darel Dieringer, 1967 Gwyn Staley 420, North Wilkesboro, 4/16/67 (Win #7)

Mario Andretti, 1967 Daytona 500, Daytona, 2/26/67 (Win #1)

Fred Lorenzen, 1967 Daytona 500 Qualifier 2, Daytona, 2/24/67 (Win #26)

Parnelli Jones, 1967 Motor Trend 500, Riverside, 1/22/67 (Win #4)

 

1966: 7

Paul Lewis, 1966 Smoky Mountain 200, Maryville (TN), 7/28/66 (Win #1)

Paul Goldsmith, 1966 Volunteer 500, Bristol, 7/24/66 (win #9)

Elmo Langley, 1966 Old Dominion 150, Manassas (VA) Old Dominion Speedway, 7/7/66 (Win #2)

Sam McQuagg, 1966 Firecracker 400, Daytona, 7/4/66 (Win #1)

Marvin Panch, 1966 World 600, Charlotte, 5/22/66 (Win #17)

Jim Hurtubise, 1966 Atlanta 500, Atlanta, 3/27/66 (Win #1)

Earl Balmer, 1966 Daytona 500 Qualifier 2, Daytona, 2/25/66 (Win #1)

 

1965: 3

Ned Jarrett, 1965 Tidewater 300, Moyock (NC), 11/7/65 (Win #50)

Curtis Turner, 1965 American 500, Rockingham, 10/31/65 (Win #17)

Junior Johnson, 1965 Wilkes 400, North Wilkesboro, 10/3/65 (Win #50)

 

1964:  5

Cotton Owens, 1964 Capital City 300, Richmond Fairgrounds, 9/14/64 (Win #9)

Buck Baker, 1964 Southern 500, Darlington, 9/7/64 (Win #46)

Billy Wade, 1964 The Glen 151.8, Watkins Glen, 7/19/64 (Win #4)

Wendell Scott, 1964 Jacksonville 200, Jacksonville (FL), 12/1/63 (Win #1)

Fireball Roberts, 1964 The First 150, Augusta (GA), 11/17/63  (Win #33)

 

1963: 4

Joe Weatherly, 1963 150mi race at Hillsboro (NC), 10/27/63 (Win #25)

Glen Wood, 1963-33, 200 lap race at Bowman-Gray, 7/13/63 (Win #4)

Jimmy Pardue, 1963-32, 250 lap race at Moyock (NC), 7/11/63 (Win #2)

Johnny Rutherford, 1963 Daytona 500 Qualifier 2, Daytona, 2/22/63 (Win #1)

 

1962: 6

Rex White, 1962 Dixie 400, Atlanta, 10/28/62 (Win #28)

Nelson Stacy, 1962 Old Dominion 500, Martinsville, 9/23/62 (Win #4)

Larry Frank, 1962 Southern 500, Darlington, 9/3/62 (Win #1)

Jack Smith, 1962-31, 250 lap race at Asheville NC, 7/13/62 (Win #21)

Johnny Allen, 1962 Myers Brothers 200, Bowman-Gray, 6/16/62 (Win #1)

Bobby Johns, 1961 Volunteer 500, Bristol, 4/29/62 (Win #2)

 

1961: 5

Eddie Gray, 1961-45, 100 lap race at California State Fairgrounds (Sacramento), 9/10/61 (win #4)

Emanuel Zervakis, 1961 Yankee 500, Norwood Arena (MA), 6/17/61 (Win #2)

Lloyd Dane, 1961-22, 100mi race at Riverside, 5/21/61 (Win #4)

Bob Burdick, 1961 Atlanta 500, Atlanta, 3/26/61 (Win #1)

Lee Petty, 1961 200 lap race at Jacksonville (FL), 11/20/60 (Win #54)

 

1960: 6

Speedy Thompson, 1960 Capital City 200, Richmond Fairgrounds, 10/23/60 (Win #20)

Jim Cook, 1960-37, 100 lap race at California State Fairgrounds (Sacramento), 9/11/60 (Win #1)

Johnny Beauchamp, 1960 Nashville 400, Nashville Fairgrounds, 8/7/60 (Win #2)

Joe Lee Johnson, 1960 World 600, Charlotte, 6/19/60 (Win #2)

Marvin Porter, 1960 California 250, Hanford (CA), 6/12/60 (Win #2)

John Rostek, 1960 Copper Cup 100, Arizona State Fairgrounds, 4/3/60 (Win #1)

 

1959: 3

Jim Reed, 1959 Southern 500, Darlington, 9/7/59 (Win #7)

Bob Welborn, 1959 Western North Carolina 500, Weaverville, 8/16/59 (Win #9)

Tom Pistone, 1959 Richmond 200, Richmond Fairgrounds, 6/21/59 (Win #2)

 

1958: 3

Joe Eubanks, 1958-47, 110 lap race at Occoneechee Speedway (Hillsboro NC), 9/28/58 (Win #1)

Shorty Rollins, 1958-30, 150 lap at State Line Speedway (Busti, NY) 7/16/58 (Win #1)

Frankie Schneider, 1958-13, 150 lap race at Manassas (VA) Old Dominion Speedway, 4/25/58 (Win #1)

 

1957: 6

Gwyn Staley, 1957-45, 300 lap race at Langhorne Speedway (PA), 9/15/97 (Win #3)

Danny Graves, 1957-43, 100 lap race at California State Fairgrounds (Sacramento), 9/8/57 (Win #1)

Eddie Pagan, 1957-31, 200 lap race at Portland Speedway (short track) (OR), 7/14/57 (Win #4)

Bill Amick, 1957-25, 200 lap race at Capital Speedway (Sacramento CA), 6/22/57 (Win #1)

Art Watts, 1957-14, 100 lap race at Portland Speedway (short track) OR), 4/28/57 (Win #1)

Ralph Moody, 1957-06, 200 lap race at Wilson Speedway (NC), 3/17/57 (Win #5)

 

1956: 7

Royce Hagerty, 1956-43, 250 lap race at Portland Speedway (short track) (OR), 8/26/56 (Win #1)

Billy Myers, 1956-40, 250 lap race at Norfolk Speedway (VA), 8/22/56 (Win #2)

Tim Flock, 1956-37, 63 lap race at Road America (Elkhart Lake), 8/12/56 (Win #39)

John(ny) Kieper, 1956-28, 200 lap race at Portland Speedway (short track) (OR), 6/24/56 (Win #1)

Herb Thomas, 1956-24, 200 lap race at Merced Fairgrounds (CA), 6/3/56 (Win #48)

Chuck Stevenson, 1956-03, 200 mile race at Willow Springs road course (Lancaster CA), 11/20/55 (Win #1)

Fonty Flock, 1956-02, 100 mile race at Charlotte Speedway dirt track (NC), 11/20/55 (Win #19)

 

1955: 2

Norm Nelson, 1955-43, 200 mile race at Las Vegas Park dirt track (NV), 10/16/55 (Win #1)

Danny Letner, 1955-14, 100 mile race at Tucson Rodeo Grounds (AZ), 5/15/55 (Win #2)

 

1954: 5

Hershel McGriff, 1954 Wilkes 160, North Wilkesboro, 10/24/54 (Win #4, last cup start in 1993!)

Dick Rathmann, 1954-24, 100 mile race at Santa Fe Speedway (Willow Springs IL), 7/10/54 (Win #13)

Al Keller, 1954 International 100, Linden Airport road course (NJ), 6/13/54 (Win #2)

John Soares, 1954-16, 250 mile race at Carrell Speedway (CA), 5/30/54 (Win #1)

Gober Sosebee, 1954-09, 100 mile race at Central City Speedway (Macon GA), 4/25/54 (Win #2)

 

1953: 2

Dick Passwater, 1953-05, 150 lap race at Charlotte Speedway dirt track (NC), 4/5/53 (Win #1)

Bill Blair, 1953-02, Daytona Beach Road Course race, 2/15/53 (Win #3)

 

1952: 4

Donald Thomas, 1952-33, 100 mile race at Lakewood Speedway (Atlanta GA), 11/16/52 (Win #1)

Bob Flock, 1952-24, 100 mile race at Weaverville (NC), 8/17/52 (Win #4)

Buddy Shuman, 1952-18, 100 mile race at Niagara Falls (Stamform Park Ontario), 7/1/52 (Win #1)

Marshall Teague, 1952-03, 100 mile race at Jacksonville (FL), 3/6/52 (Win #7)

 

1951: 7

Frank Mundy, 1951-41, 150 lap race at Lakeview Speedway (Mobile AL), 11/25/51 (win #3)

Bill Norton, 1951-40, 100 mile race at Carrell Speedway (Gardena CA), 11/11/51 (Win #1)

Danny Weinberg, 1951-37, 100 mile race at Hanford (CA), 10/28/51 (Win #1)

Marvin Burke, 1951-35, 250 lap race at Oakland Stadium (CA), 10/14/51 (Win #1)

Neil Cole, 1951-32, 100 mile race at Thompson Speedway (CT), 10/12/51 (Win #1)

Tommy Thompson, 1951-20, 250 lap race at Michigan State Fairgrounds (MI), 8/12/51 (Win #1)

Lou Figaro, 1951 Stock Car Classic, Carrell Speedway (CA), 6/30/51 (Win #1)

 

1950: 7

Lloyd Moore, 1950-18, 100 mile race at Winchester Speedway (IN), 10/15/50 (Win #1)

Dick Linder, 1950-16, 100 mile race at Vernon Fairgrounds (NY), 10/1/50 (win #3)

Leon Sales, 1950 Wilkes 200, North Wilkesboro, 9/24/50 (Win #1)

Johnny Mantz, 1950 Southern 500, Darlington, 9/4/50 (Win #1)

Jimmy Florian, 1950-07, 100 mile race at Dayton Speedway (OH), 6/25/50 (Win #1)

Bill Rexford, 1950-05, 1950 Poor Man’s 500 at Canfield Speedway (OH), 5/30/50 (Win #1)

Harold Kite, 1950 Daytona Beach Road Course race, 2/5/50 (Win #1)

 

1949: 3

Red Byron, 1949-06, 100 mile race at Martinsville, 9/25/49 (win #2)

Jack White, 1949-05, 100 mile race at Hamburg Speedway (NY), 9/18/49 (win #1)

Jim Roper, 1949-01, 150 mile race at Charlotte Speedway dirt track (NC), 6/19/49 (Win #1)",2026-05-26
t3_1tnsido,Wait a minute… am I the a—hole?,https://www.reddit.com/r/nascar/comments/1tnsido/,/u/MagnumBigPI,2026-05-26 01:41:42+00:00,"I’ve been a NASCAR fan since the 1980s (born in the 70s) and I’ve rooted for many a driver and team over the decades.  But it just hit me now, almost 5 decades later, that every single one of my favorite drivers have been “heels” of the sport.

Darrell Waltrip (driving era, not announcing), Kyle Busch, Joey Logano, and Denny Hamlin.

These are all drivers that fans love to hate.  I did t like them because they were controversial, but because I recognized real talent when they were rookies.  Am I the a—hole?",2026-05-26
t3_1toa9az,Some random spire Motorsport thing I did in April (my 3rd ever deep dive!),https://www.reddit.com/r/nascar/comments/1toa9az/,/u/FrostyYogurt1198,2026-05-26 15:25:13+00:00,"Random spire deep dive I did in April (as a thirteen year old!)



The year is 2019. The Daytona 500. A small business-only team known as spire Motorsports entered the grid. No one thought anything of it. So, now it's April 12th 2026, and the three drivers, especially Carson Hocevar, seem to be on a ROLL. How did this happen? Let’s look over its 7 year existence. 



2019: Genesis. (the beginning) This year for all but one race was exactly as it was known as, a business only team. Up to the Coke Zero sugar 400 at Daytona, the 77’s best finish was a sad, 22nd place at Talladega super speedway. Their average finish was 31.9. (The 77 was a revolving door that year) And then the Coke Zero sugar 400 came.



The Coke Zero sugar 400: “wait winning is kinda fun we should take this seriously”- spire owners probably. Justin Haley wasn’t an up runner, not thought of for the win, then the rain delay happened. The teams were told the race would finish, so mostly everyone came to pit road, the big names like Kurt Busch, you get the idea. But the 77 and a few other stragglers stayed out In a gamble. The 77 team was in front because of this bold call, everyone thought Justin would fade back pack in the matter of laps, then thunder came. NASCAR cancelled the race, and Justin Haley and spire had officially tasted their first bit of success. 



2020: “ok may someone explain why we have nine drivers ” The year was technically a statistical improvement. As the 77 finished 30th in points, 6 spots up from the year before, an average finish of 30.7. Though there wasn’t one man doing this. There were nine men doing the heavy lifting for the 77 car.



Jamie McMurray, Garret Smithley, Reed Sorensen, Quin Houff, D.J Kennigton, Justin Haley, Blake Jones, Ross Chastain, and Timmy Hill.



Notable things about this year was purchasing Leavine Family Racing’s assets, along with buying a second charter. (charters are very valuable assets that guarantee you race on Sunday no matter what). Moving their shop to Concord, North Carolina, and announcing that Corey Lajoie would be a full time starter, their first ever.



2021: “hey we have ONE full time driver now that makes up for something right??”. This year was definitely a foundation year. Something to get the morale up and stand as the new standard. Especially in the 7 camp. Corey Lajoie got an average finish of 24.4 and the 77 got one of 29.0, once again note that the 77 had an always changing cast so the team had to keep adjusting for each driver. The 7 finished 29th in points, and its counterpart in the 77 finished 34th.  The 77 had six drivers. Three fewer than 2020.

Justin Haley, Jamie McMurray, Josh Berry, Justin Allgaier, Ben Rhodes, and Stewart Friesen. 



2022: Even playing ground. The year 2022 came, and with it so did the Next Gen car. Which made everything fair for everyone. As every team ran off the same equipment, from the same place, from the same people. Now it all came down to engineering data. And how it’s spread. Back to the topic though, the 7 finished with a 24.3 average finish, the 77 went down by .8, getting an average of 29.8. A notable part of the season was when Corey Lajoie ALMOST won the Atlanta race in the summer, but fell short after wrecking on the last lap, giving Chase Elliot the win. The 7 team finished 31st in points, while the 77 finished 35th. Overall they evened out a little but the 7 team did face a points decline. 



The 77 once again had a revolving door of drivers, which if you’ve been paying attention you’d notice the cast is consistently getting shorter. But the drivers for the 77 were: Landon Cassill, Josh Bilicki, Justin Allgaier, and Mike Rockenfeller.



2023: “Finally, some stability.” This year finally fixed the 77 bug, as they signed Ty Dillon for the 77 full time, meaning that only three drivers drove the two cars. Corey Lajoie in the 7 finished 25th in points, and missed Gateway (World Wide Technology Raceway) to fill in for Chase Elliot (as he had gotten suspended for intentionally wrecking Denny Hamlin in the Coke 600). And had an average finish of 20.8. And Ty Dillon piloting the 77 finished 32nd in points. With an average finish of 27.3 

The driver list went as: Corey Lajoie, Ty Dillon, and Carson Hocevar, who made his debut at the race Lajoie missed. 



Notable news being that Spire announced that they were buying a 3rd charter from Live Fast Motorsports. Setting the stage for a new driver and new opportunities.



2024: Actually competent…? This year was HUGE. Carried by the rookie of the year hotshot Carson Hocevar. Who had built up a polarizing reputation after the 2023 truck series season and championship, where he wrecked a LOT of people. People  didn’t like his driving style, but his talent and potential was undeniable. Carson had a points finish of 21st, and for the first time in spires history, boasted an average finish higher than 20th. With an average finish of 18.8. The team’s newest car in the 71, which was given to Zane smith. with an average finish of 24.2 and a points finish of 30th. Then, on the 7 car…oh boy. For the first 29 races it was piloted by Corey Lajoie like usual, then after the Bristol night race, was traded to Rick Ware Racing for Justin Haley, who piloted the 7 for the rest of the year. The car had an Average finish of 24.1 combined by both drivers, and Lajoie got a finish of 33rd, while Haley got one of 31st. That was a drama filled year wasn’t it?



2025: Fast, flashy, and that's about it. The team was led by veteran Michael McDowell in the 71. He posted an average finish of 18.0, his points finish was 22nd, notable run being the Wurth 400 at Texas Motor Speedway, as he wrecked from the top 3 and caused a caution, which in the end led to a Joey Logano win. Next up was Carson Hocevar with the 77, and he was as controversial as ever. Wrecking, spinning, and that sweet rivalry with Ricky Stenhouse Jr, which almost led to a fight at Mexico City. Carson put up an average finish of 19.9. And finished 23rd in points. Then the 7 car with Justin Haley, with an average finish of 22.2 and a points finish of 31st. There wasn’t much to write home about until it was announced that Justin Haley after just 43 races, would be getting replaced for Daniel Suarez, who was getting replaced by Connor Zilisch back at TrackHouse. 



2026: a REAL contender. As of April 11th 2026, the three cars sit in the top 20 for the first time in spires history. The hotshot in Hocevar is 15th in points, with a 16.6 average finish, Daniel Suarez, taking Freeway Insurance and taking it to the 7, who is 17th in points and sitting with an average finish of 16.9. Which is four spots higher than this time last year. And then Michael McDowell in the 71, sitting at 17th in points and with an average finish of 17.1





Back to the question at hand, what caused this success? If you ask me, I’d point to persistence. They could have remembered that “business only” memo at any rough time. But they stayed. And they succeeded as a result. Now this wasn’t the only reason, as teaming up with Hendrick Motorsports (Hendrick Motorsports is basically the Yankees of Nascar. The gold standard). In 2024 helped them a ton. Spire is a team that tells a story from back feeder to keeping up with Gibbs and Hendrick at times. Now we aren’t asking “Will they ever win again?” Now it’s “WHEN will they win?”

(Well, editing note, that second win came at another speedway, Carson Hocevar finally pulled through, congrats!, ANOTHER editing note…Suarez pulled off the coke 600, or technically coke 559.5 but that’s a different rant)",2026-05-26
t3_1tor5gf,#18 Kyle Busch Interstate Batteries car moved in to Joe Gibbs Racing lobby today.,https://www.reddit.com/r/nascar/comments/1tor5gf/,/u/Accomplished-One7476,2026-05-27 01:42:27+00:00,,2026-05-27
t3_1tpcf5l,Silly Season Predictions,https://www.reddit.com/r/nascar/comments/1tpcf5l/,/u/jswish33,2026-05-27 17:27:54+00:00,"Here is in my opinion what I think will happen

1. Kaulig Racing sells one or both the 16 and 10 charters to prepare for Dodges return to the cup series in a few years (thinking 2028 or 29). I think this happens due to Chevys lack of support for Kaulig as well as how deep they are with Dodge in Trucks. One of those charters will go to RFK Racing for the 60. With the other im gonna guess they either hold on to for AJ or sell to maybe RWR or a maybe even JR Motorsports (both are unlikely but maybe)

2. Corey Heim goes full time in the 35 for 23xi Racing

3. Riley Herbst gets the 84 for Legacy Motor Club

4. Austin Hill has the daunting task of replacing a legend in Kyle Busch in the rebranded 33 car

5. Bowman stays in the 48 for 1 more season

6. Michael McDowell stays in the 71 for Spire

Now here's where shit gets wild. Let's say Denny wins the title this year he retires and I can see the following happening

1. JHN to the 11/a new number choice (maybe 81) due to Denny wanting to bring the #11 number and branding to 23xi Racing. We know the JGR loves John Hunter cause of his ties to KBM (RIP Kyle Busch🕊🙏🏾) as well as how successful he was in top xfinity equipment.

2. This opens the 42 and 84 car Legacy Motor Club for BOTH Riley Herbst and Parker Retzlaff to join on

3. Corey Heim goes Full Time Cup racing in the old 35 renumbered to the 11 car

Now this is the chain of event I believe will happen if Denny Hamlin wins the title then retires cause he did say that if he won last year he would retire. 

Thank you to those who read. Lmk what yall think and have a great day",2026-05-27
t3_1tsc8bd,"Qualifying has been canceled, Denny Hamlin on Pole",https://www.reddit.com/r/nascar/comments/1tsc8bd/,/u/karlkjr,2026-05-30 21:34:59+00:00,,2026-05-30
t3_1tsj8iw,NASCAR.com’s most recent article is straight up wrong,https://www.reddit.com/r/nascar/comments/1tsj8iw/,/u/A_guy_named_Rob,2026-05-31 02:55:30+00:00,Denny Hamlin literally won two weeks ago. Top level stuff. ,2026-05-31
t3_1tsrxob,Denny Hamlin and his jgr team mates,https://www.reddit.com/r/nascar/comments/1tsrxob/,/u/scruffy555,2026-05-31 10:46:23+00:00,,2026-05-31
t3_1ttismu,Joe Gibbs Racing (@joegibbsracing) on Threads,https://www.reddit.com/r/nascar/comments/1ttismu/,/u/No_Ebb7832,2026-06-01 05:36:46+00:00,,2026-06-01
t3_1tto3vq,"Denny Hamlin has now won at 21 different tracks, leaving him with 13 tracks he hasn’t won at in cup. 6 of them active",https://www.reddit.com/r/nascar/comments/1tto3vq/,/u/Timecard100,2026-06-01 10:29:26+00:00,"The 13 tracks

San Diego - N/A (people would complain if I didn’t add this)

Chicago RC - 4th (2025)

Bristol Dirt - 3rd (2021)

COTA - 10th (2026)

Sonoma - 2nd (2016)

Roval - 5th (2021)

Kentucky - 3rd x2 (2012/2015)

Iowa - 24th x2 (2024/2025)

Indy GP - 14th (2022)

Indy - 3rd x4 (2008,2014,2018,2025)

Fontana - 3rd x2 (2008/2016)

Road America - 5th (2021)

Daytona RC - 2nd (2020)

IMO his best shot is probably going be Iowa & Indy, don’t see him winning another RC race in his career

\* I forgot North Wilkesboro, so that is 14. ",2026-06-01
t3_1ttopni,"The Day After the Races - June 1, 2026",https://www.reddit.com/r/nascar/comments/1ttopni/,/u/NASCARThreadBot,2026-06-01 11:00:07+00:00,"Welcome to this week's Day After the Races thread! The dust has settled, the track has cooled, and the confetti's been swept.  With this weekend's activities over, what are your thoughts?  Here's a summary of the previous week's race(s):

---

[NCS](#theNCS)[](#trackNashville) ***Cracker Barrel 400 at Nashville Superspeedway***

**Elapsed Time**: 3:44:57 for 300 laps (399&nbsp;mi / 642.13&nbsp;km)

**Cautions**: 11 cautions for 77 laps

**Leaders**: 31 lead changes among 15 leaders (Denny Hamlin led most with 57)

**Stage 1**: AJ Allmendinger at 90 Laps

**Stage 2**: Daniel Suárez at 185 Laps

**Race Winner**: Denny Hamlin at 300 Laps

[Current Standings at NASCAR.com](http://www.nascar.com/standings/nascar-cup-series)

**Race Threads**: [[Pre](/r/NASCAR/comments/1tsw5qo/prerace_discussion_thread_ncs_cracker_barrel_400/)]:[[Race](/r/NASCAR/comments/1tt8ua0/race_thread_ncs_cracker_barrel_400_at_nashville/)]:[[Post](/r/NASCAR/comments/1ttheg4/postrace_discussion_thread_ncs_cracker_barrel_400/)]

---

[NORAPS](#theNORAPS)[](#trackNashville) ***Sports Illustrated Resorts 250 at Nashville Superspeedway***

**Elapsed Time**: 1:53:16 for 188 laps (250.04&nbsp;mi / 402.4&nbsp;km)

**Cautions**: 2 cautions for 15 laps

**Leaders**: 12 lead changes among 7 leaders (Jesse Love led most with 87)

**Stage 1**: Jesse Love at 45 Laps

**Stage 2**: Justin Allgaier at 90 Laps

**Race Winner**: Justin Allgaier at 188 Laps

[Current Standings at NASCAR.com](http://www.nascar.com/standings/nascar-oreilly-auto-parts-series)

**Race Threads**: [[Race](/r/NASCAR/comments/1tsdjry/race_thread_noraps_sports_illustrated_resorts_250/)]:[[Post](/r/NASCAR/comments/1tshh35/postrace_discussion_thread_noraps_sports/)]

---

[NCTS](#theNCTS)[](#trackNashville) ***Flote 200 at Nashville Superspeedway***

**Elapsed Time**: 1:59:45 for 150 laps (199.5&nbsp;mi / 321.06&nbsp;km)

**Cautions**: 8 cautions for 48 laps

**Leaders**: 5 lead changes among 3 leaders (Layne Riggs led most with 99)

**Stage 1**: Layne Riggs at 45 Laps

**Stage 2**: Layne Riggs at 95 Laps

**Race Winner**: Layne Riggs at 150 Laps

[Current Standings at NASCAR.com](http://www.nascar.com/standings/nascar-craftsman-truck-series)

**Race Threads**: [[Race](/r/NASCAR/comments/1trikcy/race_thread_ncts_allegiance_200_at_nashville/)]",2026-06-01
t3_1ttqkzu,MIS.......information,https://www.reddit.com/r/nascar/comments/1ttqkzu/,/u/LegitimateSwing7125,2026-06-01 12:23:42+00:00,"For those of you that are attending the Michigan race next weekend, please be prepared for rain delays. Forecast not looking so good.

Parking can be a complete mess when raining. 

We waited under the grandstand for 4 hours one year because of a rain delay. I fell asleep on a table, but we stuck it out.

Hope everyone going enjoys the race though.

Congrats to Denny Hamlin for the win yesterday.

",2026-06-01
t3_1tts9pb,Understanding NASCAR randomness as a noob,https://www.reddit.com/r/nascar/comments/1tts9pb/,/u/Adept-Leek-4724,2026-06-01 13:29:13+00:00,"TL;DR Used to be F1-obsessed, stopped watching, but got hooked on NASCAR (and IndyCar) this season. I’m loving the wheel-to-wheel racing and driver dynamics, but there's one thing I'm struggling with, its the sheer amount of late race cautions that completely bunch the field back up.

yesterday's race,  Bell was clearly the class of the field and dominating. Then a late yellow flies, we get a chaotic restart with 5 laps to go, and the field is totally grouped together. Sure, you can argue Bell got out driven on the final restart, but the whole thing just felt incredibly manufactured and unfair to the guy who executed the perfect race for 395 miles.

Coming from F1, I expected the community to be talking about how incredibly unlucky Bell was. Instead, everyone is just hyping up how amazing Denny Hamlin’s restart was.

What am I missing here? Is this level of randomness just accepted as ""part of the show""? I came into NASCAR thinking the best driver/car combo wins, but right now it feels a bit like ""whoever survives the late-stage chaos wins."" How do long time fans view this dynamic?",2026-06-01
t3_1tu6cgl,"2026 LASTCAR CUP, O'Reilly & Truck Chase standings (After Nashville)",https://www.reddit.com/r/nascar/comments/1tu6cgl/,/u/TIFUthebestSubreddit,2026-06-01 21:25:46+00:00,"Cup Series Chase standings (Race 14/26)

1) Cody Ware 540

2) Connor Zilisch 485

3) Cole Custer 449

4) Josh Berry 413

5) Ty Dillon 390

6) Noah Gragson 368

7) John Hunter Nemechek 360

8) Todd Gilliland 340

9) Joey Logano 308

10) Ross Chastain 318

11) Riley Herbst 312

12) AJ Allmendinger 309

13) Michael McDowell 306

14) Austin Dillon 304

15) Ricky Stenhouse Jr 300

16) Austin Cindric 297

_____________________________________________

17) Chase Briscoe 292

18) Shane van Gisbergen 274

19) Zane Smith 273

20) Kyle Busch 269 (RIP Rowdy 🕊)

21) Erik Jones 265

22) Alex Bowman 264

23) Bubba Wallace 249

24) Kyle Larson 246

25) Christopher Bell 243

26) William Byron 242

27) Ryan Preece 239

28) Brad Keselowski 228

29) Carson Hocevar 183

30) Chris Buescher 182

31) Daniel Suarez 182

32) Ty Gibbs 178

33) Chad Finchum 172

34) Chase Elliott 171

35) Ryan Blaney 152

36) Justin Allgaier 131

37) Timmy Hill 130

38) BJ McLeod 128

39) Austin Hill 127

40) Denny Hamlin 107

41) Corey Heim 106

42) Katherine Legge 92

43) Tyler Reddick 62

44) JJ Yeley 50

45) Anthony Alfredo 49

46) Jesse Love 49

47) Casey Mears 42

48) Joey Gase 36

49) Jimmie Johnson 34

50) Daniel Dye 27

51) Josh Bilicki 26

52) Corey LaJoie 6

53) Chandler Smith 3

**___________________________**

O'Reilly Chase standings (Race 16/24) (i forgot there's 9 races in the O'Reilly chase not 7. I just now realized it should say 24 not 26 lol)

1) Ryan Ellis 530

2) Joey Gase 443

3) Josh Bilicki 437

4) Lavar Scott 418

5) Patrick Staropoli 418

6) Kyle Sieg 417

7) Harrison Burton 415

8) Austin Green 405

9) Blaine Perkins 390

10) Dawson Cram 377

11) Jeb Burton 358

12) Garrett Smithley 351

_____________________________________________

13) Mason Maggio 351

14) Jeremy Clements 350

15) Anthony Alfredo 347

16) Dean Thompson 311

17) Sam Mayer 302

18) Taylor Gray 294

19) Brennan Poole 257

20) Rajah Caruth 256

21) Parker Retzlaff 256

22) Ryan Sieg 255

23) Josh Williams 251

24) William Sawalich 247

25) Carson Kvapil 233

26) David Starr 228

27) Nick Sanchez 226

28) JJ Yeley 215

29) Nathan Byrd 209

30) Austin Hill 197


**___________________________**

Truck series Chase standings (Race 11/18)

1) Frankie Muniz 341

2) Cole Butcher 321

3) Kris Wright 305

4) Spencer Boyd 302

5) Mini Tyrell 280

6) Tanner Gray 268

7) Clayton Green 254

8) Andres Perez de Lara 253

9) Caleb Costner 245

10) Dawson Sutton 233

_____________________________________________

11) Grant Enfinger 232

12) Ben Rhodes 230

13) Brenden Queen 212

14) Justin Haley 210

15) Ty Majeski 207

16) Jake Garcia 202

17) Daniel Hemric 189

18) Timmy Hill 188

19) Corey LaJoie 187

20) Stewart Friesen 185

21) Josh Reaume 181

22) Tyler Ankrum 179

23) Chandler Smith 173

24) Christian Eckes 166

25) Carson Hocevar 165

26) Luke Baldwin 155

27) Tyler Reif 153

28) Layne Riggs 128

29) Gio Ruggerio 121

30) Adam Andretti 121",2026-06-01
t3_1tutoku,NASCAR's sexiest Druvers,https://www.reddit.com/r/nascar/comments/1tutoku/,/u/Secure-Employee-1469,2026-06-02 15:05:09+00:00,"Hi! This is a question for my fellow female NASCAR fans; if there was a NASCAR version of People Magazine's Srxiest Man Alive, who would win? 

My picks are Denny Hamlin,Ryan Blaney and Kyle Larson

Guys, if you know who your wife or gt would say, you can join in! ",2026-06-02
t3_1tuwmqa,[Actions Detrimental] Denny Hamlin suggests that the Cup race a should be shortened to 300 miles.,https://www.reddit.com/r/nascar/comments/1tuwmqa/,/u/ZilischsPoopyPants,2026-06-02 16:45:25+00:00,,2026-06-02
t3_1tuwpki,[Actions Detrimental] Denny Hamlin suggests that the Cup race at Nashville should be shortened to 300 miles.,https://www.reddit.com/r/nascar/comments/1tuwpki/,/u/ZilischsPoopyPants,2026-06-02 16:48:07+00:00,,2026-06-02
t3_1tv0sre,Striking the Right Chord,https://www.reddit.com/r/nascar/comments/1tv0sre/,/u/nascar,2026-06-02 19:05:37+00:00,Denny Hamlin goes to Victory Lane for the 62nd time in his NASCAR Cup Series career. Take a look at some of our favorite photos from this past weekend at Nashville. ,2026-06-02
t3_1txgwro,We need more jersey merch,https://www.reddit.com/r/nascar/comments/1txgwro/,/u/Fairchild110,2026-06-05 10:22:39+00:00,"So I have a bunch of the jersey and T-shirts I’ve ordered over the past couple of years. If it’s one thing I like, I really like the jersey throwbacks and current driver jerseys. HOWEVER it feels like Hendrick Motorsports has a death grip on offering driver jerseys. I have an RCR Dale throw back, but my other ones are all Hendrick (Richmond, Chase Elliott, Gordon). They are great for working out in, but I really want some more teams and drivers. I ordered the Modelo Brad K one, but I really want some awesome schemes as jerseys too like Austin Cindric’s Autotrader, Denny Hamlin’s Bob’s Furniture, Reddick’s 23XL (I know they have the Casino one, but I’m not the biggest fan of gambling). 

Have yall tried them out? Which ones do you want to see? ",2026-06-05
t3_1ty1bzc,"[NASCOURT WEAVER] Joe Gibbs Racing, Chris Gabehart, Spire agree to terms on deleted text message retrieval.",https://www.reddit.com/r/nascar/comments/1ty1bzc/,/u/ZilischsPoopyPants,2026-06-05 23:43:28+00:00,,2026-06-05
t3_1tywdw7,"[Jeff Gluck] Denny Hamlin has to start at the rear tomorrow despite winning the pole. There's damage underneath his car from when he had a flat tire and they have to fix it, which is an unapproved adjustment, and he'll drop to the back",https://www.reddit.com/r/nascar/comments/1tywdw7/,/u/Altracing34,2026-06-06 23:40:43+00:00,,2026-06-06
t3_1tz20o7,"I dont watch nascar mainly have knowledge from daily fantasy, real fans that watch please rate or comment on my top 15 best drivers based on my years playing dfs and reading articles and once in a while watch a bit but never watched full race and maybe 3 hours total lifetime in actual watch time",https://www.reddit.com/r/nascar/comments/1tz20o7/,/u/Dry_Cheetah_2078,2026-06-07 04:16:12+00:00,"This is a top 15 factoring in this years results so far but also full body of work/career as main factor in rankings thoughts on the list and who you think should be higher or lower?

  
1 Denny Hamlin 

2 Brad Kaselowski

3 Christopher Bell

4 Joey Logano

5 Kyle Larson

6 William Byron

6 Ryan Blaney

7 Tyler Reddick

8 Chris Buescher

9 Alex Bowman

10 Ross Chastain

11 Chase Briscoe

12 Bubba Wallace

13 Ty Gibbs 

14 Carson Hocevar

15 Austin Cindric or Ryan Preece",2026-06-07
t3_1tzrelo,"After winning Michigan,Denny Hamlin honors kyle busch with a black flag with the number 18 and Kyle's name in cursive",https://www.reddit.com/r/nascar/comments/1tzrelo/,/u/Helpful-Bowler6681,2026-06-07 23:27:31+00:00,This is beautiful❤️🥹,2026-06-07
t3_1tzs1r0,Denny Hamlin confirms on the Prime post race show that Brent Crews will take over the 11 after he retires at the end of 2027.,https://www.reddit.com/r/nascar/comments/1tzs1r0/,/u/LBHMS,2026-06-07 23:56:55+00:00,,2026-06-07
t3_1tzsdfw,New fan of NASCAR,https://www.reddit.com/r/nascar/comments/1tzsdfw/,/u/DerekReelz,2026-06-08 00:11:14+00:00,"NASCAR fans. I'm new to the sport. My first time watching was last Sunday (Nashville) when Denny Hamlin won and again today (Michigan) when he also won. I don't know much but I've been watching a lot of YouTube to figure things out. 

I'm a huge NFL fan so if someone can please explain NASCAR drivers to me in football terms:  
Who is the Pat Mahomes, Joe Burrow, Josh Allen etc of nascar.

I'd very much appreciate any and all info. ",2026-06-08
t3_1tzszem,[Gluck] Denny Hamlin says he put plans in motion starting Monday morning to come up with the tribute flag and logo for Kyle Busch in case he won Michigan. Denny says they were able to collaborate with RCR to get the stylized 8 and combine it with the JGR 18 (the 1 was used and is in black).,https://www.reddit.com/r/nascar/comments/1tzszem/,/u/catsgr8rthanspoonies,2026-06-08 00:39:04+00:00,">Denny Hamlin says he put plans in motion starting Monday morning to come up with the tribute flag and logo for Kyle Busch in case he won Michigan. Denny says they were able to collaborate with RCR to get the stylized 8 and combine it with the JGR 18 (the 1 was used and is in black).  
  
Denny also acknowledges how pissed Kyle would have been today, but Denny says he would have told Kyle: ""You'll be here around here longer. You'll get me back.""",2026-06-08
t3_1tzw71l,Denny Hamlin driving a 2013 Jordan Kyle Busch Motorsports truck at fall Martinsville,https://www.reddit.com/r/nascar/comments/1tzw71l/,/u/ApocApollo,2026-06-08 03:13:38+00:00,,2026-06-08
t3_1u04l6s,"The Day After the Races - June 8, 2026",https://www.reddit.com/r/nascar/comments/1u04l6s/,/u/NASCARThreadBot,2026-06-08 11:00:07+00:00,"Welcome to this week's Day After the Races thread! The dust has settled, the track has cooled, and the confetti's been swept.  With this weekend's activities over, what are your thoughts?  Here's a summary of the previous week's race(s):

---

[NCS](#theNCS)[](#trackMichigan) ***FireKeepers Casino 400 at Michigan International Speedway***

**Elapsed Time**: 3:13:39 for 200 laps (400&nbsp;mi / 643.74&nbsp;km)

**Cautions**: 11 cautions for 54 laps

**Leaders**: 23 lead changes among 11 leaders (Chase Elliott led most with 67)

**Stage 1**: Tyler Reddick at 45 Laps

**Stage 2**: Chase Elliott at 120 Laps

**Race Winner**: Denny Hamlin at 200 Laps

[Current Standings at NASCAR.com](http://www.nascar.com/standings/nascar-cup-series)

**Race Threads**: [[Pre](/r/NASCAR/comments/1tz819f/prerace_discussion_thread_ncs_firekeepers_casino/)]:[[Race](/r/NASCAR/comments/1tzj4vp/race_thread_ncs_firekeepers_casino_400_at/)]:[[Post](/r/NASCAR/comments/1tzqsgh/postrace_discussion_thread_ncs_firekeepers_casino/)]

---

[NCTS](#theNCTS)[](#trackMichigan) ***TBA at Michigan International Speedway***

**Elapsed Time**: 2:05:01 for 125 laps (250&nbsp;mi / 402.34&nbsp;km)

**Cautions**: 7 cautions for 34 laps

**Leaders**: 20 lead changes among 6 leaders (Carson Hocevar led most with 65)

**Stage 1**: Christopher Bell at 30 Laps

**Stage 2**: Christopher Bell at 60 Laps

**Race Winner**: Corey Heim at 125 Laps

[Current Standings at NASCAR.com](http://www.nascar.com/standings/nascar-craftsman-truck-series)

**Race Threads**: [[Race](/r/NASCAR/comments/1tyltzm/race_thread_ncts_dqs_solutions_staffing_250_at/)]:[[Post](/r/NASCAR/comments/1tyr8p3/postrace_discussion_thread_ncts_dqs_solutions/)]",2026-06-08
t3_1u0fuss,Denny Hamlin will have a King’s Hawaiian Banana Shake ‘Em Bites (Minions and Monsters) Paint Scheme This Weekend (Teaser Images),https://www.reddit.com/r/nascar/comments/1u0fuss/,/u/Dmacthegoat,2026-06-08 18:11:13+00:00,[https://x.com/JoeGibbsRacing/status/2064044941605560376?s=20](https://x.com/JoeGibbsRacing/status/2064044941605560376?s=20),2026-06-08
t3_1u0q5dj,2026 LASTCAR Cup & Truck Chase standings (After Michigan),https://www.reddit.com/r/nascar/comments/1u0q5dj/,/u/TIFUthebestSubreddit,2026-06-09 00:45:36+00:00,"Cup Series Chase standings (Race 15/26)

1) Cody Ware 569

2) Connor Zilisch 561 (WE HAVE OURSELVES A LASTCAR BATTLLE NOW)

3) Cole Custer 460

4) Josh Berry 432

5) Ty Dillon 413

6) Noah Gragson 394

7) John Hunter Nemechek 376

8) Todd Gilliland 375

9) Austin Dillon 348

10) Ross Chastain 340

11) Michael McDowell 331

12) Ricky Stenhouse Jr 300

13) Joey Logano 326

14) AJ Allmendinger 325

15) Riley Herbst 324

16) Austin Cindric 307

_____________________________________________

17) Shane van Gisbergen 307

18) Zane Smith 305

19) Chase Briscoe 301

20) Alex Bowman 285

21) Christopher Bell 273

22) Kyle Busch 269 (RIP Rowdy 🕊)

23) Brad Keselowski 268

24) Ryan Preece 268

25) Erik Jones 266

26) William Byron 259

27) Bubba Wallace 251

28) Kyle Larson 249

29) Ty Gibbs 208

30) Chase Elliott 202

31) Chris Buescher 190

32) Daniel Suarez 187

33) Carson Hocevar 187

34) Chad Finchum 172

35) Ryan Blaney 159

36) Austin Hill 149

37) Justin Allgaier 131

38) Timmy Hill 130

39) BJ McLeod 128

40) Denny Hamlin 108

41) Corey Heim 106

42) Tyler Reddick 104

43) Katherine Legge 92

44) JJ Yeley 82

45) Anthony Alfredo 49

46) Jesse Love 49

47) Casey Mears 42

48) Joey Gase 36

49) Jimmie Johnson 34

50) Daniel Dye 27

51) Josh Bilicki 26

52) Corey LaJoie 6

53) Chandler Smith 3

**___________________________**

Truck series Chase standings (Race 12/18)

1) Frankie Muniz 369

2) Kris Wright 355

3) Cole Butcher 354

4) Spencer Boyd 340

5) Mini Tyrell 300

6) Dawson Sutton 298

7) Tanner Gray 286

8) Caleb Costner 285

9) Andres Perez de Lara 272

10) Clayton Green 254

_____________________________________________

11) Justin Haley 253

12) Ben Rhodes 251

13) Grant Enfinger 243

14) Ty Majeski 242

15) Josh Reaume 227

16) Brenden Queen 226

17) Corey LaJoie 216

18) Daniel Hemric 213

19) Jake Garcia 211

20) Stewart Friesen 207

21) Christian Eckes 198

22) Tyler Ankrum 189

23) Timmy Hill 188

24) Chandler Smith 178

25) Carson Hocevar 168

26) Luke Baldwin 155

27) Tyler Reif 153

28) Layne Riggs 137

29) Gio Ruggerio 133

30) Adam Andretti 121",2026-06-09
t3_1u16v6p,Reddicks being chased down by Denny Hamlin would be SO much more interesting in full season points format,https://www.reddit.com/r/nascar/comments/1u16v6p/,/u/SNovantasette,2026-06-09 14:38:56+00:00,"Everyone seems way too chill about the points results because they're coming up on a reset anyway. 

  
How does prime and tnt feel about their races being less concequencial to the championship because people are comfortable where they are at standings wise",2026-06-09
t3_1u17t0c,"[Jeff gluck] Time has come out with a list called Time100 Sports, which it says are the 100 most influential people in sports. NASCAR is represented by Michael Jordan/Denny Hamlin (listed together under ""Innovators"") and Carson Hocevar (listed under ""Leaders"").",https://www.reddit.com/r/nascar/comments/1u17t0c/,/u/RBF48,2026-06-09 15:11:50+00:00,,2026-06-09
t3_1u1epsk,Denny Hamlin’s 2026 King’s Hawaiian Shake ‘Em Bites Paint Scheme For Pocono,https://www.reddit.com/r/nascar/comments/1u1epsk/,/u/Dmacthegoat,2026-06-09 19:12:35+00:00,[https://x.com/JoeGibbsRacing/status/2064424959527559631?s=20](https://x.com/JoeGibbsRacing/status/2064424959527559631?s=20),2026-06-09
t3_1u1n58s,[Jayski] CBell's Michigan crash hardest hit of Next Gen era,https://www.reddit.com/r/nascar/comments/1u1n58s/,/u/willweaverrva,2026-06-10 00:42:58+00:00,"""Christopher Bell sustained the hardest crash impact of the Next Gen era when his No. 20 Joe Gibbs Racing Toyota pounded the Turn 4 wall on Sunday at Michigan International Speedway.

""On the latest episode of the “Hauler Talk” podcast, Mike Forde, NASCAR vice president of racing communications, confirmed that the Delta-v, which measures the change in velocity, was the largest number recorded since the Next Gen made its debut in 2022.""",2026-06-10
t3_1u2x5li,"On this day in NASCAR History, June 11, 2006:  Rookie driver Denny Hamlin takes his first checkered flag in a Cup Series points race, leading 83 laps to win the 2006 Pocono 500.",https://www.reddit.com/r/nascar/comments/1u2x5li/,/u/DarthVader1701A,2026-06-11 12:04:52+00:00,,2026-06-11
t3_1u40ps6,The stripped down remains of Christopher Bell’s Michigan car is now on display in the Joe Gibbs Racing HQ Lobby [Steven Taranto on X],https://www.reddit.com/r/nascar/comments/1u40ps6/,/u/Comfortable_Rock4877,2026-06-12 16:46:48+00:00,https://x.com/staranto92/status/2065474830468620742?s=46,2026-06-12
t3_1u521w8,Denny Hamlin to start his three-peat bid from pole at Pocono,https://www.reddit.com/r/nascar/comments/1u521w8/,/u/PrincessBananas85,2026-06-13 21:00:30+00:00,,2026-06-13
t3_1u5w13f,Denny Hamlin has won a third race in a row.,https://www.reddit.com/r/nascar/comments/1u5w13f/,/u/artie20174,2026-06-14 20:37:02+00:00,If he wins the championship can’t wait to see all the haters crying and complaining go 11!!!,2026-06-14
t3_1u5w48t,What Has Caused Denny Hamlins Face Turn?,https://www.reddit.com/r/nascar/comments/1u5w48t/,/u/Dasfatmann,2026-06-14 20:40:26+00:00,[removed],2026-06-14
t3_1u617u8,Movie Tie-In paint schemes that won,https://www.reddit.com/r/nascar/comments/1u617u8/,/u/Specialist-Two2068,2026-06-15 00:19:13+00:00,"With Denny Hamlin's latest win at Pocono Raceway, this has made a little bit of history in and of itself- this is the first time in relatively recent memory where a car with a movie tie-in paint scheme has won a race. Given that these types of paint schemes usually only run for one or two races, it's not surprising that while plenty of cars in NASCAR history have carried movie tie-in paint schemes, not very many of them have actually won a race.

  
First up is Dale Earnhardt Jr's Batman car: Themed after the 2012 film *The Dark Knight Rises* in a cross-promotion with Mountain Dew, this car went to victory lane at Michigan that summer, snapping a four-year drought for Dale Jr. and his beleaguered 88 team.

Then there was Jeff Gordon's Star Wars car: He drove this car at the 2005 Aaron's 499 at Talladega, in a car themed after that year's latest entry in the *Star Wars* franchise through a cross-promotion with Pepsi, *Star Wars: Episode III- Revenge of the Sith*.

Ryan Newman got his time in the limelight and got his chance to kiss the bricks at the famed Indianapolis Motor Speedway at the 2013 Brickyard 400, and he did it in a car themed after *The Smurfs 2*, which also carried Quicken Loans as the primary.

And of course, the latest entry to this list, Denny Hamlin, who once again found victory lane at Pocono Raceway in the 2026 Great American Getaway 400, which happened in a car promoting the upcoming *Minions and Monsters* film, in a cross-promotion with King's Hawaiian. 

What other, if any, movie tie-in schemes have actually won a race in NASCAR? I didn't put Jeff Gordon's infamous ""T-Rex car"" here because it was technically promoting the *Jurassic Park* ride, and not any of the films, but I'm sure I probably missed one somewhere. Either way, let me know what some of your favorite movie tie-in paint schemes, especially ones that won the races they appeared in.",2026-06-15
t3_1u649ab,The Tyler Reddick extra Performance Tin Foil hat BS now comes to Denny Hamlin.,https://www.reddit.com/r/nascar/comments/1u649ab/,/u/ketchupandsalt77,2026-06-15 02:45:03+00:00,"Yep we're doing this again lol. So Pocono on Sunday Denny Hamlin won his 3rd race in a row and now just like when Tyler Reddick was winning earlier this year, we got morons now going around saying Hamlin won cause he got an extra performance boost as part of the settlement from the the lawsuit last winter. I swear it seems like every single year the fanbase gets more dumber year after year. I've seen some pretty dumb takes over the years on Facebook and Twitter/X, but this one takes the cake and its getting really really annoying now. 

  
No Denny Hamlin didn't get 50 more horsepower grandpa. Its called being good. Look i'm not a Denny Hamlin fan but I can see how stupid this is getting now. Bet you if that was a non Toyota driver winning three in a row they wouldn't say anything. So yeah we're back at this BS again. ",2026-06-15
t3_1u6dbaf,"The Day After the Races - June 15, 2026",https://www.reddit.com/r/nascar/comments/1u6dbaf/,/u/NASCARThreadBot,2026-06-15 11:00:06+00:00,"Welcome to this week's Day After the Races thread! The dust has settled, the track has cooled, and the confetti's been swept.  With this weekend's activities over, what are your thoughts?  Here's a summary of the previous week's race(s):

---

[NCS](#theNCS)[](#trackPocono) ***Great American Getaway 400 at Pocono Raceway***

**Elapsed Time**: 2:56:36 for 160 laps (400&nbsp;mi / 643.74&nbsp;km)

**Cautions**: 5 cautions for 23 laps

**Leaders**: 17 lead changes among 11 leaders (John H. Nemechek led most with 42)

**Stage 1**: Denny Hamlin at 30 Laps

**Stage 2**: Todd Gilliland at 95 Laps

**Race Winner**: Denny Hamlin at 160 Laps

[Current Standings at NASCAR.com](http://www.nascar.com/standings/nascar-cup-series)

**Race Threads**: [[Pre](/r/NASCAR/comments/1u5kjsl/prerace_discussion_thread_ncs_great_american/)]:[[Race](/r/NASCAR/comments/1u5oxa7/race_thread_ncs_great_american_getaway_400_at/)]:[[Post](/r/NASCAR/comments/1u5vlys/postrace_discussion_thread_ncs_great_american/)]

---

[NORAPS](#theNORAPS)[](#trackPocono) ***MillerTech Battery 250 at Pocono Raceway***

**Elapsed Time**: 2:31:28 for 100 laps (250&nbsp;mi / 402.34&nbsp;km)

**Cautions**: 10 cautions for 39 laps

**Leaders**: 18 lead changes among 10 leaders (Justin Allgaier led most with 35)

**Stage 1**: Taylor Gray at 25 Laps

**Stage 2**: Brent Crews at 50 Laps

**Race Winner**: Justin Allgaier at 100 Laps

[Current Standings at NASCAR.com](http://www.nascar.com/standings/nascar-oreilly-auto-parts-series)

**Race Threads**: [[Race](/r/NASCAR/comments/1u4z59e/race_thread_noraps_millertech_battery_250_at/)]:[[Post](/r/NASCAR/comments/1u54q0s/postrace_discussion_thread_noraps_millertech/)]",2026-06-15
t3_1u6sm82,"[Actions detrimental] Denny Hamlin suggests that teams that are stuck in the first group of P&Q should work on getting better results rather than suggesting a ""random"" qualifying format.",https://www.reddit.com/r/nascar/comments/1u6sm82/,/u/ZilischsPoopyPants,2026-06-15 20:38:01+00:00,(The timestamp might be off),2026-06-15
t3_1u6vk3j,Denny Hamlin is the modern day Junior Johnson,https://www.reddit.com/r/nascar/comments/1u6vk3j/,/u/GoodOlRoll,2026-06-15 22:29:13+00:00,"Junior never won the championship as a driver, but he was the best of his time to never win one, and the team he owned was among the very best in NASCAR. He also had a fondness for ladies of the evening.

I'm not saying history's repeating itself, but it does seem to rhyme a lot.",2026-06-15
t3_1u6wjun,2026 LASTCAR Cup & Xfinity Chase standings (After Pocono),https://www.reddit.com/r/nascar/comments/1u6wjun/,/u/TIFUthebestSubreddit,2026-06-15 23:10:14+00:00,"Cup Series Chase standings (Race 16/26)

1) Cody Ware 600

2) Connor Zilisch 589

3) Cole Custer 482

4) Josh Berry 463

5) Ty Dillon 447

6) Noah Gragson 436

7) Todd Gilliland 392

8) John Hunter Nemechek 382

9) Austin Dillon 371

10) Joey Logano 365

11) Zane Smith 356

12) Ross Chastain 346

13) Michael McDowell 346

14) AJ Allmendinger 345

15) Shane van Gisbergen 341

16) Ricky Stenhouse Jr 341

_____________________________________________

17) Riley Herbst 338

18) Brad Keselowski 332

19) Austin Cindric 327

20) Alex Bowman 319

21) Chase Briscoe 311

22) Christopher Bell 297

23) Ryan Preece 294

24) Bubba Wallace 270

25) Erik Jones 270

26) Kyle Busch 269 (RIP Rowdy 🕊)

27) William Byron 260

28) Kyle Larson 252

29) Ty Gibbs 215

30) Chase Elliott 211

31) Carson Hocevar 205

32) Daniel Suarez 198

33) Chris Buescher 195

34) Ryan Blaney 174

35) Chad Finchum 172

36) Austin Hill 165

37) Justin Allgaier 131

38) Timmy Hill 130

39) BJ McLeod 128

40) Tyler Reddick 110

41) Denny Hamlin 109

42) Corey Heim 106

43) Katherine Legge 92

44) Casey Mears 89

45) JJ Yeley 82

46) Daniel Dye 59

47) Anthony Alfredo 49

48) Jesse Love 49

49) Joey Gase 36

50) Jimmie Johnson 34

51) Josh Bilicki 26

52) Corey LaJoie 6

53) Chandler Smith 3

**___________________________**

O'Reilly Chase standings (Race 17/26)

1) Ryan Ellis 554

2) Joey Gase 493

3) Josh Bilicki 458

4) Kyle Sieg 450

5) Lavar Scott 445

6) Patrick Staropoli 441

7) Harrison Burton 424

8) Blaine Perkins 408

9) Austin Green 405

10) Jeb Burton 384

11) Dawson Cram 377

12) Jeremy Clements 364

_____________________________________________

13) Mason Maggio 351

14) Garrett Smithley 351

15) Anthony Alfredo 351

16) Dean Thompson 322

17) Sam Mayer 304

18) Ryan Sieg 282

19) Taylor Gray 279

20) Brennan Poole 273

21) Parker Retzlaff 269

22) William Sawalich 266

23) Rajah Caruth 261

24) Nathan Byrd 256

25) Nick Sanchez 251

26) Josh Williams 251

27) Carson Kvapil 241

28) Corey Day 230

29) David Starr 228

30) JJ Yeley 215",2026-06-15
t3_1u8e6nx,"Adam Stern: “Jack Roush is stepping down from the Race Team Alliance board of directors and will be replaced by RFK Racing president Chip Bowers, while 23XI Racing is being newly added to the board and will be represented by Denny Hamlin. Former RCR president Torrey Galida will become chairman.”",https://www.reddit.com/r/nascar/comments/1u8e6nx/,/u/Dmacthegoat,2026-06-17 15:57:51+00:00,,2026-06-17
t3_1u8la6v,2026 Chase,https://www.reddit.com/r/nascar/comments/1u8la6v/,/u/Choice-Ferret9391,2026-06-17 20:15:02+00:00,"Realistically, what is your guys’ threshold as to where you can finish in the regular season standings and still have a chance at the championship? I know that 16 drivers qualify, but most of us can agree that a 16th place seed isn’t going to make up 100 points. What would be your cutoff point? As a Byron fan, I think he is out of it given that he is 11th in the standings and realistically he can only jump to 7th before the regular season ends. Therefore, I am shifting my focus to Denny Hamlin hoping he wins his first championship this year while he has the chance. ",2026-06-17
t3_1ua8ayh,NASCAR Joe Gibbs Racing Carpool Karaoke,https://www.reddit.com/r/nascar/comments/1ua8ayh/,/u/RespectDramatic8487,2026-06-19 17:32:35+00:00,I had no idea this existed... happy Friday everyone!,2026-06-19
t3_1uaeli0,Different paint schemes,https://www.reddit.com/r/nascar/comments/1uaeli0/,/u/Standard_Team0000,2026-06-19 21:41:04+00:00,If Denny Hamlin wins tomorrow he will have won in 5 different sponsor paint schemes this year. Would this be a record?,2026-06-19
t3_1ub21lb,Denny Hamlin on SportsCenter this morning talking NASCAR San Diego and More,https://www.reddit.com/r/nascar/comments/1ub21lb/,/u/FlyingJJ2K,2026-06-20 17:17:52+00:00,Crazy to see NASCAR getting talked about on ESPN for more than 15 seconds and with some great visuals of the track in San Diego.,2026-06-20
t3_1ucx7r0,"2026 LASTCAR Cup, Xfinity, and Truck Chase standings (after Coronado)",https://www.reddit.com/r/nascar/comments/1ucx7r0/,/u/TIFUthebestSubreddit,2026-06-22 21:13:35+00:00,"Cup Series Chase standings (Race 17/26)

1) Connor Zilisch 631

2) Cody Ware 622

3) Cole Custer 510

4) Josh Berry 489

5) Ty Dillon 479

6) Noah Gragson 474

7) Todd Gilliland 410

8) Austin Dillon 399

9) John Hunter Nemechek 396

10) Shane van Gisbergen 385

11) Ricky Stenhouse Jr 381

12) Joey Logano 380

13) Christopher Bell 363

14) Brad Keselowski 363

15) Zane Smith 357

16) Michael McDowell 356

_____________________________________________

17) Ross Chastain 350

18) AJ Allmendinger 347

19) Austin Cindric 346

20) Riley Herbst 344

21) Alex Bowman 342

22) Chase Briscoe 330

23) Ryan Preece 302

24) Erik Jones 295

25) William Byron 285

26) Bubba Wallace 275

27) Kyle Busch 269 (RIP Rowdy 🕊)

28) Kyle Larson 253

29) Ty Gibbs 231

30) Carson Hocevar 221


31) Chase Elliott 220

32) Daniel Suarez 211

33) Austin Hill 205

34) Chris Buescher 198

35) Ryan Blaney 180

36) Chad Finchum 172

37) Tyler Reddick 133

38) Justin Allgaier 131

39) Timmy Hill 130

40) BJ McLeod 128

41) Denny Hamlin 126

42) Corey Heim 107

43) Katherine Legge 92

44) Casey Mears 89

45) JJ Yeley 82

46) Jimmie Johnson 68

47) Daniel Dye 59

48) Anthony Alfredo 49

49) Jesse Love 49

50) Joey Gase 36

51) Josh Bilicki 26

52) Kevin Magnussen 24

53) Corey LaJoie 6

54) Chandler Smith 3

**___________________________**

O'Reilly Chase standings (Race 18/24)

1) Ryan Ellis 592

2) Joey Gase 528

3) Kyle Sieg 513

4) Lavar Scott 483

5) Josh Bilicki 479

6) Patrick Staropoli 460

7) Harrison Burton 432

8) Blaine Perkins 425

9) Austin Green 412

10) Dawson Cram 406

11) Jeb Burton 405

12) Anthony Alfredo 385

_____________________________________________

13) Jeremy Clements 378

14) Mason Maggio 351

15) Garrett Smithley 351

16) Dean Thompson 349

17) Sam Mayer 337

18) William Sawalich 301

19) Ryan Sieg 301

20) Brennan Poole 296

21) Rajah Caruth 282

22) Taylor Gray 280

23) Parker Retzlaff 275

24) Nathan Byrd 256

25) Nick Sanchez 251

26) Josh Williams 251

27) Corey Day 249

28) Carson Kvapil 244

29) David Starr 228

30) JJ Yeley 215


**___________________________**

Truck series Chase standings (Race 13/18)

1) Frankie Muniz 391

2) Cole Butcher 380

3) Kris Wright 369

4) Spencer Boyd 340

5) Dawson Sutton 339

6) Mini Tyrell 320

7) Tanner Gray 299

8) Andres Perez de Lara 294

9) Caleb Costner 285

10) Corey LaJoie 281

_____________________________________________

11) Grant Enfinger 273

12) Justin Haley 262

13) Ben Rhodes 260

14) Clayton Green 254

15) Ty Majeski 248

16) Jake Garcia 244

17) Stewart Friesen 241

18) Brenden Queen 234

19) Josh Reaume 227

20) Tyler Ankrum 221

21) Daniel Hemric 216

22) Christian Eckes 208

23) Chandler Smith 201

24) Timmy Hill 188

25) Tyler Reif 173

26) Carson Hocevar 168

27) Luke Baldwin 155

28) Gio Ruggerio 144

29) Adam Andretti 143

30) Layne Riggs 139",2026-06-22
t3_1ud6cah,Hamlin pauses role as NASCAR heel to defend Gragson,https://www.reddit.com/r/nascar/comments/1ud6cah/,/u/Original_Benzito,2026-06-23 03:50:43+00:00,"“If you’re coming over here for a one-off, you’ve got to show the competitors who are here full-time some respect,” Hamlin said on his podcast *Actions Detrimental with Denny Hamlin.* “If I went and did a one-off somewhere else, I mean, I guess that’s stereotyping us and NASCAR as well: ‘You guys just run into each other. So, I think it’s okay to just power drive you into turn 12 on lap three.’ I’m not a huge fan of that.

“And I have nothing against him at all. I raced around him a little bit today. He was fine, and I think what he did was wildly impressive. But yeah, I’m going to have to side with Noah on this one.”

Linked story:

https://sports.yahoo.com/articles/denny-hamlin-publicly-slams-f1-014139181.html",2026-06-23
t3_1uegtq7,New Denny Hamlin Yahoo Car (Yahoo on Instagram),https://www.reddit.com/r/nascar/comments/1uegtq7/,/u/kidcoelacanth,2026-06-24 15:32:50+00:00,,2026-06-24
t3_1uey3n1,2028 New Numbers Prediction,https://www.reddit.com/r/nascar/comments/1uey3n1/,/u/bigp65,2026-06-25 02:57:54+00:00,"This is speculation on what I have put together from racing podcasts, Gibbs comments and Denny Hamlin’s comments. 

23XI Racing   
11 - Tyler Reddick  
23 - Bubba Wallace  
45 - Corey Heim

Joe Gibbs Racing  
18 - Brent Crews   
19 - Chase Briscoe  
20 - Christoph Bell  
54 - Ty Gibbs",2026-06-25
t3_1ufaxeh,"[NASCOURT Crandall] Spire Motorsports has filed a counterclaim against Joe Gibbs Racing. The first two paragraphs are pretty pointed: ""... bad breakup."" ""... irrational behavior."" ""... bully a competitor."" ""...babysit a neophyte driver.""",https://www.reddit.com/r/nascar/comments/1ufaxeh/,/u/ZilischsPoopyPants,2026-06-25 14:02:09+00:00,,2026-06-25
t3_1ugitvj,Something that I feel like is not getting talked about enough; NASCAR is quite possibly in the best spot it's been in a couple decades when it comes to up and coming stars in the NCS,https://www.reddit.com/r/nascar/comments/1ugitvj/,/u/USHighway14,2026-06-26 20:57:46+00:00,"NASCAR right now is in the best spot it's been in a couple decades when it comes to the stars that are up and coming into the Cup series, or have just entered. I think of Carson Hocevar, Ty Gibbs, Connor Zilisch, Corey Heim, Jesse Love(?),(possibly) Brent Crews and Layne Riggs, plus more. Like think of where NASCAR was around 2009-2012. The only two drivers that came on the spot was Joey Logano and Brad Keselowski, but that's about it. I think whenever Denny Hamlin and other drivers retire, fans will finally have options to choose from when it comes to finding their new favorite driver.",2026-06-26
t3_1ugoelr,Adam Petty and Casey Atwood were born the Same Year as Denny Hamlin,https://www.reddit.com/r/nascar/comments/1ugoelr/,/u/InflatibleOrange,2026-06-27 00:49:46+00:00,"Crazy to think that they could both still be out there (or conversely, that Denny could've been a Rookie 5 years earlier than he was, as they were, or in Adam's case supposed to be, in 2001). Also in 2001, 60 year old Dave Marcis who was a rookie in 1968 attempted the 500, that would be like Bobby Labonte or Kenny Wallace attempting the 500 today.",2026-06-27
t3_1uh6hyr,[Autoweek] Denny Hamlin Says NASCAR Has Delivered on Antitrust Settlement Promises,https://www.reddit.com/r/nascar/comments/1uh6hyr/,/u/ZilischsPoopyPants,2026-06-27 16:03:28+00:00,,2026-06-27
t3_1uhgm8b,Taylor Gray extends with Joe Gibbs Racing through 2027,https://www.reddit.com/r/nascar/comments/1uhgm8b/,/u/CringeProfessional,2026-06-27 22:59:42+00:00,,2026-06-27
t3_1uhi0t1,[Lee Spencer on Catchfence.com] Taylor Gray signs a 1 Year Extension to stay in the 54 Car for Joe Gibbs Racing for 2027.,https://www.reddit.com/r/nascar/comments/1uhi0t1/,/u/Several-Result5902,2026-06-28 00:01:32+00:00,[removed],2026-06-28
t3_1uhi280,[Lee Spencer on Catchfence.com] Taylor Gray signs a 1 Year Extension to stay in the 54 Car for Joe Gibbs Racing.,https://www.reddit.com/r/nascar/comments/1uhi280/,/u/[deleted],2026-06-28 00:03:22+00:00,[removed],2026-06-28
t3_1uhj6df,[Catchfence.com] Joe Gibbs Racing Re-Signs Taylor Gray,https://www.reddit.com/r/nascar/comments/1uhj6df/,/u/DDowd86,2026-06-28 00:54:13+00:00,,2026-06-28
t3_1uifgw7,"With Sonoma now past us, we are officially halfway through the '26 NASCAR Cup Series season. Looking back at the first half, how would you rank this season so far compared to the previous Next Gen ones dating back to it's debut in '22?",https://www.reddit.com/r/nascar/comments/1uifgw7/,/u/USHighway14,2026-06-29 02:05:28+00:00,"Pushing the tragic death of Kyle Busch aside, honestly this season has got to be the best one in the Next Gen era, based off the racing quality, in terms of how natural it's been. There also hasn't been a finish so far this season where officiating controversy has played a factor. In terms of Cup officiating as a whole, I think it's been the best its been in years. About 90-95% of the cautions that have been called have made sense, and in the races since Michigan, it seems like they've cleaned up the issue with cautions taking awhile.

In terms of storylines, we have had numerous of them, countless in fact, including 23XI, JGR and Denny Hamlin in terms of how dominant they've been, the points battle between Hamlin and Reddick, Corey Heim and Carson Hocevar getting their first career Cup wins, and many more.

The points system as well is the best its been in forever, and just makes sense.

The Cup races like I mentioned have had a natural flow to them. Like I said, officiating has not gotten in the way of dictating a race. Tires now seem like they matter again, and as a whole, it seems like NASCAR is finally close to figuring out the Next Gen car on short tracks and road courses. Is it perfect? No, but its better than its ever been in the Next Gen era. I think NASCAR changing the front and rear clips on short tracks will be the cherry on top. 

As a whole, here are my rankings of the Next Gen seasons:

1. 2026

2. 2024

3. 2022

4. 2025

5. 2023

 ",2026-06-29
t3_1uig746,SVG becomes 18th drivers in nascar history to win his first two attempts at the same track,https://www.reddit.com/r/nascar/comments/1uig746/,/u/Timecard100,2026-06-29 02:41:06+00:00,"1. Curtis Turner - Langhorne 1949/1950 

2. Tim Flock - Toledo 1951/1952, Montgomery Speedway 1955

3. Herb Thomas - Macon 1951/1952

4. Lee Petty - Forsyth County Fairgrounds 1955

5. Fireball Roberts - Newport 1956/1957

6. Joe Weatherly - Augusta Speedway 1962

7. Jim Paschal - Tar Heel Speedway 1963

8. Dan Gurney - Riverside 1963-1966

9. Ned Jarrett - Langley - 1964/1965, Cleveland County Fairgrounds 1965

10. Richard Petty - Middle Georgia 1966/1967, Kingsport 1969/1970, Dover 1969/1970, Albany-Saratoga Speedway 70/71 

11. Bobby Allison - Oxford 1966/1967

12. Pete Hamilton - Talladega 1970

13. A.J Foyt - Ontario 1971/1972

14. Kevin Harvick - Chicagoland 2001/2002

15. Jeff Gordon Kansas 2001/2002

16. Jimmie Johnson - Dover 2002

17. Denny Hamlin Pocono 2006

18. SVG Sonoma 2025/2026",2026-06-29
t3_1uj708m,2026 LASTCAR Cup & Xfinity Chase standings (After Sonoma),https://www.reddit.com/r/nascar/comments/1uj708m/,/u/TIFUthebestSubreddit,2026-06-29 22:25:53+00:00,"Cup Series Chase standings (Race 18/26)

1) Cody Ware 655

2) Connor Zilisch 638

3) Cole Custer 543

4) Josh Berry 522

5) Ty Dillon 515

6) Noah Gragson 512

7) Todd Gilliland 477

8) Austin Dillon 436

9) John Hunter Nemechek 423

10) Joey Logano 411

11) Ricky Stenhouse Jr 405

12) Shane van Gisbergen 386

13) Riley Herbst 384

14) Brad Keselowski 383

15) Zane Smith 378

16) Christopher Bell 368

_____________________________________________

17) Michael McDowell 365

18) Ross Chastain 364

19) AJ Allmendinger 363

20) Austin Cindric 359

21) Alex Bowman 352

22) Chase Briscoe 332

23) Erik Jones 318

24) Ryan Preece 310

25) William Byron 301

26) Bubba Wallace 297

27) Kyle Busch 269 (RIP Rowdy 🕊)

28) Daniel Suarez 258

29) Kyle Larson 257

30) Austin Hill 246

31) Chase Elliott 237

32) Ty Gibbs 234

33) Carson Hocevar 232

34) Chris Buescher 219

35) Tyler Reddick 202

36) Ryan Blaney 186

37) Chad Finchum 172

38) Denny Hamlin 152

39) Justin Allgaier 131

40) Timmy Hill 130

41) BJ McLeod 128

42) Corey Heim 107

43) Katherine Legge 92

44) Casey Mears 89

45) JJ Yeley 82

46) Jimmie Johnson 68

47) Daniel Dye 59

48) Anthony Alfredo 49

49) Jesse Love 49

50) Joey Gase 36

51) Josh Bilicki 26

52) Kevin Magnussen 24

53) Corey LaJoie 6

54) Chandler Smith 3

**___________________________**

O'Reilly Chase standings (Race 19/26)

1) Ryan Ellis 613

2) Kyle Sieg 550

3) Joey Gase 528

4) Lavar Scott 513

5) Josh Bilicki 500

6) Patrick Staropoli 483

7) Blaine Perkins 453

8) Harrison Burton 452

9) Dawson Cram 438

10) Austin Green 432

11) Jeb Burton 419

12) Jeremy Clements 402

_____________________________________________

13) Anthony Alfredo 387

14) Dean Thompson 378

15) Mason Maggio 351

16) Garrett Smithley 351

17) Sam Mayer 344

18) Brennan Poole 324

19) William Sawalich 314

20) Ryan Sieg 314

21) Taylor Gray 307

22) Rajah Caruth 294

23) Parker Retzlaff 278

24) Josh Williams 276

25) Nathan Byrd 256

26) Corey Day 254

27) Carson Kvapil 251

28) Nick Sanchez 251

29) Brandon Jones 246

30) Austin Hill 231",2026-06-29
