race_number,race_name,race_date,video_id,video_title,channel,publish_date,view_count,like_count,comment_count,duration,url,features_Progressive,features_Cheddar's Scratch Kitchen,features_Love's Travel Stops,features_Castrol,features_Busch Light
1,2025 Daytona 500,2025-02-16,v-kwi-xD40w,Todd Gilliland Clips For Edits All Years By smithdoit,NSCP by smithdoit  (ScenePacks),2025-11-01T21:49:13Z,188,11,2,PT5M50S,https://youtube.com/watch?v=v-kwi-xD40w,False,False,True,False,False
1,2025 Daytona 500,2025-02-16,jwrAEeikBt0,How Do NASCAR Drivers Pee? | Todd Gilliland Reveals All,Rated Red,2025-02-12T20:08:32Z,3904,130,12,PT9M13S,https://youtube.com/watch?v=jwrAEeikBt0,False,False,True,False,False
1,2025 Daytona 500,2025-02-16,rKBDulrtVGQ,Countdown to Daytona: Todd Gilliland,FOX8 WGHP,2025-02-12T19:42:23Z,182,2,0,PT8M37S,https://youtube.com/watch?v=rKBDulrtVGQ,False,False,True,False,False
1,2025 Daytona 500,2025-02-16,1VkIwkAEqPg,Ryan Preece on Having the Best Car at the End; Todd Gilliland &amp; Josh Berry Have Great Runs,Frontstretch,2025-10-26T23:00:00Z,3318,54,3,PT4M39S,https://youtube.com/watch?v=1VkIwkAEqPg,False,False,True,False,False
1,2025 Daytona 500,2025-02-16,BgTJtLE_M-M,"Todd Gilliland on qualifying at Darlington, being a leader at Front Row and his Ray Fox throwback",Nikolai P. Culp,2025-04-05T19:08:56Z,99,7,0,PT4M21S,https://youtube.com/watch?v=BgTJtLE_M-M,False,False,True,False,False
1,2025 Daytona 500,2025-02-16,-FiLN6JeJDw,Todd Gilliland 2025 Loves Diecast Review ,Halo Radiance,2025-12-17T13:04:17Z,43,1,0,PT4M45S,https://youtube.com/watch?v=-FiLN6JeJDw,False,False,True,False,False
1,2025 Daytona 500,2025-02-16,Fa2FiWKiiBc,"Todd Gilliland Talks Changes at Front Row, McDowell&#39;s Departure, New Teammates, and More!",Eric Estepp,2025-05-22T16:27:59Z,17254,1085,46,PT8M43S,https://youtube.com/watch?v=Fa2FiWKiiBc,False,False,True,False,False
1,2025 Daytona 500,2025-02-16,ZVQo5SYURG0,2025 TODD GILLILAND LOVE&#39;S FORD MUSTANG DIECASTBUFFET NASCAR DIECAST REVIEW 1/64,Diecastbuffet,2026-01-20T21:03:33Z,218,13,8,PT8M30S,https://youtube.com/watch?v=ZVQo5SYURG0,False,False,True,False,False
1,2025 Daytona 500,2025-02-16,Q2clHIifaNk,NASCAR 25 - #34 Todd Gilliland (Ford) - Gameplay (PS5 UHD) [4K60FPS],Throneful,2025-10-30T19:00:29Z,648,18,0,PT17M38S,https://youtube.com/watch?v=Q2clHIifaNk,False,False,True,False,False
1,2025 Daytona 500,2025-02-16,YRqNFLkuh9Q,Todd Gilliland Crew Chief Chris Lawson on motivating a team in a tough season and what&#39;s next,Sky View Sports Roy J. Akers,2025-07-26T18:42:07Z,68,0,0,PT5M38S,https://youtube.com/watch?v=YRqNFLkuh9Q,False,False,True,False,False
1,2025 Daytona 500,2025-02-16,Hgz5ZskUe68,Austin Hill &amp; Richard Childress Remember Kyle Busch After San Diego Win | NASCAR,NASCAR,2026-06-21T02:56:52Z,35090,668,65,PT5M45S,https://youtube.com/watch?v=Hgz5ZskUe68,False,True,False,False,False
1,2025 Daytona 500,2025-02-16,-ZSfV1hsFEk,Every Austin Hill win in 2025,Nascar24,2025-12-06T21:00:00Z,193,7,0,PT7M35S,https://youtube.com/watch?v=-ZSfV1hsFEk,False,False,False,False,False
1,2025 Daytona 500,2025-02-16,X7qxa43I8Bc,The Austin Hill Experience | Why Fans Are Fed Up,The Iceberg,2025-08-11T19:34:01Z,44839,1454,572,PT9M9S,https://youtube.com/watch?v=X7qxa43I8Bc,False,False,False,False,False
1,2025 Daytona 500,2025-02-16,hOJko4r9OLc,Austin Hill Triggers Another Huge Crash | Zilisch Clashes With SVG | REACTION,Eric Estepp,2025-08-10T00:48:45Z,98737,3955,1193,PT16M26S,https://youtube.com/watch?v=hOJko4r9OLc,False,False,False,False,False
1,2025 Daytona 500,2025-02-16,21ERvrZOsIE,Austin Hill Wins Stage 1 - 2025 NASCAR Xfinity Series United Rentals 250 at Talladega ,Big Willy at the Track ,2025-12-22T14:00:04Z,27,0,0,PT4M36S,https://youtube.com/watch?v=21ERvrZOsIE,False,False,False,False,False
1,2025 Daytona 500,2025-02-16,szQF_RtjpI8,RCR Keeps Embarrassing Themselves | Austin Hill Wrecks Aric Almirola REACTION,Eric Estepp,2025-07-27T06:25:16Z,114500,4466,998,PT13M,https://youtube.com/watch?v=szQF_RtjpI8,False,False,False,False,False
1,2025 Daytona 500,2025-02-16,PiOELqviAzU,This. Is. Embarrassing. - Part 2 - Austin Hill Edition,Jesse King,2025-07-29T15:52:02Z,23835,708,204,PT7M32S,https://youtube.com/watch?v=PiOELqviAzU,False,False,False,False,False
1,2025 Daytona 500,2025-02-16,5yuTjIT2Fuk,Dale Earnhardt Jr. Just Said the UNTHINKABLE About Austin Hill!,NASCAR TODAY,2025-10-24T16:00:13Z,1290,10,3,PT9M41S,https://youtube.com/watch?v=5yuTjIT2Fuk,False,False,False,False,False
1,2025 Daytona 500,2025-02-16,tZHbVBdv1bM,NASCAR in PANIC! Shane van Gisbergen LASHES OUT at Austin Hill After BIG ONE Involving 11 Cars,NASCAR Nation Report,2026-06-22T01:10:05Z,4788,129,21,PT9M59S,https://youtube.com/watch?v=tZHbVBdv1bM,False,False,False,False,False
1,2025 Daytona 500,2025-02-16,qUK_F0SHBhQ,&#39;Daytona has been so good to me&#39; – Austin Hill on his fourth win in five years 😮‍💨 NASCAR on FOX,NASCAR on FOX,2026-02-15T02:10:57Z,6110,94,11,PT7M42S,https://youtube.com/watch?v=qUK_F0SHBhQ,False,False,False,False,False
1,2025 Daytona 500,2025-02-16,-wS-Co9IJ4A,Last Laps: A Heavyweight Fight in Vegas | 2025 NASCAR Cup Series,NASCAR,2025-10-13T00:50:29Z,80381,675,67,PT7M49S,https://youtube.com/watch?v=-wS-Co9IJ4A,False,False,False,False,False
1,2025 Daytona 500,2025-02-16,P3vUj_OERyQ,An Unbelievable End to the 2025 NASCAR Cup Series Season | Final Laps at Phoenix,NASCAR,2025-11-03T00:22:30Z,193452,1899,582,PT6M27S,https://youtube.com/watch?v=P3vUj_OERyQ,False,False,False,False,False
1,2025 Daytona 500,2025-02-16,HomWvKNSSRA,So Close Again: Denny Hamlin Reacts to Another Championship Miss | 2025 NASCAR Cup Series,NASCAR,2025-11-03T01:08:56Z,53500,657,282,PT5M28S,https://youtube.com/watch?v=HomWvKNSSRA,True,False,False,False,False
1,2025 Daytona 500,2025-02-16,wYcSuMaHC-k,Missing Rings: Denny Hamlin 2025,The Iceberg,2025-11-05T23:21:21Z,18343,798,296,PT11M,https://youtube.com/watch?v=wYcSuMaHC-k,True,False,False,False,False
1,2025 Daytona 500,2025-02-16,5b5Qt3VAZrU,2025 NASCAR Cup Series Championship Reaction. THE HEARTBREAK OF ALL-TIME,FireBall Hamlin,2025-11-03T01:11:21Z,12226,275,315,PT17M44S,https://youtube.com/watch?v=5b5Qt3VAZrU,False,False,False,False,False
1,2025 Daytona 500,2025-02-16,xL5wsAdIWyo,The Final Battle: Hamlin vs. Larson for the Championship | NASCAR,NASCAR,2025-11-03T19:46:49Z,43879,940,104,PT5M46S,https://youtube.com/watch?v=xL5wsAdIWyo,True,False,False,False,False
1,2025 Daytona 500,2025-02-16,3LE2_qaU5kg,Denny Hamlin&#39;s Emotional Reaction to 60th Career Win | 2025 NASCAR Cup Series at Las Vegas,NASCAR,2025-10-13T01:20:00Z,56334,1080,145,PT6M45S,https://youtube.com/watch?v=3LE2_qaU5kg,True,False,False,False,False
1,2025 Daytona 500,2025-02-16,LPyxcH8aTgs,Hard Feelings in the Heartland | 2025 NASCAR Radioactive from Kansas,NASCAR,2025-09-30T21:46:58Z,74130,1479,89,PT6M33S,https://youtube.com/watch?v=LPyxcH8aTgs,False,False,False,False,False
1,2025 Daytona 500,2025-02-16,kykqdL18-OU,Every Denny Hamlin win in 2025,Nascar24,2025-11-16T21:00:52Z,585,13,0,PT7M,https://youtube.com/watch?v=kykqdL18-OU,True,False,False,False,False
1,2025 Daytona 500,2025-02-16,I6eNsDcjol8,2025 NASCAR Cup Series South Point 400 at Las Vegas Recation. DENNY HITS THE JACKPOT!,FireBall Hamlin,2025-10-13T02:05:27Z,2460,110,47,PT10M28S,https://youtube.com/watch?v=I6eNsDcjol8,False,False,False,False,False
1,2025 Daytona 500,2025-02-16,1fYXEvm3to0,Playoff Heartbreak at the Finish | 2025 NASCAR Radioactive from Charlotte,NASCAR,2025-10-07T22:00:04Z,33496,744,51,PT6M2S,https://youtube.com/watch?v=1fYXEvm3to0,False,False,False,False,False
1,2025 Daytona 500,2025-02-16,TipP_iG0c74,Ross Chastain Answers the Internet | NASCAR,NASCAR,2025-12-30T21:00:41Z,26260,1310,74,PT5M21S,https://youtube.com/watch?v=TipP_iG0c74,False,False,False,False,True
1,2025 Daytona 500,2025-02-16,5DH4F0tdewY,CHASTAIN WINNING INTERVIEW + BYRON POST RACE INTERVIEW - 2025 COCACOLA 600 - 2025 NASCAR CUP SERIES,SportsNewsCentral,2025-06-27T18:45:06Z,238,0,0,PT5M49S,https://youtube.com/watch?v=5DH4F0tdewY,False,False,False,False,True
1,2025 Daytona 500,2025-02-16,b49PzC9kVtY,BACKWARD FINISH Decides Final Playoff Spot | 2025 NASCAR Cup Series at Charlotte,NASCAR,2025-10-05T23:13:10Z,54550,332,48,PT8M17S,https://youtube.com/watch?v=b49PzC9kVtY,False,False,False,False,False
1,2025 Daytona 500,2025-02-16,1hUYa4asnOs,Dale Earnhardt Jr. Just DESTROYED Ross Chastain on Live TV!,NASCAR TODAY,2025-07-09T20:00:02Z,30755,146,30,PT13M13S,https://youtube.com/watch?v=1hUYa4asnOs,False,False,False,False,True
1,2025 Daytona 500,2025-02-16,TqYY4tZXfIE,Why Ross Chastain’s Approach Could Influence the Next Generation,NASCAR TODAY,2025-11-10T18:15:05Z,2081,22,0,PT8M4S,https://youtube.com/watch?v=TqYY4tZXfIE,False,False,False,False,True
1,2025 Daytona 500,2025-02-16,HI2XOFCFWIA,From the Back to Victory Lane: Ross Chastain’s Wild Drive | 2025 NASCAR Coca-Cola 600,NASCAR,2025-05-26T04:55:59Z,44478,706,72,PT8M41S,https://youtube.com/watch?v=HI2XOFCFWIA,False,False,False,False,True
1,2025 Daytona 500,2025-02-16,BV4PsJmXu-Y,Ross Chastain Destroyed by NASCAR After Texas Finish — What the HELL Just Happened?!,NASCAR Insider,2025-05-06T16:00:28Z,4906,46,6,PT6M43S,https://youtube.com/watch?v=BV4PsJmXu-Y,False,False,False,False,True
1,2025 Daytona 500,2025-02-16,NrKCX_9gNYw,Daniel Suárez GOES OFF on Ross Chastain After WILD Vegas Finish!,NASCAR Insider,2026-03-17T16:46:12Z,515,11,7,PT9M52S,https://youtube.com/watch?v=NrKCX_9gNYw,False,False,False,False,True
1,2025 Daytona 500,2025-02-16,Yl08L6Y0y3Y,2025 Coca-Cola 600 | NASCAR Official Extended Highlights,NASCAR,2025-05-26T03:36:47Z,460195,5589,360,PT15M41S,https://youtube.com/watch?v=Yl08L6Y0y3Y,False,False,False,False,False
1,2025 Daytona 500,2025-02-16,YISsxP9tCUM,Reddit Asks Brad Keselowski WILD Questions | NASCAR,NASCAR,2025-08-21T21:00:30Z,79125,3961,168,PT7M16S,https://youtube.com/watch?v=YISsxP9tCUM,False,False,False,True,False
1,2025 Daytona 500,2025-02-16,78NwQZmqxz0,Final Laps: A WILD Bristol Finish | 2025 NASCAR Cup Series,NASCAR,2025-09-14T03:58:50Z,222659,975,130,PT5M12S,https://youtube.com/watch?v=78NwQZmqxz0,False,False,False,False,False
1,2025 Daytona 500,2025-02-16,Hq1V6sDUnGs,Extended Highlights | 2025 NASCAR Cup Series from Iowa,NASCAR,2025-08-04T01:34:16Z,175870,2111,137,PT19M55S,https://youtube.com/watch?v=Hq1V6sDUnGs,False,False,False,False,False
1,2025 Daytona 500,2025-02-16,hKsNXFB_8V4,NASCAR Cup Series 2025: Pennzoil 400 | EXTENDED HIGHLIGHTS | 3/16/25 | Motorsports on NBC,Motorsports on NBC,2025-03-16T23:54:59Z,150191,2662,143,PT16M46S,https://youtube.com/watch?v=hKsNXFB_8V4,False,False,False,False,False
1,2025 Daytona 500,2025-02-16,peOrAd5ipF4,NASCAR Cup Series 2025: EchoPark Automotive GP | EXTENDED HIGHLIGHTS | 3/2/25 | Motorsports on NBC,Motorsports on NBC,2025-03-03T01:01:52Z,109346,1811,140,PT17M15S,https://youtube.com/watch?v=peOrAd5ipF4,False,False,False,False,False
1,2025 Daytona 500,2025-02-16,6xDyB0-uLpY,NASCAR Cup Series 2025: Cook Out 400 | EXTENDED HIGHLIGHTS | 3/30/25 | Motorsports on NBC,Motorsports on NBC,2025-03-30T23:01:09Z,110539,1968,115,PT16M27S,https://youtube.com/watch?v=6xDyB0-uLpY,False,False,False,False,False
1,2025 Daytona 500,2025-02-16,50X_h1q0LXI,Gateway Turns Up the Playoff Heat | 2025 NASCAR Cup Series Extended Highlights,NASCAR,2025-09-07T23:02:36Z,243284,3618,240,PT18M,https://youtube.com/watch?v=50X_h1q0LXI,False,False,False,False,False
1,2025 Daytona 500,2025-02-16,83kRqoa7uHY,Brad Keselowski Injury | Jimmie Johnson Seeking Daytona History | Top 50 Drivers of 2025 Reaction,Eric Estepp,2025-12-22T15:40:01Z,52846,2821,267,PT13M6S,https://youtube.com/watch?v=83kRqoa7uHY,False,False,False,True,False
1,2025 Daytona 500,2025-02-16,JpRqXvWF63I,NASCAR Cup Series 2025: All-Star Race | EXTENDED HIGHLIGHTS | 5/18/25 | Motorsports on NBC,Motorsports on NBC,2025-05-19T02:48:07Z,107467,1826,148,PT16M22S,https://youtube.com/watch?v=JpRqXvWF63I,False,False,False,False,False
1,2025 Daytona 500,2025-02-16,Le_y1ap2Ct8,&#39;The car drives like s**t&#39; | NASCAR RADIOACTIVE from the 2025 All-Star Race,NASCAR,2025-05-20T21:43:50Z,35032,816,64,PT6M6S,https://youtube.com/watch?v=Le_y1ap2Ct8,False,False,False,False,False
2,2025 Ambetter Health 400,2025-02-23,v-kwi-xD40w,Todd Gilliland Clips For Edits All Years By smithdoit,NSCP by smithdoit  (ScenePacks),2025-11-01T21:49:13Z,188,11,2,PT5M50S,https://youtube.com/watch?v=v-kwi-xD40w,False,False,True,False,False
2,2025 Ambetter Health 400,2025-02-23,rKBDulrtVGQ,Countdown to Daytona: Todd Gilliland,FOX8 WGHP,2025-02-12T19:42:23Z,182,2,0,PT8M37S,https://youtube.com/watch?v=rKBDulrtVGQ,False,False,True,False,False
2,2025 Ambetter Health 400,2025-02-23,jwrAEeikBt0,How Do NASCAR Drivers Pee? | Todd Gilliland Reveals All,Rated Red,2025-02-12T20:08:32Z,3904,130,12,PT9M13S,https://youtube.com/watch?v=jwrAEeikBt0,False,False,True,False,False
2,2025 Ambetter Health 400,2025-02-23,1VkIwkAEqPg,Ryan Preece on Having the Best Car at the End; Todd Gilliland &amp; Josh Berry Have Great Runs,Frontstretch,2025-10-26T23:00:00Z,3318,54,3,PT4M39S,https://youtube.com/watch?v=1VkIwkAEqPg,False,False,True,False,False
2,2025 Ambetter Health 400,2025-02-23,BgTJtLE_M-M,"Todd Gilliland on qualifying at Darlington, being a leader at Front Row and his Ray Fox throwback",Nikolai P. Culp,2025-04-05T19:08:56Z,99,7,0,PT4M21S,https://youtube.com/watch?v=BgTJtLE_M-M,False,False,True,False,False
2,2025 Ambetter Health 400,2025-02-23,-FiLN6JeJDw,Todd Gilliland 2025 Loves Diecast Review ,Halo Radiance,2025-12-17T13:04:17Z,43,1,0,PT4M45S,https://youtube.com/watch?v=-FiLN6JeJDw,False,False,True,False,False
2,2025 Ambetter Health 400,2025-02-23,Fa2FiWKiiBc,"Todd Gilliland Talks Changes at Front Row, McDowell&#39;s Departure, New Teammates, and More!",Eric Estepp,2025-05-22T16:27:59Z,17254,1085,46,PT8M43S,https://youtube.com/watch?v=Fa2FiWKiiBc,False,False,True,False,False
2,2025 Ambetter Health 400,2025-02-23,ZVQo5SYURG0,2025 TODD GILLILAND LOVE&#39;S FORD MUSTANG DIECASTBUFFET NASCAR DIECAST REVIEW 1/64,Diecastbuffet,2026-01-20T21:03:33Z,218,13,8,PT8M30S,https://youtube.com/watch?v=ZVQo5SYURG0,False,False,True,False,False
2,2025 Ambetter Health 400,2025-02-23,Q2clHIifaNk,NASCAR 25 - #34 Todd Gilliland (Ford) - Gameplay (PS5 UHD) [4K60FPS],Throneful,2025-10-30T19:00:29Z,648,18,0,PT17M38S,https://youtube.com/watch?v=Q2clHIifaNk,False,False,True,False,False
2,2025 Ambetter Health 400,2025-02-23,YRqNFLkuh9Q,Todd Gilliland Crew Chief Chris Lawson on motivating a team in a tough season and what&#39;s next,Sky View Sports Roy J. Akers,2025-07-26T18:42:07Z,68,0,0,PT5M38S,https://youtube.com/watch?v=YRqNFLkuh9Q,False,False,True,False,False
2,2025 Ambetter Health 400,2025-02-23,Hgz5ZskUe68,Austin Hill &amp; Richard Childress Remember Kyle Busch After San Diego Win | NASCAR,NASCAR,2026-06-21T02:56:52Z,35090,668,65,PT5M45S,https://youtube.com/watch?v=Hgz5ZskUe68,False,True,False,False,False
2,2025 Ambetter Health 400,2025-02-23,-ZSfV1hsFEk,Every Austin Hill win in 2025,Nascar24,2025-12-06T21:00:00Z,193,7,0,PT7M35S,https://youtube.com/watch?v=-ZSfV1hsFEk,False,False,False,False,False
2,2025 Ambetter Health 400,2025-02-23,X7qxa43I8Bc,The Austin Hill Experience | Why Fans Are Fed Up,The Iceberg,2025-08-11T19:34:01Z,44839,1454,572,PT9M9S,https://youtube.com/watch?v=X7qxa43I8Bc,False,False,False,False,False
2,2025 Ambetter Health 400,2025-02-23,szQF_RtjpI8,RCR Keeps Embarrassing Themselves | Austin Hill Wrecks Aric Almirola REACTION,Eric Estepp,2025-07-27T06:25:16Z,114500,4466,998,PT13M,https://youtube.com/watch?v=szQF_RtjpI8,False,False,False,False,False
2,2025 Ambetter Health 400,2025-02-23,qUK_F0SHBhQ,&#39;Daytona has been so good to me&#39; – Austin Hill on his fourth win in five years 😮‍💨 NASCAR on FOX,NASCAR on FOX,2026-02-15T02:10:57Z,6110,94,11,PT7M42S,https://youtube.com/watch?v=qUK_F0SHBhQ,False,False,False,False,False
2,2025 Ambetter Health 400,2025-02-23,5yuTjIT2Fuk,Dale Earnhardt Jr. Just Said the UNTHINKABLE About Austin Hill!,NASCAR TODAY,2025-10-24T16:00:13Z,1290,10,3,PT9M41S,https://youtube.com/watch?v=5yuTjIT2Fuk,False,False,False,False,False
2,2025 Ambetter Health 400,2025-02-23,HAZbzV-TYhM,Austin Hill &amp; Jeb Burton post-race interviews from Talladega Superspeedway | NASCAR on FOX,NASCAR on FOX,2025-04-26T23:26:05Z,6621,75,26,PT4M41S,https://youtube.com/watch?v=HAZbzV-TYhM,False,False,False,False,False
2,2025 Ambetter Health 400,2025-02-23,tZHbVBdv1bM,NASCAR in PANIC! Shane van Gisbergen LASHES OUT at Austin Hill After BIG ONE Involving 11 Cars,NASCAR Nation Report,2026-06-22T01:10:05Z,4788,129,21,PT9M59S,https://youtube.com/watch?v=tZHbVBdv1bM,False,False,False,False,False
2,2025 Ambetter Health 400,2025-02-23,hOJko4r9OLc,Austin Hill Triggers Another Huge Crash | Zilisch Clashes With SVG | REACTION,Eric Estepp,2025-08-10T00:48:45Z,98737,3955,1193,PT16M26S,https://youtube.com/watch?v=hOJko4r9OLc,False,False,False,False,False
2,2025 Ambetter Health 400,2025-02-23,PiOELqviAzU,This. Is. Embarrassing. - Part 2 - Austin Hill Edition,Jesse King,2025-07-29T15:52:02Z,23835,708,204,PT7M32S,https://youtube.com/watch?v=PiOELqviAzU,False,False,False,False,False
2,2025 Ambetter Health 400,2025-02-23,-wS-Co9IJ4A,Last Laps: A Heavyweight Fight in Vegas | 2025 NASCAR Cup Series,NASCAR,2025-10-13T00:50:29Z,80381,675,67,PT7M49S,https://youtube.com/watch?v=-wS-Co9IJ4A,False,False,False,False,False
2,2025 Ambetter Health 400,2025-02-23,P3vUj_OERyQ,An Unbelievable End to the 2025 NASCAR Cup Series Season | Final Laps at Phoenix,NASCAR,2025-11-03T00:22:30Z,193451,1899,582,PT6M27S,https://youtube.com/watch?v=P3vUj_OERyQ,False,False,False,False,False
2,2025 Ambetter Health 400,2025-02-23,HomWvKNSSRA,So Close Again: Denny Hamlin Reacts to Another Championship Miss | 2025 NASCAR Cup Series,NASCAR,2025-11-03T01:08:56Z,53500,657,282,PT5M28S,https://youtube.com/watch?v=HomWvKNSSRA,True,False,False,False,False
2,2025 Ambetter Health 400,2025-02-23,xL5wsAdIWyo,The Final Battle: Hamlin vs. Larson for the Championship | NASCAR,NASCAR,2025-11-03T19:46:49Z,43880,940,104,PT5M46S,https://youtube.com/watch?v=xL5wsAdIWyo,True,False,False,False,False
2,2025 Ambetter Health 400,2025-02-23,3LE2_qaU5kg,Denny Hamlin&#39;s Emotional Reaction to 60th Career Win | 2025 NASCAR Cup Series at Las Vegas,NASCAR,2025-10-13T01:20:00Z,56335,1080,145,PT6M45S,https://youtube.com/watch?v=3LE2_qaU5kg,True,False,False,False,False
2,2025 Ambetter Health 400,2025-02-23,wYcSuMaHC-k,Missing Rings: Denny Hamlin 2025,The Iceberg,2025-11-05T23:21:21Z,18343,798,296,PT11M,https://youtube.com/watch?v=wYcSuMaHC-k,True,False,False,False,False
2,2025 Ambetter Health 400,2025-02-23,PVUfltDPjtY,Hamlin vs. Gibbs: Recap and Reaction from New Hampshire | 2025 NASCAR Cup Series,NASCAR,2025-09-21T22:08:03Z,58298,302,122,PT7M40S,https://youtube.com/watch?v=PVUfltDPjtY,True,False,False,False,False
2,2025 Ambetter Health 400,2025-02-23,l3i3W8QKTsU,WATCH: Denny Hamlin Outduels William Byron at Michigan | 2025 NASCAR FireKeepers Casino 400,NASCAR,2025-06-08T22:19:10Z,16097,224,16,PT8M37S,https://youtube.com/watch?v=l3i3W8QKTsU,True,False,False,False,False
2,2025 Ambetter Health 400,2025-02-23,5b5Qt3VAZrU,2025 NASCAR Cup Series Championship Reaction. THE HEARTBREAK OF ALL-TIME,FireBall Hamlin,2025-11-03T01:11:21Z,12225,275,315,PT17M44S,https://youtube.com/watch?v=5b5Qt3VAZrU,False,False,False,False,False
2,2025 Ambetter Health 400,2025-02-23,kykqdL18-OU,Every Denny Hamlin win in 2025,Nascar24,2025-11-16T21:00:52Z,585,13,0,PT7M,https://youtube.com/watch?v=kykqdL18-OU,True,False,False,False,False
2,2025 Ambetter Health 400,2025-02-23,1fYXEvm3to0,Playoff Heartbreak at the Finish | 2025 NASCAR Radioactive from Charlotte,NASCAR,2025-10-07T22:00:04Z,33496,744,51,PT6M2S,https://youtube.com/watch?v=1fYXEvm3to0,False,False,False,False,False
2,2025 Ambetter Health 400,2025-02-23,TipP_iG0c74,Ross Chastain Answers the Internet | NASCAR,NASCAR,2025-12-30T21:00:41Z,26260,1310,74,PT5M21S,https://youtube.com/watch?v=TipP_iG0c74,False,False,False,False,True
2,2025 Ambetter Health 400,2025-02-23,5DH4F0tdewY,CHASTAIN WINNING INTERVIEW + BYRON POST RACE INTERVIEW - 2025 COCACOLA 600 - 2025 NASCAR CUP SERIES,SportsNewsCentral,2025-06-27T18:45:06Z,238,0,0,PT5M49S,https://youtube.com/watch?v=5DH4F0tdewY,False,False,False,False,True
2,2025 Ambetter Health 400,2025-02-23,b49PzC9kVtY,BACKWARD FINISH Decides Final Playoff Spot | 2025 NASCAR Cup Series at Charlotte,NASCAR,2025-10-05T23:13:10Z,54550,332,48,PT8M17S,https://youtube.com/watch?v=b49PzC9kVtY,False,False,False,False,False
2,2025 Ambetter Health 400,2025-02-23,1hUYa4asnOs,Dale Earnhardt Jr. Just DESTROYED Ross Chastain on Live TV!,NASCAR TODAY,2025-07-09T20:00:02Z,30755,146,30,PT13M13S,https://youtube.com/watch?v=1hUYa4asnOs,False,False,False,False,True
2,2025 Ambetter Health 400,2025-02-23,TqYY4tZXfIE,Why Ross Chastain’s Approach Could Influence the Next Generation,NASCAR TODAY,2025-11-10T18:15:05Z,2081,22,0,PT8M4S,https://youtube.com/watch?v=TqYY4tZXfIE,False,False,False,False,True
2,2025 Ambetter Health 400,2025-02-23,HI2XOFCFWIA,From the Back to Victory Lane: Ross Chastain’s Wild Drive | 2025 NASCAR Coca-Cola 600,NASCAR,2025-05-26T04:55:59Z,44478,706,72,PT8M41S,https://youtube.com/watch?v=HI2XOFCFWIA,False,False,False,False,True
2,2025 Ambetter Health 400,2025-02-23,BV4PsJmXu-Y,Ross Chastain Destroyed by NASCAR After Texas Finish — What the HELL Just Happened?!,NASCAR Insider,2025-05-06T16:00:28Z,4906,46,6,PT6M43S,https://youtube.com/watch?v=BV4PsJmXu-Y,False,False,False,False,True
2,2025 Ambetter Health 400,2025-02-23,NrKCX_9gNYw,Daniel Suárez GOES OFF on Ross Chastain After WILD Vegas Finish!,NASCAR Insider,2026-03-17T16:46:12Z,515,11,7,PT9M52S,https://youtube.com/watch?v=NrKCX_9gNYw,False,False,False,False,True
2,2025 Ambetter Health 400,2025-02-23,Yl08L6Y0y3Y,2025 Coca-Cola 600 | NASCAR Official Extended Highlights,NASCAR,2025-05-26T03:36:47Z,460195,5589,360,PT15M41S,https://youtube.com/watch?v=Yl08L6Y0y3Y,False,False,False,False,False
2,2025 Ambetter Health 400,2025-02-23,YISsxP9tCUM,Reddit Asks Brad Keselowski WILD Questions | NASCAR,NASCAR,2025-08-21T21:00:30Z,79125,3961,168,PT7M16S,https://youtube.com/watch?v=YISsxP9tCUM,False,False,False,True,False
2,2025 Ambetter Health 400,2025-02-23,78NwQZmqxz0,Final Laps: A WILD Bristol Finish | 2025 NASCAR Cup Series,NASCAR,2025-09-14T03:58:50Z,222659,975,130,PT5M12S,https://youtube.com/watch?v=78NwQZmqxz0,False,False,False,False,False
2,2025 Ambetter Health 400,2025-02-23,Hq1V6sDUnGs,Extended Highlights | 2025 NASCAR Cup Series from Iowa,NASCAR,2025-08-04T01:34:16Z,175871,2111,137,PT19M55S,https://youtube.com/watch?v=Hq1V6sDUnGs,False,False,False,False,False
2,2025 Ambetter Health 400,2025-02-23,peOrAd5ipF4,NASCAR Cup Series 2025: EchoPark Automotive GP | EXTENDED HIGHLIGHTS | 3/2/25 | Motorsports on NBC,Motorsports on NBC,2025-03-03T01:01:52Z,109346,1811,140,PT17M15S,https://youtube.com/watch?v=peOrAd5ipF4,False,False,False,False,False
2,2025 Ambetter Health 400,2025-02-23,6xDyB0-uLpY,NASCAR Cup Series 2025: Cook Out 400 | EXTENDED HIGHLIGHTS | 3/30/25 | Motorsports on NBC,Motorsports on NBC,2025-03-30T23:01:09Z,110539,1968,115,PT16M27S,https://youtube.com/watch?v=6xDyB0-uLpY,False,False,False,False,False
2,2025 Ambetter Health 400,2025-02-23,50X_h1q0LXI,Gateway Turns Up the Playoff Heat | 2025 NASCAR Cup Series Extended Highlights,NASCAR,2025-09-07T23:02:36Z,243284,3618,240,PT18M,https://youtube.com/watch?v=50X_h1q0LXI,False,False,False,False,False
2,2025 Ambetter Health 400,2025-02-23,83kRqoa7uHY,Brad Keselowski Injury | Jimmie Johnson Seeking Daytona History | Top 50 Drivers of 2025 Reaction,Eric Estepp,2025-12-22T15:40:01Z,52846,2821,267,PT13M6S,https://youtube.com/watch?v=83kRqoa7uHY,False,False,False,True,False
2,2025 Ambetter Health 400,2025-02-23,JpRqXvWF63I,NASCAR Cup Series 2025: All-Star Race | EXTENDED HIGHLIGHTS | 5/18/25 | Motorsports on NBC,Motorsports on NBC,2025-05-19T02:48:07Z,107467,1826,148,PT16M22S,https://youtube.com/watch?v=JpRqXvWF63I,False,False,False,False,False
2,2025 Ambetter Health 400,2025-02-23,Le_y1ap2Ct8,&#39;The car drives like s**t&#39; | NASCAR RADIOACTIVE from the 2025 All-Star Race,NASCAR,2025-05-20T21:43:50Z,35032,816,64,PT6M6S,https://youtube.com/watch?v=Le_y1ap2Ct8,False,False,False,False,False
2,2025 Ambetter Health 400,2025-02-23,_COkWlsCzFs,NASCAR Cup Series 2025: Coke Zero Sugar 400 | EXTENDED HIGHLIGHTS | Motorsports on NBC,Motorsports on NBC,2025-08-24T04:26:09Z,178859,2393,159,PT15M15S,https://youtube.com/watch?v=_COkWlsCzFs,False,False,False,False,False
3,2025 EchoPark Automotive Grand Prix,2025-03-02,v-kwi-xD40w,Todd Gilliland Clips For Edits All Years By smithdoit,NSCP by smithdoit  (ScenePacks),2025-11-01T21:49:13Z,188,11,2,PT5M50S,https://youtube.com/watch?v=v-kwi-xD40w,False,False,True,False,False
3,2025 EchoPark Automotive Grand Prix,2025-03-02,jwrAEeikBt0,How Do NASCAR Drivers Pee? | Todd Gilliland Reveals All,Rated Red,2025-02-12T20:08:32Z,3904,130,12,PT9M13S,https://youtube.com/watch?v=jwrAEeikBt0,False,False,True,False,False
3,2025 EchoPark Automotive Grand Prix,2025-03-02,YRqNFLkuh9Q,Todd Gilliland Crew Chief Chris Lawson on motivating a team in a tough season and what&#39;s next,Sky View Sports Roy J. Akers,2025-07-26T18:42:07Z,68,0,0,PT5M38S,https://youtube.com/watch?v=YRqNFLkuh9Q,False,False,True,False,False
3,2025 EchoPark Automotive Grand Prix,2025-03-02,Nk8LdNd_XtM,2025 TODD GILLILAND GRILLO&#39;S FORD MUSTANG DIECASTBUFFET NASCAR DIECAST REVIEW 1/64,Diecastbuffet,2026-05-29T01:42:45Z,188,12,3,PT10M7S,https://youtube.com/watch?v=Nk8LdNd_XtM,False,False,True,False,False
3,2025 EchoPark Automotive Grand Prix,2025-03-02,rKBDulrtVGQ,Countdown to Daytona: Todd Gilliland,FOX8 WGHP,2025-02-12T19:42:23Z,182,2,0,PT8M37S,https://youtube.com/watch?v=rKBDulrtVGQ,False,False,True,False,False
3,2025 EchoPark Automotive Grand Prix,2025-03-02,1VkIwkAEqPg,Ryan Preece on Having the Best Car at the End; Todd Gilliland &amp; Josh Berry Have Great Runs,Frontstretch,2025-10-26T23:00:00Z,3318,54,3,PT4M39S,https://youtube.com/watch?v=1VkIwkAEqPg,False,False,True,False,False
3,2025 EchoPark Automotive Grand Prix,2025-03-02,BgTJtLE_M-M,"Todd Gilliland on qualifying at Darlington, being a leader at Front Row and his Ray Fox throwback",Nikolai P. Culp,2025-04-05T19:08:56Z,99,7,0,PT4M21S,https://youtube.com/watch?v=BgTJtLE_M-M,False,False,True,False,False
3,2025 EchoPark Automotive Grand Prix,2025-03-02,Fa2FiWKiiBc,"Todd Gilliland Talks Changes at Front Row, McDowell&#39;s Departure, New Teammates, and More!",Eric Estepp,2025-05-22T16:27:59Z,17254,1085,46,PT8M43S,https://youtube.com/watch?v=Fa2FiWKiiBc,False,False,True,False,False
3,2025 EchoPark Automotive Grand Prix,2025-03-02,-FiLN6JeJDw,Todd Gilliland 2025 Loves Diecast Review ,Halo Radiance,2025-12-17T13:04:17Z,43,1,0,PT4M45S,https://youtube.com/watch?v=-FiLN6JeJDw,False,False,True,False,False
3,2025 EchoPark Automotive Grand Prix,2025-03-02,ZVQo5SYURG0,2025 TODD GILLILAND LOVE&#39;S FORD MUSTANG DIECASTBUFFET NASCAR DIECAST REVIEW 1/64,Diecastbuffet,2026-01-20T21:03:33Z,218,13,8,PT8M30S,https://youtube.com/watch?v=ZVQo5SYURG0,False,False,True,False,False
3,2025 EchoPark Automotive Grand Prix,2025-03-02,Hgz5ZskUe68,Austin Hill &amp; Richard Childress Remember Kyle Busch After San Diego Win | NASCAR,NASCAR,2026-06-21T02:56:52Z,35090,668,65,PT5M45S,https://youtube.com/watch?v=Hgz5ZskUe68,False,True,False,False,False
3,2025 EchoPark Automotive Grand Prix,2025-03-02,X7qxa43I8Bc,The Austin Hill Experience | Why Fans Are Fed Up,The Iceberg,2025-08-11T19:34:01Z,44839,1454,572,PT9M9S,https://youtube.com/watch?v=X7qxa43I8Bc,False,False,False,False,False
3,2025 EchoPark Automotive Grand Prix,2025-03-02,-ZSfV1hsFEk,Every Austin Hill win in 2025,Nascar24,2025-12-06T21:00:00Z,193,7,0,PT7M35S,https://youtube.com/watch?v=-ZSfV1hsFEk,False,False,False,False,False
3,2025 EchoPark Automotive Grand Prix,2025-03-02,qUK_F0SHBhQ,&#39;Daytona has been so good to me&#39; – Austin Hill on his fourth win in five years 😮‍💨 NASCAR on FOX,NASCAR on FOX,2026-02-15T02:10:57Z,6110,94,11,PT7M42S,https://youtube.com/watch?v=qUK_F0SHBhQ,False,False,False,False,False
3,2025 EchoPark Automotive Grand Prix,2025-03-02,szQF_RtjpI8,RCR Keeps Embarrassing Themselves | Austin Hill Wrecks Aric Almirola REACTION,Eric Estepp,2025-07-27T06:25:16Z,114500,4466,998,PT13M,https://youtube.com/watch?v=szQF_RtjpI8,False,False,False,False,False
3,2025 EchoPark Automotive Grand Prix,2025-03-02,5yuTjIT2Fuk,Dale Earnhardt Jr. Just Said the UNTHINKABLE About Austin Hill!,NASCAR TODAY,2025-10-24T16:00:13Z,1290,10,3,PT9M41S,https://youtube.com/watch?v=5yuTjIT2Fuk,False,False,False,False,False
3,2025 EchoPark Automotive Grand Prix,2025-03-02,HAZbzV-TYhM,Austin Hill &amp; Jeb Burton post-race interviews from Talladega Superspeedway | NASCAR on FOX,NASCAR on FOX,2025-04-26T23:26:05Z,6621,75,26,PT4M41S,https://youtube.com/watch?v=HAZbzV-TYhM,False,False,False,False,False
3,2025 EchoPark Automotive Grand Prix,2025-03-02,hOJko4r9OLc,Austin Hill Triggers Another Huge Crash | Zilisch Clashes With SVG | REACTION,Eric Estepp,2025-08-10T00:48:45Z,98737,3955,1193,PT16M26S,https://youtube.com/watch?v=hOJko4r9OLc,False,False,False,False,False
3,2025 EchoPark Automotive Grand Prix,2025-03-02,PiOELqviAzU,This. Is. Embarrassing. - Part 2 - Austin Hill Edition,Jesse King,2025-07-29T15:52:02Z,23835,708,204,PT7M32S,https://youtube.com/watch?v=PiOELqviAzU,False,False,False,False,False
3,2025 EchoPark Automotive Grand Prix,2025-03-02,X8Vr-alosZQ,Richard Childress BREAKS DOWN While Remembering Kyle Busch after Austin Hill Victory!,NASCAR Central,2026-06-21T18:00:09Z,495,16,0,PT10M15S,https://youtube.com/watch?v=X8Vr-alosZQ,False,True,False,False,False
3,2025 EchoPark Automotive Grand Prix,2025-03-02,-wS-Co9IJ4A,Last Laps: A Heavyweight Fight in Vegas | 2025 NASCAR Cup Series,NASCAR,2025-10-13T00:50:29Z,80381,675,67,PT7M49S,https://youtube.com/watch?v=-wS-Co9IJ4A,False,False,False,False,False
3,2025 EchoPark Automotive Grand Prix,2025-03-02,HomWvKNSSRA,So Close Again: Denny Hamlin Reacts to Another Championship Miss | 2025 NASCAR Cup Series,NASCAR,2025-11-03T01:08:56Z,53500,657,282,PT5M28S,https://youtube.com/watch?v=HomWvKNSSRA,True,False,False,False,False
3,2025 EchoPark Automotive Grand Prix,2025-03-02,P3vUj_OERyQ,An Unbelievable End to the 2025 NASCAR Cup Series Season | Final Laps at Phoenix,NASCAR,2025-11-03T00:22:30Z,193452,1899,582,PT6M27S,https://youtube.com/watch?v=P3vUj_OERyQ,False,False,False,False,False
3,2025 EchoPark Automotive Grand Prix,2025-03-02,xL5wsAdIWyo,The Final Battle: Hamlin vs. Larson for the Championship | NASCAR,NASCAR,2025-11-03T19:46:49Z,43879,940,104,PT5M46S,https://youtube.com/watch?v=xL5wsAdIWyo,True,False,False,False,False
3,2025 EchoPark Automotive Grand Prix,2025-03-02,PVUfltDPjtY,Hamlin vs. Gibbs: Recap and Reaction from New Hampshire | 2025 NASCAR Cup Series,NASCAR,2025-09-21T22:08:03Z,58298,302,122,PT7M40S,https://youtube.com/watch?v=PVUfltDPjtY,True,False,False,False,False
3,2025 EchoPark Automotive Grand Prix,2025-03-02,3LE2_qaU5kg,Denny Hamlin&#39;s Emotional Reaction to 60th Career Win | 2025 NASCAR Cup Series at Las Vegas,NASCAR,2025-10-13T01:20:00Z,56334,1080,145,PT6M45S,https://youtube.com/watch?v=3LE2_qaU5kg,True,False,False,False,False
3,2025 EchoPark Automotive Grand Prix,2025-03-02,wYcSuMaHC-k,Missing Rings: Denny Hamlin 2025,The Iceberg,2025-11-05T23:21:21Z,18343,798,296,PT11M,https://youtube.com/watch?v=wYcSuMaHC-k,True,False,False,False,False
3,2025 EchoPark Automotive Grand Prix,2025-03-02,5b5Qt3VAZrU,2025 NASCAR Cup Series Championship Reaction. THE HEARTBREAK OF ALL-TIME,FireBall Hamlin,2025-11-03T01:11:21Z,12226,275,315,PT17M44S,https://youtube.com/watch?v=5b5Qt3VAZrU,False,False,False,False,False
3,2025 EchoPark Automotive Grand Prix,2025-03-02,kykqdL18-OU,Every Denny Hamlin win in 2025,Nascar24,2025-11-16T21:00:52Z,585,13,0,PT7M,https://youtube.com/watch?v=kykqdL18-OU,True,False,False,False,False
3,2025 EchoPark Automotive Grand Prix,2025-03-02,l3i3W8QKTsU,WATCH: Denny Hamlin Outduels William Byron at Michigan | 2025 NASCAR FireKeepers Casino 400,NASCAR,2025-06-08T22:19:10Z,16097,224,16,PT8M37S,https://youtube.com/watch?v=l3i3W8QKTsU,True,False,False,False,False
3,2025 EchoPark Automotive Grand Prix,2025-03-02,1fYXEvm3to0,Playoff Heartbreak at the Finish | 2025 NASCAR Radioactive from Charlotte,NASCAR,2025-10-07T22:00:04Z,33497,744,51,PT6M2S,https://youtube.com/watch?v=1fYXEvm3to0,False,False,False,False,False
3,2025 EchoPark Automotive Grand Prix,2025-03-02,TipP_iG0c74,Ross Chastain Answers the Internet | NASCAR,NASCAR,2025-12-30T21:00:41Z,26259,1310,74,PT5M21S,https://youtube.com/watch?v=TipP_iG0c74,False,False,False,False,True
3,2025 EchoPark Automotive Grand Prix,2025-03-02,5DH4F0tdewY,CHASTAIN WINNING INTERVIEW + BYRON POST RACE INTERVIEW - 2025 COCACOLA 600 - 2025 NASCAR CUP SERIES,SportsNewsCentral,2025-06-27T18:45:06Z,238,0,0,PT5M49S,https://youtube.com/watch?v=5DH4F0tdewY,False,False,False,False,True
3,2025 EchoPark Automotive Grand Prix,2025-03-02,1hUYa4asnOs,Dale Earnhardt Jr. Just DESTROYED Ross Chastain on Live TV!,NASCAR TODAY,2025-07-09T20:00:02Z,30755,146,30,PT13M13S,https://youtube.com/watch?v=1hUYa4asnOs,False,False,False,False,True
3,2025 EchoPark Automotive Grand Prix,2025-03-02,NrKCX_9gNYw,Daniel Suárez GOES OFF on Ross Chastain After WILD Vegas Finish!,NASCAR Insider,2026-03-17T16:46:12Z,515,11,7,PT9M52S,https://youtube.com/watch?v=NrKCX_9gNYw,False,False,False,False,True
3,2025 EchoPark Automotive Grand Prix,2025-03-02,TqYY4tZXfIE,Why Ross Chastain’s Approach Could Influence the Next Generation,NASCAR TODAY,2025-11-10T18:15:05Z,2081,22,0,PT8M4S,https://youtube.com/watch?v=TqYY4tZXfIE,False,False,False,False,True
3,2025 EchoPark Automotive Grand Prix,2025-03-02,b49PzC9kVtY,BACKWARD FINISH Decides Final Playoff Spot | 2025 NASCAR Cup Series at Charlotte,NASCAR,2025-10-05T23:13:10Z,54548,332,48,PT8M17S,https://youtube.com/watch?v=b49PzC9kVtY,False,False,False,False,False
3,2025 EchoPark Automotive Grand Prix,2025-03-02,BV4PsJmXu-Y,Ross Chastain Destroyed by NASCAR After Texas Finish — What the HELL Just Happened?!,NASCAR Insider,2025-05-06T16:00:28Z,4906,46,6,PT6M43S,https://youtube.com/watch?v=BV4PsJmXu-Y,False,False,False,False,True
3,2025 EchoPark Automotive Grand Prix,2025-03-02,DogYuyhg1F8,NASCAR at Charlotte Motor Speedway May 2025: Ross Chastain post-race,Cup Scene ,2025-05-26T13:07:18Z,1532,47,4,PT12M16S,https://youtube.com/watch?v=DogYuyhg1F8,False,False,False,False,True
3,2025 EchoPark Automotive Grand Prix,2025-03-02,VD-F7NgOAPM,Ross Chastain After His Incredible Comeback Win at Charlotte | NASCAR on Prime | Prime Video,Sports On Prime,2025-05-26T17:20:35Z,60324,1177,181,PT13M3S,https://youtube.com/watch?v=VD-F7NgOAPM,False,False,False,False,True
3,2025 EchoPark Automotive Grand Prix,2025-03-02,YISsxP9tCUM,Reddit Asks Brad Keselowski WILD Questions | NASCAR,NASCAR,2025-08-21T21:00:30Z,79125,3961,168,PT7M16S,https://youtube.com/watch?v=YISsxP9tCUM,False,False,False,True,False
3,2025 EchoPark Automotive Grand Prix,2025-03-02,78NwQZmqxz0,Final Laps: A WILD Bristol Finish | 2025 NASCAR Cup Series,NASCAR,2025-09-14T03:58:50Z,222659,975,130,PT5M12S,https://youtube.com/watch?v=78NwQZmqxz0,False,False,False,False,False
3,2025 EchoPark Automotive Grand Prix,2025-03-02,Hq1V6sDUnGs,Extended Highlights | 2025 NASCAR Cup Series from Iowa,NASCAR,2025-08-04T01:34:16Z,175870,2111,137,PT19M55S,https://youtube.com/watch?v=Hq1V6sDUnGs,False,False,False,False,False
3,2025 EchoPark Automotive Grand Prix,2025-03-02,hKsNXFB_8V4,NASCAR Cup Series 2025: Pennzoil 400 | EXTENDED HIGHLIGHTS | 3/16/25 | Motorsports on NBC,Motorsports on NBC,2025-03-16T23:54:59Z,150191,2662,143,PT16M46S,https://youtube.com/watch?v=hKsNXFB_8V4,False,False,False,False,False
3,2025 EchoPark Automotive Grand Prix,2025-03-02,peOrAd5ipF4,NASCAR Cup Series 2025: EchoPark Automotive GP | EXTENDED HIGHLIGHTS | 3/2/25 | Motorsports on NBC,Motorsports on NBC,2025-03-03T01:01:52Z,109346,1811,140,PT17M15S,https://youtube.com/watch?v=peOrAd5ipF4,False,False,False,False,False
3,2025 EchoPark Automotive Grand Prix,2025-03-02,6xDyB0-uLpY,NASCAR Cup Series 2025: Cook Out 400 | EXTENDED HIGHLIGHTS | 3/30/25 | Motorsports on NBC,Motorsports on NBC,2025-03-30T23:01:09Z,110539,1968,115,PT16M27S,https://youtube.com/watch?v=6xDyB0-uLpY,False,False,False,False,False
3,2025 EchoPark Automotive Grand Prix,2025-03-02,50X_h1q0LXI,Gateway Turns Up the Playoff Heat | 2025 NASCAR Cup Series Extended Highlights,NASCAR,2025-09-07T23:02:36Z,243284,3618,240,PT18M,https://youtube.com/watch?v=50X_h1q0LXI,False,False,False,False,False
3,2025 EchoPark Automotive Grand Prix,2025-03-02,83kRqoa7uHY,Brad Keselowski Injury | Jimmie Johnson Seeking Daytona History | Top 50 Drivers of 2025 Reaction,Eric Estepp,2025-12-22T15:40:01Z,52846,2821,267,PT13M6S,https://youtube.com/watch?v=83kRqoa7uHY,False,False,False,True,False
3,2025 EchoPark Automotive Grand Prix,2025-03-02,JpRqXvWF63I,NASCAR Cup Series 2025: All-Star Race | EXTENDED HIGHLIGHTS | 5/18/25 | Motorsports on NBC,Motorsports on NBC,2025-05-19T02:48:07Z,107467,1826,148,PT16M22S,https://youtube.com/watch?v=JpRqXvWF63I,False,False,False,False,False
3,2025 EchoPark Automotive Grand Prix,2025-03-02,Le_y1ap2Ct8,&#39;The car drives like s**t&#39; | NASCAR RADIOACTIVE from the 2025 All-Star Race,NASCAR,2025-05-20T21:43:50Z,35032,816,64,PT6M6S,https://youtube.com/watch?v=Le_y1ap2Ct8,False,False,False,False,False
4,2025 Shriners Childrens 500,2025-03-09,v-kwi-xD40w,Todd Gilliland Clips For Edits All Years By smithdoit,NSCP by smithdoit  (ScenePacks),2025-11-01T21:49:13Z,188,11,2,PT5M50S,https://youtube.com/watch?v=v-kwi-xD40w,False,False,True,False,False
4,2025 Shriners Childrens 500,2025-03-09,jwrAEeikBt0,How Do NASCAR Drivers Pee? | Todd Gilliland Reveals All,Rated Red,2025-02-12T20:08:32Z,3904,130,12,PT9M13S,https://youtube.com/watch?v=jwrAEeikBt0,False,False,True,False,False
4,2025 Shriners Childrens 500,2025-03-09,rKBDulrtVGQ,Countdown to Daytona: Todd Gilliland,FOX8 WGHP,2025-02-12T19:42:23Z,182,2,0,PT8M37S,https://youtube.com/watch?v=rKBDulrtVGQ,False,False,True,False,False
4,2025 Shriners Childrens 500,2025-03-09,1VkIwkAEqPg,Ryan Preece on Having the Best Car at the End; Todd Gilliland &amp; Josh Berry Have Great Runs,Frontstretch,2025-10-26T23:00:00Z,3318,54,3,PT4M39S,https://youtube.com/watch?v=1VkIwkAEqPg,False,False,True,False,False
4,2025 Shriners Childrens 500,2025-03-09,BgTJtLE_M-M,"Todd Gilliland on qualifying at Darlington, being a leader at Front Row and his Ray Fox throwback",Nikolai P. Culp,2025-04-05T19:08:56Z,99,7,0,PT4M21S,https://youtube.com/watch?v=BgTJtLE_M-M,False,False,True,False,False
4,2025 Shriners Childrens 500,2025-03-09,-FiLN6JeJDw,Todd Gilliland 2025 Loves Diecast Review ,Halo Radiance,2025-12-17T13:04:17Z,43,1,0,PT4M45S,https://youtube.com/watch?v=-FiLN6JeJDw,False,False,True,False,False
4,2025 Shriners Childrens 500,2025-03-09,Fa2FiWKiiBc,"Todd Gilliland Talks Changes at Front Row, McDowell&#39;s Departure, New Teammates, and More!",Eric Estepp,2025-05-22T16:27:59Z,17254,1085,46,PT8M43S,https://youtube.com/watch?v=Fa2FiWKiiBc,False,False,True,False,False
4,2025 Shriners Childrens 500,2025-03-09,ZVQo5SYURG0,2025 TODD GILLILAND LOVE&#39;S FORD MUSTANG DIECASTBUFFET NASCAR DIECAST REVIEW 1/64,Diecastbuffet,2026-01-20T21:03:33Z,218,13,8,PT8M30S,https://youtube.com/watch?v=ZVQo5SYURG0,False,False,True,False,False
4,2025 Shriners Childrens 500,2025-03-09,Q2clHIifaNk,NASCAR 25 - #34 Todd Gilliland (Ford) - Gameplay (PS5 UHD) [4K60FPS],Throneful,2025-10-30T19:00:29Z,648,18,0,PT17M38S,https://youtube.com/watch?v=Q2clHIifaNk,False,False,True,False,False
4,2025 Shriners Childrens 500,2025-03-09,YRqNFLkuh9Q,Todd Gilliland Crew Chief Chris Lawson on motivating a team in a tough season and what&#39;s next,Sky View Sports Roy J. Akers,2025-07-26T18:42:07Z,68,0,0,PT5M38S,https://youtube.com/watch?v=YRqNFLkuh9Q,False,False,True,False,False
4,2025 Shriners Childrens 500,2025-03-09,Hgz5ZskUe68,Austin Hill &amp; Richard Childress Remember Kyle Busch After San Diego Win | NASCAR,NASCAR,2026-06-21T02:56:52Z,35090,668,65,PT5M45S,https://youtube.com/watch?v=Hgz5ZskUe68,False,True,False,False,False
4,2025 Shriners Childrens 500,2025-03-09,X7qxa43I8Bc,The Austin Hill Experience | Why Fans Are Fed Up,The Iceberg,2025-08-11T19:34:01Z,44839,1454,572,PT9M9S,https://youtube.com/watch?v=X7qxa43I8Bc,False,False,False,False,False
4,2025 Shriners Childrens 500,2025-03-09,-ZSfV1hsFEk,Every Austin Hill win in 2025,Nascar24,2025-12-06T21:00:00Z,193,7,0,PT7M35S,https://youtube.com/watch?v=-ZSfV1hsFEk,False,False,False,False,False
4,2025 Shriners Childrens 500,2025-03-09,qUK_F0SHBhQ,&#39;Daytona has been so good to me&#39; – Austin Hill on his fourth win in five years 😮‍💨 NASCAR on FOX,NASCAR on FOX,2026-02-15T02:10:57Z,6110,94,11,PT7M42S,https://youtube.com/watch?v=qUK_F0SHBhQ,False,False,False,False,False
4,2025 Shriners Childrens 500,2025-03-09,szQF_RtjpI8,RCR Keeps Embarrassing Themselves | Austin Hill Wrecks Aric Almirola REACTION,Eric Estepp,2025-07-27T06:25:16Z,114500,4466,998,PT13M,https://youtube.com/watch?v=szQF_RtjpI8,False,False,False,False,False
4,2025 Shriners Childrens 500,2025-03-09,5yuTjIT2Fuk,Dale Earnhardt Jr. Just Said the UNTHINKABLE About Austin Hill!,NASCAR TODAY,2025-10-24T16:00:13Z,1290,10,3,PT9M41S,https://youtube.com/watch?v=5yuTjIT2Fuk,False,False,False,False,False
4,2025 Shriners Childrens 500,2025-03-09,HAZbzV-TYhM,Austin Hill &amp; Jeb Burton post-race interviews from Talladega Superspeedway | NASCAR on FOX,NASCAR on FOX,2025-04-26T23:26:05Z,6621,75,26,PT4M41S,https://youtube.com/watch?v=HAZbzV-TYhM,False,False,False,False,False
4,2025 Shriners Childrens 500,2025-03-09,hOJko4r9OLc,Austin Hill Triggers Another Huge Crash | Zilisch Clashes With SVG | REACTION,Eric Estepp,2025-08-10T00:48:45Z,98737,3955,1193,PT16M26S,https://youtube.com/watch?v=hOJko4r9OLc,False,False,False,False,False
4,2025 Shriners Childrens 500,2025-03-09,PiOELqviAzU,This. Is. Embarrassing. - Part 2 - Austin Hill Edition,Jesse King,2025-07-29T15:52:02Z,23835,708,204,PT7M32S,https://youtube.com/watch?v=PiOELqviAzU,False,False,False,False,False
4,2025 Shriners Childrens 500,2025-03-09,X8Vr-alosZQ,Richard Childress BREAKS DOWN While Remembering Kyle Busch after Austin Hill Victory!,NASCAR Central,2026-06-21T18:00:09Z,495,16,0,PT10M15S,https://youtube.com/watch?v=X8Vr-alosZQ,False,True,False,False,False
4,2025 Shriners Childrens 500,2025-03-09,-wS-Co9IJ4A,Last Laps: A Heavyweight Fight in Vegas | 2025 NASCAR Cup Series,NASCAR,2025-10-13T00:50:29Z,80381,675,67,PT7M49S,https://youtube.com/watch?v=-wS-Co9IJ4A,False,False,False,False,False
4,2025 Shriners Childrens 500,2025-03-09,P3vUj_OERyQ,An Unbelievable End to the 2025 NASCAR Cup Series Season | Final Laps at Phoenix,NASCAR,2025-11-03T00:22:30Z,193452,1899,582,PT6M27S,https://youtube.com/watch?v=P3vUj_OERyQ,False,False,False,False,False
4,2025 Shriners Childrens 500,2025-03-09,HomWvKNSSRA,So Close Again: Denny Hamlin Reacts to Another Championship Miss | 2025 NASCAR Cup Series,NASCAR,2025-11-03T01:08:56Z,53500,657,282,PT5M28S,https://youtube.com/watch?v=HomWvKNSSRA,True,False,False,False,False
4,2025 Shriners Childrens 500,2025-03-09,xL5wsAdIWyo,The Final Battle: Hamlin vs. Larson for the Championship | NASCAR,NASCAR,2025-11-03T19:46:49Z,43879,940,104,PT5M46S,https://youtube.com/watch?v=xL5wsAdIWyo,True,False,False,False,False
4,2025 Shriners Childrens 500,2025-03-09,3LE2_qaU5kg,Denny Hamlin&#39;s Emotional Reaction to 60th Career Win | 2025 NASCAR Cup Series at Las Vegas,NASCAR,2025-10-13T01:20:00Z,56334,1080,145,PT6M45S,https://youtube.com/watch?v=3LE2_qaU5kg,True,False,False,False,False
4,2025 Shriners Childrens 500,2025-03-09,PVUfltDPjtY,Hamlin vs. Gibbs: Recap and Reaction from New Hampshire | 2025 NASCAR Cup Series,NASCAR,2025-09-21T22:08:03Z,58298,302,122,PT7M40S,https://youtube.com/watch?v=PVUfltDPjtY,True,False,False,False,False
4,2025 Shriners Childrens 500,2025-03-09,wYcSuMaHC-k,Missing Rings: Denny Hamlin 2025,The Iceberg,2025-11-05T23:21:21Z,18343,798,296,PT11M,https://youtube.com/watch?v=wYcSuMaHC-k,True,False,False,False,False
4,2025 Shriners Childrens 500,2025-03-09,l3i3W8QKTsU,WATCH: Denny Hamlin Outduels William Byron at Michigan | 2025 NASCAR FireKeepers Casino 400,NASCAR,2025-06-08T22:19:10Z,16097,224,16,PT8M37S,https://youtube.com/watch?v=l3i3W8QKTsU,True,False,False,False,False
4,2025 Shriners Childrens 500,2025-03-09,5b5Qt3VAZrU,2025 NASCAR Cup Series Championship Reaction. THE HEARTBREAK OF ALL-TIME,FireBall Hamlin,2025-11-03T01:11:21Z,12226,275,315,PT17M44S,https://youtube.com/watch?v=5b5Qt3VAZrU,False,False,False,False,False
4,2025 Shriners Childrens 500,2025-03-09,kykqdL18-OU,Every Denny Hamlin win in 2025,Nascar24,2025-11-16T21:00:52Z,585,13,0,PT7M,https://youtube.com/watch?v=kykqdL18-OU,True,False,False,False,False
4,2025 Shriners Childrens 500,2025-03-09,1fYXEvm3to0,Playoff Heartbreak at the Finish | 2025 NASCAR Radioactive from Charlotte,NASCAR,2025-10-07T22:00:04Z,33499,744,51,PT6M2S,https://youtube.com/watch?v=1fYXEvm3to0,False,False,False,False,False
4,2025 Shriners Childrens 500,2025-03-09,TipP_iG0c74,Ross Chastain Answers the Internet | NASCAR,NASCAR,2025-12-30T21:00:41Z,26259,1310,74,PT5M21S,https://youtube.com/watch?v=TipP_iG0c74,False,False,False,False,True
4,2025 Shriners Childrens 500,2025-03-09,5DH4F0tdewY,CHASTAIN WINNING INTERVIEW + BYRON POST RACE INTERVIEW - 2025 COCACOLA 600 - 2025 NASCAR CUP SERIES,SportsNewsCentral,2025-06-27T18:45:06Z,238,0,0,PT5M49S,https://youtube.com/watch?v=5DH4F0tdewY,False,False,False,False,True
4,2025 Shriners Childrens 500,2025-03-09,b49PzC9kVtY,BACKWARD FINISH Decides Final Playoff Spot | 2025 NASCAR Cup Series at Charlotte,NASCAR,2025-10-05T23:13:10Z,54550,332,48,PT8M17S,https://youtube.com/watch?v=b49PzC9kVtY,False,False,False,False,False
4,2025 Shriners Childrens 500,2025-03-09,1hUYa4asnOs,Dale Earnhardt Jr. Just DESTROYED Ross Chastain on Live TV!,NASCAR TODAY,2025-07-09T20:00:02Z,30755,146,30,PT13M13S,https://youtube.com/watch?v=1hUYa4asnOs,False,False,False,False,True
4,2025 Shriners Childrens 500,2025-03-09,TqYY4tZXfIE,Why Ross Chastain’s Approach Could Influence the Next Generation,NASCAR TODAY,2025-11-10T18:15:05Z,2081,22,0,PT8M4S,https://youtube.com/watch?v=TqYY4tZXfIE,False,False,False,False,True
4,2025 Shriners Childrens 500,2025-03-09,HI2XOFCFWIA,From the Back to Victory Lane: Ross Chastain’s Wild Drive | 2025 NASCAR Coca-Cola 600,NASCAR,2025-05-26T04:55:59Z,44478,706,72,PT8M41S,https://youtube.com/watch?v=HI2XOFCFWIA,False,False,False,False,True
4,2025 Shriners Childrens 500,2025-03-09,BV4PsJmXu-Y,Ross Chastain Destroyed by NASCAR After Texas Finish — What the HELL Just Happened?!,NASCAR Insider,2025-05-06T16:00:28Z,4906,46,6,PT6M43S,https://youtube.com/watch?v=BV4PsJmXu-Y,False,False,False,False,True
4,2025 Shriners Childrens 500,2025-03-09,NrKCX_9gNYw,Daniel Suárez GOES OFF on Ross Chastain After WILD Vegas Finish!,NASCAR Insider,2026-03-17T16:46:12Z,515,11,7,PT9M52S,https://youtube.com/watch?v=NrKCX_9gNYw,False,False,False,False,True
4,2025 Shriners Childrens 500,2025-03-09,Yl08L6Y0y3Y,2025 Coca-Cola 600 | NASCAR Official Extended Highlights,NASCAR,2025-05-26T03:36:47Z,460195,5589,360,PT15M41S,https://youtube.com/watch?v=Yl08L6Y0y3Y,False,False,False,False,False
4,2025 Shriners Childrens 500,2025-03-09,YISsxP9tCUM,Reddit Asks Brad Keselowski WILD Questions | NASCAR,NASCAR,2025-08-21T21:00:30Z,79125,3961,168,PT7M16S,https://youtube.com/watch?v=YISsxP9tCUM,False,False,False,True,False
4,2025 Shriners Childrens 500,2025-03-09,78NwQZmqxz0,Final Laps: A WILD Bristol Finish | 2025 NASCAR Cup Series,NASCAR,2025-09-14T03:58:50Z,222659,975,130,PT5M12S,https://youtube.com/watch?v=78NwQZmqxz0,False,False,False,False,False
4,2025 Shriners Childrens 500,2025-03-09,Hq1V6sDUnGs,Extended Highlights | 2025 NASCAR Cup Series from Iowa,NASCAR,2025-08-04T01:34:16Z,175870,2111,137,PT19M55S,https://youtube.com/watch?v=Hq1V6sDUnGs,False,False,False,False,False
4,2025 Shriners Childrens 500,2025-03-09,hKsNXFB_8V4,NASCAR Cup Series 2025: Pennzoil 400 | EXTENDED HIGHLIGHTS | 3/16/25 | Motorsports on NBC,Motorsports on NBC,2025-03-16T23:54:59Z,150191,2662,143,PT16M46S,https://youtube.com/watch?v=hKsNXFB_8V4,False,False,False,False,False
4,2025 Shriners Childrens 500,2025-03-09,peOrAd5ipF4,NASCAR Cup Series 2025: EchoPark Automotive GP | EXTENDED HIGHLIGHTS | 3/2/25 | Motorsports on NBC,Motorsports on NBC,2025-03-03T01:01:52Z,109346,1811,140,PT17M15S,https://youtube.com/watch?v=peOrAd5ipF4,False,False,False,False,False
4,2025 Shriners Childrens 500,2025-03-09,6xDyB0-uLpY,NASCAR Cup Series 2025: Cook Out 400 | EXTENDED HIGHLIGHTS | 3/30/25 | Motorsports on NBC,Motorsports on NBC,2025-03-30T23:01:09Z,110539,1968,115,PT16M27S,https://youtube.com/watch?v=6xDyB0-uLpY,False,False,False,False,False
4,2025 Shriners Childrens 500,2025-03-09,50X_h1q0LXI,Gateway Turns Up the Playoff Heat | 2025 NASCAR Cup Series Extended Highlights,NASCAR,2025-09-07T23:02:36Z,243284,3618,240,PT18M,https://youtube.com/watch?v=50X_h1q0LXI,False,False,False,False,False
4,2025 Shriners Childrens 500,2025-03-09,83kRqoa7uHY,Brad Keselowski Injury | Jimmie Johnson Seeking Daytona History | Top 50 Drivers of 2025 Reaction,Eric Estepp,2025-12-22T15:40:01Z,52846,2821,267,PT13M6S,https://youtube.com/watch?v=83kRqoa7uHY,False,False,False,True,False
4,2025 Shriners Childrens 500,2025-03-09,JpRqXvWF63I,NASCAR Cup Series 2025: All-Star Race | EXTENDED HIGHLIGHTS | 5/18/25 | Motorsports on NBC,Motorsports on NBC,2025-05-19T02:48:07Z,107467,1826,148,PT16M22S,https://youtube.com/watch?v=JpRqXvWF63I,False,False,False,False,False
4,2025 Shriners Childrens 500,2025-03-09,Le_y1ap2Ct8,&#39;The car drives like s**t&#39; | NASCAR RADIOACTIVE from the 2025 All-Star Race,NASCAR,2025-05-20T21:43:50Z,35032,816,64,PT6M6S,https://youtube.com/watch?v=Le_y1ap2Ct8,False,False,False,False,False
5,2025 Pennzoil 400,2025-03-16,rKBDulrtVGQ,Countdown to Daytona: Todd Gilliland,FOX8 WGHP,2025-02-12T19:42:23Z,182,2,0,PT8M37S,https://youtube.com/watch?v=rKBDulrtVGQ,False,False,True,False,False
5,2025 Pennzoil 400,2025-03-16,v-kwi-xD40w,Todd Gilliland Clips For Edits All Years By smithdoit,NSCP by smithdoit  (ScenePacks),2025-11-01T21:49:13Z,188,11,2,PT5M50S,https://youtube.com/watch?v=v-kwi-xD40w,False,False,True,False,False
5,2025 Pennzoil 400,2025-03-16,jwrAEeikBt0,How Do NASCAR Drivers Pee? | Todd Gilliland Reveals All,Rated Red,2025-02-12T20:08:32Z,3904,130,12,PT9M13S,https://youtube.com/watch?v=jwrAEeikBt0,False,False,True,False,False
5,2025 Pennzoil 400,2025-03-16,YRqNFLkuh9Q,Todd Gilliland Crew Chief Chris Lawson on motivating a team in a tough season and what&#39;s next,Sky View Sports Roy J. Akers,2025-07-26T18:42:07Z,68,0,0,PT5M38S,https://youtube.com/watch?v=YRqNFLkuh9Q,False,False,True,False,False
5,2025 Pennzoil 400,2025-03-16,1VkIwkAEqPg,Ryan Preece on Having the Best Car at the End; Todd Gilliland &amp; Josh Berry Have Great Runs,Frontstretch,2025-10-26T23:00:00Z,3318,54,3,PT4M39S,https://youtube.com/watch?v=1VkIwkAEqPg,False,False,True,False,False
5,2025 Pennzoil 400,2025-03-16,Nk8LdNd_XtM,2025 TODD GILLILAND GRILLO&#39;S FORD MUSTANG DIECASTBUFFET NASCAR DIECAST REVIEW 1/64,Diecastbuffet,2026-05-29T01:42:45Z,188,12,3,PT10M7S,https://youtube.com/watch?v=Nk8LdNd_XtM,False,False,True,False,False
5,2025 Pennzoil 400,2025-03-16,Fa2FiWKiiBc,"Todd Gilliland Talks Changes at Front Row, McDowell&#39;s Departure, New Teammates, and More!",Eric Estepp,2025-05-22T16:27:59Z,17254,1085,46,PT8M43S,https://youtube.com/watch?v=Fa2FiWKiiBc,False,False,True,False,False
5,2025 Pennzoil 400,2025-03-16,BgTJtLE_M-M,"Todd Gilliland on qualifying at Darlington, being a leader at Front Row and his Ray Fox throwback",Nikolai P. Culp,2025-04-05T19:08:56Z,99,7,0,PT4M21S,https://youtube.com/watch?v=BgTJtLE_M-M,False,False,True,False,False
5,2025 Pennzoil 400,2025-03-16,bbaZ1Nei-DY,Todd Gilliland &amp; Zane Smith Remain Focused On Racing In Midst of FRM Losing Injunction Lawsuit,Frontstretch,2025-06-07T16:10:37Z,457,14,0,PT5M10S,https://youtube.com/watch?v=bbaZ1Nei-DY,False,False,True,False,False
5,2025 Pennzoil 400,2025-03-16,-FiLN6JeJDw,Todd Gilliland 2025 Loves Diecast Review ,Halo Radiance,2025-12-17T13:04:17Z,43,1,0,PT4M45S,https://youtube.com/watch?v=-FiLN6JeJDw,False,False,True,False,False
5,2025 Pennzoil 400,2025-03-16,Hgz5ZskUe68,Austin Hill &amp; Richard Childress Remember Kyle Busch After San Diego Win | NASCAR,NASCAR,2026-06-21T02:56:52Z,35090,668,65,PT5M45S,https://youtube.com/watch?v=Hgz5ZskUe68,False,True,False,False,False
5,2025 Pennzoil 400,2025-03-16,-ZSfV1hsFEk,Every Austin Hill win in 2025,Nascar24,2025-12-06T21:00:00Z,193,7,0,PT7M35S,https://youtube.com/watch?v=-ZSfV1hsFEk,False,False,False,False,False
5,2025 Pennzoil 400,2025-03-16,X7qxa43I8Bc,The Austin Hill Experience | Why Fans Are Fed Up,The Iceberg,2025-08-11T19:34:01Z,44839,1454,572,PT9M9S,https://youtube.com/watch?v=X7qxa43I8Bc,False,False,False,False,False
5,2025 Pennzoil 400,2025-03-16,szQF_RtjpI8,RCR Keeps Embarrassing Themselves | Austin Hill Wrecks Aric Almirola REACTION,Eric Estepp,2025-07-27T06:25:16Z,114500,4466,998,PT13M,https://youtube.com/watch?v=szQF_RtjpI8,False,False,False,False,False
5,2025 Pennzoil 400,2025-03-16,qUK_F0SHBhQ,&#39;Daytona has been so good to me&#39; – Austin Hill on his fourth win in five years 😮‍💨 NASCAR on FOX,NASCAR on FOX,2026-02-15T02:10:57Z,6110,94,11,PT7M42S,https://youtube.com/watch?v=qUK_F0SHBhQ,False,False,False,False,False
5,2025 Pennzoil 400,2025-03-16,5yuTjIT2Fuk,Dale Earnhardt Jr. Just Said the UNTHINKABLE About Austin Hill!,NASCAR TODAY,2025-10-24T16:00:13Z,1290,10,3,PT9M41S,https://youtube.com/watch?v=5yuTjIT2Fuk,False,False,False,False,False
5,2025 Pennzoil 400,2025-03-16,HAZbzV-TYhM,Austin Hill &amp; Jeb Burton post-race interviews from Talladega Superspeedway | NASCAR on FOX,NASCAR on FOX,2025-04-26T23:26:05Z,6621,75,26,PT4M41S,https://youtube.com/watch?v=HAZbzV-TYhM,False,False,False,False,False
5,2025 Pennzoil 400,2025-03-16,tZHbVBdv1bM,NASCAR in PANIC! Shane van Gisbergen LASHES OUT at Austin Hill After BIG ONE Involving 11 Cars,NASCAR Nation Report,2026-06-22T01:10:05Z,4788,129,21,PT9M59S,https://youtube.com/watch?v=tZHbVBdv1bM,False,False,False,False,False
5,2025 Pennzoil 400,2025-03-16,hOJko4r9OLc,Austin Hill Triggers Another Huge Crash | Zilisch Clashes With SVG | REACTION,Eric Estepp,2025-08-10T00:48:45Z,98737,3955,1193,PT16M26S,https://youtube.com/watch?v=hOJko4r9OLc,False,False,False,False,False
5,2025 Pennzoil 400,2025-03-16,PiOELqviAzU,This. Is. Embarrassing. - Part 2 - Austin Hill Edition,Jesse King,2025-07-29T15:52:02Z,23835,708,204,PT7M32S,https://youtube.com/watch?v=PiOELqviAzU,False,False,False,False,False
5,2025 Pennzoil 400,2025-03-16,-wS-Co9IJ4A,Last Laps: A Heavyweight Fight in Vegas | 2025 NASCAR Cup Series,NASCAR,2025-10-13T00:50:29Z,80381,675,67,PT7M49S,https://youtube.com/watch?v=-wS-Co9IJ4A,False,False,False,False,False
5,2025 Pennzoil 400,2025-03-16,P3vUj_OERyQ,An Unbelievable End to the 2025 NASCAR Cup Series Season | Final Laps at Phoenix,NASCAR,2025-11-03T00:22:30Z,193451,1899,582,PT6M27S,https://youtube.com/watch?v=P3vUj_OERyQ,False,False,False,False,False
5,2025 Pennzoil 400,2025-03-16,HomWvKNSSRA,So Close Again: Denny Hamlin Reacts to Another Championship Miss | 2025 NASCAR Cup Series,NASCAR,2025-11-03T01:08:56Z,53500,657,282,PT5M28S,https://youtube.com/watch?v=HomWvKNSSRA,True,False,False,False,False
5,2025 Pennzoil 400,2025-03-16,xL5wsAdIWyo,The Final Battle: Hamlin vs. Larson for the Championship | NASCAR,NASCAR,2025-11-03T19:46:49Z,43880,940,104,PT5M46S,https://youtube.com/watch?v=xL5wsAdIWyo,True,False,False,False,False
5,2025 Pennzoil 400,2025-03-16,3LE2_qaU5kg,Denny Hamlin&#39;s Emotional Reaction to 60th Career Win | 2025 NASCAR Cup Series at Las Vegas,NASCAR,2025-10-13T01:20:00Z,56335,1080,145,PT6M45S,https://youtube.com/watch?v=3LE2_qaU5kg,True,False,False,False,False
5,2025 Pennzoil 400,2025-03-16,wYcSuMaHC-k,Missing Rings: Denny Hamlin 2025,The Iceberg,2025-11-05T23:21:21Z,18343,798,296,PT11M,https://youtube.com/watch?v=wYcSuMaHC-k,True,False,False,False,False
5,2025 Pennzoil 400,2025-03-16,PVUfltDPjtY,Hamlin vs. Gibbs: Recap and Reaction from New Hampshire | 2025 NASCAR Cup Series,NASCAR,2025-09-21T22:08:03Z,58298,302,122,PT7M40S,https://youtube.com/watch?v=PVUfltDPjtY,True,False,False,False,False
5,2025 Pennzoil 400,2025-03-16,l3i3W8QKTsU,WATCH: Denny Hamlin Outduels William Byron at Michigan | 2025 NASCAR FireKeepers Casino 400,NASCAR,2025-06-08T22:19:10Z,16097,224,16,PT8M37S,https://youtube.com/watch?v=l3i3W8QKTsU,True,False,False,False,False
5,2025 Pennzoil 400,2025-03-16,5b5Qt3VAZrU,2025 NASCAR Cup Series Championship Reaction. THE HEARTBREAK OF ALL-TIME,FireBall Hamlin,2025-11-03T01:11:21Z,12225,275,315,PT17M44S,https://youtube.com/watch?v=5b5Qt3VAZrU,False,False,False,False,False
5,2025 Pennzoil 400,2025-03-16,kykqdL18-OU,Every Denny Hamlin win in 2025,Nascar24,2025-11-16T21:00:52Z,585,13,0,PT7M,https://youtube.com/watch?v=kykqdL18-OU,True,False,False,False,False
5,2025 Pennzoil 400,2025-03-16,1fYXEvm3to0,Playoff Heartbreak at the Finish | 2025 NASCAR Radioactive from Charlotte,NASCAR,2025-10-07T22:00:04Z,33497,744,51,PT6M2S,https://youtube.com/watch?v=1fYXEvm3to0,False,False,False,False,False
5,2025 Pennzoil 400,2025-03-16,TipP_iG0c74,Ross Chastain Answers the Internet | NASCAR,NASCAR,2025-12-30T21:00:41Z,26259,1310,74,PT5M21S,https://youtube.com/watch?v=TipP_iG0c74,False,False,False,False,True
5,2025 Pennzoil 400,2025-03-16,5DH4F0tdewY,CHASTAIN WINNING INTERVIEW + BYRON POST RACE INTERVIEW - 2025 COCACOLA 600 - 2025 NASCAR CUP SERIES,SportsNewsCentral,2025-06-27T18:45:06Z,238,0,0,PT5M49S,https://youtube.com/watch?v=5DH4F0tdewY,False,False,False,False,True
5,2025 Pennzoil 400,2025-03-16,b49PzC9kVtY,BACKWARD FINISH Decides Final Playoff Spot | 2025 NASCAR Cup Series at Charlotte,NASCAR,2025-10-05T23:13:10Z,54548,332,48,PT8M17S,https://youtube.com/watch?v=b49PzC9kVtY,False,False,False,False,False
5,2025 Pennzoil 400,2025-03-16,1hUYa4asnOs,Dale Earnhardt Jr. Just DESTROYED Ross Chastain on Live TV!,NASCAR TODAY,2025-07-09T20:00:02Z,30755,146,30,PT13M13S,https://youtube.com/watch?v=1hUYa4asnOs,False,False,False,False,True
5,2025 Pennzoil 400,2025-03-16,TqYY4tZXfIE,Why Ross Chastain’s Approach Could Influence the Next Generation,NASCAR TODAY,2025-11-10T18:15:05Z,2081,22,0,PT8M4S,https://youtube.com/watch?v=TqYY4tZXfIE,False,False,False,False,True
5,2025 Pennzoil 400,2025-03-16,HI2XOFCFWIA,From the Back to Victory Lane: Ross Chastain’s Wild Drive | 2025 NASCAR Coca-Cola 600,NASCAR,2025-05-26T04:55:59Z,44478,706,72,PT8M41S,https://youtube.com/watch?v=HI2XOFCFWIA,False,False,False,False,True
5,2025 Pennzoil 400,2025-03-16,BV4PsJmXu-Y,Ross Chastain Destroyed by NASCAR After Texas Finish — What the HELL Just Happened?!,NASCAR Insider,2025-05-06T16:00:28Z,4906,46,6,PT6M43S,https://youtube.com/watch?v=BV4PsJmXu-Y,False,False,False,False,True
5,2025 Pennzoil 400,2025-03-16,NrKCX_9gNYw,Daniel Suárez GOES OFF on Ross Chastain After WILD Vegas Finish!,NASCAR Insider,2026-03-17T16:46:12Z,515,11,7,PT9M52S,https://youtube.com/watch?v=NrKCX_9gNYw,False,False,False,False,True
5,2025 Pennzoil 400,2025-03-16,Yl08L6Y0y3Y,2025 Coca-Cola 600 | NASCAR Official Extended Highlights,NASCAR,2025-05-26T03:36:47Z,460194,5589,360,PT15M41S,https://youtube.com/watch?v=Yl08L6Y0y3Y,False,False,False,False,False
5,2025 Pennzoil 400,2025-03-16,YISsxP9tCUM,Reddit Asks Brad Keselowski WILD Questions | NASCAR,NASCAR,2025-08-21T21:00:30Z,79125,3961,168,PT7M16S,https://youtube.com/watch?v=YISsxP9tCUM,False,False,False,True,False
5,2025 Pennzoil 400,2025-03-16,78NwQZmqxz0,Final Laps: A WILD Bristol Finish | 2025 NASCAR Cup Series,NASCAR,2025-09-14T03:58:50Z,222659,975,130,PT5M12S,https://youtube.com/watch?v=78NwQZmqxz0,False,False,False,False,False
5,2025 Pennzoil 400,2025-03-16,Hq1V6sDUnGs,Extended Highlights | 2025 NASCAR Cup Series from Iowa,NASCAR,2025-08-04T01:34:16Z,175870,2111,137,PT19M55S,https://youtube.com/watch?v=Hq1V6sDUnGs,False,False,False,False,False
5,2025 Pennzoil 400,2025-03-16,hKsNXFB_8V4,NASCAR Cup Series 2025: Pennzoil 400 | EXTENDED HIGHLIGHTS | 3/16/25 | Motorsports on NBC,Motorsports on NBC,2025-03-16T23:54:59Z,150191,2662,143,PT16M46S,https://youtube.com/watch?v=hKsNXFB_8V4,False,False,False,False,False
5,2025 Pennzoil 400,2025-03-16,peOrAd5ipF4,NASCAR Cup Series 2025: EchoPark Automotive GP | EXTENDED HIGHLIGHTS | 3/2/25 | Motorsports on NBC,Motorsports on NBC,2025-03-03T01:01:52Z,109346,1811,140,PT17M15S,https://youtube.com/watch?v=peOrAd5ipF4,False,False,False,False,False
5,2025 Pennzoil 400,2025-03-16,6xDyB0-uLpY,NASCAR Cup Series 2025: Cook Out 400 | EXTENDED HIGHLIGHTS | 3/30/25 | Motorsports on NBC,Motorsports on NBC,2025-03-30T23:01:09Z,110539,1968,115,PT16M27S,https://youtube.com/watch?v=6xDyB0-uLpY,False,False,False,False,False
5,2025 Pennzoil 400,2025-03-16,50X_h1q0LXI,Gateway Turns Up the Playoff Heat | 2025 NASCAR Cup Series Extended Highlights,NASCAR,2025-09-07T23:02:36Z,243284,3618,240,PT18M,https://youtube.com/watch?v=50X_h1q0LXI,False,False,False,False,False
5,2025 Pennzoil 400,2025-03-16,83kRqoa7uHY,Brad Keselowski Injury | Jimmie Johnson Seeking Daytona History | Top 50 Drivers of 2025 Reaction,Eric Estepp,2025-12-22T15:40:01Z,52846,2821,267,PT13M6S,https://youtube.com/watch?v=83kRqoa7uHY,False,False,False,True,False
5,2025 Pennzoil 400,2025-03-16,JpRqXvWF63I,NASCAR Cup Series 2025: All-Star Race | EXTENDED HIGHLIGHTS | 5/18/25 | Motorsports on NBC,Motorsports on NBC,2025-05-19T02:48:07Z,107467,1826,148,PT16M22S,https://youtube.com/watch?v=JpRqXvWF63I,False,False,False,False,False
5,2025 Pennzoil 400,2025-03-16,Le_y1ap2Ct8,&#39;The car drives like s**t&#39; | NASCAR RADIOACTIVE from the 2025 All-Star Race,NASCAR,2025-05-20T21:43:50Z,35032,816,64,PT6M6S,https://youtube.com/watch?v=Le_y1ap2Ct8,False,False,False,False,False
6,2025 Straight Talk Wireless 400,2025-03-23,v-kwi-xD40w,Todd Gilliland Clips For Edits All Years By smithdoit,NSCP by smithdoit  (ScenePacks),2025-11-01T21:49:13Z,188,11,2,PT5M50S,https://youtube.com/watch?v=v-kwi-xD40w,False,False,True,False,False
6,2025 Straight Talk Wireless 400,2025-03-23,jwrAEeikBt0,How Do NASCAR Drivers Pee? | Todd Gilliland Reveals All,Rated Red,2025-02-12T20:08:32Z,3904,130,12,PT9M13S,https://youtube.com/watch?v=jwrAEeikBt0,False,False,True,False,False
6,2025 Straight Talk Wireless 400,2025-03-23,rKBDulrtVGQ,Countdown to Daytona: Todd Gilliland,FOX8 WGHP,2025-02-12T19:42:23Z,182,2,0,PT8M37S,https://youtube.com/watch?v=rKBDulrtVGQ,False,False,True,False,False
6,2025 Straight Talk Wireless 400,2025-03-23,1VkIwkAEqPg,Ryan Preece on Having the Best Car at the End; Todd Gilliland &amp; Josh Berry Have Great Runs,Frontstretch,2025-10-26T23:00:00Z,3318,54,3,PT4M39S,https://youtube.com/watch?v=1VkIwkAEqPg,False,False,True,False,False
6,2025 Straight Talk Wireless 400,2025-03-23,BgTJtLE_M-M,"Todd Gilliland on qualifying at Darlington, being a leader at Front Row and his Ray Fox throwback",Nikolai P. Culp,2025-04-05T19:08:56Z,99,7,0,PT4M21S,https://youtube.com/watch?v=BgTJtLE_M-M,False,False,True,False,False
6,2025 Straight Talk Wireless 400,2025-03-23,-FiLN6JeJDw,Todd Gilliland 2025 Loves Diecast Review ,Halo Radiance,2025-12-17T13:04:17Z,43,1,0,PT4M45S,https://youtube.com/watch?v=-FiLN6JeJDw,False,False,True,False,False
6,2025 Straight Talk Wireless 400,2025-03-23,Fa2FiWKiiBc,"Todd Gilliland Talks Changes at Front Row, McDowell&#39;s Departure, New Teammates, and More!",Eric Estepp,2025-05-22T16:27:59Z,17254,1085,46,PT8M43S,https://youtube.com/watch?v=Fa2FiWKiiBc,False,False,True,False,False
6,2025 Straight Talk Wireless 400,2025-03-23,ZVQo5SYURG0,2025 TODD GILLILAND LOVE&#39;S FORD MUSTANG DIECASTBUFFET NASCAR DIECAST REVIEW 1/64,Diecastbuffet,2026-01-20T21:03:33Z,218,13,8,PT8M30S,https://youtube.com/watch?v=ZVQo5SYURG0,False,False,True,False,False
6,2025 Straight Talk Wireless 400,2025-03-23,Q2clHIifaNk,NASCAR 25 - #34 Todd Gilliland (Ford) - Gameplay (PS5 UHD) [4K60FPS],Throneful,2025-10-30T19:00:29Z,648,18,0,PT17M38S,https://youtube.com/watch?v=Q2clHIifaNk,False,False,True,False,False
6,2025 Straight Talk Wireless 400,2025-03-23,YRqNFLkuh9Q,Todd Gilliland Crew Chief Chris Lawson on motivating a team in a tough season and what&#39;s next,Sky View Sports Roy J. Akers,2025-07-26T18:42:07Z,68,0,0,PT5M38S,https://youtube.com/watch?v=YRqNFLkuh9Q,False,False,True,False,False
6,2025 Straight Talk Wireless 400,2025-03-23,Hgz5ZskUe68,Austin Hill &amp; Richard Childress Remember Kyle Busch After San Diego Win | NASCAR,NASCAR,2026-06-21T02:56:52Z,35090,668,65,PT5M45S,https://youtube.com/watch?v=Hgz5ZskUe68,False,True,False,False,False
6,2025 Straight Talk Wireless 400,2025-03-23,X7qxa43I8Bc,The Austin Hill Experience | Why Fans Are Fed Up,The Iceberg,2025-08-11T19:34:01Z,44839,1454,572,PT9M9S,https://youtube.com/watch?v=X7qxa43I8Bc,False,False,False,False,False
6,2025 Straight Talk Wireless 400,2025-03-23,-ZSfV1hsFEk,Every Austin Hill win in 2025,Nascar24,2025-12-06T21:00:00Z,193,7,0,PT7M35S,https://youtube.com/watch?v=-ZSfV1hsFEk,False,False,False,False,False
6,2025 Straight Talk Wireless 400,2025-03-23,szQF_RtjpI8,RCR Keeps Embarrassing Themselves | Austin Hill Wrecks Aric Almirola REACTION,Eric Estepp,2025-07-27T06:25:16Z,114500,4466,998,PT13M,https://youtube.com/watch?v=szQF_RtjpI8,False,False,False,False,False
6,2025 Straight Talk Wireless 400,2025-03-23,qUK_F0SHBhQ,&#39;Daytona has been so good to me&#39; – Austin Hill on his fourth win in five years 😮‍💨 NASCAR on FOX,NASCAR on FOX,2026-02-15T02:10:57Z,6110,94,11,PT7M42S,https://youtube.com/watch?v=qUK_F0SHBhQ,False,False,False,False,False
6,2025 Straight Talk Wireless 400,2025-03-23,5yuTjIT2Fuk,Dale Earnhardt Jr. Just Said the UNTHINKABLE About Austin Hill!,NASCAR TODAY,2025-10-24T16:00:13Z,1290,10,3,PT9M41S,https://youtube.com/watch?v=5yuTjIT2Fuk,False,False,False,False,False
6,2025 Straight Talk Wireless 400,2025-03-23,tZHbVBdv1bM,NASCAR in PANIC! Shane van Gisbergen LASHES OUT at Austin Hill After BIG ONE Involving 11 Cars,NASCAR Nation Report,2026-06-22T01:10:05Z,4788,129,21,PT9M59S,https://youtube.com/watch?v=tZHbVBdv1bM,False,False,False,False,False
6,2025 Straight Talk Wireless 400,2025-03-23,hOJko4r9OLc,Austin Hill Triggers Another Huge Crash | Zilisch Clashes With SVG | REACTION,Eric Estepp,2025-08-10T00:48:45Z,98737,3955,1193,PT16M26S,https://youtube.com/watch?v=hOJko4r9OLc,False,False,False,False,False
6,2025 Straight Talk Wireless 400,2025-03-23,PiOELqviAzU,This. Is. Embarrassing. - Part 2 - Austin Hill Edition,Jesse King,2025-07-29T15:52:02Z,23835,708,204,PT7M32S,https://youtube.com/watch?v=PiOELqviAzU,False,False,False,False,False
6,2025 Straight Talk Wireless 400,2025-03-23,X8Vr-alosZQ,Richard Childress BREAKS DOWN While Remembering Kyle Busch after Austin Hill Victory!,NASCAR Central,2026-06-21T18:00:09Z,495,16,0,PT10M15S,https://youtube.com/watch?v=X8Vr-alosZQ,False,True,False,False,False
6,2025 Straight Talk Wireless 400,2025-03-23,-wS-Co9IJ4A,Last Laps: A Heavyweight Fight in Vegas | 2025 NASCAR Cup Series,NASCAR,2025-10-13T00:50:29Z,80382,675,67,PT7M49S,https://youtube.com/watch?v=-wS-Co9IJ4A,False,False,False,False,False
6,2025 Straight Talk Wireless 400,2025-03-23,HomWvKNSSRA,So Close Again: Denny Hamlin Reacts to Another Championship Miss | 2025 NASCAR Cup Series,NASCAR,2025-11-03T01:08:56Z,53500,657,282,PT5M28S,https://youtube.com/watch?v=HomWvKNSSRA,True,False,False,False,False
6,2025 Straight Talk Wireless 400,2025-03-23,P3vUj_OERyQ,An Unbelievable End to the 2025 NASCAR Cup Series Season | Final Laps at Phoenix,NASCAR,2025-11-03T00:22:30Z,193455,1899,582,PT6M27S,https://youtube.com/watch?v=P3vUj_OERyQ,False,False,False,False,False
6,2025 Straight Talk Wireless 400,2025-03-23,xL5wsAdIWyo,The Final Battle: Hamlin vs. Larson for the Championship | NASCAR,NASCAR,2025-11-03T19:46:49Z,43879,940,104,PT5M46S,https://youtube.com/watch?v=xL5wsAdIWyo,True,False,False,False,False
6,2025 Straight Talk Wireless 400,2025-03-23,3LE2_qaU5kg,Denny Hamlin&#39;s Emotional Reaction to 60th Career Win | 2025 NASCAR Cup Series at Las Vegas,NASCAR,2025-10-13T01:20:00Z,56332,1080,145,PT6M45S,https://youtube.com/watch?v=3LE2_qaU5kg,True,False,False,False,False
6,2025 Straight Talk Wireless 400,2025-03-23,PVUfltDPjtY,Hamlin vs. Gibbs: Recap and Reaction from New Hampshire | 2025 NASCAR Cup Series,NASCAR,2025-09-21T22:08:03Z,58298,302,122,PT7M40S,https://youtube.com/watch?v=PVUfltDPjtY,True,False,False,False,False
6,2025 Straight Talk Wireless 400,2025-03-23,wYcSuMaHC-k,Missing Rings: Denny Hamlin 2025,The Iceberg,2025-11-05T23:21:21Z,18343,798,296,PT11M,https://youtube.com/watch?v=wYcSuMaHC-k,True,False,False,False,False
6,2025 Straight Talk Wireless 400,2025-03-23,5b5Qt3VAZrU,2025 NASCAR Cup Series Championship Reaction. THE HEARTBREAK OF ALL-TIME,FireBall Hamlin,2025-11-03T01:11:21Z,12225,275,315,PT17M44S,https://youtube.com/watch?v=5b5Qt3VAZrU,False,False,False,False,False
6,2025 Straight Talk Wireless 400,2025-03-23,kykqdL18-OU,Every Denny Hamlin win in 2025,Nascar24,2025-11-16T21:00:52Z,585,13,0,PT7M,https://youtube.com/watch?v=kykqdL18-OU,True,False,False,False,False
6,2025 Straight Talk Wireless 400,2025-03-23,l3i3W8QKTsU,WATCH: Denny Hamlin Outduels William Byron at Michigan | 2025 NASCAR FireKeepers Casino 400,NASCAR,2025-06-08T22:19:10Z,16097,224,16,PT8M37S,https://youtube.com/watch?v=l3i3W8QKTsU,True,False,False,False,False
6,2025 Straight Talk Wireless 400,2025-03-23,1fYXEvm3to0,Playoff Heartbreak at the Finish | 2025 NASCAR Radioactive from Charlotte,NASCAR,2025-10-07T22:00:04Z,33499,744,51,PT6M2S,https://youtube.com/watch?v=1fYXEvm3to0,False,False,False,False,False
6,2025 Straight Talk Wireless 400,2025-03-23,TipP_iG0c74,Ross Chastain Answers the Internet | NASCAR,NASCAR,2025-12-30T21:00:41Z,26259,1310,74,PT5M21S,https://youtube.com/watch?v=TipP_iG0c74,False,False,False,False,True
6,2025 Straight Talk Wireless 400,2025-03-23,5DH4F0tdewY,CHASTAIN WINNING INTERVIEW + BYRON POST RACE INTERVIEW - 2025 COCACOLA 600 - 2025 NASCAR CUP SERIES,SportsNewsCentral,2025-06-27T18:45:06Z,238,0,0,PT5M49S,https://youtube.com/watch?v=5DH4F0tdewY,False,False,False,False,True
6,2025 Straight Talk Wireless 400,2025-03-23,b49PzC9kVtY,BACKWARD FINISH Decides Final Playoff Spot | 2025 NASCAR Cup Series at Charlotte,NASCAR,2025-10-05T23:13:10Z,54550,332,48,PT8M17S,https://youtube.com/watch?v=b49PzC9kVtY,False,False,False,False,False
6,2025 Straight Talk Wireless 400,2025-03-23,1hUYa4asnOs,Dale Earnhardt Jr. Just DESTROYED Ross Chastain on Live TV!,NASCAR TODAY,2025-07-09T20:00:02Z,30755,146,30,PT13M13S,https://youtube.com/watch?v=1hUYa4asnOs,False,False,False,False,True
6,2025 Straight Talk Wireless 400,2025-03-23,HI2XOFCFWIA,From the Back to Victory Lane: Ross Chastain’s Wild Drive | 2025 NASCAR Coca-Cola 600,NASCAR,2025-05-26T04:55:59Z,44478,706,72,PT8M41S,https://youtube.com/watch?v=HI2XOFCFWIA,False,False,False,False,True
6,2025 Straight Talk Wireless 400,2025-03-23,BV4PsJmXu-Y,Ross Chastain Destroyed by NASCAR After Texas Finish — What the HELL Just Happened?!,NASCAR Insider,2025-05-06T16:00:28Z,4906,46,6,PT6M43S,https://youtube.com/watch?v=BV4PsJmXu-Y,False,False,False,False,True
6,2025 Straight Talk Wireless 400,2025-03-23,Yl08L6Y0y3Y,2025 Coca-Cola 600 | NASCAR Official Extended Highlights,NASCAR,2025-05-26T03:36:47Z,460195,5589,360,PT15M41S,https://youtube.com/watch?v=Yl08L6Y0y3Y,False,False,False,False,False
6,2025 Straight Talk Wireless 400,2025-03-23,DogYuyhg1F8,NASCAR at Charlotte Motor Speedway May 2025: Ross Chastain post-race,Cup Scene ,2025-05-26T13:07:18Z,1532,47,4,PT12M16S,https://youtube.com/watch?v=DogYuyhg1F8,False,False,False,False,True
6,2025 Straight Talk Wireless 400,2025-03-23,VD-F7NgOAPM,Ross Chastain After His Incredible Comeback Win at Charlotte | NASCAR on Prime | Prime Video,Sports On Prime,2025-05-26T17:20:35Z,60324,1177,181,PT13M3S,https://youtube.com/watch?v=VD-F7NgOAPM,False,False,False,False,True
6,2025 Straight Talk Wireless 400,2025-03-23,YISsxP9tCUM,Reddit Asks Brad Keselowski WILD Questions | NASCAR,NASCAR,2025-08-21T21:00:30Z,79125,3961,168,PT7M16S,https://youtube.com/watch?v=YISsxP9tCUM,False,False,False,True,False
6,2025 Straight Talk Wireless 400,2025-03-23,78NwQZmqxz0,Final Laps: A WILD Bristol Finish | 2025 NASCAR Cup Series,NASCAR,2025-09-14T03:58:50Z,222659,975,130,PT5M12S,https://youtube.com/watch?v=78NwQZmqxz0,False,False,False,False,False
6,2025 Straight Talk Wireless 400,2025-03-23,Hq1V6sDUnGs,Extended Highlights | 2025 NASCAR Cup Series from Iowa,NASCAR,2025-08-04T01:34:16Z,175870,2111,137,PT19M55S,https://youtube.com/watch?v=Hq1V6sDUnGs,False,False,False,False,False
6,2025 Straight Talk Wireless 400,2025-03-23,hKsNXFB_8V4,NASCAR Cup Series 2025: Pennzoil 400 | EXTENDED HIGHLIGHTS | 3/16/25 | Motorsports on NBC,Motorsports on NBC,2025-03-16T23:54:59Z,150191,2662,143,PT16M46S,https://youtube.com/watch?v=hKsNXFB_8V4,False,False,False,False,False
6,2025 Straight Talk Wireless 400,2025-03-23,peOrAd5ipF4,NASCAR Cup Series 2025: EchoPark Automotive GP | EXTENDED HIGHLIGHTS | 3/2/25 | Motorsports on NBC,Motorsports on NBC,2025-03-03T01:01:52Z,109346,1811,140,PT17M15S,https://youtube.com/watch?v=peOrAd5ipF4,False,False,False,False,False
6,2025 Straight Talk Wireless 400,2025-03-23,6xDyB0-uLpY,NASCAR Cup Series 2025: Cook Out 400 | EXTENDED HIGHLIGHTS | 3/30/25 | Motorsports on NBC,Motorsports on NBC,2025-03-30T23:01:09Z,110539,1968,115,PT16M27S,https://youtube.com/watch?v=6xDyB0-uLpY,False,False,False,False,False
6,2025 Straight Talk Wireless 400,2025-03-23,50X_h1q0LXI,Gateway Turns Up the Playoff Heat | 2025 NASCAR Cup Series Extended Highlights,NASCAR,2025-09-07T23:02:36Z,243284,3618,240,PT18M,https://youtube.com/watch?v=50X_h1q0LXI,False,False,False,False,False
6,2025 Straight Talk Wireless 400,2025-03-23,83kRqoa7uHY,Brad Keselowski Injury | Jimmie Johnson Seeking Daytona History | Top 50 Drivers of 2025 Reaction,Eric Estepp,2025-12-22T15:40:01Z,52846,2821,267,PT13M6S,https://youtube.com/watch?v=83kRqoa7uHY,False,False,False,True,False
6,2025 Straight Talk Wireless 400,2025-03-23,JpRqXvWF63I,NASCAR Cup Series 2025: All-Star Race | EXTENDED HIGHLIGHTS | 5/18/25 | Motorsports on NBC,Motorsports on NBC,2025-05-19T02:48:07Z,107467,1826,148,PT16M22S,https://youtube.com/watch?v=JpRqXvWF63I,False,False,False,False,False
6,2025 Straight Talk Wireless 400,2025-03-23,Le_y1ap2Ct8,&#39;The car drives like s**t&#39; | NASCAR RADIOACTIVE from the 2025 All-Star Race,NASCAR,2025-05-20T21:43:50Z,35032,816,64,PT6M6S,https://youtube.com/watch?v=Le_y1ap2Ct8,False,False,False,False,False
7,2025 Cook Out 400,2025-03-30,v-kwi-xD40w,Todd Gilliland Clips For Edits All Years By smithdoit,NSCP by smithdoit  (ScenePacks),2025-11-01T21:49:13Z,188,11,2,PT5M50S,https://youtube.com/watch?v=v-kwi-xD40w,False,False,True,False,False
7,2025 Cook Out 400,2025-03-30,jwrAEeikBt0,How Do NASCAR Drivers Pee? | Todd Gilliland Reveals All,Rated Red,2025-02-12T20:08:32Z,3904,130,12,PT9M13S,https://youtube.com/watch?v=jwrAEeikBt0,False,False,True,False,False
7,2025 Cook Out 400,2025-03-30,rKBDulrtVGQ,Countdown to Daytona: Todd Gilliland,FOX8 WGHP,2025-02-12T19:42:23Z,182,2,0,PT8M37S,https://youtube.com/watch?v=rKBDulrtVGQ,False,False,True,False,False
7,2025 Cook Out 400,2025-03-30,1VkIwkAEqPg,Ryan Preece on Having the Best Car at the End; Todd Gilliland &amp; Josh Berry Have Great Runs,Frontstretch,2025-10-26T23:00:00Z,3318,54,3,PT4M39S,https://youtube.com/watch?v=1VkIwkAEqPg,False,False,True,False,False
7,2025 Cook Out 400,2025-03-30,BgTJtLE_M-M,"Todd Gilliland on qualifying at Darlington, being a leader at Front Row and his Ray Fox throwback",Nikolai P. Culp,2025-04-05T19:08:56Z,99,7,0,PT4M21S,https://youtube.com/watch?v=BgTJtLE_M-M,False,False,True,False,False
7,2025 Cook Out 400,2025-03-30,-FiLN6JeJDw,Todd Gilliland 2025 Loves Diecast Review ,Halo Radiance,2025-12-17T13:04:17Z,43,1,0,PT4M45S,https://youtube.com/watch?v=-FiLN6JeJDw,False,False,True,False,False
7,2025 Cook Out 400,2025-03-30,Fa2FiWKiiBc,"Todd Gilliland Talks Changes at Front Row, McDowell&#39;s Departure, New Teammates, and More!",Eric Estepp,2025-05-22T16:27:59Z,17254,1085,46,PT8M43S,https://youtube.com/watch?v=Fa2FiWKiiBc,False,False,True,False,False
7,2025 Cook Out 400,2025-03-30,ZVQo5SYURG0,2025 TODD GILLILAND LOVE&#39;S FORD MUSTANG DIECASTBUFFET NASCAR DIECAST REVIEW 1/64,Diecastbuffet,2026-01-20T21:03:33Z,218,13,8,PT8M30S,https://youtube.com/watch?v=ZVQo5SYURG0,False,False,True,False,False
7,2025 Cook Out 400,2025-03-30,Q2clHIifaNk,NASCAR 25 - #34 Todd Gilliland (Ford) - Gameplay (PS5 UHD) [4K60FPS],Throneful,2025-10-30T19:00:29Z,648,18,0,PT17M38S,https://youtube.com/watch?v=Q2clHIifaNk,False,False,True,False,False
7,2025 Cook Out 400,2025-03-30,YRqNFLkuh9Q,Todd Gilliland Crew Chief Chris Lawson on motivating a team in a tough season and what&#39;s next,Sky View Sports Roy J. Akers,2025-07-26T18:42:07Z,68,0,0,PT5M38S,https://youtube.com/watch?v=YRqNFLkuh9Q,False,False,True,False,False
7,2025 Cook Out 400,2025-03-30,Hgz5ZskUe68,Austin Hill &amp; Richard Childress Remember Kyle Busch After San Diego Win | NASCAR,NASCAR,2026-06-21T02:56:52Z,35090,668,65,PT5M45S,https://youtube.com/watch?v=Hgz5ZskUe68,False,True,False,False,False
7,2025 Cook Out 400,2025-03-30,-ZSfV1hsFEk,Every Austin Hill win in 2025,Nascar24,2025-12-06T21:00:00Z,193,7,0,PT7M35S,https://youtube.com/watch?v=-ZSfV1hsFEk,False,False,False,False,False
7,2025 Cook Out 400,2025-03-30,X7qxa43I8Bc,The Austin Hill Experience | Why Fans Are Fed Up,The Iceberg,2025-08-11T19:34:01Z,44839,1454,572,PT9M9S,https://youtube.com/watch?v=X7qxa43I8Bc,False,False,False,False,False
7,2025 Cook Out 400,2025-03-30,szQF_RtjpI8,RCR Keeps Embarrassing Themselves | Austin Hill Wrecks Aric Almirola REACTION,Eric Estepp,2025-07-27T06:25:16Z,114500,4466,998,PT13M,https://youtube.com/watch?v=szQF_RtjpI8,False,False,False,False,False
7,2025 Cook Out 400,2025-03-30,qUK_F0SHBhQ,&#39;Daytona has been so good to me&#39; – Austin Hill on his fourth win in five years 😮‍💨 NASCAR on FOX,NASCAR on FOX,2026-02-15T02:10:57Z,6110,94,11,PT7M42S,https://youtube.com/watch?v=qUK_F0SHBhQ,False,False,False,False,False
7,2025 Cook Out 400,2025-03-30,5yuTjIT2Fuk,Dale Earnhardt Jr. Just Said the UNTHINKABLE About Austin Hill!,NASCAR TODAY,2025-10-24T16:00:13Z,1290,10,3,PT9M41S,https://youtube.com/watch?v=5yuTjIT2Fuk,False,False,False,False,False
7,2025 Cook Out 400,2025-03-30,HAZbzV-TYhM,Austin Hill &amp; Jeb Burton post-race interviews from Talladega Superspeedway | NASCAR on FOX,NASCAR on FOX,2025-04-26T23:26:05Z,6621,75,26,PT4M41S,https://youtube.com/watch?v=HAZbzV-TYhM,False,False,False,False,False
7,2025 Cook Out 400,2025-03-30,hOJko4r9OLc,Austin Hill Triggers Another Huge Crash | Zilisch Clashes With SVG | REACTION,Eric Estepp,2025-08-10T00:48:45Z,98737,3955,1193,PT16M26S,https://youtube.com/watch?v=hOJko4r9OLc,False,False,False,False,False
7,2025 Cook Out 400,2025-03-30,tZHbVBdv1bM,NASCAR in PANIC! Shane van Gisbergen LASHES OUT at Austin Hill After BIG ONE Involving 11 Cars,NASCAR Nation Report,2026-06-22T01:10:05Z,4788,129,21,PT9M59S,https://youtube.com/watch?v=tZHbVBdv1bM,False,False,False,False,False
7,2025 Cook Out 400,2025-03-30,PiOELqviAzU,This. Is. Embarrassing. - Part 2 - Austin Hill Edition,Jesse King,2025-07-29T15:52:02Z,23835,708,204,PT7M32S,https://youtube.com/watch?v=PiOELqviAzU,False,False,False,False,False
7,2025 Cook Out 400,2025-03-30,-wS-Co9IJ4A,Last Laps: A Heavyweight Fight in Vegas | 2025 NASCAR Cup Series,NASCAR,2025-10-13T00:50:29Z,80381,675,67,PT7M49S,https://youtube.com/watch?v=-wS-Co9IJ4A,False,False,False,False,False
7,2025 Cook Out 400,2025-03-30,P3vUj_OERyQ,An Unbelievable End to the 2025 NASCAR Cup Series Season | Final Laps at Phoenix,NASCAR,2025-11-03T00:22:30Z,193452,1899,582,PT6M27S,https://youtube.com/watch?v=P3vUj_OERyQ,False,False,False,False,False
7,2025 Cook Out 400,2025-03-30,HomWvKNSSRA,So Close Again: Denny Hamlin Reacts to Another Championship Miss | 2025 NASCAR Cup Series,NASCAR,2025-11-03T01:08:56Z,53500,657,282,PT5M28S,https://youtube.com/watch?v=HomWvKNSSRA,True,False,False,False,False
7,2025 Cook Out 400,2025-03-30,xL5wsAdIWyo,The Final Battle: Hamlin vs. Larson for the Championship | NASCAR,NASCAR,2025-11-03T19:46:49Z,43879,940,104,PT5M46S,https://youtube.com/watch?v=xL5wsAdIWyo,True,False,False,False,False
7,2025 Cook Out 400,2025-03-30,3LE2_qaU5kg,Denny Hamlin&#39;s Emotional Reaction to 60th Career Win | 2025 NASCAR Cup Series at Las Vegas,NASCAR,2025-10-13T01:20:00Z,56334,1080,145,PT6M45S,https://youtube.com/watch?v=3LE2_qaU5kg,True,False,False,False,False
7,2025 Cook Out 400,2025-03-30,wYcSuMaHC-k,Missing Rings: Denny Hamlin 2025,The Iceberg,2025-11-05T23:21:21Z,18343,798,296,PT11M,https://youtube.com/watch?v=wYcSuMaHC-k,True,False,False,False,False
7,2025 Cook Out 400,2025-03-30,PVUfltDPjtY,Hamlin vs. Gibbs: Recap and Reaction from New Hampshire | 2025 NASCAR Cup Series,NASCAR,2025-09-21T22:08:03Z,58298,302,122,PT7M40S,https://youtube.com/watch?v=PVUfltDPjtY,True,False,False,False,False
7,2025 Cook Out 400,2025-03-30,l3i3W8QKTsU,WATCH: Denny Hamlin Outduels William Byron at Michigan | 2025 NASCAR FireKeepers Casino 400,NASCAR,2025-06-08T22:19:10Z,16097,224,16,PT8M37S,https://youtube.com/watch?v=l3i3W8QKTsU,True,False,False,False,False
7,2025 Cook Out 400,2025-03-30,5b5Qt3VAZrU,2025 NASCAR Cup Series Championship Reaction. THE HEARTBREAK OF ALL-TIME,FireBall Hamlin,2025-11-03T01:11:21Z,12226,275,315,PT17M44S,https://youtube.com/watch?v=5b5Qt3VAZrU,False,False,False,False,False
7,2025 Cook Out 400,2025-03-30,kykqdL18-OU,Every Denny Hamlin win in 2025,Nascar24,2025-11-16T21:00:52Z,585,13,0,PT7M,https://youtube.com/watch?v=kykqdL18-OU,True,False,False,False,False
7,2025 Cook Out 400,2025-03-30,1fYXEvm3to0,Playoff Heartbreak at the Finish | 2025 NASCAR Radioactive from Charlotte,NASCAR,2025-10-07T22:00:04Z,33496,744,51,PT6M2S,https://youtube.com/watch?v=1fYXEvm3to0,False,False,False,False,False
7,2025 Cook Out 400,2025-03-30,TipP_iG0c74,Ross Chastain Answers the Internet | NASCAR,NASCAR,2025-12-30T21:00:41Z,26260,1310,74,PT5M21S,https://youtube.com/watch?v=TipP_iG0c74,False,False,False,False,True
7,2025 Cook Out 400,2025-03-30,5DH4F0tdewY,CHASTAIN WINNING INTERVIEW + BYRON POST RACE INTERVIEW - 2025 COCACOLA 600 - 2025 NASCAR CUP SERIES,SportsNewsCentral,2025-06-27T18:45:06Z,238,0,0,PT5M49S,https://youtube.com/watch?v=5DH4F0tdewY,False,False,False,False,True
7,2025 Cook Out 400,2025-03-30,b49PzC9kVtY,BACKWARD FINISH Decides Final Playoff Spot | 2025 NASCAR Cup Series at Charlotte,NASCAR,2025-10-05T23:13:10Z,54550,332,48,PT8M17S,https://youtube.com/watch?v=b49PzC9kVtY,False,False,False,False,False
7,2025 Cook Out 400,2025-03-30,1hUYa4asnOs,Dale Earnhardt Jr. Just DESTROYED Ross Chastain on Live TV!,NASCAR TODAY,2025-07-09T20:00:02Z,30755,146,30,PT13M13S,https://youtube.com/watch?v=1hUYa4asnOs,False,False,False,False,True
7,2025 Cook Out 400,2025-03-30,HI2XOFCFWIA,From the Back to Victory Lane: Ross Chastain’s Wild Drive | 2025 NASCAR Coca-Cola 600,NASCAR,2025-05-26T04:55:59Z,44478,706,72,PT8M41S,https://youtube.com/watch?v=HI2XOFCFWIA,False,False,False,False,True
7,2025 Cook Out 400,2025-03-30,BV4PsJmXu-Y,Ross Chastain Destroyed by NASCAR After Texas Finish — What the HELL Just Happened?!,NASCAR Insider,2025-05-06T16:00:28Z,4906,46,6,PT6M43S,https://youtube.com/watch?v=BV4PsJmXu-Y,False,False,False,False,True
7,2025 Cook Out 400,2025-03-30,Yl08L6Y0y3Y,2025 Coca-Cola 600 | NASCAR Official Extended Highlights,NASCAR,2025-05-26T03:36:47Z,460195,5589,360,PT15M41S,https://youtube.com/watch?v=Yl08L6Y0y3Y,False,False,False,False,False
7,2025 Cook Out 400,2025-03-30,DogYuyhg1F8,NASCAR at Charlotte Motor Speedway May 2025: Ross Chastain post-race,Cup Scene ,2025-05-26T13:07:18Z,1532,47,4,PT12M16S,https://youtube.com/watch?v=DogYuyhg1F8,False,False,False,False,True
7,2025 Cook Out 400,2025-03-30,Cp3hlT5hMyE,&#39;He&#39;s a rocket ship&#39; | NASCAR&#39;s RADIOACTIVE from the Coca-Cola 600,NASCAR,2025-05-27T21:06:51Z,57268,1583,91,PT6M36S,https://youtube.com/watch?v=Cp3hlT5hMyE,False,False,False,False,False
7,2025 Cook Out 400,2025-03-30,YISsxP9tCUM,Reddit Asks Brad Keselowski WILD Questions | NASCAR,NASCAR,2025-08-21T21:00:30Z,79125,3961,168,PT7M16S,https://youtube.com/watch?v=YISsxP9tCUM,False,False,False,True,False
7,2025 Cook Out 400,2025-03-30,78NwQZmqxz0,Final Laps: A WILD Bristol Finish | 2025 NASCAR Cup Series,NASCAR,2025-09-14T03:58:50Z,222659,975,130,PT5M12S,https://youtube.com/watch?v=78NwQZmqxz0,False,False,False,False,False
7,2025 Cook Out 400,2025-03-30,Hq1V6sDUnGs,Extended Highlights | 2025 NASCAR Cup Series from Iowa,NASCAR,2025-08-04T01:34:16Z,175871,2111,137,PT19M55S,https://youtube.com/watch?v=Hq1V6sDUnGs,False,False,False,False,False
7,2025 Cook Out 400,2025-03-30,hKsNXFB_8V4,NASCAR Cup Series 2025: Pennzoil 400 | EXTENDED HIGHLIGHTS | 3/16/25 | Motorsports on NBC,Motorsports on NBC,2025-03-16T23:54:59Z,150191,2662,143,PT16M46S,https://youtube.com/watch?v=hKsNXFB_8V4,False,False,False,False,False
7,2025 Cook Out 400,2025-03-30,peOrAd5ipF4,NASCAR Cup Series 2025: EchoPark Automotive GP | EXTENDED HIGHLIGHTS | 3/2/25 | Motorsports on NBC,Motorsports on NBC,2025-03-03T01:01:52Z,109346,1811,140,PT17M15S,https://youtube.com/watch?v=peOrAd5ipF4,False,False,False,False,False
7,2025 Cook Out 400,2025-03-30,6xDyB0-uLpY,NASCAR Cup Series 2025: Cook Out 400 | EXTENDED HIGHLIGHTS | 3/30/25 | Motorsports on NBC,Motorsports on NBC,2025-03-30T23:01:09Z,110539,1968,115,PT16M27S,https://youtube.com/watch?v=6xDyB0-uLpY,False,False,False,False,False
7,2025 Cook Out 400,2025-03-30,83kRqoa7uHY,Brad Keselowski Injury | Jimmie Johnson Seeking Daytona History | Top 50 Drivers of 2025 Reaction,Eric Estepp,2025-12-22T15:40:01Z,52846,2821,267,PT13M6S,https://youtube.com/watch?v=83kRqoa7uHY,False,False,False,True,False
7,2025 Cook Out 400,2025-03-30,50X_h1q0LXI,Gateway Turns Up the Playoff Heat | 2025 NASCAR Cup Series Extended Highlights,NASCAR,2025-09-07T23:02:36Z,243284,3618,240,PT18M,https://youtube.com/watch?v=50X_h1q0LXI,False,False,False,False,False
7,2025 Cook Out 400,2025-03-30,s7AR_q6OqLg,"Tyler Reddick, Michael Jordan, Brad Keselowski &amp; more Post-Race Interviews after Goodyear 400 🏁",NASCAR on FOX,2026-03-22T23:39:19Z,62489,707,92,PT9M10S,https://youtube.com/watch?v=s7AR_q6OqLg,False,False,False,True,False
7,2025 Cook Out 400,2025-03-30,66xRjFGOZJM,Brad Keselowski BREAKS SILENCE on RFK!,Nascar Speedzone,2026-03-19T16:00:00Z,5918,29,1,PT8M15S,https://youtube.com/watch?v=66xRjFGOZJM,False,False,False,True,False
8,2025 Goodyear 400,2025-04-06,v-kwi-xD40w,Todd Gilliland Clips For Edits All Years By smithdoit,NSCP by smithdoit  (ScenePacks),2025-11-01T21:49:13Z,188,11,2,PT5M50S,https://youtube.com/watch?v=v-kwi-xD40w,False,False,True,False,False
8,2025 Goodyear 400,2025-04-06,jwrAEeikBt0,How Do NASCAR Drivers Pee? | Todd Gilliland Reveals All,Rated Red,2025-02-12T20:08:32Z,3904,130,12,PT9M13S,https://youtube.com/watch?v=jwrAEeikBt0,False,False,True,False,False
8,2025 Goodyear 400,2025-04-06,rKBDulrtVGQ,Countdown to Daytona: Todd Gilliland,FOX8 WGHP,2025-02-12T19:42:23Z,182,2,0,PT8M37S,https://youtube.com/watch?v=rKBDulrtVGQ,False,False,True,False,False
8,2025 Goodyear 400,2025-04-06,1VkIwkAEqPg,Ryan Preece on Having the Best Car at the End; Todd Gilliland &amp; Josh Berry Have Great Runs,Frontstretch,2025-10-26T23:00:00Z,3318,54,3,PT4M39S,https://youtube.com/watch?v=1VkIwkAEqPg,False,False,True,False,False
8,2025 Goodyear 400,2025-04-06,BgTJtLE_M-M,"Todd Gilliland on qualifying at Darlington, being a leader at Front Row and his Ray Fox throwback",Nikolai P. Culp,2025-04-05T19:08:56Z,99,7,0,PT4M21S,https://youtube.com/watch?v=BgTJtLE_M-M,False,False,True,False,False
8,2025 Goodyear 400,2025-04-06,-FiLN6JeJDw,Todd Gilliland 2025 Loves Diecast Review ,Halo Radiance,2025-12-17T13:04:17Z,43,1,0,PT4M45S,https://youtube.com/watch?v=-FiLN6JeJDw,False,False,True,False,False
8,2025 Goodyear 400,2025-04-06,Fa2FiWKiiBc,"Todd Gilliland Talks Changes at Front Row, McDowell&#39;s Departure, New Teammates, and More!",Eric Estepp,2025-05-22T16:27:59Z,17254,1085,46,PT8M43S,https://youtube.com/watch?v=Fa2FiWKiiBc,False,False,True,False,False
8,2025 Goodyear 400,2025-04-06,ZVQo5SYURG0,2025 TODD GILLILAND LOVE&#39;S FORD MUSTANG DIECASTBUFFET NASCAR DIECAST REVIEW 1/64,Diecastbuffet,2026-01-20T21:03:33Z,218,13,8,PT8M30S,https://youtube.com/watch?v=ZVQo5SYURG0,False,False,True,False,False
8,2025 Goodyear 400,2025-04-06,Q2clHIifaNk,NASCAR 25 - #34 Todd Gilliland (Ford) - Gameplay (PS5 UHD) [4K60FPS],Throneful,2025-10-30T19:00:29Z,648,18,0,PT17M38S,https://youtube.com/watch?v=Q2clHIifaNk,False,False,True,False,False
8,2025 Goodyear 400,2025-04-06,YRqNFLkuh9Q,Todd Gilliland Crew Chief Chris Lawson on motivating a team in a tough season and what&#39;s next,Sky View Sports Roy J. Akers,2025-07-26T18:42:07Z,68,0,0,PT5M38S,https://youtube.com/watch?v=YRqNFLkuh9Q,False,False,True,False,False
8,2025 Goodyear 400,2025-04-06,Hgz5ZskUe68,Austin Hill &amp; Richard Childress Remember Kyle Busch After San Diego Win | NASCAR,NASCAR,2026-06-21T02:56:52Z,35090,668,65,PT5M45S,https://youtube.com/watch?v=Hgz5ZskUe68,False,True,False,False,False
8,2025 Goodyear 400,2025-04-06,-ZSfV1hsFEk,Every Austin Hill win in 2025,Nascar24,2025-12-06T21:00:00Z,193,7,0,PT7M35S,https://youtube.com/watch?v=-ZSfV1hsFEk,False,False,False,False,False
8,2025 Goodyear 400,2025-04-06,X7qxa43I8Bc,The Austin Hill Experience | Why Fans Are Fed Up,The Iceberg,2025-08-11T19:34:01Z,44839,1454,572,PT9M9S,https://youtube.com/watch?v=X7qxa43I8Bc,False,False,False,False,False
8,2025 Goodyear 400,2025-04-06,szQF_RtjpI8,RCR Keeps Embarrassing Themselves | Austin Hill Wrecks Aric Almirola REACTION,Eric Estepp,2025-07-27T06:25:16Z,114500,4466,998,PT13M,https://youtube.com/watch?v=szQF_RtjpI8,False,False,False,False,False
8,2025 Goodyear 400,2025-04-06,qUK_F0SHBhQ,&#39;Daytona has been so good to me&#39; – Austin Hill on his fourth win in five years 😮‍💨 NASCAR on FOX,NASCAR on FOX,2026-02-15T02:10:57Z,6110,94,11,PT7M42S,https://youtube.com/watch?v=qUK_F0SHBhQ,False,False,False,False,False
8,2025 Goodyear 400,2025-04-06,5yuTjIT2Fuk,Dale Earnhardt Jr. Just Said the UNTHINKABLE About Austin Hill!,NASCAR TODAY,2025-10-24T16:00:13Z,1290,10,3,PT9M41S,https://youtube.com/watch?v=5yuTjIT2Fuk,False,False,False,False,False
8,2025 Goodyear 400,2025-04-06,HAZbzV-TYhM,Austin Hill &amp; Jeb Burton post-race interviews from Talladega Superspeedway | NASCAR on FOX,NASCAR on FOX,2025-04-26T23:26:05Z,6621,75,26,PT4M41S,https://youtube.com/watch?v=HAZbzV-TYhM,False,False,False,False,False
8,2025 Goodyear 400,2025-04-06,tZHbVBdv1bM,NASCAR in PANIC! Shane van Gisbergen LASHES OUT at Austin Hill After BIG ONE Involving 11 Cars,NASCAR Nation Report,2026-06-22T01:10:05Z,4788,129,21,PT9M59S,https://youtube.com/watch?v=tZHbVBdv1bM,False,False,False,False,False
8,2025 Goodyear 400,2025-04-06,hOJko4r9OLc,Austin Hill Triggers Another Huge Crash | Zilisch Clashes With SVG | REACTION,Eric Estepp,2025-08-10T00:48:45Z,98737,3955,1193,PT16M26S,https://youtube.com/watch?v=hOJko4r9OLc,False,False,False,False,False
8,2025 Goodyear 400,2025-04-06,PiOELqviAzU,This. Is. Embarrassing. - Part 2 - Austin Hill Edition,Jesse King,2025-07-29T15:52:02Z,23835,708,204,PT7M32S,https://youtube.com/watch?v=PiOELqviAzU,False,False,False,False,False
8,2025 Goodyear 400,2025-04-06,P3vUj_OERyQ,An Unbelievable End to the 2025 NASCAR Cup Series Season | Final Laps at Phoenix,NASCAR,2025-11-03T00:22:30Z,193451,1899,582,PT6M27S,https://youtube.com/watch?v=P3vUj_OERyQ,False,False,False,False,False
8,2025 Goodyear 400,2025-04-06,-wS-Co9IJ4A,Last Laps: A Heavyweight Fight in Vegas | 2025 NASCAR Cup Series,NASCAR,2025-10-13T00:50:29Z,80381,675,67,PT7M49S,https://youtube.com/watch?v=-wS-Co9IJ4A,False,False,False,False,False
8,2025 Goodyear 400,2025-04-06,3LE2_qaU5kg,Denny Hamlin&#39;s Emotional Reaction to 60th Career Win | 2025 NASCAR Cup Series at Las Vegas,NASCAR,2025-10-13T01:20:00Z,56335,1080,145,PT6M45S,https://youtube.com/watch?v=3LE2_qaU5kg,True,False,False,False,False
8,2025 Goodyear 400,2025-04-06,HomWvKNSSRA,So Close Again: Denny Hamlin Reacts to Another Championship Miss | 2025 NASCAR Cup Series,NASCAR,2025-11-03T01:08:56Z,53500,657,282,PT5M28S,https://youtube.com/watch?v=HomWvKNSSRA,True,False,False,False,False
8,2025 Goodyear 400,2025-04-06,xL5wsAdIWyo,The Final Battle: Hamlin vs. Larson for the Championship | NASCAR,NASCAR,2025-11-03T19:46:49Z,43880,940,104,PT5M46S,https://youtube.com/watch?v=xL5wsAdIWyo,True,False,False,False,False
8,2025 Goodyear 400,2025-04-06,I6eNsDcjol8,2025 NASCAR Cup Series South Point 400 at Las Vegas Recation. DENNY HITS THE JACKPOT!,FireBall Hamlin,2025-10-13T02:05:27Z,2460,110,47,PT10M28S,https://youtube.com/watch?v=I6eNsDcjol8,False,False,False,False,False
8,2025 Goodyear 400,2025-04-06,l3i3W8QKTsU,WATCH: Denny Hamlin Outduels William Byron at Michigan | 2025 NASCAR FireKeepers Casino 400,NASCAR,2025-06-08T22:19:10Z,16097,224,16,PT8M37S,https://youtube.com/watch?v=l3i3W8QKTsU,True,False,False,False,False
8,2025 Goodyear 400,2025-04-06,PVUfltDPjtY,Hamlin vs. Gibbs: Recap and Reaction from New Hampshire | 2025 NASCAR Cup Series,NASCAR,2025-09-21T22:08:03Z,58298,302,122,PT7M40S,https://youtube.com/watch?v=PVUfltDPjtY,True,False,False,False,False
8,2025 Goodyear 400,2025-04-06,5b5Qt3VAZrU,2025 NASCAR Cup Series Championship Reaction. THE HEARTBREAK OF ALL-TIME,FireBall Hamlin,2025-11-03T01:11:21Z,12225,275,315,PT17M44S,https://youtube.com/watch?v=5b5Qt3VAZrU,False,False,False,False,False
8,2025 Goodyear 400,2025-04-06,wYcSuMaHC-k,Missing Rings: Denny Hamlin 2025,The Iceberg,2025-11-05T23:21:21Z,18343,798,296,PT11M,https://youtube.com/watch?v=wYcSuMaHC-k,True,False,False,False,False
8,2025 Goodyear 400,2025-04-06,1fYXEvm3to0,Playoff Heartbreak at the Finish | 2025 NASCAR Radioactive from Charlotte,NASCAR,2025-10-07T22:00:04Z,33496,744,51,PT6M2S,https://youtube.com/watch?v=1fYXEvm3to0,False,False,False,False,False
8,2025 Goodyear 400,2025-04-06,TipP_iG0c74,Ross Chastain Answers the Internet | NASCAR,NASCAR,2025-12-30T21:00:41Z,26260,1310,74,PT5M21S,https://youtube.com/watch?v=TipP_iG0c74,False,False,False,False,True
8,2025 Goodyear 400,2025-04-06,5DH4F0tdewY,CHASTAIN WINNING INTERVIEW + BYRON POST RACE INTERVIEW - 2025 COCACOLA 600 - 2025 NASCAR CUP SERIES,SportsNewsCentral,2025-06-27T18:45:06Z,238,0,0,PT5M49S,https://youtube.com/watch?v=5DH4F0tdewY,False,False,False,False,True
8,2025 Goodyear 400,2025-04-06,b49PzC9kVtY,BACKWARD FINISH Decides Final Playoff Spot | 2025 NASCAR Cup Series at Charlotte,NASCAR,2025-10-05T23:13:10Z,54550,332,48,PT8M17S,https://youtube.com/watch?v=b49PzC9kVtY,False,False,False,False,False
8,2025 Goodyear 400,2025-04-06,1hUYa4asnOs,Dale Earnhardt Jr. Just DESTROYED Ross Chastain on Live TV!,NASCAR TODAY,2025-07-09T20:00:02Z,30755,146,30,PT13M13S,https://youtube.com/watch?v=1hUYa4asnOs,False,False,False,False,True
8,2025 Goodyear 400,2025-04-06,HI2XOFCFWIA,From the Back to Victory Lane: Ross Chastain’s Wild Drive | 2025 NASCAR Coca-Cola 600,NASCAR,2025-05-26T04:55:59Z,44478,706,72,PT8M41S,https://youtube.com/watch?v=HI2XOFCFWIA,False,False,False,False,True
8,2025 Goodyear 400,2025-04-06,BV4PsJmXu-Y,Ross Chastain Destroyed by NASCAR After Texas Finish — What the HELL Just Happened?!,NASCAR Insider,2025-05-06T16:00:28Z,4906,46,6,PT6M43S,https://youtube.com/watch?v=BV4PsJmXu-Y,False,False,False,False,True
8,2025 Goodyear 400,2025-04-06,Yl08L6Y0y3Y,2025 Coca-Cola 600 | NASCAR Official Extended Highlights,NASCAR,2025-05-26T03:36:47Z,460195,5589,360,PT15M41S,https://youtube.com/watch?v=Yl08L6Y0y3Y,False,False,False,False,False
8,2025 Goodyear 400,2025-04-06,VD-F7NgOAPM,Ross Chastain After His Incredible Comeback Win at Charlotte | NASCAR on Prime | Prime Video,Sports On Prime,2025-05-26T17:20:35Z,60324,1177,181,PT13M3S,https://youtube.com/watch?v=VD-F7NgOAPM,False,False,False,False,True
8,2025 Goodyear 400,2025-04-06,DogYuyhg1F8,NASCAR at Charlotte Motor Speedway May 2025: Ross Chastain post-race,Cup Scene ,2025-05-26T13:07:18Z,1532,47,4,PT12M16S,https://youtube.com/watch?v=DogYuyhg1F8,False,False,False,False,True
8,2025 Goodyear 400,2025-04-06,YISsxP9tCUM,Reddit Asks Brad Keselowski WILD Questions | NASCAR,NASCAR,2025-08-21T21:00:30Z,79125,3961,168,PT7M16S,https://youtube.com/watch?v=YISsxP9tCUM,False,False,False,True,False
8,2025 Goodyear 400,2025-04-06,78NwQZmqxz0,Final Laps: A WILD Bristol Finish | 2025 NASCAR Cup Series,NASCAR,2025-09-14T03:58:50Z,222659,975,130,PT5M12S,https://youtube.com/watch?v=78NwQZmqxz0,False,False,False,False,False
8,2025 Goodyear 400,2025-04-06,Hq1V6sDUnGs,Extended Highlights | 2025 NASCAR Cup Series from Iowa,NASCAR,2025-08-04T01:34:16Z,175870,2111,137,PT19M55S,https://youtube.com/watch?v=Hq1V6sDUnGs,False,False,False,False,False
8,2025 Goodyear 400,2025-04-06,hKsNXFB_8V4,NASCAR Cup Series 2025: Pennzoil 400 | EXTENDED HIGHLIGHTS | 3/16/25 | Motorsports on NBC,Motorsports on NBC,2025-03-16T23:54:59Z,150191,2662,143,PT16M46S,https://youtube.com/watch?v=hKsNXFB_8V4,False,False,False,False,False
8,2025 Goodyear 400,2025-04-06,peOrAd5ipF4,NASCAR Cup Series 2025: EchoPark Automotive GP | EXTENDED HIGHLIGHTS | 3/2/25 | Motorsports on NBC,Motorsports on NBC,2025-03-03T01:01:52Z,109346,1811,140,PT17M15S,https://youtube.com/watch?v=peOrAd5ipF4,False,False,False,False,False
8,2025 Goodyear 400,2025-04-06,6xDyB0-uLpY,NASCAR Cup Series 2025: Cook Out 400 | EXTENDED HIGHLIGHTS | 3/30/25 | Motorsports on NBC,Motorsports on NBC,2025-03-30T23:01:09Z,110539,1968,115,PT16M27S,https://youtube.com/watch?v=6xDyB0-uLpY,False,False,False,False,False
8,2025 Goodyear 400,2025-04-06,50X_h1q0LXI,Gateway Turns Up the Playoff Heat | 2025 NASCAR Cup Series Extended Highlights,NASCAR,2025-09-07T23:02:36Z,243284,3618,240,PT18M,https://youtube.com/watch?v=50X_h1q0LXI,False,False,False,False,False
8,2025 Goodyear 400,2025-04-06,83kRqoa7uHY,Brad Keselowski Injury | Jimmie Johnson Seeking Daytona History | Top 50 Drivers of 2025 Reaction,Eric Estepp,2025-12-22T15:40:01Z,52846,2821,267,PT13M6S,https://youtube.com/watch?v=83kRqoa7uHY,False,False,False,True,False
8,2025 Goodyear 400,2025-04-06,JpRqXvWF63I,NASCAR Cup Series 2025: All-Star Race | EXTENDED HIGHLIGHTS | 5/18/25 | Motorsports on NBC,Motorsports on NBC,2025-05-19T02:48:07Z,107467,1826,148,PT16M22S,https://youtube.com/watch?v=JpRqXvWF63I,False,False,False,False,False
8,2025 Goodyear 400,2025-04-06,Le_y1ap2Ct8,&#39;The car drives like s**t&#39; | NASCAR RADIOACTIVE from the 2025 All-Star Race,NASCAR,2025-05-20T21:43:50Z,35032,816,64,PT6M6S,https://youtube.com/watch?v=Le_y1ap2Ct8,False,False,False,False,False
9,2025 Food City 500,2025-04-13,YRqNFLkuh9Q,Todd Gilliland Crew Chief Chris Lawson on motivating a team in a tough season and what&#39;s next,Sky View Sports Roy J. Akers,2025-07-26T18:42:07Z,68,0,0,PT5M38S,https://youtube.com/watch?v=YRqNFLkuh9Q,False,False,True,False,False
9,2025 Food City 500,2025-04-13,pdJ8j2I7NeM,"NASCAR Cup Series drivers reflect on 2025 season, look ahead to 2026 [Motorsports Today]",Motorsports Today,2025-11-07T17:01:34Z,140,5,0,PT13M17S,https://youtube.com/watch?v=pdJ8j2I7NeM,False,False,False,False,False
9,2025 Food City 500,2025-04-13,ZVQo5SYURG0,2025 TODD GILLILAND LOVE&#39;S FORD MUSTANG DIECASTBUFFET NASCAR DIECAST REVIEW 1/64,Diecastbuffet,2026-01-20T21:03:33Z,218,13,8,PT8M30S,https://youtube.com/watch?v=ZVQo5SYURG0,False,False,True,False,False
9,2025 Food City 500,2025-04-13,-FiLN6JeJDw,Todd Gilliland 2025 Loves Diecast Review ,Halo Radiance,2025-12-17T13:04:17Z,43,1,0,PT4M45S,https://youtube.com/watch?v=-FiLN6JeJDw,False,False,True,False,False
9,2025 Food City 500,2025-04-13,rKBDulrtVGQ,Countdown to Daytona: Todd Gilliland,FOX8 WGHP,2025-02-12T19:42:23Z,182,2,0,PT8M37S,https://youtube.com/watch?v=rKBDulrtVGQ,False,False,True,False,False
9,2025 Food City 500,2025-04-13,Fa2FiWKiiBc,"Todd Gilliland Talks Changes at Front Row, McDowell&#39;s Departure, New Teammates, and More!",Eric Estepp,2025-05-22T16:27:59Z,17254,1085,46,PT8M43S,https://youtube.com/watch?v=Fa2FiWKiiBc,False,False,True,False,False
9,2025 Food City 500,2025-04-13,o8g4P690MV0,Front Row Motorsports Struggles in 2025 NASCAR Season - Why Did It Go Wrong?,boytoymichelle,2025-10-14T04:08:16Z,2,0,0,PT6M6S,https://youtube.com/watch?v=o8g4P690MV0,False,False,False,False,False
9,2025 Food City 500,2025-04-13,VjsnnSaIS_c,Todd Gilliland Returning To Front Row Motorsports In 2025,Daniel Kriete,2024-06-05T13:36:02Z,410,26,6,PT8M7S,https://youtube.com/watch?v=VjsnnSaIS_c,False,False,True,False,False
9,2025 Food City 500,2025-04-13,v-kwi-xD40w,Todd Gilliland Clips For Edits All Years By smithdoit,NSCP by smithdoit  (ScenePacks),2025-11-01T21:49:13Z,188,11,2,PT5M50S,https://youtube.com/watch?v=v-kwi-xD40w,False,False,True,False,False
9,2025 Food City 500,2025-04-13,1VkIwkAEqPg,Ryan Preece on Having the Best Car at the End; Todd Gilliland &amp; Josh Berry Have Great Runs,Frontstretch,2025-10-26T23:00:00Z,3318,54,3,PT4M39S,https://youtube.com/watch?v=1VkIwkAEqPg,False,False,True,False,False
9,2025 Food City 500,2025-04-13,Hgz5ZskUe68,Austin Hill &amp; Richard Childress Remember Kyle Busch After San Diego Win | NASCAR,NASCAR,2026-06-21T02:56:52Z,35090,668,65,PT5M45S,https://youtube.com/watch?v=Hgz5ZskUe68,False,True,False,False,False
9,2025 Food City 500,2025-04-13,X7qxa43I8Bc,The Austin Hill Experience | Why Fans Are Fed Up,The Iceberg,2025-08-11T19:34:01Z,44839,1454,572,PT9M9S,https://youtube.com/watch?v=X7qxa43I8Bc,False,False,False,False,False
9,2025 Food City 500,2025-04-13,-ZSfV1hsFEk,Every Austin Hill win in 2025,Nascar24,2025-12-06T21:00:00Z,193,7,0,PT7M35S,https://youtube.com/watch?v=-ZSfV1hsFEk,False,False,False,False,False
9,2025 Food City 500,2025-04-13,szQF_RtjpI8,RCR Keeps Embarrassing Themselves | Austin Hill Wrecks Aric Almirola REACTION,Eric Estepp,2025-07-27T06:25:16Z,114500,4466,998,PT13M,https://youtube.com/watch?v=szQF_RtjpI8,False,False,False,False,False
9,2025 Food City 500,2025-04-13,qUK_F0SHBhQ,&#39;Daytona has been so good to me&#39; – Austin Hill on his fourth win in five years 😮‍💨 NASCAR on FOX,NASCAR on FOX,2026-02-15T02:10:57Z,6110,94,11,PT7M42S,https://youtube.com/watch?v=qUK_F0SHBhQ,False,False,False,False,False
9,2025 Food City 500,2025-04-13,5yuTjIT2Fuk,Dale Earnhardt Jr. Just Said the UNTHINKABLE About Austin Hill!,NASCAR TODAY,2025-10-24T16:00:13Z,1290,10,3,PT9M41S,https://youtube.com/watch?v=5yuTjIT2Fuk,False,False,False,False,False
9,2025 Food City 500,2025-04-13,tZHbVBdv1bM,NASCAR in PANIC! Shane van Gisbergen LASHES OUT at Austin Hill After BIG ONE Involving 11 Cars,NASCAR Nation Report,2026-06-22T01:10:05Z,4788,129,21,PT9M59S,https://youtube.com/watch?v=tZHbVBdv1bM,False,False,False,False,False
9,2025 Food City 500,2025-04-13,hOJko4r9OLc,Austin Hill Triggers Another Huge Crash | Zilisch Clashes With SVG | REACTION,Eric Estepp,2025-08-10T00:48:45Z,98737,3955,1193,PT16M26S,https://youtube.com/watch?v=hOJko4r9OLc,False,False,False,False,False
9,2025 Food City 500,2025-04-13,PiOELqviAzU,This. Is. Embarrassing. - Part 2 - Austin Hill Edition,Jesse King,2025-07-29T15:52:02Z,23835,708,204,PT7M32S,https://youtube.com/watch?v=PiOELqviAzU,False,False,False,False,False
9,2025 Food City 500,2025-04-13,X8Vr-alosZQ,Richard Childress BREAKS DOWN While Remembering Kyle Busch after Austin Hill Victory!,NASCAR Central,2026-06-21T18:00:09Z,495,16,0,PT10M15S,https://youtube.com/watch?v=X8Vr-alosZQ,False,True,False,False,False
9,2025 Food City 500,2025-04-13,-wS-Co9IJ4A,Last Laps: A Heavyweight Fight in Vegas | 2025 NASCAR Cup Series,NASCAR,2025-10-13T00:50:29Z,80381,675,67,PT7M49S,https://youtube.com/watch?v=-wS-Co9IJ4A,False,False,False,False,False
9,2025 Food City 500,2025-04-13,P3vUj_OERyQ,An Unbelievable End to the 2025 NASCAR Cup Series Season | Final Laps at Phoenix,NASCAR,2025-11-03T00:22:30Z,193452,1899,582,PT6M27S,https://youtube.com/watch?v=P3vUj_OERyQ,False,False,False,False,False
9,2025 Food City 500,2025-04-13,HomWvKNSSRA,So Close Again: Denny Hamlin Reacts to Another Championship Miss | 2025 NASCAR Cup Series,NASCAR,2025-11-03T01:08:56Z,53500,657,282,PT5M28S,https://youtube.com/watch?v=HomWvKNSSRA,True,False,False,False,False
9,2025 Food City 500,2025-04-13,xL5wsAdIWyo,The Final Battle: Hamlin vs. Larson for the Championship | NASCAR,NASCAR,2025-11-03T19:46:49Z,43879,940,104,PT5M46S,https://youtube.com/watch?v=xL5wsAdIWyo,True,False,False,False,False
9,2025 Food City 500,2025-04-13,3LE2_qaU5kg,Denny Hamlin&#39;s Emotional Reaction to 60th Career Win | 2025 NASCAR Cup Series at Las Vegas,NASCAR,2025-10-13T01:20:00Z,56334,1080,145,PT6M45S,https://youtube.com/watch?v=3LE2_qaU5kg,True,False,False,False,False
9,2025 Food City 500,2025-04-13,wYcSuMaHC-k,Missing Rings: Denny Hamlin 2025,The Iceberg,2025-11-05T23:21:21Z,18343,798,296,PT11M,https://youtube.com/watch?v=wYcSuMaHC-k,True,False,False,False,False
9,2025 Food City 500,2025-04-13,PVUfltDPjtY,Hamlin vs. Gibbs: Recap and Reaction from New Hampshire | 2025 NASCAR Cup Series,NASCAR,2025-09-21T22:08:03Z,58298,302,122,PT7M40S,https://youtube.com/watch?v=PVUfltDPjtY,True,False,False,False,False
9,2025 Food City 500,2025-04-13,l3i3W8QKTsU,WATCH: Denny Hamlin Outduels William Byron at Michigan | 2025 NASCAR FireKeepers Casino 400,NASCAR,2025-06-08T22:19:10Z,16097,224,16,PT8M37S,https://youtube.com/watch?v=l3i3W8QKTsU,True,False,False,False,False
9,2025 Food City 500,2025-04-13,5b5Qt3VAZrU,2025 NASCAR Cup Series Championship Reaction. THE HEARTBREAK OF ALL-TIME,FireBall Hamlin,2025-11-03T01:11:21Z,12226,275,315,PT17M44S,https://youtube.com/watch?v=5b5Qt3VAZrU,False,False,False,False,False
9,2025 Food City 500,2025-04-13,kykqdL18-OU,Every Denny Hamlin win in 2025,Nascar24,2025-11-16T21:00:52Z,585,13,0,PT7M,https://youtube.com/watch?v=kykqdL18-OU,True,False,False,False,False
9,2025 Food City 500,2025-04-13,1fYXEvm3to0,Playoff Heartbreak at the Finish | 2025 NASCAR Radioactive from Charlotte,NASCAR,2025-10-07T22:00:04Z,33499,744,51,PT6M2S,https://youtube.com/watch?v=1fYXEvm3to0,False,False,False,False,False
9,2025 Food City 500,2025-04-13,TipP_iG0c74,Ross Chastain Answers the Internet | NASCAR,NASCAR,2025-12-30T21:00:41Z,26259,1310,74,PT5M21S,https://youtube.com/watch?v=TipP_iG0c74,False,False,False,False,True
9,2025 Food City 500,2025-04-13,5DH4F0tdewY,CHASTAIN WINNING INTERVIEW + BYRON POST RACE INTERVIEW - 2025 COCACOLA 600 - 2025 NASCAR CUP SERIES,SportsNewsCentral,2025-06-27T18:45:06Z,238,0,0,PT5M49S,https://youtube.com/watch?v=5DH4F0tdewY,False,False,False,False,True
9,2025 Food City 500,2025-04-13,1hUYa4asnOs,Dale Earnhardt Jr. Just DESTROYED Ross Chastain on Live TV!,NASCAR TODAY,2025-07-09T20:00:02Z,30755,146,30,PT13M13S,https://youtube.com/watch?v=1hUYa4asnOs,False,False,False,False,True
9,2025 Food City 500,2025-04-13,NrKCX_9gNYw,Daniel Suárez GOES OFF on Ross Chastain After WILD Vegas Finish!,NASCAR Insider,2026-03-17T16:46:12Z,515,11,7,PT9M52S,https://youtube.com/watch?v=NrKCX_9gNYw,False,False,False,False,True
9,2025 Food City 500,2025-04-13,TqYY4tZXfIE,Why Ross Chastain’s Approach Could Influence the Next Generation,NASCAR TODAY,2025-11-10T18:15:05Z,2081,22,0,PT8M4S,https://youtube.com/watch?v=TqYY4tZXfIE,False,False,False,False,True
9,2025 Food City 500,2025-04-13,b49PzC9kVtY,BACKWARD FINISH Decides Final Playoff Spot | 2025 NASCAR Cup Series at Charlotte,NASCAR,2025-10-05T23:13:10Z,54550,332,48,PT8M17S,https://youtube.com/watch?v=b49PzC9kVtY,False,False,False,False,False
9,2025 Food City 500,2025-04-13,BV4PsJmXu-Y,Ross Chastain Destroyed by NASCAR After Texas Finish — What the HELL Just Happened?!,NASCAR Insider,2025-05-06T16:00:28Z,4906,46,6,PT6M43S,https://youtube.com/watch?v=BV4PsJmXu-Y,False,False,False,False,True
9,2025 Food City 500,2025-04-13,DogYuyhg1F8,NASCAR at Charlotte Motor Speedway May 2025: Ross Chastain post-race,Cup Scene ,2025-05-26T13:07:18Z,1532,47,4,PT12M16S,https://youtube.com/watch?v=DogYuyhg1F8,False,False,False,False,True
9,2025 Food City 500,2025-04-13,VD-F7NgOAPM,Ross Chastain After His Incredible Comeback Win at Charlotte | NASCAR on Prime | Prime Video,Sports On Prime,2025-05-26T17:20:35Z,60324,1177,181,PT13M3S,https://youtube.com/watch?v=VD-F7NgOAPM,False,False,False,False,True
9,2025 Food City 500,2025-04-13,YISsxP9tCUM,Reddit Asks Brad Keselowski WILD Questions | NASCAR,NASCAR,2025-08-21T21:00:30Z,79125,3961,168,PT7M16S,https://youtube.com/watch?v=YISsxP9tCUM,False,False,False,True,False
9,2025 Food City 500,2025-04-13,78NwQZmqxz0,Final Laps: A WILD Bristol Finish | 2025 NASCAR Cup Series,NASCAR,2025-09-14T03:58:50Z,222659,975,130,PT5M12S,https://youtube.com/watch?v=78NwQZmqxz0,False,False,False,False,False
9,2025 Food City 500,2025-04-13,Hq1V6sDUnGs,Extended Highlights | 2025 NASCAR Cup Series from Iowa,NASCAR,2025-08-04T01:34:16Z,175870,2111,137,PT19M55S,https://youtube.com/watch?v=Hq1V6sDUnGs,False,False,False,False,False
9,2025 Food City 500,2025-04-13,hKsNXFB_8V4,NASCAR Cup Series 2025: Pennzoil 400 | EXTENDED HIGHLIGHTS | 3/16/25 | Motorsports on NBC,Motorsports on NBC,2025-03-16T23:54:59Z,150191,2662,143,PT16M46S,https://youtube.com/watch?v=hKsNXFB_8V4,False,False,False,False,False
9,2025 Food City 500,2025-04-13,peOrAd5ipF4,NASCAR Cup Series 2025: EchoPark Automotive GP | EXTENDED HIGHLIGHTS | 3/2/25 | Motorsports on NBC,Motorsports on NBC,2025-03-03T01:01:52Z,109346,1811,140,PT17M15S,https://youtube.com/watch?v=peOrAd5ipF4,False,False,False,False,False
9,2025 Food City 500,2025-04-13,6xDyB0-uLpY,NASCAR Cup Series 2025: Cook Out 400 | EXTENDED HIGHLIGHTS | 3/30/25 | Motorsports on NBC,Motorsports on NBC,2025-03-30T23:01:09Z,110539,1968,115,PT16M27S,https://youtube.com/watch?v=6xDyB0-uLpY,False,False,False,False,False
9,2025 Food City 500,2025-04-13,50X_h1q0LXI,Gateway Turns Up the Playoff Heat | 2025 NASCAR Cup Series Extended Highlights,NASCAR,2025-09-07T23:02:36Z,243284,3618,240,PT18M,https://youtube.com/watch?v=50X_h1q0LXI,False,False,False,False,False
9,2025 Food City 500,2025-04-13,83kRqoa7uHY,Brad Keselowski Injury | Jimmie Johnson Seeking Daytona History | Top 50 Drivers of 2025 Reaction,Eric Estepp,2025-12-22T15:40:01Z,52846,2821,267,PT13M6S,https://youtube.com/watch?v=83kRqoa7uHY,False,False,False,True,False
9,2025 Food City 500,2025-04-13,JpRqXvWF63I,NASCAR Cup Series 2025: All-Star Race | EXTENDED HIGHLIGHTS | 5/18/25 | Motorsports on NBC,Motorsports on NBC,2025-05-19T02:48:07Z,107467,1826,148,PT16M22S,https://youtube.com/watch?v=JpRqXvWF63I,False,False,False,False,False
9,2025 Food City 500,2025-04-13,Le_y1ap2Ct8,&#39;The car drives like s**t&#39; | NASCAR RADIOACTIVE from the 2025 All-Star Race,NASCAR,2025-05-20T21:43:50Z,35032,816,64,PT6M6S,https://youtube.com/watch?v=Le_y1ap2Ct8,False,False,False,False,False
10,2025 Jack Links 500,2025-04-27,YRqNFLkuh9Q,Todd Gilliland Crew Chief Chris Lawson on motivating a team in a tough season and what&#39;s next,Sky View Sports Roy J. Akers,2025-07-26T18:42:07Z,68,0,0,PT5M38S,https://youtube.com/watch?v=YRqNFLkuh9Q,False,False,True,False,False
10,2025 Jack Links 500,2025-04-27,1VkIwkAEqPg,Ryan Preece on Having the Best Car at the End; Todd Gilliland &amp; Josh Berry Have Great Runs,Frontstretch,2025-10-26T23:00:00Z,3318,54,3,PT4M39S,https://youtube.com/watch?v=1VkIwkAEqPg,False,False,True,False,False
10,2025 Jack Links 500,2025-04-27,Ce3gfON46Zk,NASCAR 25 | North Wilkesboro | Ford Mustang Dark Horse R | Front Row Motorsports | Todd Gilliland,PureGameplay Motorsport,2025-12-25T14:00:19Z,501,25,2,PT11M27S,https://youtube.com/watch?v=Ce3gfON46Zk,False,False,True,False,False
10,2025 Jack Links 500,2025-04-27,Fa2FiWKiiBc,"Todd Gilliland Talks Changes at Front Row, McDowell&#39;s Departure, New Teammates, and More!",Eric Estepp,2025-05-22T16:27:59Z,17254,1085,46,PT8M43S,https://youtube.com/watch?v=Fa2FiWKiiBc,False,False,True,False,False
10,2025 Jack Links 500,2025-04-27,Q2clHIifaNk,NASCAR 25 - #34 Todd Gilliland (Ford) - Gameplay (PS5 UHD) [4K60FPS],Throneful,2025-10-30T19:00:29Z,648,18,0,PT17M38S,https://youtube.com/watch?v=Q2clHIifaNk,False,False,True,False,False
10,2025 Jack Links 500,2025-04-27,rKBDulrtVGQ,Countdown to Daytona: Todd Gilliland,FOX8 WGHP,2025-02-12T19:42:23Z,182,2,0,PT8M37S,https://youtube.com/watch?v=rKBDulrtVGQ,False,False,True,False,False
10,2025 Jack Links 500,2025-04-27,v-kwi-xD40w,Todd Gilliland Clips For Edits All Years By smithdoit,NSCP by smithdoit  (ScenePacks),2025-11-01T21:49:13Z,188,11,2,PT5M50S,https://youtube.com/watch?v=v-kwi-xD40w,False,False,True,False,False
10,2025 Jack Links 500,2025-04-27,sqN561bgrWg,"High Cup Fury- Bubba Wallace, Who Do You Love /NASCAR drivers Todd Gilliland Crew Chief Chris Lawson",Sky View Sports Roy J. Akers,2025-08-07T09:44:05Z,10,0,0,PT11M2S,https://youtube.com/watch?v=sqN561bgrWg,False,False,True,False,False
10,2025 Jack Links 500,2025-04-27,BgTJtLE_M-M,"Todd Gilliland on qualifying at Darlington, being a leader at Front Row and his Ray Fox throwback",Nikolai P. Culp,2025-04-05T19:08:56Z,99,7,0,PT4M21S,https://youtube.com/watch?v=BgTJtLE_M-M,False,False,True,False,False
10,2025 Jack Links 500,2025-04-27,jwrAEeikBt0,How Do NASCAR Drivers Pee? | Todd Gilliland Reveals All,Rated Red,2025-02-12T20:08:32Z,3904,130,12,PT9M13S,https://youtube.com/watch?v=jwrAEeikBt0,False,False,True,False,False
10,2025 Jack Links 500,2025-04-27,Hgz5ZskUe68,Austin Hill &amp; Richard Childress Remember Kyle Busch After San Diego Win | NASCAR,NASCAR,2026-06-21T02:56:52Z,35090,668,65,PT5M45S,https://youtube.com/watch?v=Hgz5ZskUe68,False,True,False,False,False
10,2025 Jack Links 500,2025-04-27,-ZSfV1hsFEk,Every Austin Hill win in 2025,Nascar24,2025-12-06T21:00:00Z,193,7,0,PT7M35S,https://youtube.com/watch?v=-ZSfV1hsFEk,False,False,False,False,False
10,2025 Jack Links 500,2025-04-27,X7qxa43I8Bc,The Austin Hill Experience | Why Fans Are Fed Up,The Iceberg,2025-08-11T19:34:01Z,44839,1454,572,PT9M9S,https://youtube.com/watch?v=X7qxa43I8Bc,False,False,False,False,False
10,2025 Jack Links 500,2025-04-27,szQF_RtjpI8,RCR Keeps Embarrassing Themselves | Austin Hill Wrecks Aric Almirola REACTION,Eric Estepp,2025-07-27T06:25:16Z,114500,4466,998,PT13M,https://youtube.com/watch?v=szQF_RtjpI8,False,False,False,False,False
10,2025 Jack Links 500,2025-04-27,qUK_F0SHBhQ,&#39;Daytona has been so good to me&#39; – Austin Hill on his fourth win in five years 😮‍💨 NASCAR on FOX,NASCAR on FOX,2026-02-15T02:10:57Z,6110,94,11,PT7M42S,https://youtube.com/watch?v=qUK_F0SHBhQ,False,False,False,False,False
10,2025 Jack Links 500,2025-04-27,5yuTjIT2Fuk,Dale Earnhardt Jr. Just Said the UNTHINKABLE About Austin Hill!,NASCAR TODAY,2025-10-24T16:00:13Z,1290,10,3,PT9M41S,https://youtube.com/watch?v=5yuTjIT2Fuk,False,False,False,False,False
10,2025 Jack Links 500,2025-04-27,HAZbzV-TYhM,Austin Hill &amp; Jeb Burton post-race interviews from Talladega Superspeedway | NASCAR on FOX,NASCAR on FOX,2025-04-26T23:26:05Z,6621,75,26,PT4M41S,https://youtube.com/watch?v=HAZbzV-TYhM,False,False,False,False,False
10,2025 Jack Links 500,2025-04-27,tZHbVBdv1bM,NASCAR in PANIC! Shane van Gisbergen LASHES OUT at Austin Hill After BIG ONE Involving 11 Cars,NASCAR Nation Report,2026-06-22T01:10:05Z,4788,129,21,PT9M59S,https://youtube.com/watch?v=tZHbVBdv1bM,False,False,False,False,False
10,2025 Jack Links 500,2025-04-27,hOJko4r9OLc,Austin Hill Triggers Another Huge Crash | Zilisch Clashes With SVG | REACTION,Eric Estepp,2025-08-10T00:48:45Z,98737,3955,1193,PT16M26S,https://youtube.com/watch?v=hOJko4r9OLc,False,False,False,False,False
10,2025 Jack Links 500,2025-04-27,PiOELqviAzU,This. Is. Embarrassing. - Part 2 - Austin Hill Edition,Jesse King,2025-07-29T15:52:02Z,23835,708,204,PT7M32S,https://youtube.com/watch?v=PiOELqviAzU,False,False,False,False,False
10,2025 Jack Links 500,2025-04-27,-wS-Co9IJ4A,Last Laps: A Heavyweight Fight in Vegas | 2025 NASCAR Cup Series,NASCAR,2025-10-13T00:50:29Z,80381,675,67,PT7M49S,https://youtube.com/watch?v=-wS-Co9IJ4A,False,False,False,False,False
10,2025 Jack Links 500,2025-04-27,P3vUj_OERyQ,An Unbelievable End to the 2025 NASCAR Cup Series Season | Final Laps at Phoenix,NASCAR,2025-11-03T00:22:30Z,193452,1899,582,PT6M27S,https://youtube.com/watch?v=P3vUj_OERyQ,False,False,False,False,False
10,2025 Jack Links 500,2025-04-27,HomWvKNSSRA,So Close Again: Denny Hamlin Reacts to Another Championship Miss | 2025 NASCAR Cup Series,NASCAR,2025-11-03T01:08:56Z,53500,657,282,PT5M28S,https://youtube.com/watch?v=HomWvKNSSRA,True,False,False,False,False
10,2025 Jack Links 500,2025-04-27,xL5wsAdIWyo,The Final Battle: Hamlin vs. Larson for the Championship | NASCAR,NASCAR,2025-11-03T19:46:49Z,43879,940,104,PT5M46S,https://youtube.com/watch?v=xL5wsAdIWyo,True,False,False,False,False
10,2025 Jack Links 500,2025-04-27,3LE2_qaU5kg,Denny Hamlin&#39;s Emotional Reaction to 60th Career Win | 2025 NASCAR Cup Series at Las Vegas,NASCAR,2025-10-13T01:20:00Z,56334,1080,145,PT6M45S,https://youtube.com/watch?v=3LE2_qaU5kg,True,False,False,False,False
10,2025 Jack Links 500,2025-04-27,wYcSuMaHC-k,Missing Rings: Denny Hamlin 2025,The Iceberg,2025-11-05T23:21:21Z,18343,798,296,PT11M,https://youtube.com/watch?v=wYcSuMaHC-k,True,False,False,False,False
10,2025 Jack Links 500,2025-04-27,PVUfltDPjtY,Hamlin vs. Gibbs: Recap and Reaction from New Hampshire | 2025 NASCAR Cup Series,NASCAR,2025-09-21T22:08:03Z,58298,302,122,PT7M40S,https://youtube.com/watch?v=PVUfltDPjtY,True,False,False,False,False
10,2025 Jack Links 500,2025-04-27,l3i3W8QKTsU,WATCH: Denny Hamlin Outduels William Byron at Michigan | 2025 NASCAR FireKeepers Casino 400,NASCAR,2025-06-08T22:19:10Z,16097,224,16,PT8M37S,https://youtube.com/watch?v=l3i3W8QKTsU,True,False,False,False,False
10,2025 Jack Links 500,2025-04-27,5b5Qt3VAZrU,2025 NASCAR Cup Series Championship Reaction. THE HEARTBREAK OF ALL-TIME,FireBall Hamlin,2025-11-03T01:11:21Z,12226,275,315,PT17M44S,https://youtube.com/watch?v=5b5Qt3VAZrU,False,False,False,False,False
10,2025 Jack Links 500,2025-04-27,kykqdL18-OU,Every Denny Hamlin win in 2025,Nascar24,2025-11-16T21:00:52Z,585,13,0,PT7M,https://youtube.com/watch?v=kykqdL18-OU,True,False,False,False,False
10,2025 Jack Links 500,2025-04-27,1fYXEvm3to0,Playoff Heartbreak at the Finish | 2025 NASCAR Radioactive from Charlotte,NASCAR,2025-10-07T22:00:04Z,33497,744,51,PT6M2S,https://youtube.com/watch?v=1fYXEvm3to0,False,False,False,False,False
10,2025 Jack Links 500,2025-04-27,TipP_iG0c74,Ross Chastain Answers the Internet | NASCAR,NASCAR,2025-12-30T21:00:41Z,26259,1310,74,PT5M21S,https://youtube.com/watch?v=TipP_iG0c74,False,False,False,False,True
10,2025 Jack Links 500,2025-04-27,5DH4F0tdewY,CHASTAIN WINNING INTERVIEW + BYRON POST RACE INTERVIEW - 2025 COCACOLA 600 - 2025 NASCAR CUP SERIES,SportsNewsCentral,2025-06-27T18:45:06Z,238,0,0,PT5M49S,https://youtube.com/watch?v=5DH4F0tdewY,False,False,False,False,True
10,2025 Jack Links 500,2025-04-27,b49PzC9kVtY,BACKWARD FINISH Decides Final Playoff Spot | 2025 NASCAR Cup Series at Charlotte,NASCAR,2025-10-05T23:13:10Z,54550,332,48,PT8M17S,https://youtube.com/watch?v=b49PzC9kVtY,False,False,False,False,False
10,2025 Jack Links 500,2025-04-27,1hUYa4asnOs,Dale Earnhardt Jr. Just DESTROYED Ross Chastain on Live TV!,NASCAR TODAY,2025-07-09T20:00:02Z,30755,146,30,PT13M13S,https://youtube.com/watch?v=1hUYa4asnOs,False,False,False,False,True
10,2025 Jack Links 500,2025-04-27,TqYY4tZXfIE,Why Ross Chastain’s Approach Could Influence the Next Generation,NASCAR TODAY,2025-11-10T18:15:05Z,2081,22,0,PT8M4S,https://youtube.com/watch?v=TqYY4tZXfIE,False,False,False,False,True
10,2025 Jack Links 500,2025-04-27,HI2XOFCFWIA,From the Back to Victory Lane: Ross Chastain’s Wild Drive | 2025 NASCAR Coca-Cola 600,NASCAR,2025-05-26T04:55:59Z,44478,706,72,PT8M41S,https://youtube.com/watch?v=HI2XOFCFWIA,False,False,False,False,True
10,2025 Jack Links 500,2025-04-27,BV4PsJmXu-Y,Ross Chastain Destroyed by NASCAR After Texas Finish — What the HELL Just Happened?!,NASCAR Insider,2025-05-06T16:00:28Z,4906,46,6,PT6M43S,https://youtube.com/watch?v=BV4PsJmXu-Y,False,False,False,False,True
10,2025 Jack Links 500,2025-04-27,NrKCX_9gNYw,Daniel Suárez GOES OFF on Ross Chastain After WILD Vegas Finish!,NASCAR Insider,2026-03-17T16:46:12Z,515,11,7,PT9M52S,https://youtube.com/watch?v=NrKCX_9gNYw,False,False,False,False,True
10,2025 Jack Links 500,2025-04-27,Yl08L6Y0y3Y,2025 Coca-Cola 600 | NASCAR Official Extended Highlights,NASCAR,2025-05-26T03:36:47Z,460194,5589,360,PT15M41S,https://youtube.com/watch?v=Yl08L6Y0y3Y,False,False,False,False,False
10,2025 Jack Links 500,2025-04-27,YISsxP9tCUM,Reddit Asks Brad Keselowski WILD Questions | NASCAR,NASCAR,2025-08-21T21:00:30Z,79125,3961,168,PT7M16S,https://youtube.com/watch?v=YISsxP9tCUM,False,False,False,True,False
10,2025 Jack Links 500,2025-04-27,78NwQZmqxz0,Final Laps: A WILD Bristol Finish | 2025 NASCAR Cup Series,NASCAR,2025-09-14T03:58:50Z,222659,975,130,PT5M12S,https://youtube.com/watch?v=78NwQZmqxz0,False,False,False,False,False
10,2025 Jack Links 500,2025-04-27,Hq1V6sDUnGs,Extended Highlights | 2025 NASCAR Cup Series from Iowa,NASCAR,2025-08-04T01:34:16Z,175870,2111,137,PT19M55S,https://youtube.com/watch?v=Hq1V6sDUnGs,False,False,False,False,False
10,2025 Jack Links 500,2025-04-27,hKsNXFB_8V4,NASCAR Cup Series 2025: Pennzoil 400 | EXTENDED HIGHLIGHTS | 3/16/25 | Motorsports on NBC,Motorsports on NBC,2025-03-16T23:54:59Z,150191,2662,143,PT16M46S,https://youtube.com/watch?v=hKsNXFB_8V4,False,False,False,False,False
10,2025 Jack Links 500,2025-04-27,peOrAd5ipF4,NASCAR Cup Series 2025: EchoPark Automotive GP | EXTENDED HIGHLIGHTS | 3/2/25 | Motorsports on NBC,Motorsports on NBC,2025-03-03T01:01:52Z,109346,1811,140,PT17M15S,https://youtube.com/watch?v=peOrAd5ipF4,False,False,False,False,False
10,2025 Jack Links 500,2025-04-27,6xDyB0-uLpY,NASCAR Cup Series 2025: Cook Out 400 | EXTENDED HIGHLIGHTS | 3/30/25 | Motorsports on NBC,Motorsports on NBC,2025-03-30T23:01:09Z,110539,1968,115,PT16M27S,https://youtube.com/watch?v=6xDyB0-uLpY,False,False,False,False,False
10,2025 Jack Links 500,2025-04-27,50X_h1q0LXI,Gateway Turns Up the Playoff Heat | 2025 NASCAR Cup Series Extended Highlights,NASCAR,2025-09-07T23:02:36Z,243284,3618,240,PT18M,https://youtube.com/watch?v=50X_h1q0LXI,False,False,False,False,False
10,2025 Jack Links 500,2025-04-27,83kRqoa7uHY,Brad Keselowski Injury | Jimmie Johnson Seeking Daytona History | Top 50 Drivers of 2025 Reaction,Eric Estepp,2025-12-22T15:40:01Z,52846,2821,267,PT13M6S,https://youtube.com/watch?v=83kRqoa7uHY,False,False,False,True,False
10,2025 Jack Links 500,2025-04-27,JpRqXvWF63I,NASCAR Cup Series 2025: All-Star Race | EXTENDED HIGHLIGHTS | 5/18/25 | Motorsports on NBC,Motorsports on NBC,2025-05-19T02:48:07Z,107467,1826,148,PT16M22S,https://youtube.com/watch?v=JpRqXvWF63I,False,False,False,False,False
10,2025 Jack Links 500,2025-04-27,Le_y1ap2Ct8,&#39;The car drives like s**t&#39; | NASCAR RADIOACTIVE from the 2025 All-Star Race,NASCAR,2025-05-20T21:43:50Z,35032,816,64,PT6M6S,https://youtube.com/watch?v=Le_y1ap2Ct8,False,False,False,False,False
11,2025 Wurth 400 Presented by LIQUI MOLY,2025-05-04,v-kwi-xD40w,Todd Gilliland Clips For Edits All Years By smithdoit,NSCP by smithdoit  (ScenePacks),2025-11-01T21:49:13Z,188,11,2,PT5M50S,https://youtube.com/watch?v=v-kwi-xD40w,False,False,True,False,False
11,2025 Wurth 400 Presented by LIQUI MOLY,2025-05-04,jwrAEeikBt0,How Do NASCAR Drivers Pee? | Todd Gilliland Reveals All,Rated Red,2025-02-12T20:08:32Z,3904,130,12,PT9M13S,https://youtube.com/watch?v=jwrAEeikBt0,False,False,True,False,False
11,2025 Wurth 400 Presented by LIQUI MOLY,2025-05-04,rKBDulrtVGQ,Countdown to Daytona: Todd Gilliland,FOX8 WGHP,2025-02-12T19:42:23Z,182,2,0,PT8M37S,https://youtube.com/watch?v=rKBDulrtVGQ,False,False,True,False,False
11,2025 Wurth 400 Presented by LIQUI MOLY,2025-05-04,1VkIwkAEqPg,Ryan Preece on Having the Best Car at the End; Todd Gilliland &amp; Josh Berry Have Great Runs,Frontstretch,2025-10-26T23:00:00Z,3318,54,3,PT4M39S,https://youtube.com/watch?v=1VkIwkAEqPg,False,False,True,False,False
11,2025 Wurth 400 Presented by LIQUI MOLY,2025-05-04,BgTJtLE_M-M,"Todd Gilliland on qualifying at Darlington, being a leader at Front Row and his Ray Fox throwback",Nikolai P. Culp,2025-04-05T19:08:56Z,99,7,0,PT4M21S,https://youtube.com/watch?v=BgTJtLE_M-M,False,False,True,False,False
11,2025 Wurth 400 Presented by LIQUI MOLY,2025-05-04,-FiLN6JeJDw,Todd Gilliland 2025 Loves Diecast Review ,Halo Radiance,2025-12-17T13:04:17Z,43,1,0,PT4M45S,https://youtube.com/watch?v=-FiLN6JeJDw,False,False,True,False,False
11,2025 Wurth 400 Presented by LIQUI MOLY,2025-05-04,Fa2FiWKiiBc,"Todd Gilliland Talks Changes at Front Row, McDowell&#39;s Departure, New Teammates, and More!",Eric Estepp,2025-05-22T16:27:59Z,17254,1085,46,PT8M43S,https://youtube.com/watch?v=Fa2FiWKiiBc,False,False,True,False,False
11,2025 Wurth 400 Presented by LIQUI MOLY,2025-05-04,ZVQo5SYURG0,2025 TODD GILLILAND LOVE&#39;S FORD MUSTANG DIECASTBUFFET NASCAR DIECAST REVIEW 1/64,Diecastbuffet,2026-01-20T21:03:33Z,218,13,8,PT8M30S,https://youtube.com/watch?v=ZVQo5SYURG0,False,False,True,False,False
11,2025 Wurth 400 Presented by LIQUI MOLY,2025-05-04,Q2clHIifaNk,NASCAR 25 - #34 Todd Gilliland (Ford) - Gameplay (PS5 UHD) [4K60FPS],Throneful,2025-10-30T19:00:29Z,648,18,0,PT17M38S,https://youtube.com/watch?v=Q2clHIifaNk,False,False,True,False,False
11,2025 Wurth 400 Presented by LIQUI MOLY,2025-05-04,YRqNFLkuh9Q,Todd Gilliland Crew Chief Chris Lawson on motivating a team in a tough season and what&#39;s next,Sky View Sports Roy J. Akers,2025-07-26T18:42:07Z,68,0,0,PT5M38S,https://youtube.com/watch?v=YRqNFLkuh9Q,False,False,True,False,False
11,2025 Wurth 400 Presented by LIQUI MOLY,2025-05-04,Hgz5ZskUe68,Austin Hill &amp; Richard Childress Remember Kyle Busch After San Diego Win | NASCAR,NASCAR,2026-06-21T02:56:52Z,35090,668,65,PT5M45S,https://youtube.com/watch?v=Hgz5ZskUe68,False,True,False,False,False
11,2025 Wurth 400 Presented by LIQUI MOLY,2025-05-04,-ZSfV1hsFEk,Every Austin Hill win in 2025,Nascar24,2025-12-06T21:00:00Z,193,7,0,PT7M35S,https://youtube.com/watch?v=-ZSfV1hsFEk,False,False,False,False,False
11,2025 Wurth 400 Presented by LIQUI MOLY,2025-05-04,X7qxa43I8Bc,The Austin Hill Experience | Why Fans Are Fed Up,The Iceberg,2025-08-11T19:34:01Z,44839,1454,572,PT9M9S,https://youtube.com/watch?v=X7qxa43I8Bc,False,False,False,False,False
11,2025 Wurth 400 Presented by LIQUI MOLY,2025-05-04,szQF_RtjpI8,RCR Keeps Embarrassing Themselves | Austin Hill Wrecks Aric Almirola REACTION,Eric Estepp,2025-07-27T06:25:16Z,114500,4466,998,PT13M,https://youtube.com/watch?v=szQF_RtjpI8,False,False,False,False,False
11,2025 Wurth 400 Presented by LIQUI MOLY,2025-05-04,qUK_F0SHBhQ,&#39;Daytona has been so good to me&#39; – Austin Hill on his fourth win in five years 😮‍💨 NASCAR on FOX,NASCAR on FOX,2026-02-15T02:10:57Z,6110,94,11,PT7M42S,https://youtube.com/watch?v=qUK_F0SHBhQ,False,False,False,False,False
11,2025 Wurth 400 Presented by LIQUI MOLY,2025-05-04,5yuTjIT2Fuk,Dale Earnhardt Jr. Just Said the UNTHINKABLE About Austin Hill!,NASCAR TODAY,2025-10-24T16:00:13Z,1290,10,3,PT9M41S,https://youtube.com/watch?v=5yuTjIT2Fuk,False,False,False,False,False
11,2025 Wurth 400 Presented by LIQUI MOLY,2025-05-04,HAZbzV-TYhM,Austin Hill &amp; Jeb Burton post-race interviews from Talladega Superspeedway | NASCAR on FOX,NASCAR on FOX,2025-04-26T23:26:05Z,6621,75,26,PT4M41S,https://youtube.com/watch?v=HAZbzV-TYhM,False,False,False,False,False
11,2025 Wurth 400 Presented by LIQUI MOLY,2025-05-04,tZHbVBdv1bM,NASCAR in PANIC! Shane van Gisbergen LASHES OUT at Austin Hill After BIG ONE Involving 11 Cars,NASCAR Nation Report,2026-06-22T01:10:05Z,4788,129,21,PT9M59S,https://youtube.com/watch?v=tZHbVBdv1bM,False,False,False,False,False
11,2025 Wurth 400 Presented by LIQUI MOLY,2025-05-04,hOJko4r9OLc,Austin Hill Triggers Another Huge Crash | Zilisch Clashes With SVG | REACTION,Eric Estepp,2025-08-10T00:48:45Z,98737,3955,1193,PT16M26S,https://youtube.com/watch?v=hOJko4r9OLc,False,False,False,False,False
11,2025 Wurth 400 Presented by LIQUI MOLY,2025-05-04,PiOELqviAzU,This. Is. Embarrassing. - Part 2 - Austin Hill Edition,Jesse King,2025-07-29T15:52:02Z,23835,708,204,PT7M32S,https://youtube.com/watch?v=PiOELqviAzU,False,False,False,False,False
11,2025 Wurth 400 Presented by LIQUI MOLY,2025-05-04,-wS-Co9IJ4A,Last Laps: A Heavyweight Fight in Vegas | 2025 NASCAR Cup Series,NASCAR,2025-10-13T00:50:29Z,80381,675,67,PT7M49S,https://youtube.com/watch?v=-wS-Co9IJ4A,False,False,False,False,False
11,2025 Wurth 400 Presented by LIQUI MOLY,2025-05-04,P3vUj_OERyQ,An Unbelievable End to the 2025 NASCAR Cup Series Season | Final Laps at Phoenix,NASCAR,2025-11-03T00:22:30Z,193451,1899,582,PT6M27S,https://youtube.com/watch?v=P3vUj_OERyQ,False,False,False,False,False
11,2025 Wurth 400 Presented by LIQUI MOLY,2025-05-04,HomWvKNSSRA,So Close Again: Denny Hamlin Reacts to Another Championship Miss | 2025 NASCAR Cup Series,NASCAR,2025-11-03T01:08:56Z,53500,657,282,PT5M28S,https://youtube.com/watch?v=HomWvKNSSRA,True,False,False,False,False
11,2025 Wurth 400 Presented by LIQUI MOLY,2025-05-04,wYcSuMaHC-k,Missing Rings: Denny Hamlin 2025,The Iceberg,2025-11-05T23:21:21Z,18343,798,296,PT11M,https://youtube.com/watch?v=wYcSuMaHC-k,True,False,False,False,False
11,2025 Wurth 400 Presented by LIQUI MOLY,2025-05-04,5b5Qt3VAZrU,2025 NASCAR Cup Series Championship Reaction. THE HEARTBREAK OF ALL-TIME,FireBall Hamlin,2025-11-03T01:11:21Z,12225,275,315,PT17M44S,https://youtube.com/watch?v=5b5Qt3VAZrU,False,False,False,False,False
11,2025 Wurth 400 Presented by LIQUI MOLY,2025-05-04,xL5wsAdIWyo,The Final Battle: Hamlin vs. Larson for the Championship | NASCAR,NASCAR,2025-11-03T19:46:49Z,43880,940,104,PT5M46S,https://youtube.com/watch?v=xL5wsAdIWyo,True,False,False,False,False
11,2025 Wurth 400 Presented by LIQUI MOLY,2025-05-04,3LE2_qaU5kg,Denny Hamlin&#39;s Emotional Reaction to 60th Career Win | 2025 NASCAR Cup Series at Las Vegas,NASCAR,2025-10-13T01:20:00Z,56335,1080,145,PT6M45S,https://youtube.com/watch?v=3LE2_qaU5kg,True,False,False,False,False
11,2025 Wurth 400 Presented by LIQUI MOLY,2025-05-04,I6eNsDcjol8,2025 NASCAR Cup Series South Point 400 at Las Vegas Recation. DENNY HITS THE JACKPOT!,FireBall Hamlin,2025-10-13T02:05:27Z,2460,110,47,PT10M28S,https://youtube.com/watch?v=I6eNsDcjol8,False,False,False,False,False
11,2025 Wurth 400 Presented by LIQUI MOLY,2025-05-04,LPyxcH8aTgs,Hard Feelings in the Heartland | 2025 NASCAR Radioactive from Kansas,NASCAR,2025-09-30T21:46:58Z,74130,1479,89,PT6M33S,https://youtube.com/watch?v=LPyxcH8aTgs,False,False,False,False,False
11,2025 Wurth 400 Presented by LIQUI MOLY,2025-05-04,kykqdL18-OU,Every Denny Hamlin win in 2025,Nascar24,2025-11-16T21:00:52Z,585,13,0,PT7M,https://youtube.com/watch?v=kykqdL18-OU,True,False,False,False,False
11,2025 Wurth 400 Presented by LIQUI MOLY,2025-05-04,1fYXEvm3to0,Playoff Heartbreak at the Finish | 2025 NASCAR Radioactive from Charlotte,NASCAR,2025-10-07T22:00:04Z,33497,744,51,PT6M2S,https://youtube.com/watch?v=1fYXEvm3to0,False,False,False,False,False
11,2025 Wurth 400 Presented by LIQUI MOLY,2025-05-04,TipP_iG0c74,Ross Chastain Answers the Internet | NASCAR,NASCAR,2025-12-30T21:00:41Z,26259,1310,74,PT5M21S,https://youtube.com/watch?v=TipP_iG0c74,False,False,False,False,True
11,2025 Wurth 400 Presented by LIQUI MOLY,2025-05-04,5DH4F0tdewY,CHASTAIN WINNING INTERVIEW + BYRON POST RACE INTERVIEW - 2025 COCACOLA 600 - 2025 NASCAR CUP SERIES,SportsNewsCentral,2025-06-27T18:45:06Z,238,0,0,PT5M49S,https://youtube.com/watch?v=5DH4F0tdewY,False,False,False,False,True
11,2025 Wurth 400 Presented by LIQUI MOLY,2025-05-04,b49PzC9kVtY,BACKWARD FINISH Decides Final Playoff Spot | 2025 NASCAR Cup Series at Charlotte,NASCAR,2025-10-05T23:13:10Z,54550,332,48,PT8M17S,https://youtube.com/watch?v=b49PzC9kVtY,False,False,False,False,False
11,2025 Wurth 400 Presented by LIQUI MOLY,2025-05-04,1hUYa4asnOs,Dale Earnhardt Jr. Just DESTROYED Ross Chastain on Live TV!,NASCAR TODAY,2025-07-09T20:00:02Z,30755,146,30,PT13M13S,https://youtube.com/watch?v=1hUYa4asnOs,False,False,False,False,True
11,2025 Wurth 400 Presented by LIQUI MOLY,2025-05-04,TqYY4tZXfIE,Why Ross Chastain’s Approach Could Influence the Next Generation,NASCAR TODAY,2025-11-10T18:15:05Z,2081,22,0,PT8M4S,https://youtube.com/watch?v=TqYY4tZXfIE,False,False,False,False,True
11,2025 Wurth 400 Presented by LIQUI MOLY,2025-05-04,HI2XOFCFWIA,From the Back to Victory Lane: Ross Chastain’s Wild Drive | 2025 NASCAR Coca-Cola 600,NASCAR,2025-05-26T04:55:59Z,44478,706,72,PT8M41S,https://youtube.com/watch?v=HI2XOFCFWIA,False,False,False,False,True
11,2025 Wurth 400 Presented by LIQUI MOLY,2025-05-04,BV4PsJmXu-Y,Ross Chastain Destroyed by NASCAR After Texas Finish — What the HELL Just Happened?!,NASCAR Insider,2025-05-06T16:00:28Z,4906,46,6,PT6M43S,https://youtube.com/watch?v=BV4PsJmXu-Y,False,False,False,False,True
11,2025 Wurth 400 Presented by LIQUI MOLY,2025-05-04,NrKCX_9gNYw,Daniel Suárez GOES OFF on Ross Chastain After WILD Vegas Finish!,NASCAR Insider,2026-03-17T16:46:12Z,515,11,7,PT9M52S,https://youtube.com/watch?v=NrKCX_9gNYw,False,False,False,False,True
11,2025 Wurth 400 Presented by LIQUI MOLY,2025-05-04,Yl08L6Y0y3Y,2025 Coca-Cola 600 | NASCAR Official Extended Highlights,NASCAR,2025-05-26T03:36:47Z,460194,5589,360,PT15M41S,https://youtube.com/watch?v=Yl08L6Y0y3Y,False,False,False,False,False
11,2025 Wurth 400 Presented by LIQUI MOLY,2025-05-04,YISsxP9tCUM,Reddit Asks Brad Keselowski WILD Questions | NASCAR,NASCAR,2025-08-21T21:00:30Z,79125,3961,168,PT7M16S,https://youtube.com/watch?v=YISsxP9tCUM,False,False,False,True,False
11,2025 Wurth 400 Presented by LIQUI MOLY,2025-05-04,78NwQZmqxz0,Final Laps: A WILD Bristol Finish | 2025 NASCAR Cup Series,NASCAR,2025-09-14T03:58:50Z,222659,975,130,PT5M12S,https://youtube.com/watch?v=78NwQZmqxz0,False,False,False,False,False
11,2025 Wurth 400 Presented by LIQUI MOLY,2025-05-04,Hq1V6sDUnGs,Extended Highlights | 2025 NASCAR Cup Series from Iowa,NASCAR,2025-08-04T01:34:16Z,175870,2111,137,PT19M55S,https://youtube.com/watch?v=Hq1V6sDUnGs,False,False,False,False,False
11,2025 Wurth 400 Presented by LIQUI MOLY,2025-05-04,hKsNXFB_8V4,NASCAR Cup Series 2025: Pennzoil 400 | EXTENDED HIGHLIGHTS | 3/16/25 | Motorsports on NBC,Motorsports on NBC,2025-03-16T23:54:59Z,150191,2662,143,PT16M46S,https://youtube.com/watch?v=hKsNXFB_8V4,False,False,False,False,False
11,2025 Wurth 400 Presented by LIQUI MOLY,2025-05-04,peOrAd5ipF4,NASCAR Cup Series 2025: EchoPark Automotive GP | EXTENDED HIGHLIGHTS | 3/2/25 | Motorsports on NBC,Motorsports on NBC,2025-03-03T01:01:52Z,109346,1811,140,PT17M15S,https://youtube.com/watch?v=peOrAd5ipF4,False,False,False,False,False
11,2025 Wurth 400 Presented by LIQUI MOLY,2025-05-04,6xDyB0-uLpY,NASCAR Cup Series 2025: Cook Out 400 | EXTENDED HIGHLIGHTS | 3/30/25 | Motorsports on NBC,Motorsports on NBC,2025-03-30T23:01:09Z,110539,1968,115,PT16M27S,https://youtube.com/watch?v=6xDyB0-uLpY,False,False,False,False,False
11,2025 Wurth 400 Presented by LIQUI MOLY,2025-05-04,50X_h1q0LXI,Gateway Turns Up the Playoff Heat | 2025 NASCAR Cup Series Extended Highlights,NASCAR,2025-09-07T23:02:36Z,243284,3618,240,PT18M,https://youtube.com/watch?v=50X_h1q0LXI,False,False,False,False,False
11,2025 Wurth 400 Presented by LIQUI MOLY,2025-05-04,83kRqoa7uHY,Brad Keselowski Injury | Jimmie Johnson Seeking Daytona History | Top 50 Drivers of 2025 Reaction,Eric Estepp,2025-12-22T15:40:01Z,52846,2821,267,PT13M6S,https://youtube.com/watch?v=83kRqoa7uHY,False,False,False,True,False
11,2025 Wurth 400 Presented by LIQUI MOLY,2025-05-04,JpRqXvWF63I,NASCAR Cup Series 2025: All-Star Race | EXTENDED HIGHLIGHTS | 5/18/25 | Motorsports on NBC,Motorsports on NBC,2025-05-19T02:48:07Z,107467,1826,148,PT16M22S,https://youtube.com/watch?v=JpRqXvWF63I,False,False,False,False,False
11,2025 Wurth 400 Presented by LIQUI MOLY,2025-05-04,Le_y1ap2Ct8,&#39;The car drives like s**t&#39; | NASCAR RADIOACTIVE from the 2025 All-Star Race,NASCAR,2025-05-20T21:43:50Z,35032,816,64,PT6M6S,https://youtube.com/watch?v=Le_y1ap2Ct8,False,False,False,False,False
12,2025 AdventHealth 400,2025-05-11,v-kwi-xD40w,Todd Gilliland Clips For Edits All Years By smithdoit,NSCP by smithdoit  (ScenePacks),2025-11-01T21:49:13Z,188,11,2,PT5M50S,https://youtube.com/watch?v=v-kwi-xD40w,False,False,True,False,False
12,2025 AdventHealth 400,2025-05-11,jwrAEeikBt0,How Do NASCAR Drivers Pee? | Todd Gilliland Reveals All,Rated Red,2025-02-12T20:08:32Z,3904,130,12,PT9M13S,https://youtube.com/watch?v=jwrAEeikBt0,False,False,True,False,False
12,2025 AdventHealth 400,2025-05-11,rKBDulrtVGQ,Countdown to Daytona: Todd Gilliland,FOX8 WGHP,2025-02-12T19:42:23Z,182,2,0,PT8M37S,https://youtube.com/watch?v=rKBDulrtVGQ,False,False,True,False,False
12,2025 AdventHealth 400,2025-05-11,1VkIwkAEqPg,Ryan Preece on Having the Best Car at the End; Todd Gilliland &amp; Josh Berry Have Great Runs,Frontstretch,2025-10-26T23:00:00Z,3318,54,3,PT4M39S,https://youtube.com/watch?v=1VkIwkAEqPg,False,False,True,False,False
12,2025 AdventHealth 400,2025-05-11,BgTJtLE_M-M,"Todd Gilliland on qualifying at Darlington, being a leader at Front Row and his Ray Fox throwback",Nikolai P. Culp,2025-04-05T19:08:56Z,99,7,0,PT4M21S,https://youtube.com/watch?v=BgTJtLE_M-M,False,False,True,False,False
12,2025 AdventHealth 400,2025-05-11,-FiLN6JeJDw,Todd Gilliland 2025 Loves Diecast Review ,Halo Radiance,2025-12-17T13:04:17Z,43,1,0,PT4M45S,https://youtube.com/watch?v=-FiLN6JeJDw,False,False,True,False,False
12,2025 AdventHealth 400,2025-05-11,Fa2FiWKiiBc,"Todd Gilliland Talks Changes at Front Row, McDowell&#39;s Departure, New Teammates, and More!",Eric Estepp,2025-05-22T16:27:59Z,17254,1085,46,PT8M43S,https://youtube.com/watch?v=Fa2FiWKiiBc,False,False,True,False,False
12,2025 AdventHealth 400,2025-05-11,ZVQo5SYURG0,2025 TODD GILLILAND LOVE&#39;S FORD MUSTANG DIECASTBUFFET NASCAR DIECAST REVIEW 1/64,Diecastbuffet,2026-01-20T21:03:33Z,218,13,8,PT8M30S,https://youtube.com/watch?v=ZVQo5SYURG0,False,False,True,False,False
12,2025 AdventHealth 400,2025-05-11,Q2clHIifaNk,NASCAR 25 - #34 Todd Gilliland (Ford) - Gameplay (PS5 UHD) [4K60FPS],Throneful,2025-10-30T19:00:29Z,648,18,0,PT17M38S,https://youtube.com/watch?v=Q2clHIifaNk,False,False,True,False,False
12,2025 AdventHealth 400,2025-05-11,YRqNFLkuh9Q,Todd Gilliland Crew Chief Chris Lawson on motivating a team in a tough season and what&#39;s next,Sky View Sports Roy J. Akers,2025-07-26T18:42:07Z,68,0,0,PT5M38S,https://youtube.com/watch?v=YRqNFLkuh9Q,False,False,True,False,False
12,2025 AdventHealth 400,2025-05-11,Hgz5ZskUe68,Austin Hill &amp; Richard Childress Remember Kyle Busch After San Diego Win | NASCAR,NASCAR,2026-06-21T02:56:52Z,35090,668,65,PT5M45S,https://youtube.com/watch?v=Hgz5ZskUe68,False,True,False,False,False
12,2025 AdventHealth 400,2025-05-11,X7qxa43I8Bc,The Austin Hill Experience | Why Fans Are Fed Up,The Iceberg,2025-08-11T19:34:01Z,44839,1454,572,PT9M9S,https://youtube.com/watch?v=X7qxa43I8Bc,False,False,False,False,False
12,2025 AdventHealth 400,2025-05-11,-ZSfV1hsFEk,Every Austin Hill win in 2025,Nascar24,2025-12-06T21:00:00Z,193,7,0,PT7M35S,https://youtube.com/watch?v=-ZSfV1hsFEk,False,False,False,False,False
12,2025 AdventHealth 400,2025-05-11,szQF_RtjpI8,RCR Keeps Embarrassing Themselves | Austin Hill Wrecks Aric Almirola REACTION,Eric Estepp,2025-07-27T06:25:16Z,114500,4466,998,PT13M,https://youtube.com/watch?v=szQF_RtjpI8,False,False,False,False,False
12,2025 AdventHealth 400,2025-05-11,tMQ73hmRziQ,NASCAR at the Autodromo Hermanos Rodriguez June 2025: Austin Hill pre-race,Cup Scene ,2025-06-13T17:24:55Z,140,6,0,PT10M7S,https://youtube.com/watch?v=tMQ73hmRziQ,False,False,False,False,False
12,2025 AdventHealth 400,2025-05-11,qUK_F0SHBhQ,&#39;Daytona has been so good to me&#39; – Austin Hill on his fourth win in five years 😮‍💨 NASCAR on FOX,NASCAR on FOX,2026-02-15T02:10:57Z,6110,94,11,PT7M42S,https://youtube.com/watch?v=qUK_F0SHBhQ,False,False,False,False,False
12,2025 AdventHealth 400,2025-05-11,AIS2ZGR3YUA,Austin Hill is Inevitable at Talladega - NASCAR Xfinity Series Behind the Scenes,Peter Stratta,2025-10-22T02:00:10Z,99,1,1,PT5M48S,https://youtube.com/watch?v=AIS2ZGR3YUA,False,False,False,False,False
12,2025 AdventHealth 400,2025-05-11,2ajG8FX_hUI,Austin Hill Talladega October 2025 Win Full Press Conference,Peter Stratta,2025-10-21T01:16:42Z,173,1,0,PT9M59S,https://youtube.com/watch?v=2ajG8FX_hUI,False,False,False,False,False
12,2025 AdventHealth 400,2025-05-11,z9xuWRsHpyc,Austin Hill FULL Martinsville Post-Race Press Conference,Peter Stratta,2025-03-31T02:19:23Z,205,7,2,PT15M44S,https://youtube.com/watch?v=z9xuWRsHpyc,False,False,False,False,False
12,2025 AdventHealth 400,2025-05-11,-ExtN-eIN70,NASCAR at EchoPark Speedway June 2025: Austin Hill pre-race,Cup Scene ,2025-06-27T19:51:24Z,239,4,1,PT13M8S,https://youtube.com/watch?v=-ExtN-eIN70,False,False,False,False,False
12,2025 AdventHealth 400,2025-05-11,-wS-Co9IJ4A,Last Laps: A Heavyweight Fight in Vegas | 2025 NASCAR Cup Series,NASCAR,2025-10-13T00:50:29Z,80382,675,67,PT7M49S,https://youtube.com/watch?v=-wS-Co9IJ4A,False,False,False,False,False
12,2025 AdventHealth 400,2025-05-11,P3vUj_OERyQ,An Unbelievable End to the 2025 NASCAR Cup Series Season | Final Laps at Phoenix,NASCAR,2025-11-03T00:22:30Z,193455,1899,582,PT6M27S,https://youtube.com/watch?v=P3vUj_OERyQ,False,False,False,False,False
12,2025 AdventHealth 400,2025-05-11,HomWvKNSSRA,So Close Again: Denny Hamlin Reacts to Another Championship Miss | 2025 NASCAR Cup Series,NASCAR,2025-11-03T01:08:56Z,53500,657,282,PT5M28S,https://youtube.com/watch?v=HomWvKNSSRA,True,False,False,False,False
12,2025 AdventHealth 400,2025-05-11,xL5wsAdIWyo,The Final Battle: Hamlin vs. Larson for the Championship | NASCAR,NASCAR,2025-11-03T19:46:49Z,43882,940,104,PT5M46S,https://youtube.com/watch?v=xL5wsAdIWyo,True,False,False,False,False
12,2025 AdventHealth 400,2025-05-11,3LE2_qaU5kg,Denny Hamlin&#39;s Emotional Reaction to 60th Career Win | 2025 NASCAR Cup Series at Las Vegas,NASCAR,2025-10-13T01:20:00Z,56332,1080,145,PT6M45S,https://youtube.com/watch?v=3LE2_qaU5kg,True,False,False,False,False
12,2025 AdventHealth 400,2025-05-11,wYcSuMaHC-k,Missing Rings: Denny Hamlin 2025,The Iceberg,2025-11-05T23:21:21Z,18343,798,296,PT11M,https://youtube.com/watch?v=wYcSuMaHC-k,True,False,False,False,False
12,2025 AdventHealth 400,2025-05-11,PVUfltDPjtY,Hamlin vs. Gibbs: Recap and Reaction from New Hampshire | 2025 NASCAR Cup Series,NASCAR,2025-09-21T22:08:03Z,58298,302,122,PT7M40S,https://youtube.com/watch?v=PVUfltDPjtY,True,False,False,False,False
12,2025 AdventHealth 400,2025-05-11,l3i3W8QKTsU,WATCH: Denny Hamlin Outduels William Byron at Michigan | 2025 NASCAR FireKeepers Casino 400,NASCAR,2025-06-08T22:19:10Z,16097,224,16,PT8M37S,https://youtube.com/watch?v=l3i3W8QKTsU,True,False,False,False,False
12,2025 AdventHealth 400,2025-05-11,5b5Qt3VAZrU,2025 NASCAR Cup Series Championship Reaction. THE HEARTBREAK OF ALL-TIME,FireBall Hamlin,2025-11-03T01:11:21Z,12225,275,315,PT17M44S,https://youtube.com/watch?v=5b5Qt3VAZrU,False,False,False,False,False
12,2025 AdventHealth 400,2025-05-11,kykqdL18-OU,Every Denny Hamlin win in 2025,Nascar24,2025-11-16T21:00:52Z,585,13,0,PT7M,https://youtube.com/watch?v=kykqdL18-OU,True,False,False,False,False
12,2025 AdventHealth 400,2025-05-11,1fYXEvm3to0,Playoff Heartbreak at the Finish | 2025 NASCAR Radioactive from Charlotte,NASCAR,2025-10-07T22:00:04Z,33499,744,51,PT6M2S,https://youtube.com/watch?v=1fYXEvm3to0,False,False,False,False,False
12,2025 AdventHealth 400,2025-05-11,TipP_iG0c74,Ross Chastain Answers the Internet | NASCAR,NASCAR,2025-12-30T21:00:41Z,26259,1310,74,PT5M21S,https://youtube.com/watch?v=TipP_iG0c74,False,False,False,False,True
12,2025 AdventHealth 400,2025-05-11,5DH4F0tdewY,CHASTAIN WINNING INTERVIEW + BYRON POST RACE INTERVIEW - 2025 COCACOLA 600 - 2025 NASCAR CUP SERIES,SportsNewsCentral,2025-06-27T18:45:06Z,238,0,0,PT5M49S,https://youtube.com/watch?v=5DH4F0tdewY,False,False,False,False,True
12,2025 AdventHealth 400,2025-05-11,b49PzC9kVtY,BACKWARD FINISH Decides Final Playoff Spot | 2025 NASCAR Cup Series at Charlotte,NASCAR,2025-10-05T23:13:10Z,54550,332,48,PT8M17S,https://youtube.com/watch?v=b49PzC9kVtY,False,False,False,False,False
12,2025 AdventHealth 400,2025-05-11,TqYY4tZXfIE,Why Ross Chastain’s Approach Could Influence the Next Generation,NASCAR TODAY,2025-11-10T18:15:05Z,2081,22,0,PT8M4S,https://youtube.com/watch?v=TqYY4tZXfIE,False,False,False,False,True
12,2025 AdventHealth 400,2025-05-11,1hUYa4asnOs,Dale Earnhardt Jr. Just DESTROYED Ross Chastain on Live TV!,NASCAR TODAY,2025-07-09T20:00:02Z,30755,146,30,PT13M13S,https://youtube.com/watch?v=1hUYa4asnOs,False,False,False,False,True
12,2025 AdventHealth 400,2025-05-11,BV4PsJmXu-Y,Ross Chastain Destroyed by NASCAR After Texas Finish — What the HELL Just Happened?!,NASCAR Insider,2025-05-06T16:00:28Z,4906,46,6,PT6M43S,https://youtube.com/watch?v=BV4PsJmXu-Y,False,False,False,False,True
12,2025 AdventHealth 400,2025-05-11,NrKCX_9gNYw,Daniel Suárez GOES OFF on Ross Chastain After WILD Vegas Finish!,NASCAR Insider,2026-03-17T16:46:12Z,515,11,7,PT9M52S,https://youtube.com/watch?v=NrKCX_9gNYw,False,False,False,False,True
12,2025 AdventHealth 400,2025-05-11,DogYuyhg1F8,NASCAR at Charlotte Motor Speedway May 2025: Ross Chastain post-race,Cup Scene ,2025-05-26T13:07:18Z,1532,47,4,PT12M16S,https://youtube.com/watch?v=DogYuyhg1F8,False,False,False,False,True
12,2025 AdventHealth 400,2025-05-11,Yl08L6Y0y3Y,2025 Coca-Cola 600 | NASCAR Official Extended Highlights,NASCAR,2025-05-26T03:36:47Z,460195,5589,360,PT15M41S,https://youtube.com/watch?v=Yl08L6Y0y3Y,False,False,False,False,False
12,2025 AdventHealth 400,2025-05-11,YISsxP9tCUM,Reddit Asks Brad Keselowski WILD Questions | NASCAR,NASCAR,2025-08-21T21:00:30Z,79127,3961,168,PT7M16S,https://youtube.com/watch?v=YISsxP9tCUM,False,False,False,True,False
12,2025 AdventHealth 400,2025-05-11,78NwQZmqxz0,Final Laps: A WILD Bristol Finish | 2025 NASCAR Cup Series,NASCAR,2025-09-14T03:58:50Z,222659,975,130,PT5M12S,https://youtube.com/watch?v=78NwQZmqxz0,False,False,False,False,False
12,2025 AdventHealth 400,2025-05-11,Hq1V6sDUnGs,Extended Highlights | 2025 NASCAR Cup Series from Iowa,NASCAR,2025-08-04T01:34:16Z,175870,2111,137,PT19M55S,https://youtube.com/watch?v=Hq1V6sDUnGs,False,False,False,False,False
12,2025 AdventHealth 400,2025-05-11,hKsNXFB_8V4,NASCAR Cup Series 2025: Pennzoil 400 | EXTENDED HIGHLIGHTS | 3/16/25 | Motorsports on NBC,Motorsports on NBC,2025-03-16T23:54:59Z,150191,2662,143,PT16M46S,https://youtube.com/watch?v=hKsNXFB_8V4,False,False,False,False,False
12,2025 AdventHealth 400,2025-05-11,peOrAd5ipF4,NASCAR Cup Series 2025: EchoPark Automotive GP | EXTENDED HIGHLIGHTS | 3/2/25 | Motorsports on NBC,Motorsports on NBC,2025-03-03T01:01:52Z,109346,1811,140,PT17M15S,https://youtube.com/watch?v=peOrAd5ipF4,False,False,False,False,False
12,2025 AdventHealth 400,2025-05-11,6xDyB0-uLpY,NASCAR Cup Series 2025: Cook Out 400 | EXTENDED HIGHLIGHTS | 3/30/25 | Motorsports on NBC,Motorsports on NBC,2025-03-30T23:01:09Z,110539,1968,115,PT16M27S,https://youtube.com/watch?v=6xDyB0-uLpY,False,False,False,False,False
12,2025 AdventHealth 400,2025-05-11,50X_h1q0LXI,Gateway Turns Up the Playoff Heat | 2025 NASCAR Cup Series Extended Highlights,NASCAR,2025-09-07T23:02:36Z,243284,3618,240,PT18M,https://youtube.com/watch?v=50X_h1q0LXI,False,False,False,False,False
12,2025 AdventHealth 400,2025-05-11,83kRqoa7uHY,Brad Keselowski Injury | Jimmie Johnson Seeking Daytona History | Top 50 Drivers of 2025 Reaction,Eric Estepp,2025-12-22T15:40:01Z,52846,2821,267,PT13M6S,https://youtube.com/watch?v=83kRqoa7uHY,False,False,False,True,False
12,2025 AdventHealth 400,2025-05-11,JpRqXvWF63I,NASCAR Cup Series 2025: All-Star Race | EXTENDED HIGHLIGHTS | 5/18/25 | Motorsports on NBC,Motorsports on NBC,2025-05-19T02:48:07Z,107467,1826,148,PT16M22S,https://youtube.com/watch?v=JpRqXvWF63I,False,False,False,False,False
12,2025 AdventHealth 400,2025-05-11,Le_y1ap2Ct8,&#39;The car drives like s**t&#39; | NASCAR RADIOACTIVE from the 2025 All-Star Race,NASCAR,2025-05-20T21:43:50Z,35032,816,64,PT6M6S,https://youtube.com/watch?v=Le_y1ap2Ct8,False,False,False,False,False
13,2025 Coca-Cola 600,2025-05-25,v-kwi-xD40w,Todd Gilliland Clips For Edits All Years By smithdoit,NSCP by smithdoit  (ScenePacks),2025-11-01T21:49:13Z,188,11,2,PT5M50S,https://youtube.com/watch?v=v-kwi-xD40w,False,False,True,False,False
13,2025 Coca-Cola 600,2025-05-25,jwrAEeikBt0,How Do NASCAR Drivers Pee? | Todd Gilliland Reveals All,Rated Red,2025-02-12T20:08:32Z,3904,130,12,PT9M13S,https://youtube.com/watch?v=jwrAEeikBt0,False,False,True,False,False
13,2025 Coca-Cola 600,2025-05-25,rKBDulrtVGQ,Countdown to Daytona: Todd Gilliland,FOX8 WGHP,2025-02-12T19:42:23Z,182,2,0,PT8M37S,https://youtube.com/watch?v=rKBDulrtVGQ,False,False,True,False,False
13,2025 Coca-Cola 600,2025-05-25,1VkIwkAEqPg,Ryan Preece on Having the Best Car at the End; Todd Gilliland &amp; Josh Berry Have Great Runs,Frontstretch,2025-10-26T23:00:00Z,3318,54,3,PT4M39S,https://youtube.com/watch?v=1VkIwkAEqPg,False,False,True,False,False
13,2025 Coca-Cola 600,2025-05-25,BgTJtLE_M-M,"Todd Gilliland on qualifying at Darlington, being a leader at Front Row and his Ray Fox throwback",Nikolai P. Culp,2025-04-05T19:08:56Z,99,7,0,PT4M21S,https://youtube.com/watch?v=BgTJtLE_M-M,False,False,True,False,False
13,2025 Coca-Cola 600,2025-05-25,Fa2FiWKiiBc,"Todd Gilliland Talks Changes at Front Row, McDowell&#39;s Departure, New Teammates, and More!",Eric Estepp,2025-05-22T16:27:59Z,17254,1085,46,PT8M43S,https://youtube.com/watch?v=Fa2FiWKiiBc,False,False,True,False,False
13,2025 Coca-Cola 600,2025-05-25,-FiLN6JeJDw,Todd Gilliland 2025 Loves Diecast Review ,Halo Radiance,2025-12-17T13:04:17Z,43,1,0,PT4M45S,https://youtube.com/watch?v=-FiLN6JeJDw,False,False,True,False,False
13,2025 Coca-Cola 600,2025-05-25,ZVQo5SYURG0,2025 TODD GILLILAND LOVE&#39;S FORD MUSTANG DIECASTBUFFET NASCAR DIECAST REVIEW 1/64,Diecastbuffet,2026-01-20T21:03:33Z,218,13,8,PT8M30S,https://youtube.com/watch?v=ZVQo5SYURG0,False,False,True,False,False
13,2025 Coca-Cola 600,2025-05-25,Q2clHIifaNk,NASCAR 25 - #34 Todd Gilliland (Ford) - Gameplay (PS5 UHD) [4K60FPS],Throneful,2025-10-30T19:00:29Z,648,18,0,PT17M38S,https://youtube.com/watch?v=Q2clHIifaNk,False,False,True,False,False
13,2025 Coca-Cola 600,2025-05-25,YRqNFLkuh9Q,Todd Gilliland Crew Chief Chris Lawson on motivating a team in a tough season and what&#39;s next,Sky View Sports Roy J. Akers,2025-07-26T18:42:07Z,68,0,0,PT5M38S,https://youtube.com/watch?v=YRqNFLkuh9Q,False,False,True,False,False
13,2025 Coca-Cola 600,2025-05-25,-ZSfV1hsFEk,Every Austin Hill win in 2025,Nascar24,2025-12-06T21:00:00Z,193,7,0,PT7M35S,https://youtube.com/watch?v=-ZSfV1hsFEk,False,False,False,False,False
13,2025 Coca-Cola 600,2025-05-25,X7qxa43I8Bc,The Austin Hill Experience | Why Fans Are Fed Up,The Iceberg,2025-08-11T19:34:01Z,44839,1454,572,PT9M9S,https://youtube.com/watch?v=X7qxa43I8Bc,False,False,False,False,False
13,2025 Coca-Cola 600,2025-05-25,qUK_F0SHBhQ,&#39;Daytona has been so good to me&#39; – Austin Hill on his fourth win in five years 😮‍💨 NASCAR on FOX,NASCAR on FOX,2026-02-15T02:10:57Z,6110,94,11,PT7M42S,https://youtube.com/watch?v=qUK_F0SHBhQ,False,False,False,False,False
13,2025 Coca-Cola 600,2025-05-25,szQF_RtjpI8,RCR Keeps Embarrassing Themselves | Austin Hill Wrecks Aric Almirola REACTION,Eric Estepp,2025-07-27T06:25:16Z,114500,4466,998,PT13M,https://youtube.com/watch?v=szQF_RtjpI8,False,False,False,False,False
13,2025 Coca-Cola 600,2025-05-25,5yuTjIT2Fuk,Dale Earnhardt Jr. Just Said the UNTHINKABLE About Austin Hill!,NASCAR TODAY,2025-10-24T16:00:13Z,1290,10,3,PT9M41S,https://youtube.com/watch?v=5yuTjIT2Fuk,False,False,False,False,False
13,2025 Coca-Cola 600,2025-05-25,HAZbzV-TYhM,Austin Hill &amp; Jeb Burton post-race interviews from Talladega Superspeedway | NASCAR on FOX,NASCAR on FOX,2025-04-26T23:26:05Z,6621,75,26,PT4M41S,https://youtube.com/watch?v=HAZbzV-TYhM,False,False,False,False,False
13,2025 Coca-Cola 600,2025-05-25,hOJko4r9OLc,Austin Hill Triggers Another Huge Crash | Zilisch Clashes With SVG | REACTION,Eric Estepp,2025-08-10T00:48:45Z,98737,3955,1193,PT16M26S,https://youtube.com/watch?v=hOJko4r9OLc,False,False,False,False,False
13,2025 Coca-Cola 600,2025-05-25,PiOELqviAzU,This. Is. Embarrassing. - Part 2 - Austin Hill Edition,Jesse King,2025-07-29T15:52:02Z,23835,708,204,PT7M32S,https://youtube.com/watch?v=PiOELqviAzU,False,False,False,False,False
13,2025 Coca-Cola 600,2025-05-25,21ERvrZOsIE,Austin Hill Wins Stage 1 - 2025 NASCAR Xfinity Series United Rentals 250 at Talladega ,Big Willy at the Track ,2025-12-22T14:00:04Z,27,0,0,PT4M36S,https://youtube.com/watch?v=21ERvrZOsIE,False,False,False,False,False
13,2025 Coca-Cola 600,2025-05-25,y_Z2K57gCnM,"NASCAR&#39;s biggest and wildest crashes of Cup, Xfinity, Truck Series 2025 seasons | Motorsports on NBC",Motorsports on NBC,2025-11-12T21:19:07Z,41954,693,61,PT16M55S,https://youtube.com/watch?v=y_Z2K57gCnM,False,False,False,False,False
13,2025 Coca-Cola 600,2025-05-25,P3vUj_OERyQ,An Unbelievable End to the 2025 NASCAR Cup Series Season | Final Laps at Phoenix,NASCAR,2025-11-03T00:22:30Z,193455,1899,582,PT6M27S,https://youtube.com/watch?v=P3vUj_OERyQ,False,False,False,False,False
13,2025 Coca-Cola 600,2025-05-25,-wS-Co9IJ4A,Last Laps: A Heavyweight Fight in Vegas | 2025 NASCAR Cup Series,NASCAR,2025-10-13T00:50:29Z,80382,675,67,PT7M49S,https://youtube.com/watch?v=-wS-Co9IJ4A,False,False,False,False,False
13,2025 Coca-Cola 600,2025-05-25,HomWvKNSSRA,So Close Again: Denny Hamlin Reacts to Another Championship Miss | 2025 NASCAR Cup Series,NASCAR,2025-11-03T01:08:56Z,53500,657,282,PT5M28S,https://youtube.com/watch?v=HomWvKNSSRA,True,False,False,False,False
13,2025 Coca-Cola 600,2025-05-25,3LE2_qaU5kg,Denny Hamlin&#39;s Emotional Reaction to 60th Career Win | 2025 NASCAR Cup Series at Las Vegas,NASCAR,2025-10-13T01:20:00Z,56332,1080,145,PT6M45S,https://youtube.com/watch?v=3LE2_qaU5kg,True,False,False,False,False
13,2025 Coca-Cola 600,2025-05-25,xL5wsAdIWyo,The Final Battle: Hamlin vs. Larson for the Championship | NASCAR,NASCAR,2025-11-03T19:46:49Z,43882,940,104,PT5M46S,https://youtube.com/watch?v=xL5wsAdIWyo,True,False,False,False,False
13,2025 Coca-Cola 600,2025-05-25,l3i3W8QKTsU,WATCH: Denny Hamlin Outduels William Byron at Michigan | 2025 NASCAR FireKeepers Casino 400,NASCAR,2025-06-08T22:19:10Z,16097,224,16,PT8M37S,https://youtube.com/watch?v=l3i3W8QKTsU,True,False,False,False,False
13,2025 Coca-Cola 600,2025-05-25,wYcSuMaHC-k,Missing Rings: Denny Hamlin 2025,The Iceberg,2025-11-05T23:21:21Z,18343,798,296,PT11M,https://youtube.com/watch?v=wYcSuMaHC-k,True,False,False,False,False
13,2025 Coca-Cola 600,2025-05-25,sfGJZXlHkm8,"NASCAR at Phoenix Nov. 2025: Denny Hamlin, William Byron, Chase Briscoe post race",Cup Scene ,2025-11-03T02:31:39Z,27604,388,166,PT16M46S,https://youtube.com/watch?v=sfGJZXlHkm8,True,False,False,False,False
13,2025 Coca-Cola 600,2025-05-25,8QGHyIYqeKE,Denny Hamlin Reacts to Taming the Monster Mile | 2025 NASCAR Cup Series at Dover,NASCAR,2025-07-20T23:16:05Z,16511,215,35,PT5M51S,https://youtube.com/watch?v=8QGHyIYqeKE,True,False,False,False,False
13,2025 Coca-Cola 600,2025-05-25,7TetAUpAaqc,Denny Hamlin Wants ALL THE BOOS after 59th Win | 2025 NASCAR Cup Series at Gateway,NASCAR,2025-09-07T23:06:53Z,38579,269,64,PT6M54S,https://youtube.com/watch?v=7TetAUpAaqc,True,False,False,False,False
13,2025 Coca-Cola 600,2025-05-25,1fYXEvm3to0,Playoff Heartbreak at the Finish | 2025 NASCAR Radioactive from Charlotte,NASCAR,2025-10-07T22:00:04Z,33496,744,51,PT6M2S,https://youtube.com/watch?v=1fYXEvm3to0,False,False,False,False,False
13,2025 Coca-Cola 600,2025-05-25,TipP_iG0c74,Ross Chastain Answers the Internet | NASCAR,NASCAR,2025-12-30T21:00:41Z,26260,1310,74,PT5M21S,https://youtube.com/watch?v=TipP_iG0c74,False,False,False,False,True
13,2025 Coca-Cola 600,2025-05-25,5DH4F0tdewY,CHASTAIN WINNING INTERVIEW + BYRON POST RACE INTERVIEW - 2025 COCACOLA 600 - 2025 NASCAR CUP SERIES,SportsNewsCentral,2025-06-27T18:45:06Z,238,0,0,PT5M49S,https://youtube.com/watch?v=5DH4F0tdewY,False,False,False,False,True
13,2025 Coca-Cola 600,2025-05-25,b49PzC9kVtY,BACKWARD FINISH Decides Final Playoff Spot | 2025 NASCAR Cup Series at Charlotte,NASCAR,2025-10-05T23:13:10Z,54550,332,48,PT8M17S,https://youtube.com/watch?v=b49PzC9kVtY,False,False,False,False,False
13,2025 Coca-Cola 600,2025-05-25,1hUYa4asnOs,Dale Earnhardt Jr. Just DESTROYED Ross Chastain on Live TV!,NASCAR TODAY,2025-07-09T20:00:02Z,30755,146,30,PT13M13S,https://youtube.com/watch?v=1hUYa4asnOs,False,False,False,False,True
13,2025 Coca-Cola 600,2025-05-25,TqYY4tZXfIE,Why Ross Chastain’s Approach Could Influence the Next Generation,NASCAR TODAY,2025-11-10T18:15:05Z,2081,22,0,PT8M4S,https://youtube.com/watch?v=TqYY4tZXfIE,False,False,False,False,True
13,2025 Coca-Cola 600,2025-05-25,HI2XOFCFWIA,From the Back to Victory Lane: Ross Chastain’s Wild Drive | 2025 NASCAR Coca-Cola 600,NASCAR,2025-05-26T04:55:59Z,44478,706,72,PT8M41S,https://youtube.com/watch?v=HI2XOFCFWIA,False,False,False,False,True
13,2025 Coca-Cola 600,2025-05-25,BV4PsJmXu-Y,Ross Chastain Destroyed by NASCAR After Texas Finish — What the HELL Just Happened?!,NASCAR Insider,2025-05-06T16:00:28Z,4906,46,6,PT6M43S,https://youtube.com/watch?v=BV4PsJmXu-Y,False,False,False,False,True
13,2025 Coca-Cola 600,2025-05-25,NrKCX_9gNYw,Daniel Suárez GOES OFF on Ross Chastain After WILD Vegas Finish!,NASCAR Insider,2026-03-17T16:46:12Z,515,11,7,PT9M52S,https://youtube.com/watch?v=NrKCX_9gNYw,False,False,False,False,True
13,2025 Coca-Cola 600,2025-05-25,Yl08L6Y0y3Y,2025 Coca-Cola 600 | NASCAR Official Extended Highlights,NASCAR,2025-05-26T03:36:47Z,460195,5589,360,PT15M41S,https://youtube.com/watch?v=Yl08L6Y0y3Y,False,False,False,False,False
13,2025 Coca-Cola 600,2025-05-25,YISsxP9tCUM,Reddit Asks Brad Keselowski WILD Questions | NASCAR,NASCAR,2025-08-21T21:00:30Z,79127,3961,168,PT7M16S,https://youtube.com/watch?v=YISsxP9tCUM,False,False,False,True,False
13,2025 Coca-Cola 600,2025-05-25,78NwQZmqxz0,Final Laps: A WILD Bristol Finish | 2025 NASCAR Cup Series,NASCAR,2025-09-14T03:58:50Z,222659,975,130,PT5M12S,https://youtube.com/watch?v=78NwQZmqxz0,False,False,False,False,False
13,2025 Coca-Cola 600,2025-05-25,Hq1V6sDUnGs,Extended Highlights | 2025 NASCAR Cup Series from Iowa,NASCAR,2025-08-04T01:34:16Z,175870,2111,137,PT19M55S,https://youtube.com/watch?v=Hq1V6sDUnGs,False,False,False,False,False
13,2025 Coca-Cola 600,2025-05-25,hKsNXFB_8V4,NASCAR Cup Series 2025: Pennzoil 400 | EXTENDED HIGHLIGHTS | 3/16/25 | Motorsports on NBC,Motorsports on NBC,2025-03-16T23:54:59Z,150191,2662,143,PT16M46S,https://youtube.com/watch?v=hKsNXFB_8V4,False,False,False,False,False
13,2025 Coca-Cola 600,2025-05-25,peOrAd5ipF4,NASCAR Cup Series 2025: EchoPark Automotive GP | EXTENDED HIGHLIGHTS | 3/2/25 | Motorsports on NBC,Motorsports on NBC,2025-03-03T01:01:52Z,109346,1811,140,PT17M15S,https://youtube.com/watch?v=peOrAd5ipF4,False,False,False,False,False
13,2025 Coca-Cola 600,2025-05-25,6xDyB0-uLpY,NASCAR Cup Series 2025: Cook Out 400 | EXTENDED HIGHLIGHTS | 3/30/25 | Motorsports on NBC,Motorsports on NBC,2025-03-30T23:01:09Z,110539,1968,115,PT16M27S,https://youtube.com/watch?v=6xDyB0-uLpY,False,False,False,False,False
13,2025 Coca-Cola 600,2025-05-25,50X_h1q0LXI,Gateway Turns Up the Playoff Heat | 2025 NASCAR Cup Series Extended Highlights,NASCAR,2025-09-07T23:02:36Z,243284,3618,240,PT18M,https://youtube.com/watch?v=50X_h1q0LXI,False,False,False,False,False
13,2025 Coca-Cola 600,2025-05-25,83kRqoa7uHY,Brad Keselowski Injury | Jimmie Johnson Seeking Daytona History | Top 50 Drivers of 2025 Reaction,Eric Estepp,2025-12-22T15:40:01Z,52846,2821,267,PT13M6S,https://youtube.com/watch?v=83kRqoa7uHY,False,False,False,True,False
13,2025 Coca-Cola 600,2025-05-25,JpRqXvWF63I,NASCAR Cup Series 2025: All-Star Race | EXTENDED HIGHLIGHTS | 5/18/25 | Motorsports on NBC,Motorsports on NBC,2025-05-19T02:48:07Z,107467,1826,148,PT16M22S,https://youtube.com/watch?v=JpRqXvWF63I,False,False,False,False,False
13,2025 Coca-Cola 600,2025-05-25,Le_y1ap2Ct8,&#39;The car drives like s**t&#39; | NASCAR RADIOACTIVE from the 2025 All-Star Race,NASCAR,2025-05-20T21:43:50Z,35032,816,64,PT6M6S,https://youtube.com/watch?v=Le_y1ap2Ct8,False,False,False,False,False
14,2025 Cracker Barrel 400,2025-06-01,v-kwi-xD40w,Todd Gilliland Clips For Edits All Years By smithdoit,NSCP by smithdoit  (ScenePacks),2025-11-01T21:49:13Z,188,11,2,PT5M50S,https://youtube.com/watch?v=v-kwi-xD40w,False,False,True,False,False
14,2025 Cracker Barrel 400,2025-06-01,jwrAEeikBt0,How Do NASCAR Drivers Pee? | Todd Gilliland Reveals All,Rated Red,2025-02-12T20:08:32Z,3904,130,12,PT9M13S,https://youtube.com/watch?v=jwrAEeikBt0,False,False,True,False,False
14,2025 Cracker Barrel 400,2025-06-01,rKBDulrtVGQ,Countdown to Daytona: Todd Gilliland,FOX8 WGHP,2025-02-12T19:42:23Z,182,2,0,PT8M37S,https://youtube.com/watch?v=rKBDulrtVGQ,False,False,True,False,False
14,2025 Cracker Barrel 400,2025-06-01,1VkIwkAEqPg,Ryan Preece on Having the Best Car at the End; Todd Gilliland &amp; Josh Berry Have Great Runs,Frontstretch,2025-10-26T23:00:00Z,3318,54,3,PT4M39S,https://youtube.com/watch?v=1VkIwkAEqPg,False,False,True,False,False
14,2025 Cracker Barrel 400,2025-06-01,BgTJtLE_M-M,"Todd Gilliland on qualifying at Darlington, being a leader at Front Row and his Ray Fox throwback",Nikolai P. Culp,2025-04-05T19:08:56Z,99,7,0,PT4M21S,https://youtube.com/watch?v=BgTJtLE_M-M,False,False,True,False,False
14,2025 Cracker Barrel 400,2025-06-01,-FiLN6JeJDw,Todd Gilliland 2025 Loves Diecast Review ,Halo Radiance,2025-12-17T13:04:17Z,43,1,0,PT4M45S,https://youtube.com/watch?v=-FiLN6JeJDw,False,False,True,False,False
14,2025 Cracker Barrel 400,2025-06-01,Fa2FiWKiiBc,"Todd Gilliland Talks Changes at Front Row, McDowell&#39;s Departure, New Teammates, and More!",Eric Estepp,2025-05-22T16:27:59Z,17254,1085,46,PT8M43S,https://youtube.com/watch?v=Fa2FiWKiiBc,False,False,True,False,False
14,2025 Cracker Barrel 400,2025-06-01,ZVQo5SYURG0,2025 TODD GILLILAND LOVE&#39;S FORD MUSTANG DIECASTBUFFET NASCAR DIECAST REVIEW 1/64,Diecastbuffet,2026-01-20T21:03:33Z,218,13,8,PT8M30S,https://youtube.com/watch?v=ZVQo5SYURG0,False,False,True,False,False
14,2025 Cracker Barrel 400,2025-06-01,Q2clHIifaNk,NASCAR 25 - #34 Todd Gilliland (Ford) - Gameplay (PS5 UHD) [4K60FPS],Throneful,2025-10-30T19:00:29Z,648,18,0,PT17M38S,https://youtube.com/watch?v=Q2clHIifaNk,False,False,True,False,False
14,2025 Cracker Barrel 400,2025-06-01,YRqNFLkuh9Q,Todd Gilliland Crew Chief Chris Lawson on motivating a team in a tough season and what&#39;s next,Sky View Sports Roy J. Akers,2025-07-26T18:42:07Z,68,0,0,PT5M38S,https://youtube.com/watch?v=YRqNFLkuh9Q,False,False,True,False,False
14,2025 Cracker Barrel 400,2025-06-01,Hgz5ZskUe68,Austin Hill &amp; Richard Childress Remember Kyle Busch After San Diego Win | NASCAR,NASCAR,2026-06-21T02:56:52Z,35090,668,65,PT5M45S,https://youtube.com/watch?v=Hgz5ZskUe68,False,True,False,False,False
14,2025 Cracker Barrel 400,2025-06-01,-ZSfV1hsFEk,Every Austin Hill win in 2025,Nascar24,2025-12-06T21:00:00Z,193,7,0,PT7M35S,https://youtube.com/watch?v=-ZSfV1hsFEk,False,False,False,False,False
14,2025 Cracker Barrel 400,2025-06-01,X7qxa43I8Bc,The Austin Hill Experience | Why Fans Are Fed Up,The Iceberg,2025-08-11T19:34:01Z,44839,1454,572,PT9M9S,https://youtube.com/watch?v=X7qxa43I8Bc,False,False,False,False,False
14,2025 Cracker Barrel 400,2025-06-01,szQF_RtjpI8,RCR Keeps Embarrassing Themselves | Austin Hill Wrecks Aric Almirola REACTION,Eric Estepp,2025-07-27T06:25:16Z,114500,4466,998,PT13M,https://youtube.com/watch?v=szQF_RtjpI8,False,False,False,False,False
14,2025 Cracker Barrel 400,2025-06-01,qUK_F0SHBhQ,&#39;Daytona has been so good to me&#39; – Austin Hill on his fourth win in five years 😮‍💨 NASCAR on FOX,NASCAR on FOX,2026-02-15T02:10:57Z,6110,94,11,PT7M42S,https://youtube.com/watch?v=qUK_F0SHBhQ,False,False,False,False,False
14,2025 Cracker Barrel 400,2025-06-01,5yuTjIT2Fuk,Dale Earnhardt Jr. Just Said the UNTHINKABLE About Austin Hill!,NASCAR TODAY,2025-10-24T16:00:13Z,1290,10,3,PT9M41S,https://youtube.com/watch?v=5yuTjIT2Fuk,False,False,False,False,False
14,2025 Cracker Barrel 400,2025-06-01,HAZbzV-TYhM,Austin Hill &amp; Jeb Burton post-race interviews from Talladega Superspeedway | NASCAR on FOX,NASCAR on FOX,2025-04-26T23:26:05Z,6621,75,26,PT4M41S,https://youtube.com/watch?v=HAZbzV-TYhM,False,False,False,False,False
14,2025 Cracker Barrel 400,2025-06-01,tZHbVBdv1bM,NASCAR in PANIC! Shane van Gisbergen LASHES OUT at Austin Hill After BIG ONE Involving 11 Cars,NASCAR Nation Report,2026-06-22T01:10:05Z,4788,129,21,PT9M59S,https://youtube.com/watch?v=tZHbVBdv1bM,False,False,False,False,False
14,2025 Cracker Barrel 400,2025-06-01,hOJko4r9OLc,Austin Hill Triggers Another Huge Crash | Zilisch Clashes With SVG | REACTION,Eric Estepp,2025-08-10T00:48:45Z,98737,3955,1193,PT16M26S,https://youtube.com/watch?v=hOJko4r9OLc,False,False,False,False,False
14,2025 Cracker Barrel 400,2025-06-01,PiOELqviAzU,This. Is. Embarrassing. - Part 2 - Austin Hill Edition,Jesse King,2025-07-29T15:52:02Z,23835,708,204,PT7M32S,https://youtube.com/watch?v=PiOELqviAzU,False,False,False,False,False
14,2025 Cracker Barrel 400,2025-06-01,-wS-Co9IJ4A,Last Laps: A Heavyweight Fight in Vegas | 2025 NASCAR Cup Series,NASCAR,2025-10-13T00:50:29Z,80381,675,67,PT7M49S,https://youtube.com/watch?v=-wS-Co9IJ4A,False,False,False,False,False
14,2025 Cracker Barrel 400,2025-06-01,P3vUj_OERyQ,An Unbelievable End to the 2025 NASCAR Cup Series Season | Final Laps at Phoenix,NASCAR,2025-11-03T00:22:30Z,193451,1899,582,PT6M27S,https://youtube.com/watch?v=P3vUj_OERyQ,False,False,False,False,False
14,2025 Cracker Barrel 400,2025-06-01,HomWvKNSSRA,So Close Again: Denny Hamlin Reacts to Another Championship Miss | 2025 NASCAR Cup Series,NASCAR,2025-11-03T01:08:56Z,53500,657,282,PT5M28S,https://youtube.com/watch?v=HomWvKNSSRA,True,False,False,False,False
14,2025 Cracker Barrel 400,2025-06-01,xL5wsAdIWyo,The Final Battle: Hamlin vs. Larson for the Championship | NASCAR,NASCAR,2025-11-03T19:46:49Z,43880,940,104,PT5M46S,https://youtube.com/watch?v=xL5wsAdIWyo,True,False,False,False,False
14,2025 Cracker Barrel 400,2025-06-01,3LE2_qaU5kg,Denny Hamlin&#39;s Emotional Reaction to 60th Career Win | 2025 NASCAR Cup Series at Las Vegas,NASCAR,2025-10-13T01:20:00Z,56335,1080,145,PT6M45S,https://youtube.com/watch?v=3LE2_qaU5kg,True,False,False,False,False
14,2025 Cracker Barrel 400,2025-06-01,PVUfltDPjtY,Hamlin vs. Gibbs: Recap and Reaction from New Hampshire | 2025 NASCAR Cup Series,NASCAR,2025-09-21T22:08:03Z,58298,302,122,PT7M40S,https://youtube.com/watch?v=PVUfltDPjtY,True,False,False,False,False
14,2025 Cracker Barrel 400,2025-06-01,wYcSuMaHC-k,Missing Rings: Denny Hamlin 2025,The Iceberg,2025-11-05T23:21:21Z,18343,798,296,PT11M,https://youtube.com/watch?v=wYcSuMaHC-k,True,False,False,False,False
14,2025 Cracker Barrel 400,2025-06-01,l3i3W8QKTsU,WATCH: Denny Hamlin Outduels William Byron at Michigan | 2025 NASCAR FireKeepers Casino 400,NASCAR,2025-06-08T22:19:10Z,16097,224,16,PT8M37S,https://youtube.com/watch?v=l3i3W8QKTsU,True,False,False,False,False
14,2025 Cracker Barrel 400,2025-06-01,5b5Qt3VAZrU,2025 NASCAR Cup Series Championship Reaction. THE HEARTBREAK OF ALL-TIME,FireBall Hamlin,2025-11-03T01:11:21Z,12225,275,315,PT17M44S,https://youtube.com/watch?v=5b5Qt3VAZrU,False,False,False,False,False
14,2025 Cracker Barrel 400,2025-06-01,kykqdL18-OU,Every Denny Hamlin win in 2025,Nascar24,2025-11-16T21:00:52Z,585,13,0,PT7M,https://youtube.com/watch?v=kykqdL18-OU,True,False,False,False,False
14,2025 Cracker Barrel 400,2025-06-01,1fYXEvm3to0,Playoff Heartbreak at the Finish | 2025 NASCAR Radioactive from Charlotte,NASCAR,2025-10-07T22:00:04Z,33496,744,51,PT6M2S,https://youtube.com/watch?v=1fYXEvm3to0,False,False,False,False,False
14,2025 Cracker Barrel 400,2025-06-01,TipP_iG0c74,Ross Chastain Answers the Internet | NASCAR,NASCAR,2025-12-30T21:00:41Z,26260,1310,74,PT5M21S,https://youtube.com/watch?v=TipP_iG0c74,False,False,False,False,True
14,2025 Cracker Barrel 400,2025-06-01,5DH4F0tdewY,CHASTAIN WINNING INTERVIEW + BYRON POST RACE INTERVIEW - 2025 COCACOLA 600 - 2025 NASCAR CUP SERIES,SportsNewsCentral,2025-06-27T18:45:06Z,238,0,0,PT5M49S,https://youtube.com/watch?v=5DH4F0tdewY,False,False,False,False,True
14,2025 Cracker Barrel 400,2025-06-01,b49PzC9kVtY,BACKWARD FINISH Decides Final Playoff Spot | 2025 NASCAR Cup Series at Charlotte,NASCAR,2025-10-05T23:13:10Z,54550,332,48,PT8M17S,https://youtube.com/watch?v=b49PzC9kVtY,False,False,False,False,False
14,2025 Cracker Barrel 400,2025-06-01,1hUYa4asnOs,Dale Earnhardt Jr. Just DESTROYED Ross Chastain on Live TV!,NASCAR TODAY,2025-07-09T20:00:02Z,30755,146,30,PT13M13S,https://youtube.com/watch?v=1hUYa4asnOs,False,False,False,False,True
14,2025 Cracker Barrel 400,2025-06-01,TqYY4tZXfIE,Why Ross Chastain’s Approach Could Influence the Next Generation,NASCAR TODAY,2025-11-10T18:15:05Z,2081,22,0,PT8M4S,https://youtube.com/watch?v=TqYY4tZXfIE,False,False,False,False,True
14,2025 Cracker Barrel 400,2025-06-01,HI2XOFCFWIA,From the Back to Victory Lane: Ross Chastain’s Wild Drive | 2025 NASCAR Coca-Cola 600,NASCAR,2025-05-26T04:55:59Z,44478,706,72,PT8M41S,https://youtube.com/watch?v=HI2XOFCFWIA,False,False,False,False,True
14,2025 Cracker Barrel 400,2025-06-01,BV4PsJmXu-Y,Ross Chastain Destroyed by NASCAR After Texas Finish — What the HELL Just Happened?!,NASCAR Insider,2025-05-06T16:00:28Z,4906,46,6,PT6M43S,https://youtube.com/watch?v=BV4PsJmXu-Y,False,False,False,False,True
14,2025 Cracker Barrel 400,2025-06-01,NrKCX_9gNYw,Daniel Suárez GOES OFF on Ross Chastain After WILD Vegas Finish!,NASCAR Insider,2026-03-17T16:46:12Z,515,11,7,PT9M52S,https://youtube.com/watch?v=NrKCX_9gNYw,False,False,False,False,True
14,2025 Cracker Barrel 400,2025-06-01,Yl08L6Y0y3Y,2025 Coca-Cola 600 | NASCAR Official Extended Highlights,NASCAR,2025-05-26T03:36:47Z,460195,5589,360,PT15M41S,https://youtube.com/watch?v=Yl08L6Y0y3Y,False,False,False,False,False
14,2025 Cracker Barrel 400,2025-06-01,YISsxP9tCUM,Reddit Asks Brad Keselowski WILD Questions | NASCAR,NASCAR,2025-08-21T21:00:30Z,79125,3961,168,PT7M16S,https://youtube.com/watch?v=YISsxP9tCUM,False,False,False,True,False
14,2025 Cracker Barrel 400,2025-06-01,78NwQZmqxz0,Final Laps: A WILD Bristol Finish | 2025 NASCAR Cup Series,NASCAR,2025-09-14T03:58:50Z,222659,975,130,PT5M12S,https://youtube.com/watch?v=78NwQZmqxz0,False,False,False,False,False
14,2025 Cracker Barrel 400,2025-06-01,Hq1V6sDUnGs,Extended Highlights | 2025 NASCAR Cup Series from Iowa,NASCAR,2025-08-04T01:34:16Z,175870,2111,137,PT19M55S,https://youtube.com/watch?v=Hq1V6sDUnGs,False,False,False,False,False
14,2025 Cracker Barrel 400,2025-06-01,hKsNXFB_8V4,NASCAR Cup Series 2025: Pennzoil 400 | EXTENDED HIGHLIGHTS | 3/16/25 | Motorsports on NBC,Motorsports on NBC,2025-03-16T23:54:59Z,150191,2662,143,PT16M46S,https://youtube.com/watch?v=hKsNXFB_8V4,False,False,False,False,False
14,2025 Cracker Barrel 400,2025-06-01,peOrAd5ipF4,NASCAR Cup Series 2025: EchoPark Automotive GP | EXTENDED HIGHLIGHTS | 3/2/25 | Motorsports on NBC,Motorsports on NBC,2025-03-03T01:01:52Z,109346,1811,140,PT17M15S,https://youtube.com/watch?v=peOrAd5ipF4,False,False,False,False,False
14,2025 Cracker Barrel 400,2025-06-01,6xDyB0-uLpY,NASCAR Cup Series 2025: Cook Out 400 | EXTENDED HIGHLIGHTS | 3/30/25 | Motorsports on NBC,Motorsports on NBC,2025-03-30T23:01:09Z,110539,1968,115,PT16M27S,https://youtube.com/watch?v=6xDyB0-uLpY,False,False,False,False,False
14,2025 Cracker Barrel 400,2025-06-01,50X_h1q0LXI,Gateway Turns Up the Playoff Heat | 2025 NASCAR Cup Series Extended Highlights,NASCAR,2025-09-07T23:02:36Z,243284,3618,240,PT18M,https://youtube.com/watch?v=50X_h1q0LXI,False,False,False,False,False
14,2025 Cracker Barrel 400,2025-06-01,83kRqoa7uHY,Brad Keselowski Injury | Jimmie Johnson Seeking Daytona History | Top 50 Drivers of 2025 Reaction,Eric Estepp,2025-12-22T15:40:01Z,52846,2821,267,PT13M6S,https://youtube.com/watch?v=83kRqoa7uHY,False,False,False,True,False
14,2025 Cracker Barrel 400,2025-06-01,JpRqXvWF63I,NASCAR Cup Series 2025: All-Star Race | EXTENDED HIGHLIGHTS | 5/18/25 | Motorsports on NBC,Motorsports on NBC,2025-05-19T02:48:07Z,107467,1826,148,PT16M22S,https://youtube.com/watch?v=JpRqXvWF63I,False,False,False,False,False
14,2025 Cracker Barrel 400,2025-06-01,Le_y1ap2Ct8,&#39;The car drives like s**t&#39; | NASCAR RADIOACTIVE from the 2025 All-Star Race,NASCAR,2025-05-20T21:43:50Z,35032,816,64,PT6M6S,https://youtube.com/watch?v=Le_y1ap2Ct8,False,False,False,False,False
15,2025 Firekeepers Casino 400,2025-06-08,v-kwi-xD40w,Todd Gilliland Clips For Edits All Years By smithdoit,NSCP by smithdoit  (ScenePacks),2025-11-01T21:49:13Z,188,11,2,PT5M50S,https://youtube.com/watch?v=v-kwi-xD40w,False,False,True,False,False
15,2025 Firekeepers Casino 400,2025-06-08,jwrAEeikBt0,How Do NASCAR Drivers Pee? | Todd Gilliland Reveals All,Rated Red,2025-02-12T20:08:32Z,3904,130,12,PT9M13S,https://youtube.com/watch?v=jwrAEeikBt0,False,False,True,False,False
15,2025 Firekeepers Casino 400,2025-06-08,rKBDulrtVGQ,Countdown to Daytona: Todd Gilliland,FOX8 WGHP,2025-02-12T19:42:23Z,182,2,0,PT8M37S,https://youtube.com/watch?v=rKBDulrtVGQ,False,False,True,False,False
15,2025 Firekeepers Casino 400,2025-06-08,1VkIwkAEqPg,Ryan Preece on Having the Best Car at the End; Todd Gilliland &amp; Josh Berry Have Great Runs,Frontstretch,2025-10-26T23:00:00Z,3318,54,3,PT4M39S,https://youtube.com/watch?v=1VkIwkAEqPg,False,False,True,False,False
15,2025 Firekeepers Casino 400,2025-06-08,BgTJtLE_M-M,"Todd Gilliland on qualifying at Darlington, being a leader at Front Row and his Ray Fox throwback",Nikolai P. Culp,2025-04-05T19:08:56Z,99,7,0,PT4M21S,https://youtube.com/watch?v=BgTJtLE_M-M,False,False,True,False,False
15,2025 Firekeepers Casino 400,2025-06-08,-FiLN6JeJDw,Todd Gilliland 2025 Loves Diecast Review ,Halo Radiance,2025-12-17T13:04:17Z,43,1,0,PT4M45S,https://youtube.com/watch?v=-FiLN6JeJDw,False,False,True,False,False
15,2025 Firekeepers Casino 400,2025-06-08,Fa2FiWKiiBc,"Todd Gilliland Talks Changes at Front Row, McDowell&#39;s Departure, New Teammates, and More!",Eric Estepp,2025-05-22T16:27:59Z,17254,1085,46,PT8M43S,https://youtube.com/watch?v=Fa2FiWKiiBc,False,False,True,False,False
15,2025 Firekeepers Casino 400,2025-06-08,ZVQo5SYURG0,2025 TODD GILLILAND LOVE&#39;S FORD MUSTANG DIECASTBUFFET NASCAR DIECAST REVIEW 1/64,Diecastbuffet,2026-01-20T21:03:33Z,218,13,8,PT8M30S,https://youtube.com/watch?v=ZVQo5SYURG0,False,False,True,False,False
15,2025 Firekeepers Casino 400,2025-06-08,Q2clHIifaNk,NASCAR 25 - #34 Todd Gilliland (Ford) - Gameplay (PS5 UHD) [4K60FPS],Throneful,2025-10-30T19:00:29Z,648,18,0,PT17M38S,https://youtube.com/watch?v=Q2clHIifaNk,False,False,True,False,False
15,2025 Firekeepers Casino 400,2025-06-08,YRqNFLkuh9Q,Todd Gilliland Crew Chief Chris Lawson on motivating a team in a tough season and what&#39;s next,Sky View Sports Roy J. Akers,2025-07-26T18:42:07Z,68,0,0,PT5M38S,https://youtube.com/watch?v=YRqNFLkuh9Q,False,False,True,False,False
15,2025 Firekeepers Casino 400,2025-06-08,Hgz5ZskUe68,Austin Hill &amp; Richard Childress Remember Kyle Busch After San Diego Win | NASCAR,NASCAR,2026-06-21T02:56:52Z,35090,668,65,PT5M45S,https://youtube.com/watch?v=Hgz5ZskUe68,False,True,False,False,False
15,2025 Firekeepers Casino 400,2025-06-08,-ZSfV1hsFEk,Every Austin Hill win in 2025,Nascar24,2025-12-06T21:00:00Z,193,7,0,PT7M35S,https://youtube.com/watch?v=-ZSfV1hsFEk,False,False,False,False,False
15,2025 Firekeepers Casino 400,2025-06-08,X7qxa43I8Bc,The Austin Hill Experience | Why Fans Are Fed Up,The Iceberg,2025-08-11T19:34:01Z,44839,1454,572,PT9M9S,https://youtube.com/watch?v=X7qxa43I8Bc,False,False,False,False,False
15,2025 Firekeepers Casino 400,2025-06-08,szQF_RtjpI8,RCR Keeps Embarrassing Themselves | Austin Hill Wrecks Aric Almirola REACTION,Eric Estepp,2025-07-27T06:25:16Z,114500,4466,998,PT13M,https://youtube.com/watch?v=szQF_RtjpI8,False,False,False,False,False
15,2025 Firekeepers Casino 400,2025-06-08,qUK_F0SHBhQ,&#39;Daytona has been so good to me&#39; – Austin Hill on his fourth win in five years 😮‍💨 NASCAR on FOX,NASCAR on FOX,2026-02-15T02:10:57Z,6110,94,11,PT7M42S,https://youtube.com/watch?v=qUK_F0SHBhQ,False,False,False,False,False
15,2025 Firekeepers Casino 400,2025-06-08,5yuTjIT2Fuk,Dale Earnhardt Jr. Just Said the UNTHINKABLE About Austin Hill!,NASCAR TODAY,2025-10-24T16:00:13Z,1290,10,3,PT9M41S,https://youtube.com/watch?v=5yuTjIT2Fuk,False,False,False,False,False
15,2025 Firekeepers Casino 400,2025-06-08,HAZbzV-TYhM,Austin Hill &amp; Jeb Burton post-race interviews from Talladega Superspeedway | NASCAR on FOX,NASCAR on FOX,2025-04-26T23:26:05Z,6621,75,26,PT4M41S,https://youtube.com/watch?v=HAZbzV-TYhM,False,False,False,False,False
15,2025 Firekeepers Casino 400,2025-06-08,tZHbVBdv1bM,NASCAR in PANIC! Shane van Gisbergen LASHES OUT at Austin Hill After BIG ONE Involving 11 Cars,NASCAR Nation Report,2026-06-22T01:10:05Z,4788,129,21,PT9M59S,https://youtube.com/watch?v=tZHbVBdv1bM,False,False,False,False,False
15,2025 Firekeepers Casino 400,2025-06-08,hOJko4r9OLc,Austin Hill Triggers Another Huge Crash | Zilisch Clashes With SVG | REACTION,Eric Estepp,2025-08-10T00:48:45Z,98737,3955,1193,PT16M26S,https://youtube.com/watch?v=hOJko4r9OLc,False,False,False,False,False
15,2025 Firekeepers Casino 400,2025-06-08,PiOELqviAzU,This. Is. Embarrassing. - Part 2 - Austin Hill Edition,Jesse King,2025-07-29T15:52:02Z,23835,708,204,PT7M32S,https://youtube.com/watch?v=PiOELqviAzU,False,False,False,False,False
15,2025 Firekeepers Casino 400,2025-06-08,-wS-Co9IJ4A,Last Laps: A Heavyweight Fight in Vegas | 2025 NASCAR Cup Series,NASCAR,2025-10-13T00:50:29Z,80381,675,67,PT7M49S,https://youtube.com/watch?v=-wS-Co9IJ4A,False,False,False,False,False
15,2025 Firekeepers Casino 400,2025-06-08,P3vUj_OERyQ,An Unbelievable End to the 2025 NASCAR Cup Series Season | Final Laps at Phoenix,NASCAR,2025-11-03T00:22:30Z,193452,1899,582,PT6M27S,https://youtube.com/watch?v=P3vUj_OERyQ,False,False,False,False,False
15,2025 Firekeepers Casino 400,2025-06-08,HomWvKNSSRA,So Close Again: Denny Hamlin Reacts to Another Championship Miss | 2025 NASCAR Cup Series,NASCAR,2025-11-03T01:08:56Z,53500,657,282,PT5M28S,https://youtube.com/watch?v=HomWvKNSSRA,True,False,False,False,False
15,2025 Firekeepers Casino 400,2025-06-08,xL5wsAdIWyo,The Final Battle: Hamlin vs. Larson for the Championship | NASCAR,NASCAR,2025-11-03T19:46:49Z,43879,940,104,PT5M46S,https://youtube.com/watch?v=xL5wsAdIWyo,True,False,False,False,False
15,2025 Firekeepers Casino 400,2025-06-08,3LE2_qaU5kg,Denny Hamlin&#39;s Emotional Reaction to 60th Career Win | 2025 NASCAR Cup Series at Las Vegas,NASCAR,2025-10-13T01:20:00Z,56334,1080,145,PT6M45S,https://youtube.com/watch?v=3LE2_qaU5kg,True,False,False,False,False
15,2025 Firekeepers Casino 400,2025-06-08,wYcSuMaHC-k,Missing Rings: Denny Hamlin 2025,The Iceberg,2025-11-05T23:21:21Z,18343,798,296,PT11M,https://youtube.com/watch?v=wYcSuMaHC-k,True,False,False,False,False
15,2025 Firekeepers Casino 400,2025-06-08,PVUfltDPjtY,Hamlin vs. Gibbs: Recap and Reaction from New Hampshire | 2025 NASCAR Cup Series,NASCAR,2025-09-21T22:08:03Z,58298,302,122,PT7M40S,https://youtube.com/watch?v=PVUfltDPjtY,True,False,False,False,False
15,2025 Firekeepers Casino 400,2025-06-08,l3i3W8QKTsU,WATCH: Denny Hamlin Outduels William Byron at Michigan | 2025 NASCAR FireKeepers Casino 400,NASCAR,2025-06-08T22:19:10Z,16097,224,16,PT8M37S,https://youtube.com/watch?v=l3i3W8QKTsU,True,False,False,False,False
15,2025 Firekeepers Casino 400,2025-06-08,5b5Qt3VAZrU,2025 NASCAR Cup Series Championship Reaction. THE HEARTBREAK OF ALL-TIME,FireBall Hamlin,2025-11-03T01:11:21Z,12226,275,315,PT17M44S,https://youtube.com/watch?v=5b5Qt3VAZrU,False,False,False,False,False
15,2025 Firekeepers Casino 400,2025-06-08,kykqdL18-OU,Every Denny Hamlin win in 2025,Nascar24,2025-11-16T21:00:52Z,585,13,0,PT7M,https://youtube.com/watch?v=kykqdL18-OU,True,False,False,False,False
15,2025 Firekeepers Casino 400,2025-06-08,1fYXEvm3to0,Playoff Heartbreak at the Finish | 2025 NASCAR Radioactive from Charlotte,NASCAR,2025-10-07T22:00:04Z,33499,744,51,PT6M2S,https://youtube.com/watch?v=1fYXEvm3to0,False,False,False,False,False
15,2025 Firekeepers Casino 400,2025-06-08,TipP_iG0c74,Ross Chastain Answers the Internet | NASCAR,NASCAR,2025-12-30T21:00:41Z,26259,1310,74,PT5M21S,https://youtube.com/watch?v=TipP_iG0c74,False,False,False,False,True
15,2025 Firekeepers Casino 400,2025-06-08,5DH4F0tdewY,CHASTAIN WINNING INTERVIEW + BYRON POST RACE INTERVIEW - 2025 COCACOLA 600 - 2025 NASCAR CUP SERIES,SportsNewsCentral,2025-06-27T18:45:06Z,238,0,0,PT5M49S,https://youtube.com/watch?v=5DH4F0tdewY,False,False,False,False,True
15,2025 Firekeepers Casino 400,2025-06-08,b49PzC9kVtY,BACKWARD FINISH Decides Final Playoff Spot | 2025 NASCAR Cup Series at Charlotte,NASCAR,2025-10-05T23:13:10Z,54550,332,48,PT8M17S,https://youtube.com/watch?v=b49PzC9kVtY,False,False,False,False,False
15,2025 Firekeepers Casino 400,2025-06-08,1hUYa4asnOs,Dale Earnhardt Jr. Just DESTROYED Ross Chastain on Live TV!,NASCAR TODAY,2025-07-09T20:00:02Z,30755,146,30,PT13M13S,https://youtube.com/watch?v=1hUYa4asnOs,False,False,False,False,True
15,2025 Firekeepers Casino 400,2025-06-08,TqYY4tZXfIE,Why Ross Chastain’s Approach Could Influence the Next Generation,NASCAR TODAY,2025-11-10T18:15:05Z,2081,22,0,PT8M4S,https://youtube.com/watch?v=TqYY4tZXfIE,False,False,False,False,True
15,2025 Firekeepers Casino 400,2025-06-08,BV4PsJmXu-Y,Ross Chastain Destroyed by NASCAR After Texas Finish — What the HELL Just Happened?!,NASCAR Insider,2025-05-06T16:00:28Z,4906,46,6,PT6M43S,https://youtube.com/watch?v=BV4PsJmXu-Y,False,False,False,False,True
15,2025 Firekeepers Casino 400,2025-06-08,HI2XOFCFWIA,From the Back to Victory Lane: Ross Chastain’s Wild Drive | 2025 NASCAR Coca-Cola 600,NASCAR,2025-05-26T04:55:59Z,44478,706,72,PT8M41S,https://youtube.com/watch?v=HI2XOFCFWIA,False,False,False,False,True
15,2025 Firekeepers Casino 400,2025-06-08,NrKCX_9gNYw,Daniel Suárez GOES OFF on Ross Chastain After WILD Vegas Finish!,NASCAR Insider,2026-03-17T16:46:12Z,515,11,7,PT9M52S,https://youtube.com/watch?v=NrKCX_9gNYw,False,False,False,False,True
15,2025 Firekeepers Casino 400,2025-06-08,Yl08L6Y0y3Y,2025 Coca-Cola 600 | NASCAR Official Extended Highlights,NASCAR,2025-05-26T03:36:47Z,460195,5589,360,PT15M41S,https://youtube.com/watch?v=Yl08L6Y0y3Y,False,False,False,False,False
15,2025 Firekeepers Casino 400,2025-06-08,YISsxP9tCUM,Reddit Asks Brad Keselowski WILD Questions | NASCAR,NASCAR,2025-08-21T21:00:30Z,79125,3961,168,PT7M16S,https://youtube.com/watch?v=YISsxP9tCUM,False,False,False,True,False
15,2025 Firekeepers Casino 400,2025-06-08,78NwQZmqxz0,Final Laps: A WILD Bristol Finish | 2025 NASCAR Cup Series,NASCAR,2025-09-14T03:58:50Z,222659,975,130,PT5M12S,https://youtube.com/watch?v=78NwQZmqxz0,False,False,False,False,False
15,2025 Firekeepers Casino 400,2025-06-08,Hq1V6sDUnGs,Extended Highlights | 2025 NASCAR Cup Series from Iowa,NASCAR,2025-08-04T01:34:16Z,175870,2111,137,PT19M55S,https://youtube.com/watch?v=Hq1V6sDUnGs,False,False,False,False,False
15,2025 Firekeepers Casino 400,2025-06-08,50X_h1q0LXI,Gateway Turns Up the Playoff Heat | 2025 NASCAR Cup Series Extended Highlights,NASCAR,2025-09-07T23:02:36Z,243284,3618,240,PT18M,https://youtube.com/watch?v=50X_h1q0LXI,False,False,False,False,False
15,2025 Firekeepers Casino 400,2025-06-08,hKsNXFB_8V4,NASCAR Cup Series 2025: Pennzoil 400 | EXTENDED HIGHLIGHTS | 3/16/25 | Motorsports on NBC,Motorsports on NBC,2025-03-16T23:54:59Z,150191,2662,143,PT16M46S,https://youtube.com/watch?v=hKsNXFB_8V4,False,False,False,False,False
15,2025 Firekeepers Casino 400,2025-06-08,peOrAd5ipF4,NASCAR Cup Series 2025: EchoPark Automotive GP | EXTENDED HIGHLIGHTS | 3/2/25 | Motorsports on NBC,Motorsports on NBC,2025-03-03T01:01:52Z,109346,1811,140,PT17M15S,https://youtube.com/watch?v=peOrAd5ipF4,False,False,False,False,False
15,2025 Firekeepers Casino 400,2025-06-08,6xDyB0-uLpY,NASCAR Cup Series 2025: Cook Out 400 | EXTENDED HIGHLIGHTS | 3/30/25 | Motorsports on NBC,Motorsports on NBC,2025-03-30T23:01:09Z,110539,1968,115,PT16M27S,https://youtube.com/watch?v=6xDyB0-uLpY,False,False,False,False,False
15,2025 Firekeepers Casino 400,2025-06-08,JpRqXvWF63I,NASCAR Cup Series 2025: All-Star Race | EXTENDED HIGHLIGHTS | 5/18/25 | Motorsports on NBC,Motorsports on NBC,2025-05-19T02:48:07Z,107467,1826,148,PT16M22S,https://youtube.com/watch?v=JpRqXvWF63I,False,False,False,False,False
15,2025 Firekeepers Casino 400,2025-06-08,83kRqoa7uHY,Brad Keselowski Injury | Jimmie Johnson Seeking Daytona History | Top 50 Drivers of 2025 Reaction,Eric Estepp,2025-12-22T15:40:01Z,52846,2821,267,PT13M6S,https://youtube.com/watch?v=83kRqoa7uHY,False,False,False,True,False
15,2025 Firekeepers Casino 400,2025-06-08,Le_y1ap2Ct8,&#39;The car drives like s**t&#39; | NASCAR RADIOACTIVE from the 2025 All-Star Race,NASCAR,2025-05-20T21:43:50Z,35032,816,64,PT6M6S,https://youtube.com/watch?v=Le_y1ap2Ct8,False,False,False,False,False
16,2025 Viva Mexico 250,2025-06-15,v-kwi-xD40w,Todd Gilliland Clips For Edits All Years By smithdoit,NSCP by smithdoit  (ScenePacks),2025-11-01T21:49:13Z,188,11,2,PT5M50S,https://youtube.com/watch?v=v-kwi-xD40w,False,False,True,False,False
16,2025 Viva Mexico 250,2025-06-15,jwrAEeikBt0,How Do NASCAR Drivers Pee? | Todd Gilliland Reveals All,Rated Red,2025-02-12T20:08:32Z,3904,130,12,PT9M13S,https://youtube.com/watch?v=jwrAEeikBt0,False,False,True,False,False
16,2025 Viva Mexico 250,2025-06-15,rKBDulrtVGQ,Countdown to Daytona: Todd Gilliland,FOX8 WGHP,2025-02-12T19:42:23Z,182,2,0,PT8M37S,https://youtube.com/watch?v=rKBDulrtVGQ,False,False,True,False,False
16,2025 Viva Mexico 250,2025-06-15,1VkIwkAEqPg,Ryan Preece on Having the Best Car at the End; Todd Gilliland &amp; Josh Berry Have Great Runs,Frontstretch,2025-10-26T23:00:00Z,3318,54,3,PT4M39S,https://youtube.com/watch?v=1VkIwkAEqPg,False,False,True,False,False
16,2025 Viva Mexico 250,2025-06-15,BgTJtLE_M-M,"Todd Gilliland on qualifying at Darlington, being a leader at Front Row and his Ray Fox throwback",Nikolai P. Culp,2025-04-05T19:08:56Z,99,7,0,PT4M21S,https://youtube.com/watch?v=BgTJtLE_M-M,False,False,True,False,False
16,2025 Viva Mexico 250,2025-06-15,-FiLN6JeJDw,Todd Gilliland 2025 Loves Diecast Review ,Halo Radiance,2025-12-17T13:04:17Z,43,1,0,PT4M45S,https://youtube.com/watch?v=-FiLN6JeJDw,False,False,True,False,False
16,2025 Viva Mexico 250,2025-06-15,Fa2FiWKiiBc,"Todd Gilliland Talks Changes at Front Row, McDowell&#39;s Departure, New Teammates, and More!",Eric Estepp,2025-05-22T16:27:59Z,17254,1085,46,PT8M43S,https://youtube.com/watch?v=Fa2FiWKiiBc,False,False,True,False,False
16,2025 Viva Mexico 250,2025-06-15,ZVQo5SYURG0,2025 TODD GILLILAND LOVE&#39;S FORD MUSTANG DIECASTBUFFET NASCAR DIECAST REVIEW 1/64,Diecastbuffet,2026-01-20T21:03:33Z,218,13,8,PT8M30S,https://youtube.com/watch?v=ZVQo5SYURG0,False,False,True,False,False
16,2025 Viva Mexico 250,2025-06-15,Q2clHIifaNk,NASCAR 25 - #34 Todd Gilliland (Ford) - Gameplay (PS5 UHD) [4K60FPS],Throneful,2025-10-30T19:00:29Z,648,18,0,PT17M38S,https://youtube.com/watch?v=Q2clHIifaNk,False,False,True,False,False
16,2025 Viva Mexico 250,2025-06-15,YRqNFLkuh9Q,Todd Gilliland Crew Chief Chris Lawson on motivating a team in a tough season and what&#39;s next,Sky View Sports Roy J. Akers,2025-07-26T18:42:07Z,68,0,0,PT5M38S,https://youtube.com/watch?v=YRqNFLkuh9Q,False,False,True,False,False
16,2025 Viva Mexico 250,2025-06-15,Hgz5ZskUe68,Austin Hill &amp; Richard Childress Remember Kyle Busch After San Diego Win | NASCAR,NASCAR,2026-06-21T02:56:52Z,35090,668,65,PT5M45S,https://youtube.com/watch?v=Hgz5ZskUe68,False,True,False,False,False
16,2025 Viva Mexico 250,2025-06-15,-ZSfV1hsFEk,Every Austin Hill win in 2025,Nascar24,2025-12-06T21:00:00Z,193,7,0,PT7M35S,https://youtube.com/watch?v=-ZSfV1hsFEk,False,False,False,False,False
16,2025 Viva Mexico 250,2025-06-15,X7qxa43I8Bc,The Austin Hill Experience | Why Fans Are Fed Up,The Iceberg,2025-08-11T19:34:01Z,44839,1454,572,PT9M9S,https://youtube.com/watch?v=X7qxa43I8Bc,False,False,False,False,False
16,2025 Viva Mexico 250,2025-06-15,szQF_RtjpI8,RCR Keeps Embarrassing Themselves | Austin Hill Wrecks Aric Almirola REACTION,Eric Estepp,2025-07-27T06:25:16Z,114500,4466,998,PT13M,https://youtube.com/watch?v=szQF_RtjpI8,False,False,False,False,False
16,2025 Viva Mexico 250,2025-06-15,qUK_F0SHBhQ,&#39;Daytona has been so good to me&#39; – Austin Hill on his fourth win in five years 😮‍💨 NASCAR on FOX,NASCAR on FOX,2026-02-15T02:10:57Z,6110,94,11,PT7M42S,https://youtube.com/watch?v=qUK_F0SHBhQ,False,False,False,False,False
16,2025 Viva Mexico 250,2025-06-15,5yuTjIT2Fuk,Dale Earnhardt Jr. Just Said the UNTHINKABLE About Austin Hill!,NASCAR TODAY,2025-10-24T16:00:13Z,1290,10,3,PT9M41S,https://youtube.com/watch?v=5yuTjIT2Fuk,False,False,False,False,False
16,2025 Viva Mexico 250,2025-06-15,HAZbzV-TYhM,Austin Hill &amp; Jeb Burton post-race interviews from Talladega Superspeedway | NASCAR on FOX,NASCAR on FOX,2025-04-26T23:26:05Z,6621,75,26,PT4M41S,https://youtube.com/watch?v=HAZbzV-TYhM,False,False,False,False,False
16,2025 Viva Mexico 250,2025-06-15,tZHbVBdv1bM,NASCAR in PANIC! Shane van Gisbergen LASHES OUT at Austin Hill After BIG ONE Involving 11 Cars,NASCAR Nation Report,2026-06-22T01:10:05Z,4788,129,21,PT9M59S,https://youtube.com/watch?v=tZHbVBdv1bM,False,False,False,False,False
16,2025 Viva Mexico 250,2025-06-15,hOJko4r9OLc,Austin Hill Triggers Another Huge Crash | Zilisch Clashes With SVG | REACTION,Eric Estepp,2025-08-10T00:48:45Z,98737,3955,1193,PT16M26S,https://youtube.com/watch?v=hOJko4r9OLc,False,False,False,False,False
16,2025 Viva Mexico 250,2025-06-15,PiOELqviAzU,This. Is. Embarrassing. - Part 2 - Austin Hill Edition,Jesse King,2025-07-29T15:52:02Z,23835,708,204,PT7M32S,https://youtube.com/watch?v=PiOELqviAzU,False,False,False,False,False
16,2025 Viva Mexico 250,2025-06-15,-wS-Co9IJ4A,Last Laps: A Heavyweight Fight in Vegas | 2025 NASCAR Cup Series,NASCAR,2025-10-13T00:50:29Z,80385,675,67,PT7M49S,https://youtube.com/watch?v=-wS-Co9IJ4A,False,False,False,False,False
16,2025 Viva Mexico 250,2025-06-15,P3vUj_OERyQ,An Unbelievable End to the 2025 NASCAR Cup Series Season | Final Laps at Phoenix,NASCAR,2025-11-03T00:22:30Z,193458,1899,582,PT6M27S,https://youtube.com/watch?v=P3vUj_OERyQ,False,False,False,False,False
16,2025 Viva Mexico 250,2025-06-15,HomWvKNSSRA,So Close Again: Denny Hamlin Reacts to Another Championship Miss | 2025 NASCAR Cup Series,NASCAR,2025-11-03T01:08:56Z,53500,657,282,PT5M28S,https://youtube.com/watch?v=HomWvKNSSRA,True,False,False,False,False
16,2025 Viva Mexico 250,2025-06-15,xL5wsAdIWyo,The Final Battle: Hamlin vs. Larson for the Championship | NASCAR,NASCAR,2025-11-03T19:46:49Z,43880,940,104,PT5M46S,https://youtube.com/watch?v=xL5wsAdIWyo,True,False,False,False,False
16,2025 Viva Mexico 250,2025-06-15,3LE2_qaU5kg,Denny Hamlin&#39;s Emotional Reaction to 60th Career Win | 2025 NASCAR Cup Series at Las Vegas,NASCAR,2025-10-13T01:20:00Z,56335,1080,145,PT6M45S,https://youtube.com/watch?v=3LE2_qaU5kg,True,False,False,False,False
16,2025 Viva Mexico 250,2025-06-15,wYcSuMaHC-k,Missing Rings: Denny Hamlin 2025,The Iceberg,2025-11-05T23:21:21Z,18343,798,296,PT11M,https://youtube.com/watch?v=wYcSuMaHC-k,True,False,False,False,False
16,2025 Viva Mexico 250,2025-06-15,PVUfltDPjtY,Hamlin vs. Gibbs: Recap and Reaction from New Hampshire | 2025 NASCAR Cup Series,NASCAR,2025-09-21T22:08:03Z,58298,302,122,PT7M40S,https://youtube.com/watch?v=PVUfltDPjtY,True,False,False,False,False
16,2025 Viva Mexico 250,2025-06-15,l3i3W8QKTsU,WATCH: Denny Hamlin Outduels William Byron at Michigan | 2025 NASCAR FireKeepers Casino 400,NASCAR,2025-06-08T22:19:10Z,16097,224,16,PT8M37S,https://youtube.com/watch?v=l3i3W8QKTsU,True,False,False,False,False
16,2025 Viva Mexico 250,2025-06-15,5b5Qt3VAZrU,2025 NASCAR Cup Series Championship Reaction. THE HEARTBREAK OF ALL-TIME,FireBall Hamlin,2025-11-03T01:11:21Z,12226,275,315,PT17M44S,https://youtube.com/watch?v=5b5Qt3VAZrU,False,False,False,False,False
16,2025 Viva Mexico 250,2025-06-15,kykqdL18-OU,Every Denny Hamlin win in 2025,Nascar24,2025-11-16T21:00:52Z,585,13,0,PT7M,https://youtube.com/watch?v=kykqdL18-OU,True,False,False,False,False
16,2025 Viva Mexico 250,2025-06-15,TipP_iG0c74,Ross Chastain Answers the Internet | NASCAR,NASCAR,2025-12-30T21:00:41Z,26260,1310,74,PT5M21S,https://youtube.com/watch?v=TipP_iG0c74,False,False,False,False,True
16,2025 Viva Mexico 250,2025-06-15,1fYXEvm3to0,Playoff Heartbreak at the Finish | 2025 NASCAR Radioactive from Charlotte,NASCAR,2025-10-07T22:00:04Z,33496,744,51,PT6M2S,https://youtube.com/watch?v=1fYXEvm3to0,False,False,False,False,False
16,2025 Viva Mexico 250,2025-06-15,5DH4F0tdewY,CHASTAIN WINNING INTERVIEW + BYRON POST RACE INTERVIEW - 2025 COCACOLA 600 - 2025 NASCAR CUP SERIES,SportsNewsCentral,2025-06-27T18:45:06Z,238,0,0,PT5M49S,https://youtube.com/watch?v=5DH4F0tdewY,False,False,False,False,True
16,2025 Viva Mexico 250,2025-06-15,NrKCX_9gNYw,Daniel Suárez GOES OFF on Ross Chastain After WILD Vegas Finish!,NASCAR Insider,2026-03-17T16:46:12Z,515,11,7,PT9M52S,https://youtube.com/watch?v=NrKCX_9gNYw,False,False,False,False,True
16,2025 Viva Mexico 250,2025-06-15,1hUYa4asnOs,Dale Earnhardt Jr. Just DESTROYED Ross Chastain on Live TV!,NASCAR TODAY,2025-07-09T20:00:02Z,30755,146,30,PT13M13S,https://youtube.com/watch?v=1hUYa4asnOs,False,False,False,False,True
16,2025 Viva Mexico 250,2025-06-15,TqYY4tZXfIE,Why Ross Chastain’s Approach Could Influence the Next Generation,NASCAR TODAY,2025-11-10T18:15:05Z,2081,22,0,PT8M4S,https://youtube.com/watch?v=TqYY4tZXfIE,False,False,False,False,True
16,2025 Viva Mexico 250,2025-06-15,BV4PsJmXu-Y,Ross Chastain Destroyed by NASCAR After Texas Finish — What the HELL Just Happened?!,NASCAR Insider,2025-05-06T16:00:28Z,4906,46,6,PT6M43S,https://youtube.com/watch?v=BV4PsJmXu-Y,False,False,False,False,True
16,2025 Viva Mexico 250,2025-06-15,b49PzC9kVtY,BACKWARD FINISH Decides Final Playoff Spot | 2025 NASCAR Cup Series at Charlotte,NASCAR,2025-10-05T23:13:10Z,54550,332,48,PT8M17S,https://youtube.com/watch?v=b49PzC9kVtY,False,False,False,False,False
16,2025 Viva Mexico 250,2025-06-15,HI2XOFCFWIA,From the Back to Victory Lane: Ross Chastain’s Wild Drive | 2025 NASCAR Coca-Cola 600,NASCAR,2025-05-26T04:55:59Z,44478,706,72,PT8M41S,https://youtube.com/watch?v=HI2XOFCFWIA,False,False,False,False,True
16,2025 Viva Mexico 250,2025-06-15,VD-F7NgOAPM,Ross Chastain After His Incredible Comeback Win at Charlotte | NASCAR on Prime | Prime Video,Sports On Prime,2025-05-26T17:20:35Z,60324,1177,181,PT13M3S,https://youtube.com/watch?v=VD-F7NgOAPM,False,False,False,False,True
16,2025 Viva Mexico 250,2025-06-15,YISsxP9tCUM,Reddit Asks Brad Keselowski WILD Questions | NASCAR,NASCAR,2025-08-21T21:00:30Z,79125,3961,168,PT7M16S,https://youtube.com/watch?v=YISsxP9tCUM,False,False,False,True,False
16,2025 Viva Mexico 250,2025-06-15,78NwQZmqxz0,Final Laps: A WILD Bristol Finish | 2025 NASCAR Cup Series,NASCAR,2025-09-14T03:58:50Z,222659,975,130,PT5M12S,https://youtube.com/watch?v=78NwQZmqxz0,False,False,False,False,False
16,2025 Viva Mexico 250,2025-06-15,Hq1V6sDUnGs,Extended Highlights | 2025 NASCAR Cup Series from Iowa,NASCAR,2025-08-04T01:34:16Z,175870,2111,137,PT19M55S,https://youtube.com/watch?v=Hq1V6sDUnGs,False,False,False,False,False
16,2025 Viva Mexico 250,2025-06-15,hKsNXFB_8V4,NASCAR Cup Series 2025: Pennzoil 400 | EXTENDED HIGHLIGHTS | 3/16/25 | Motorsports on NBC,Motorsports on NBC,2025-03-16T23:54:59Z,150191,2662,143,PT16M46S,https://youtube.com/watch?v=hKsNXFB_8V4,False,False,False,False,False
16,2025 Viva Mexico 250,2025-06-15,peOrAd5ipF4,NASCAR Cup Series 2025: EchoPark Automotive GP | EXTENDED HIGHLIGHTS | 3/2/25 | Motorsports on NBC,Motorsports on NBC,2025-03-03T01:01:52Z,109346,1811,140,PT17M15S,https://youtube.com/watch?v=peOrAd5ipF4,False,False,False,False,False
16,2025 Viva Mexico 250,2025-06-15,6xDyB0-uLpY,NASCAR Cup Series 2025: Cook Out 400 | EXTENDED HIGHLIGHTS | 3/30/25 | Motorsports on NBC,Motorsports on NBC,2025-03-30T23:01:09Z,110539,1968,115,PT16M27S,https://youtube.com/watch?v=6xDyB0-uLpY,False,False,False,False,False
16,2025 Viva Mexico 250,2025-06-15,50X_h1q0LXI,Gateway Turns Up the Playoff Heat | 2025 NASCAR Cup Series Extended Highlights,NASCAR,2025-09-07T23:02:36Z,243284,3618,240,PT18M,https://youtube.com/watch?v=50X_h1q0LXI,False,False,False,False,False
16,2025 Viva Mexico 250,2025-06-15,JpRqXvWF63I,NASCAR Cup Series 2025: All-Star Race | EXTENDED HIGHLIGHTS | 5/18/25 | Motorsports on NBC,Motorsports on NBC,2025-05-19T02:48:07Z,107467,1826,148,PT16M22S,https://youtube.com/watch?v=JpRqXvWF63I,False,False,False,False,False
16,2025 Viva Mexico 250,2025-06-15,83kRqoa7uHY,Brad Keselowski Injury | Jimmie Johnson Seeking Daytona History | Top 50 Drivers of 2025 Reaction,Eric Estepp,2025-12-22T15:40:01Z,52846,2821,267,PT13M6S,https://youtube.com/watch?v=83kRqoa7uHY,False,False,False,True,False
16,2025 Viva Mexico 250,2025-06-15,Le_y1ap2Ct8,&#39;The car drives like s**t&#39; | NASCAR RADIOACTIVE from the 2025 All-Star Race,NASCAR,2025-05-20T21:43:50Z,35032,816,64,PT6M6S,https://youtube.com/watch?v=Le_y1ap2Ct8,False,False,False,False,False
17,2025 The Great American Getaway 400,2025-06-22,jwrAEeikBt0,How Do NASCAR Drivers Pee? | Todd Gilliland Reveals All,Rated Red,2025-02-12T20:08:32Z,3904,130,12,PT9M13S,https://youtube.com/watch?v=jwrAEeikBt0,False,False,True,False,False
17,2025 The Great American Getaway 400,2025-06-22,v-kwi-xD40w,Todd Gilliland Clips For Edits All Years By smithdoit,NSCP by smithdoit  (ScenePacks),2025-11-01T21:49:13Z,188,11,2,PT5M50S,https://youtube.com/watch?v=v-kwi-xD40w,False,False,True,False,False
17,2025 The Great American Getaway 400,2025-06-22,YRqNFLkuh9Q,Todd Gilliland Crew Chief Chris Lawson on motivating a team in a tough season and what&#39;s next,Sky View Sports Roy J. Akers,2025-07-26T18:42:07Z,68,0,0,PT5M38S,https://youtube.com/watch?v=YRqNFLkuh9Q,False,False,True,False,False
17,2025 The Great American Getaway 400,2025-06-22,VjsnnSaIS_c,Todd Gilliland Returning To Front Row Motorsports In 2025,Daniel Kriete,2024-06-05T13:36:02Z,410,26,6,PT8M7S,https://youtube.com/watch?v=VjsnnSaIS_c,False,False,True,False,False
17,2025 The Great American Getaway 400,2025-06-22,rKBDulrtVGQ,Countdown to Daytona: Todd Gilliland,FOX8 WGHP,2025-02-12T19:42:23Z,182,2,0,PT8M37S,https://youtube.com/watch?v=rKBDulrtVGQ,False,False,True,False,False
17,2025 The Great American Getaway 400,2025-06-22,1VkIwkAEqPg,Ryan Preece on Having the Best Car at the End; Todd Gilliland &amp; Josh Berry Have Great Runs,Frontstretch,2025-10-26T23:00:00Z,3318,54,3,PT4M39S,https://youtube.com/watch?v=1VkIwkAEqPg,False,False,True,False,False
17,2025 The Great American Getaway 400,2025-06-22,BgTJtLE_M-M,"Todd Gilliland on qualifying at Darlington, being a leader at Front Row and his Ray Fox throwback",Nikolai P. Culp,2025-04-05T19:08:56Z,99,7,0,PT4M21S,https://youtube.com/watch?v=BgTJtLE_M-M,False,False,True,False,False
17,2025 The Great American Getaway 400,2025-06-22,Fa2FiWKiiBc,"Todd Gilliland Talks Changes at Front Row, McDowell&#39;s Departure, New Teammates, and More!",Eric Estepp,2025-05-22T16:27:59Z,17254,1085,46,PT8M43S,https://youtube.com/watch?v=Fa2FiWKiiBc,False,False,True,False,False
17,2025 The Great American Getaway 400,2025-06-22,-FiLN6JeJDw,Todd Gilliland 2025 Loves Diecast Review ,Halo Radiance,2025-12-17T13:04:17Z,43,1,0,PT4M45S,https://youtube.com/watch?v=-FiLN6JeJDw,False,False,True,False,False
17,2025 The Great American Getaway 400,2025-06-22,ZVQo5SYURG0,2025 TODD GILLILAND LOVE&#39;S FORD MUSTANG DIECASTBUFFET NASCAR DIECAST REVIEW 1/64,Diecastbuffet,2026-01-20T21:03:33Z,218,13,8,PT8M30S,https://youtube.com/watch?v=ZVQo5SYURG0,False,False,True,False,False
17,2025 The Great American Getaway 400,2025-06-22,Hgz5ZskUe68,Austin Hill &amp; Richard Childress Remember Kyle Busch After San Diego Win | NASCAR,NASCAR,2026-06-21T02:56:52Z,35090,668,65,PT5M45S,https://youtube.com/watch?v=Hgz5ZskUe68,False,True,False,False,False
17,2025 The Great American Getaway 400,2025-06-22,X7qxa43I8Bc,The Austin Hill Experience | Why Fans Are Fed Up,The Iceberg,2025-08-11T19:34:01Z,44839,1454,572,PT9M9S,https://youtube.com/watch?v=X7qxa43I8Bc,False,False,False,False,False
17,2025 The Great American Getaway 400,2025-06-22,-ZSfV1hsFEk,Every Austin Hill win in 2025,Nascar24,2025-12-06T21:00:00Z,193,7,0,PT7M35S,https://youtube.com/watch?v=-ZSfV1hsFEk,False,False,False,False,False
17,2025 The Great American Getaway 400,2025-06-22,szQF_RtjpI8,RCR Keeps Embarrassing Themselves | Austin Hill Wrecks Aric Almirola REACTION,Eric Estepp,2025-07-27T06:25:16Z,114500,4466,998,PT13M,https://youtube.com/watch?v=szQF_RtjpI8,False,False,False,False,False
17,2025 The Great American Getaway 400,2025-06-22,qUK_F0SHBhQ,&#39;Daytona has been so good to me&#39; – Austin Hill on his fourth win in five years 😮‍💨 NASCAR on FOX,NASCAR on FOX,2026-02-15T02:10:57Z,6110,94,11,PT7M42S,https://youtube.com/watch?v=qUK_F0SHBhQ,False,False,False,False,False
17,2025 The Great American Getaway 400,2025-06-22,5yuTjIT2Fuk,Dale Earnhardt Jr. Just Said the UNTHINKABLE About Austin Hill!,NASCAR TODAY,2025-10-24T16:00:13Z,1290,10,3,PT9M41S,https://youtube.com/watch?v=5yuTjIT2Fuk,False,False,False,False,False
17,2025 The Great American Getaway 400,2025-06-22,tZHbVBdv1bM,NASCAR in PANIC! Shane van Gisbergen LASHES OUT at Austin Hill After BIG ONE Involving 11 Cars,NASCAR Nation Report,2026-06-22T01:10:05Z,4788,129,21,PT9M59S,https://youtube.com/watch?v=tZHbVBdv1bM,False,False,False,False,False
17,2025 The Great American Getaway 400,2025-06-22,hOJko4r9OLc,Austin Hill Triggers Another Huge Crash | Zilisch Clashes With SVG | REACTION,Eric Estepp,2025-08-10T00:48:45Z,98737,3955,1193,PT16M26S,https://youtube.com/watch?v=hOJko4r9OLc,False,False,False,False,False
17,2025 The Great American Getaway 400,2025-06-22,PiOELqviAzU,This. Is. Embarrassing. - Part 2 - Austin Hill Edition,Jesse King,2025-07-29T15:52:02Z,23835,708,204,PT7M32S,https://youtube.com/watch?v=PiOELqviAzU,False,False,False,False,False
17,2025 The Great American Getaway 400,2025-06-22,X8Vr-alosZQ,Richard Childress BREAKS DOWN While Remembering Kyle Busch after Austin Hill Victory!,NASCAR Central,2026-06-21T18:00:09Z,495,16,0,PT10M15S,https://youtube.com/watch?v=X8Vr-alosZQ,False,True,False,False,False
17,2025 The Great American Getaway 400,2025-06-22,-wS-Co9IJ4A,Last Laps: A Heavyweight Fight in Vegas | 2025 NASCAR Cup Series,NASCAR,2025-10-13T00:50:29Z,80381,675,67,PT7M49S,https://youtube.com/watch?v=-wS-Co9IJ4A,False,False,False,False,False
17,2025 The Great American Getaway 400,2025-06-22,P3vUj_OERyQ,An Unbelievable End to the 2025 NASCAR Cup Series Season | Final Laps at Phoenix,NASCAR,2025-11-03T00:22:30Z,193452,1899,582,PT6M27S,https://youtube.com/watch?v=P3vUj_OERyQ,False,False,False,False,False
17,2025 The Great American Getaway 400,2025-06-22,HomWvKNSSRA,So Close Again: Denny Hamlin Reacts to Another Championship Miss | 2025 NASCAR Cup Series,NASCAR,2025-11-03T01:08:56Z,53500,657,282,PT5M28S,https://youtube.com/watch?v=HomWvKNSSRA,True,False,False,False,False
17,2025 The Great American Getaway 400,2025-06-22,xL5wsAdIWyo,The Final Battle: Hamlin vs. Larson for the Championship | NASCAR,NASCAR,2025-11-03T19:46:49Z,43879,940,104,PT5M46S,https://youtube.com/watch?v=xL5wsAdIWyo,True,False,False,False,False
17,2025 The Great American Getaway 400,2025-06-22,3LE2_qaU5kg,Denny Hamlin&#39;s Emotional Reaction to 60th Career Win | 2025 NASCAR Cup Series at Las Vegas,NASCAR,2025-10-13T01:20:00Z,56334,1080,145,PT6M45S,https://youtube.com/watch?v=3LE2_qaU5kg,True,False,False,False,False
17,2025 The Great American Getaway 400,2025-06-22,wYcSuMaHC-k,Missing Rings: Denny Hamlin 2025,The Iceberg,2025-11-05T23:21:21Z,18343,798,296,PT11M,https://youtube.com/watch?v=wYcSuMaHC-k,True,False,False,False,False
17,2025 The Great American Getaway 400,2025-06-22,PVUfltDPjtY,Hamlin vs. Gibbs: Recap and Reaction from New Hampshire | 2025 NASCAR Cup Series,NASCAR,2025-09-21T22:08:03Z,58298,302,122,PT7M40S,https://youtube.com/watch?v=PVUfltDPjtY,True,False,False,False,False
17,2025 The Great American Getaway 400,2025-06-22,l3i3W8QKTsU,WATCH: Denny Hamlin Outduels William Byron at Michigan | 2025 NASCAR FireKeepers Casino 400,NASCAR,2025-06-08T22:19:10Z,16097,224,16,PT8M37S,https://youtube.com/watch?v=l3i3W8QKTsU,True,False,False,False,False
17,2025 The Great American Getaway 400,2025-06-22,5b5Qt3VAZrU,2025 NASCAR Cup Series Championship Reaction. THE HEARTBREAK OF ALL-TIME,FireBall Hamlin,2025-11-03T01:11:21Z,12226,275,315,PT17M44S,https://youtube.com/watch?v=5b5Qt3VAZrU,False,False,False,False,False
17,2025 The Great American Getaway 400,2025-06-22,kykqdL18-OU,Every Denny Hamlin win in 2025,Nascar24,2025-11-16T21:00:52Z,585,13,0,PT7M,https://youtube.com/watch?v=kykqdL18-OU,True,False,False,False,False
17,2025 The Great American Getaway 400,2025-06-22,1fYXEvm3to0,Playoff Heartbreak at the Finish | 2025 NASCAR Radioactive from Charlotte,NASCAR,2025-10-07T22:00:04Z,33497,744,51,PT6M2S,https://youtube.com/watch?v=1fYXEvm3to0,False,False,False,False,False
17,2025 The Great American Getaway 400,2025-06-22,TipP_iG0c74,Ross Chastain Answers the Internet | NASCAR,NASCAR,2025-12-30T21:00:41Z,26259,1310,74,PT5M21S,https://youtube.com/watch?v=TipP_iG0c74,False,False,False,False,True
17,2025 The Great American Getaway 400,2025-06-22,5DH4F0tdewY,CHASTAIN WINNING INTERVIEW + BYRON POST RACE INTERVIEW - 2025 COCACOLA 600 - 2025 NASCAR CUP SERIES,SportsNewsCentral,2025-06-27T18:45:06Z,238,0,0,PT5M49S,https://youtube.com/watch?v=5DH4F0tdewY,False,False,False,False,True
17,2025 The Great American Getaway 400,2025-06-22,b49PzC9kVtY,BACKWARD FINISH Decides Final Playoff Spot | 2025 NASCAR Cup Series at Charlotte,NASCAR,2025-10-05T23:13:10Z,54550,332,48,PT8M17S,https://youtube.com/watch?v=b49PzC9kVtY,False,False,False,False,False
17,2025 The Great American Getaway 400,2025-06-22,1hUYa4asnOs,Dale Earnhardt Jr. Just DESTROYED Ross Chastain on Live TV!,NASCAR TODAY,2025-07-09T20:00:02Z,30755,146,30,PT13M13S,https://youtube.com/watch?v=1hUYa4asnOs,False,False,False,False,True
17,2025 The Great American Getaway 400,2025-06-22,TqYY4tZXfIE,Why Ross Chastain’s Approach Could Influence the Next Generation,NASCAR TODAY,2025-11-10T18:15:05Z,2081,22,0,PT8M4S,https://youtube.com/watch?v=TqYY4tZXfIE,False,False,False,False,True
17,2025 The Great American Getaway 400,2025-06-22,HI2XOFCFWIA,From the Back to Victory Lane: Ross Chastain’s Wild Drive | 2025 NASCAR Coca-Cola 600,NASCAR,2025-05-26T04:55:59Z,44478,706,72,PT8M41S,https://youtube.com/watch?v=HI2XOFCFWIA,False,False,False,False,True
17,2025 The Great American Getaway 400,2025-06-22,BV4PsJmXu-Y,Ross Chastain Destroyed by NASCAR After Texas Finish — What the HELL Just Happened?!,NASCAR Insider,2025-05-06T16:00:28Z,4906,46,6,PT6M43S,https://youtube.com/watch?v=BV4PsJmXu-Y,False,False,False,False,True
17,2025 The Great American Getaway 400,2025-06-22,NrKCX_9gNYw,Daniel Suárez GOES OFF on Ross Chastain After WILD Vegas Finish!,NASCAR Insider,2026-03-17T16:46:12Z,515,11,7,PT9M52S,https://youtube.com/watch?v=NrKCX_9gNYw,False,False,False,False,True
17,2025 The Great American Getaway 400,2025-06-22,Yl08L6Y0y3Y,2025 Coca-Cola 600 | NASCAR Official Extended Highlights,NASCAR,2025-05-26T03:36:47Z,460194,5589,360,PT15M41S,https://youtube.com/watch?v=Yl08L6Y0y3Y,False,False,False,False,False
17,2025 The Great American Getaway 400,2025-06-22,YISsxP9tCUM,Reddit Asks Brad Keselowski WILD Questions | NASCAR,NASCAR,2025-08-21T21:00:30Z,79125,3961,168,PT7M16S,https://youtube.com/watch?v=YISsxP9tCUM,False,False,False,True,False
17,2025 The Great American Getaway 400,2025-06-22,78NwQZmqxz0,Final Laps: A WILD Bristol Finish | 2025 NASCAR Cup Series,NASCAR,2025-09-14T03:58:50Z,222659,975,130,PT5M12S,https://youtube.com/watch?v=78NwQZmqxz0,False,False,False,False,False
17,2025 The Great American Getaway 400,2025-06-22,Hq1V6sDUnGs,Extended Highlights | 2025 NASCAR Cup Series from Iowa,NASCAR,2025-08-04T01:34:16Z,175870,2111,137,PT19M55S,https://youtube.com/watch?v=Hq1V6sDUnGs,False,False,False,False,False
17,2025 The Great American Getaway 400,2025-06-22,peOrAd5ipF4,NASCAR Cup Series 2025: EchoPark Automotive GP | EXTENDED HIGHLIGHTS | 3/2/25 | Motorsports on NBC,Motorsports on NBC,2025-03-03T01:01:52Z,109346,1811,140,PT17M15S,https://youtube.com/watch?v=peOrAd5ipF4,False,False,False,False,False
17,2025 The Great American Getaway 400,2025-06-22,hKsNXFB_8V4,NASCAR Cup Series 2025: Pennzoil 400 | EXTENDED HIGHLIGHTS | 3/16/25 | Motorsports on NBC,Motorsports on NBC,2025-03-16T23:54:59Z,150191,2662,143,PT16M46S,https://youtube.com/watch?v=hKsNXFB_8V4,False,False,False,False,False
17,2025 The Great American Getaway 400,2025-06-22,6xDyB0-uLpY,NASCAR Cup Series 2025: Cook Out 400 | EXTENDED HIGHLIGHTS | 3/30/25 | Motorsports on NBC,Motorsports on NBC,2025-03-30T23:01:09Z,110539,1968,115,PT16M27S,https://youtube.com/watch?v=6xDyB0-uLpY,False,False,False,False,False
17,2025 The Great American Getaway 400,2025-06-22,50X_h1q0LXI,Gateway Turns Up the Playoff Heat | 2025 NASCAR Cup Series Extended Highlights,NASCAR,2025-09-07T23:02:36Z,243284,3618,240,PT18M,https://youtube.com/watch?v=50X_h1q0LXI,False,False,False,False,False
17,2025 The Great American Getaway 400,2025-06-22,JpRqXvWF63I,NASCAR Cup Series 2025: All-Star Race | EXTENDED HIGHLIGHTS | 5/18/25 | Motorsports on NBC,Motorsports on NBC,2025-05-19T02:48:07Z,107467,1826,148,PT16M22S,https://youtube.com/watch?v=JpRqXvWF63I,False,False,False,False,False
17,2025 The Great American Getaway 400,2025-06-22,83kRqoa7uHY,Brad Keselowski Injury | Jimmie Johnson Seeking Daytona History | Top 50 Drivers of 2025 Reaction,Eric Estepp,2025-12-22T15:40:01Z,52846,2821,267,PT13M6S,https://youtube.com/watch?v=83kRqoa7uHY,False,False,False,True,False
17,2025 The Great American Getaway 400,2025-06-22,Le_y1ap2Ct8,&#39;The car drives like s**t&#39; | NASCAR RADIOACTIVE from the 2025 All-Star Race,NASCAR,2025-05-20T21:43:50Z,35032,816,64,PT6M6S,https://youtube.com/watch?v=Le_y1ap2Ct8,False,False,False,False,False
18,2025 Quaker State 400 available at Walmart,2025-06-28,jwrAEeikBt0,How Do NASCAR Drivers Pee? | Todd Gilliland Reveals All,Rated Red,2025-02-12T20:08:32Z,3904,130,12,PT9M13S,https://youtube.com/watch?v=jwrAEeikBt0,False,False,True,False,False
18,2025 Quaker State 400 available at Walmart,2025-06-28,Fa2FiWKiiBc,"Todd Gilliland Talks Changes at Front Row, McDowell&#39;s Departure, New Teammates, and More!",Eric Estepp,2025-05-22T16:27:59Z,17254,1085,46,PT8M43S,https://youtube.com/watch?v=Fa2FiWKiiBc,False,False,True,False,False
18,2025 Quaker State 400 available at Walmart,2025-06-28,Nk8LdNd_XtM,2025 TODD GILLILAND GRILLO&#39;S FORD MUSTANG DIECASTBUFFET NASCAR DIECAST REVIEW 1/64,Diecastbuffet,2026-05-29T01:42:45Z,188,12,3,PT10M7S,https://youtube.com/watch?v=Nk8LdNd_XtM,False,False,True,False,False
18,2025 Quaker State 400 available at Walmart,2025-06-28,v-kwi-xD40w,Todd Gilliland Clips For Edits All Years By smithdoit,NSCP by smithdoit  (ScenePacks),2025-11-01T21:49:13Z,188,11,2,PT5M50S,https://youtube.com/watch?v=v-kwi-xD40w,False,False,True,False,False
18,2025 Quaker State 400 available at Walmart,2025-06-28,rKBDulrtVGQ,Countdown to Daytona: Todd Gilliland,FOX8 WGHP,2025-02-12T19:42:23Z,182,2,0,PT8M37S,https://youtube.com/watch?v=rKBDulrtVGQ,False,False,True,False,False
18,2025 Quaker State 400 available at Walmart,2025-06-28,bbaZ1Nei-DY,Todd Gilliland &amp; Zane Smith Remain Focused On Racing In Midst of FRM Losing Injunction Lawsuit,Frontstretch,2025-06-07T16:10:37Z,457,14,0,PT5M10S,https://youtube.com/watch?v=bbaZ1Nei-DY,False,False,True,False,False
18,2025 Quaker State 400 available at Walmart,2025-06-28,BgTJtLE_M-M,"Todd Gilliland on qualifying at Darlington, being a leader at Front Row and his Ray Fox throwback",Nikolai P. Culp,2025-04-05T19:08:56Z,99,7,0,PT4M21S,https://youtube.com/watch?v=BgTJtLE_M-M,False,False,True,False,False
18,2025 Quaker State 400 available at Walmart,2025-06-28,Q2clHIifaNk,NASCAR 25 - #34 Todd Gilliland (Ford) - Gameplay (PS5 UHD) [4K60FPS],Throneful,2025-10-30T19:00:29Z,648,18,0,PT17M38S,https://youtube.com/watch?v=Q2clHIifaNk,False,False,True,False,False
18,2025 Quaker State 400 available at Walmart,2025-06-28,VjsnnSaIS_c,Todd Gilliland Returning To Front Row Motorsports In 2025,Daniel Kriete,2024-06-05T13:36:02Z,410,26,6,PT8M7S,https://youtube.com/watch?v=VjsnnSaIS_c,False,False,True,False,False
18,2025 Quaker State 400 available at Walmart,2025-06-28,FbntZWZjwMg,The Inside Lane | Episode 96: Todd Gilliland from the Daytona 500,Sports360AZ,2025-02-24T22:29:01Z,74,0,0,PT4M57S,https://youtube.com/watch?v=FbntZWZjwMg,False,False,True,False,False
18,2025 Quaker State 400 available at Walmart,2025-06-28,Hgz5ZskUe68,Austin Hill &amp; Richard Childress Remember Kyle Busch After San Diego Win | NASCAR,NASCAR,2026-06-21T02:56:52Z,35090,668,65,PT5M45S,https://youtube.com/watch?v=Hgz5ZskUe68,False,True,False,False,False
18,2025 Quaker State 400 available at Walmart,2025-06-28,-ZSfV1hsFEk,Every Austin Hill win in 2025,Nascar24,2025-12-06T21:00:00Z,193,7,0,PT7M35S,https://youtube.com/watch?v=-ZSfV1hsFEk,False,False,False,False,False
18,2025 Quaker State 400 available at Walmart,2025-06-28,X7qxa43I8Bc,The Austin Hill Experience | Why Fans Are Fed Up,The Iceberg,2025-08-11T19:34:01Z,44839,1454,572,PT9M9S,https://youtube.com/watch?v=X7qxa43I8Bc,False,False,False,False,False
18,2025 Quaker State 400 available at Walmart,2025-06-28,szQF_RtjpI8,RCR Keeps Embarrassing Themselves | Austin Hill Wrecks Aric Almirola REACTION,Eric Estepp,2025-07-27T06:25:16Z,114500,4466,998,PT13M,https://youtube.com/watch?v=szQF_RtjpI8,False,False,False,False,False
18,2025 Quaker State 400 available at Walmart,2025-06-28,qUK_F0SHBhQ,&#39;Daytona has been so good to me&#39; – Austin Hill on his fourth win in five years 😮‍💨 NASCAR on FOX,NASCAR on FOX,2026-02-15T02:10:57Z,6110,94,11,PT7M42S,https://youtube.com/watch?v=qUK_F0SHBhQ,False,False,False,False,False
18,2025 Quaker State 400 available at Walmart,2025-06-28,5yuTjIT2Fuk,Dale Earnhardt Jr. Just Said the UNTHINKABLE About Austin Hill!,NASCAR TODAY,2025-10-24T16:00:13Z,1290,10,3,PT9M41S,https://youtube.com/watch?v=5yuTjIT2Fuk,False,False,False,False,False
18,2025 Quaker State 400 available at Walmart,2025-06-28,HAZbzV-TYhM,Austin Hill &amp; Jeb Burton post-race interviews from Talladega Superspeedway | NASCAR on FOX,NASCAR on FOX,2025-04-26T23:26:05Z,6621,75,26,PT4M41S,https://youtube.com/watch?v=HAZbzV-TYhM,False,False,False,False,False
18,2025 Quaker State 400 available at Walmart,2025-06-28,tZHbVBdv1bM,NASCAR in PANIC! Shane van Gisbergen LASHES OUT at Austin Hill After BIG ONE Involving 11 Cars,NASCAR Nation Report,2026-06-22T01:10:05Z,4788,129,21,PT9M59S,https://youtube.com/watch?v=tZHbVBdv1bM,False,False,False,False,False
18,2025 Quaker State 400 available at Walmart,2025-06-28,hOJko4r9OLc,Austin Hill Triggers Another Huge Crash | Zilisch Clashes With SVG | REACTION,Eric Estepp,2025-08-10T00:48:45Z,98737,3955,1193,PT16M26S,https://youtube.com/watch?v=hOJko4r9OLc,False,False,False,False,False
18,2025 Quaker State 400 available at Walmart,2025-06-28,PiOELqviAzU,This. Is. Embarrassing. - Part 2 - Austin Hill Edition,Jesse King,2025-07-29T15:52:02Z,23835,708,204,PT7M32S,https://youtube.com/watch?v=PiOELqviAzU,False,False,False,False,False
18,2025 Quaker State 400 available at Walmart,2025-06-28,-wS-Co9IJ4A,Last Laps: A Heavyweight Fight in Vegas | 2025 NASCAR Cup Series,NASCAR,2025-10-13T00:50:29Z,80381,675,67,PT7M49S,https://youtube.com/watch?v=-wS-Co9IJ4A,False,False,False,False,False
18,2025 Quaker State 400 available at Walmart,2025-06-28,HomWvKNSSRA,So Close Again: Denny Hamlin Reacts to Another Championship Miss | 2025 NASCAR Cup Series,NASCAR,2025-11-03T01:08:56Z,53500,657,282,PT5M28S,https://youtube.com/watch?v=HomWvKNSSRA,True,False,False,False,False
18,2025 Quaker State 400 available at Walmart,2025-06-28,P3vUj_OERyQ,An Unbelievable End to the 2025 NASCAR Cup Series Season | Final Laps at Phoenix,NASCAR,2025-11-03T00:22:30Z,193451,1899,582,PT6M27S,https://youtube.com/watch?v=P3vUj_OERyQ,False,False,False,False,False
18,2025 Quaker State 400 available at Walmart,2025-06-28,wYcSuMaHC-k,Missing Rings: Denny Hamlin 2025,The Iceberg,2025-11-05T23:21:21Z,18343,798,296,PT11M,https://youtube.com/watch?v=wYcSuMaHC-k,True,False,False,False,False
18,2025 Quaker State 400 available at Walmart,2025-06-28,3LE2_qaU5kg,Denny Hamlin&#39;s Emotional Reaction to 60th Career Win | 2025 NASCAR Cup Series at Las Vegas,NASCAR,2025-10-13T01:20:00Z,56335,1080,145,PT6M45S,https://youtube.com/watch?v=3LE2_qaU5kg,True,False,False,False,False
18,2025 Quaker State 400 available at Walmart,2025-06-28,5b5Qt3VAZrU,2025 NASCAR Cup Series Championship Reaction. THE HEARTBREAK OF ALL-TIME,FireBall Hamlin,2025-11-03T01:11:21Z,12225,275,315,PT17M44S,https://youtube.com/watch?v=5b5Qt3VAZrU,False,False,False,False,False
18,2025 Quaker State 400 available at Walmart,2025-06-28,xL5wsAdIWyo,The Final Battle: Hamlin vs. Larson for the Championship | NASCAR,NASCAR,2025-11-03T19:46:49Z,43880,940,104,PT5M46S,https://youtube.com/watch?v=xL5wsAdIWyo,True,False,False,False,False
18,2025 Quaker State 400 available at Walmart,2025-06-28,kykqdL18-OU,Every Denny Hamlin win in 2025,Nascar24,2025-11-16T21:00:52Z,585,13,0,PT7M,https://youtube.com/watch?v=kykqdL18-OU,True,False,False,False,False
18,2025 Quaker State 400 available at Walmart,2025-06-28,PVUfltDPjtY,Hamlin vs. Gibbs: Recap and Reaction from New Hampshire | 2025 NASCAR Cup Series,NASCAR,2025-09-21T22:08:03Z,58298,302,122,PT7M40S,https://youtube.com/watch?v=PVUfltDPjtY,True,False,False,False,False
18,2025 Quaker State 400 available at Walmart,2025-06-28,l3i3W8QKTsU,WATCH: Denny Hamlin Outduels William Byron at Michigan | 2025 NASCAR FireKeepers Casino 400,NASCAR,2025-06-08T22:19:10Z,16097,224,16,PT8M37S,https://youtube.com/watch?v=l3i3W8QKTsU,True,False,False,False,False
18,2025 Quaker State 400 available at Walmart,2025-06-28,1fYXEvm3to0,Playoff Heartbreak at the Finish | 2025 NASCAR Radioactive from Charlotte,NASCAR,2025-10-07T22:00:04Z,33499,744,51,PT6M2S,https://youtube.com/watch?v=1fYXEvm3to0,False,False,False,False,False
18,2025 Quaker State 400 available at Walmart,2025-06-28,TipP_iG0c74,Ross Chastain Answers the Internet | NASCAR,NASCAR,2025-12-30T21:00:41Z,26259,1310,74,PT5M21S,https://youtube.com/watch?v=TipP_iG0c74,False,False,False,False,True
18,2025 Quaker State 400 available at Walmart,2025-06-28,5DH4F0tdewY,CHASTAIN WINNING INTERVIEW + BYRON POST RACE INTERVIEW - 2025 COCACOLA 600 - 2025 NASCAR CUP SERIES,SportsNewsCentral,2025-06-27T18:45:06Z,238,0,0,PT5M49S,https://youtube.com/watch?v=5DH4F0tdewY,False,False,False,False,True
18,2025 Quaker State 400 available at Walmart,2025-06-28,b49PzC9kVtY,BACKWARD FINISH Decides Final Playoff Spot | 2025 NASCAR Cup Series at Charlotte,NASCAR,2025-10-05T23:13:10Z,54550,332,48,PT8M17S,https://youtube.com/watch?v=b49PzC9kVtY,False,False,False,False,False
18,2025 Quaker State 400 available at Walmart,2025-06-28,1hUYa4asnOs,Dale Earnhardt Jr. Just DESTROYED Ross Chastain on Live TV!,NASCAR TODAY,2025-07-09T20:00:02Z,30755,146,30,PT13M13S,https://youtube.com/watch?v=1hUYa4asnOs,False,False,False,False,True
18,2025 Quaker State 400 available at Walmart,2025-06-28,TqYY4tZXfIE,Why Ross Chastain’s Approach Could Influence the Next Generation,NASCAR TODAY,2025-11-10T18:15:05Z,2081,22,0,PT8M4S,https://youtube.com/watch?v=TqYY4tZXfIE,False,False,False,False,True
18,2025 Quaker State 400 available at Walmart,2025-06-28,BV4PsJmXu-Y,Ross Chastain Destroyed by NASCAR After Texas Finish — What the HELL Just Happened?!,NASCAR Insider,2025-05-06T16:00:28Z,4906,46,6,PT6M43S,https://youtube.com/watch?v=BV4PsJmXu-Y,False,False,False,False,True
18,2025 Quaker State 400 available at Walmart,2025-06-28,NrKCX_9gNYw,Daniel Suárez GOES OFF on Ross Chastain After WILD Vegas Finish!,NASCAR Insider,2026-03-17T16:46:12Z,515,11,7,PT9M52S,https://youtube.com/watch?v=NrKCX_9gNYw,False,False,False,False,True
18,2025 Quaker State 400 available at Walmart,2025-06-28,Yl08L6Y0y3Y,2025 Coca-Cola 600 | NASCAR Official Extended Highlights,NASCAR,2025-05-26T03:36:47Z,460195,5589,360,PT15M41S,https://youtube.com/watch?v=Yl08L6Y0y3Y,False,False,False,False,False
18,2025 Quaker State 400 available at Walmart,2025-06-28,DogYuyhg1F8,NASCAR at Charlotte Motor Speedway May 2025: Ross Chastain post-race,Cup Scene ,2025-05-26T13:07:18Z,1532,47,4,PT12M16S,https://youtube.com/watch?v=DogYuyhg1F8,False,False,False,False,True
18,2025 Quaker State 400 available at Walmart,2025-06-28,YISsxP9tCUM,Reddit Asks Brad Keselowski WILD Questions | NASCAR,NASCAR,2025-08-21T21:00:30Z,79125,3961,168,PT7M16S,https://youtube.com/watch?v=YISsxP9tCUM,False,False,False,True,False
18,2025 Quaker State 400 available at Walmart,2025-06-28,78NwQZmqxz0,Final Laps: A WILD Bristol Finish | 2025 NASCAR Cup Series,NASCAR,2025-09-14T03:58:50Z,222659,975,130,PT5M12S,https://youtube.com/watch?v=78NwQZmqxz0,False,False,False,False,False
18,2025 Quaker State 400 available at Walmart,2025-06-28,Hq1V6sDUnGs,Extended Highlights | 2025 NASCAR Cup Series from Iowa,NASCAR,2025-08-04T01:34:16Z,175871,2111,137,PT19M55S,https://youtube.com/watch?v=Hq1V6sDUnGs,False,False,False,False,False
18,2025 Quaker State 400 available at Walmart,2025-06-28,hKsNXFB_8V4,NASCAR Cup Series 2025: Pennzoil 400 | EXTENDED HIGHLIGHTS | 3/16/25 | Motorsports on NBC,Motorsports on NBC,2025-03-16T23:54:59Z,150191,2662,143,PT16M46S,https://youtube.com/watch?v=hKsNXFB_8V4,False,False,False,False,False
18,2025 Quaker State 400 available at Walmart,2025-06-28,peOrAd5ipF4,NASCAR Cup Series 2025: EchoPark Automotive GP | EXTENDED HIGHLIGHTS | 3/2/25 | Motorsports on NBC,Motorsports on NBC,2025-03-03T01:01:52Z,109346,1811,140,PT17M15S,https://youtube.com/watch?v=peOrAd5ipF4,False,False,False,False,False
18,2025 Quaker State 400 available at Walmart,2025-06-28,6xDyB0-uLpY,NASCAR Cup Series 2025: Cook Out 400 | EXTENDED HIGHLIGHTS | 3/30/25 | Motorsports on NBC,Motorsports on NBC,2025-03-30T23:01:09Z,110539,1968,115,PT16M27S,https://youtube.com/watch?v=6xDyB0-uLpY,False,False,False,False,False
18,2025 Quaker State 400 available at Walmart,2025-06-28,50X_h1q0LXI,Gateway Turns Up the Playoff Heat | 2025 NASCAR Cup Series Extended Highlights,NASCAR,2025-09-07T23:02:36Z,243284,3618,240,PT18M,https://youtube.com/watch?v=50X_h1q0LXI,False,False,False,False,False
18,2025 Quaker State 400 available at Walmart,2025-06-28,83kRqoa7uHY,Brad Keselowski Injury | Jimmie Johnson Seeking Daytona History | Top 50 Drivers of 2025 Reaction,Eric Estepp,2025-12-22T15:40:01Z,52846,2821,267,PT13M6S,https://youtube.com/watch?v=83kRqoa7uHY,False,False,False,True,False
18,2025 Quaker State 400 available at Walmart,2025-06-28,JpRqXvWF63I,NASCAR Cup Series 2025: All-Star Race | EXTENDED HIGHLIGHTS | 5/18/25 | Motorsports on NBC,Motorsports on NBC,2025-05-19T02:48:07Z,107467,1826,148,PT16M22S,https://youtube.com/watch?v=JpRqXvWF63I,False,False,False,False,False
18,2025 Quaker State 400 available at Walmart,2025-06-28,Le_y1ap2Ct8,&#39;The car drives like s**t&#39; | NASCAR RADIOACTIVE from the 2025 All-Star Race,NASCAR,2025-05-20T21:43:50Z,35032,816,64,PT6M6S,https://youtube.com/watch?v=Le_y1ap2Ct8,False,False,False,False,False
19,2025 Grant Park 165,2025-07-06,v-kwi-xD40w,Todd Gilliland Clips For Edits All Years By smithdoit,NSCP by smithdoit  (ScenePacks),2025-11-01T21:49:13Z,188,11,2,PT5M50S,https://youtube.com/watch?v=v-kwi-xD40w,False,False,True,False,False
19,2025 Grant Park 165,2025-07-06,jwrAEeikBt0,How Do NASCAR Drivers Pee? | Todd Gilliland Reveals All,Rated Red,2025-02-12T20:08:32Z,3904,130,12,PT9M13S,https://youtube.com/watch?v=jwrAEeikBt0,False,False,True,False,False
19,2025 Grant Park 165,2025-07-06,Nk8LdNd_XtM,2025 TODD GILLILAND GRILLO&#39;S FORD MUSTANG DIECASTBUFFET NASCAR DIECAST REVIEW 1/64,Diecastbuffet,2026-05-29T01:42:45Z,188,12,3,PT10M7S,https://youtube.com/watch?v=Nk8LdNd_XtM,False,False,True,False,False
19,2025 Grant Park 165,2025-07-06,rKBDulrtVGQ,Countdown to Daytona: Todd Gilliland,FOX8 WGHP,2025-02-12T19:42:23Z,182,2,0,PT8M37S,https://youtube.com/watch?v=rKBDulrtVGQ,False,False,True,False,False
19,2025 Grant Park 165,2025-07-06,1VkIwkAEqPg,Ryan Preece on Having the Best Car at the End; Todd Gilliland &amp; Josh Berry Have Great Runs,Frontstretch,2025-10-26T23:00:00Z,3318,54,3,PT4M39S,https://youtube.com/watch?v=1VkIwkAEqPg,False,False,True,False,False
19,2025 Grant Park 165,2025-07-06,BgTJtLE_M-M,"Todd Gilliland on qualifying at Darlington, being a leader at Front Row and his Ray Fox throwback",Nikolai P. Culp,2025-04-05T19:08:56Z,99,7,0,PT4M21S,https://youtube.com/watch?v=BgTJtLE_M-M,False,False,True,False,False
19,2025 Grant Park 165,2025-07-06,VjsnnSaIS_c,Todd Gilliland Returning To Front Row Motorsports In 2025,Daniel Kriete,2024-06-05T13:36:02Z,410,26,6,PT8M7S,https://youtube.com/watch?v=VjsnnSaIS_c,False,False,True,False,False
19,2025 Grant Park 165,2025-07-06,-FiLN6JeJDw,Todd Gilliland 2025 Loves Diecast Review ,Halo Radiance,2025-12-17T13:04:17Z,43,1,0,PT4M45S,https://youtube.com/watch?v=-FiLN6JeJDw,False,False,True,False,False
19,2025 Grant Park 165,2025-07-06,Fa2FiWKiiBc,"Todd Gilliland Talks Changes at Front Row, McDowell&#39;s Departure, New Teammates, and More!",Eric Estepp,2025-05-22T16:27:59Z,17254,1085,46,PT8M43S,https://youtube.com/watch?v=Fa2FiWKiiBc,False,False,True,False,False
19,2025 Grant Park 165,2025-07-06,ZVQo5SYURG0,2025 TODD GILLILAND LOVE&#39;S FORD MUSTANG DIECASTBUFFET NASCAR DIECAST REVIEW 1/64,Diecastbuffet,2026-01-20T21:03:33Z,218,13,8,PT8M30S,https://youtube.com/watch?v=ZVQo5SYURG0,False,False,True,False,False
19,2025 Grant Park 165,2025-07-06,Hgz5ZskUe68,Austin Hill &amp; Richard Childress Remember Kyle Busch After San Diego Win | NASCAR,NASCAR,2026-06-21T02:56:52Z,35090,668,65,PT5M45S,https://youtube.com/watch?v=Hgz5ZskUe68,False,True,False,False,False
19,2025 Grant Park 165,2025-07-06,-ZSfV1hsFEk,Every Austin Hill win in 2025,Nascar24,2025-12-06T21:00:00Z,193,7,0,PT7M35S,https://youtube.com/watch?v=-ZSfV1hsFEk,False,False,False,False,False
19,2025 Grant Park 165,2025-07-06,X7qxa43I8Bc,The Austin Hill Experience | Why Fans Are Fed Up,The Iceberg,2025-08-11T19:34:01Z,44839,1454,572,PT9M9S,https://youtube.com/watch?v=X7qxa43I8Bc,False,False,False,False,False
19,2025 Grant Park 165,2025-07-06,szQF_RtjpI8,RCR Keeps Embarrassing Themselves | Austin Hill Wrecks Aric Almirola REACTION,Eric Estepp,2025-07-27T06:25:16Z,114500,4466,998,PT13M,https://youtube.com/watch?v=szQF_RtjpI8,False,False,False,False,False
19,2025 Grant Park 165,2025-07-06,qUK_F0SHBhQ,&#39;Daytona has been so good to me&#39; – Austin Hill on his fourth win in five years 😮‍💨 NASCAR on FOX,NASCAR on FOX,2026-02-15T02:10:57Z,6110,94,11,PT7M42S,https://youtube.com/watch?v=qUK_F0SHBhQ,False,False,False,False,False
19,2025 Grant Park 165,2025-07-06,5yuTjIT2Fuk,Dale Earnhardt Jr. Just Said the UNTHINKABLE About Austin Hill!,NASCAR TODAY,2025-10-24T16:00:13Z,1290,10,3,PT9M41S,https://youtube.com/watch?v=5yuTjIT2Fuk,False,False,False,False,False
19,2025 Grant Park 165,2025-07-06,HAZbzV-TYhM,Austin Hill &amp; Jeb Burton post-race interviews from Talladega Superspeedway | NASCAR on FOX,NASCAR on FOX,2025-04-26T23:26:05Z,6621,75,26,PT4M41S,https://youtube.com/watch?v=HAZbzV-TYhM,False,False,False,False,False
19,2025 Grant Park 165,2025-07-06,tZHbVBdv1bM,NASCAR in PANIC! Shane van Gisbergen LASHES OUT at Austin Hill After BIG ONE Involving 11 Cars,NASCAR Nation Report,2026-06-22T01:10:05Z,4788,129,21,PT9M59S,https://youtube.com/watch?v=tZHbVBdv1bM,False,False,False,False,False
19,2025 Grant Park 165,2025-07-06,hOJko4r9OLc,Austin Hill Triggers Another Huge Crash | Zilisch Clashes With SVG | REACTION,Eric Estepp,2025-08-10T00:48:45Z,98737,3955,1193,PT16M26S,https://youtube.com/watch?v=hOJko4r9OLc,False,False,False,False,False
19,2025 Grant Park 165,2025-07-06,PiOELqviAzU,This. Is. Embarrassing. - Part 2 - Austin Hill Edition,Jesse King,2025-07-29T15:52:02Z,23835,708,204,PT7M32S,https://youtube.com/watch?v=PiOELqviAzU,False,False,False,False,False
19,2025 Grant Park 165,2025-07-06,-wS-Co9IJ4A,Last Laps: A Heavyweight Fight in Vegas | 2025 NASCAR Cup Series,NASCAR,2025-10-13T00:50:29Z,80382,675,67,PT7M49S,https://youtube.com/watch?v=-wS-Co9IJ4A,False,False,False,False,False
19,2025 Grant Park 165,2025-07-06,P3vUj_OERyQ,An Unbelievable End to the 2025 NASCAR Cup Series Season | Final Laps at Phoenix,NASCAR,2025-11-03T00:22:30Z,193455,1899,582,PT6M27S,https://youtube.com/watch?v=P3vUj_OERyQ,False,False,False,False,False
19,2025 Grant Park 165,2025-07-06,HomWvKNSSRA,So Close Again: Denny Hamlin Reacts to Another Championship Miss | 2025 NASCAR Cup Series,NASCAR,2025-11-03T01:08:56Z,53500,657,282,PT5M28S,https://youtube.com/watch?v=HomWvKNSSRA,True,False,False,False,False
19,2025 Grant Park 165,2025-07-06,xL5wsAdIWyo,The Final Battle: Hamlin vs. Larson for the Championship | NASCAR,NASCAR,2025-11-03T19:46:49Z,43882,940,104,PT5M46S,https://youtube.com/watch?v=xL5wsAdIWyo,True,False,False,False,False
19,2025 Grant Park 165,2025-07-06,3LE2_qaU5kg,Denny Hamlin&#39;s Emotional Reaction to 60th Career Win | 2025 NASCAR Cup Series at Las Vegas,NASCAR,2025-10-13T01:20:00Z,56332,1080,145,PT6M45S,https://youtube.com/watch?v=3LE2_qaU5kg,True,False,False,False,False
19,2025 Grant Park 165,2025-07-06,PVUfltDPjtY,Hamlin vs. Gibbs: Recap and Reaction from New Hampshire | 2025 NASCAR Cup Series,NASCAR,2025-09-21T22:08:03Z,58298,302,122,PT7M40S,https://youtube.com/watch?v=PVUfltDPjtY,True,False,False,False,False
19,2025 Grant Park 165,2025-07-06,wYcSuMaHC-k,Missing Rings: Denny Hamlin 2025,The Iceberg,2025-11-05T23:21:21Z,18343,798,296,PT11M,https://youtube.com/watch?v=wYcSuMaHC-k,True,False,False,False,False
19,2025 Grant Park 165,2025-07-06,l3i3W8QKTsU,WATCH: Denny Hamlin Outduels William Byron at Michigan | 2025 NASCAR FireKeepers Casino 400,NASCAR,2025-06-08T22:19:10Z,16097,224,16,PT8M37S,https://youtube.com/watch?v=l3i3W8QKTsU,True,False,False,False,False
19,2025 Grant Park 165,2025-07-06,5b5Qt3VAZrU,2025 NASCAR Cup Series Championship Reaction. THE HEARTBREAK OF ALL-TIME,FireBall Hamlin,2025-11-03T01:11:21Z,12225,275,315,PT17M44S,https://youtube.com/watch?v=5b5Qt3VAZrU,False,False,False,False,False
19,2025 Grant Park 165,2025-07-06,kykqdL18-OU,Every Denny Hamlin win in 2025,Nascar24,2025-11-16T21:00:52Z,585,13,0,PT7M,https://youtube.com/watch?v=kykqdL18-OU,True,False,False,False,False
19,2025 Grant Park 165,2025-07-06,1fYXEvm3to0,Playoff Heartbreak at the Finish | 2025 NASCAR Radioactive from Charlotte,NASCAR,2025-10-07T22:00:04Z,33496,744,51,PT6M2S,https://youtube.com/watch?v=1fYXEvm3to0,False,False,False,False,False
19,2025 Grant Park 165,2025-07-06,5DH4F0tdewY,CHASTAIN WINNING INTERVIEW + BYRON POST RACE INTERVIEW - 2025 COCACOLA 600 - 2025 NASCAR CUP SERIES,SportsNewsCentral,2025-06-27T18:45:06Z,238,0,0,PT5M49S,https://youtube.com/watch?v=5DH4F0tdewY,False,False,False,False,True
19,2025 Grant Park 165,2025-07-06,TipP_iG0c74,Ross Chastain Answers the Internet | NASCAR,NASCAR,2025-12-30T21:00:41Z,26260,1310,74,PT5M21S,https://youtube.com/watch?v=TipP_iG0c74,False,False,False,False,True
19,2025 Grant Park 165,2025-07-06,b49PzC9kVtY,BACKWARD FINISH Decides Final Playoff Spot | 2025 NASCAR Cup Series at Charlotte,NASCAR,2025-10-05T23:13:10Z,54550,332,48,PT8M17S,https://youtube.com/watch?v=b49PzC9kVtY,False,False,False,False,False
19,2025 Grant Park 165,2025-07-06,1hUYa4asnOs,Dale Earnhardt Jr. Just DESTROYED Ross Chastain on Live TV!,NASCAR TODAY,2025-07-09T20:00:02Z,30755,146,30,PT13M13S,https://youtube.com/watch?v=1hUYa4asnOs,False,False,False,False,True
19,2025 Grant Park 165,2025-07-06,TqYY4tZXfIE,Why Ross Chastain’s Approach Could Influence the Next Generation,NASCAR TODAY,2025-11-10T18:15:05Z,2081,22,0,PT8M4S,https://youtube.com/watch?v=TqYY4tZXfIE,False,False,False,False,True
19,2025 Grant Park 165,2025-07-06,BV4PsJmXu-Y,Ross Chastain Destroyed by NASCAR After Texas Finish — What the HELL Just Happened?!,NASCAR Insider,2025-05-06T16:00:28Z,4906,46,6,PT6M43S,https://youtube.com/watch?v=BV4PsJmXu-Y,False,False,False,False,True
19,2025 Grant Park 165,2025-07-06,HI2XOFCFWIA,From the Back to Victory Lane: Ross Chastain’s Wild Drive | 2025 NASCAR Coca-Cola 600,NASCAR,2025-05-26T04:55:59Z,44478,706,72,PT8M41S,https://youtube.com/watch?v=HI2XOFCFWIA,False,False,False,False,True
19,2025 Grant Park 165,2025-07-06,NrKCX_9gNYw,Daniel Suárez GOES OFF on Ross Chastain After WILD Vegas Finish!,NASCAR Insider,2026-03-17T16:46:12Z,515,11,7,PT9M52S,https://youtube.com/watch?v=NrKCX_9gNYw,False,False,False,False,True
19,2025 Grant Park 165,2025-07-06,DogYuyhg1F8,NASCAR at Charlotte Motor Speedway May 2025: Ross Chastain post-race,Cup Scene ,2025-05-26T13:07:18Z,1532,47,4,PT12M16S,https://youtube.com/watch?v=DogYuyhg1F8,False,False,False,False,True
19,2025 Grant Park 165,2025-07-06,78NwQZmqxz0,Final Laps: A WILD Bristol Finish | 2025 NASCAR Cup Series,NASCAR,2025-09-14T03:58:50Z,222659,975,130,PT5M12S,https://youtube.com/watch?v=78NwQZmqxz0,False,False,False,False,False
19,2025 Grant Park 165,2025-07-06,YISsxP9tCUM,Reddit Asks Brad Keselowski WILD Questions | NASCAR,NASCAR,2025-08-21T21:00:30Z,79125,3961,168,PT7M16S,https://youtube.com/watch?v=YISsxP9tCUM,False,False,False,True,False
19,2025 Grant Park 165,2025-07-06,Hq1V6sDUnGs,Extended Highlights | 2025 NASCAR Cup Series from Iowa,NASCAR,2025-08-04T01:34:16Z,175870,2111,137,PT19M55S,https://youtube.com/watch?v=Hq1V6sDUnGs,False,False,False,False,False
19,2025 Grant Park 165,2025-07-06,peOrAd5ipF4,NASCAR Cup Series 2025: EchoPark Automotive GP | EXTENDED HIGHLIGHTS | 3/2/25 | Motorsports on NBC,Motorsports on NBC,2025-03-03T01:01:52Z,109346,1811,140,PT17M15S,https://youtube.com/watch?v=peOrAd5ipF4,False,False,False,False,False
19,2025 Grant Park 165,2025-07-06,JpRqXvWF63I,NASCAR Cup Series 2025: All-Star Race | EXTENDED HIGHLIGHTS | 5/18/25 | Motorsports on NBC,Motorsports on NBC,2025-05-19T02:48:07Z,107467,1826,148,PT16M22S,https://youtube.com/watch?v=JpRqXvWF63I,False,False,False,False,False
19,2025 Grant Park 165,2025-07-06,_COkWlsCzFs,NASCAR Cup Series 2025: Coke Zero Sugar 400 | EXTENDED HIGHLIGHTS | Motorsports on NBC,Motorsports on NBC,2025-08-24T04:26:09Z,178861,2393,159,PT15M15S,https://youtube.com/watch?v=_COkWlsCzFs,False,False,False,False,False
19,2025 Grant Park 165,2025-07-06,nxwOIIdGhVo,NASCAR Cup Series 2025: New Hampshire playoff race | EXTENDED HIGHLIGHTS | Motorsports on NBC,Motorsports on NBC,2025-09-21T22:44:44Z,151333,2028,155,PT15M15S,https://youtube.com/watch?v=nxwOIIdGhVo,False,False,False,False,False
19,2025 Grant Park 165,2025-07-06,bwb0H_19a_E,NASCAR Cup Series 2025: Bass Pro Shops Night Race | EXTENDED HIGHLIGHTS | Motorsports on NBC,Motorsports on NBC,2025-09-14T04:53:29Z,111788,1899,168,PT15M13S,https://youtube.com/watch?v=bwb0H_19a_E,False,False,False,False,False
19,2025 Grant Park 165,2025-07-06,6wQERuqE_No,Playoffs or Bust at Daytona | 2025 NASCAR Cup Series Extended Highlights,NASCAR,2025-08-24T03:49:34Z,562730,6518,347,PT17M16S,https://youtube.com/watch?v=6wQERuqE_No,False,False,False,False,False
19,2025 Grant Park 165,2025-07-06,_ucJ0mAAXY4,The Truth About Brad Keselowski&#39;s Injury!,NASCAR TODAY,2026-01-24T16:15:06Z,27222,345,19,PT9M10S,https://youtube.com/watch?v=_ucJ0mAAXY4,False,False,False,True,False
20,2025 Toyota / Save Mart 350,2025-07-13,Hgz5ZskUe68,Austin Hill &amp; Richard Childress Remember Kyle Busch After San Diego Win | NASCAR,NASCAR,2026-06-21T02:56:52Z,35090,668,65,PT5M45S,https://youtube.com/watch?v=Hgz5ZskUe68,False,True,False,False,False
20,2025 Toyota / Save Mart 350,2025-07-13,-ZSfV1hsFEk,Every Austin Hill win in 2025,Nascar24,2025-12-06T21:00:00Z,193,7,0,PT7M35S,https://youtube.com/watch?v=-ZSfV1hsFEk,False,False,False,False,False
20,2025 Toyota / Save Mart 350,2025-07-13,X7qxa43I8Bc,The Austin Hill Experience | Why Fans Are Fed Up,The Iceberg,2025-08-11T19:34:01Z,44839,1454,572,PT9M9S,https://youtube.com/watch?v=X7qxa43I8Bc,False,False,False,False,False
20,2025 Toyota / Save Mart 350,2025-07-13,szQF_RtjpI8,RCR Keeps Embarrassing Themselves | Austin Hill Wrecks Aric Almirola REACTION,Eric Estepp,2025-07-27T06:25:16Z,114500,4466,998,PT13M,https://youtube.com/watch?v=szQF_RtjpI8,False,False,False,False,False
20,2025 Toyota / Save Mart 350,2025-07-13,qUK_F0SHBhQ,&#39;Daytona has been so good to me&#39; – Austin Hill on his fourth win in five years 😮‍💨 NASCAR on FOX,NASCAR on FOX,2026-02-15T02:10:57Z,6110,94,11,PT7M42S,https://youtube.com/watch?v=qUK_F0SHBhQ,False,False,False,False,False
20,2025 Toyota / Save Mart 350,2025-07-13,5yuTjIT2Fuk,Dale Earnhardt Jr. Just Said the UNTHINKABLE About Austin Hill!,NASCAR TODAY,2025-10-24T16:00:13Z,1290,10,3,PT9M41S,https://youtube.com/watch?v=5yuTjIT2Fuk,False,False,False,False,False
20,2025 Toyota / Save Mart 350,2025-07-13,HAZbzV-TYhM,Austin Hill &amp; Jeb Burton post-race interviews from Talladega Superspeedway | NASCAR on FOX,NASCAR on FOX,2025-04-26T23:26:05Z,6621,75,26,PT4M41S,https://youtube.com/watch?v=HAZbzV-TYhM,False,False,False,False,False
20,2025 Toyota / Save Mart 350,2025-07-13,tZHbVBdv1bM,NASCAR in PANIC! Shane van Gisbergen LASHES OUT at Austin Hill After BIG ONE Involving 11 Cars,NASCAR Nation Report,2026-06-22T01:10:05Z,4788,129,21,PT9M59S,https://youtube.com/watch?v=tZHbVBdv1bM,False,False,False,False,False
20,2025 Toyota / Save Mart 350,2025-07-13,hOJko4r9OLc,Austin Hill Triggers Another Huge Crash | Zilisch Clashes With SVG | REACTION,Eric Estepp,2025-08-10T00:48:45Z,98737,3955,1193,PT16M26S,https://youtube.com/watch?v=hOJko4r9OLc,False,False,False,False,False
20,2025 Toyota / Save Mart 350,2025-07-13,PiOELqviAzU,This. Is. Embarrassing. - Part 2 - Austin Hill Edition,Jesse King,2025-07-29T15:52:02Z,23835,708,204,PT7M32S,https://youtube.com/watch?v=PiOELqviAzU,False,False,False,False,False
20,2025 Toyota / Save Mart 350,2025-07-13,-wS-Co9IJ4A,Last Laps: A Heavyweight Fight in Vegas | 2025 NASCAR Cup Series,NASCAR,2025-10-13T00:50:29Z,80381,675,67,PT7M49S,https://youtube.com/watch?v=-wS-Co9IJ4A,False,False,False,False,False
20,2025 Toyota / Save Mart 350,2025-07-13,P3vUj_OERyQ,An Unbelievable End to the 2025 NASCAR Cup Series Season | Final Laps at Phoenix,NASCAR,2025-11-03T00:22:30Z,193451,1899,582,PT6M27S,https://youtube.com/watch?v=P3vUj_OERyQ,False,False,False,False,False
20,2025 Toyota / Save Mart 350,2025-07-13,HomWvKNSSRA,So Close Again: Denny Hamlin Reacts to Another Championship Miss | 2025 NASCAR Cup Series,NASCAR,2025-11-03T01:08:56Z,53500,657,282,PT5M28S,https://youtube.com/watch?v=HomWvKNSSRA,True,False,False,False,False
20,2025 Toyota / Save Mart 350,2025-07-13,xL5wsAdIWyo,The Final Battle: Hamlin vs. Larson for the Championship | NASCAR,NASCAR,2025-11-03T19:46:49Z,43880,940,104,PT5M46S,https://youtube.com/watch?v=xL5wsAdIWyo,True,False,False,False,False
20,2025 Toyota / Save Mart 350,2025-07-13,3LE2_qaU5kg,Denny Hamlin&#39;s Emotional Reaction to 60th Career Win | 2025 NASCAR Cup Series at Las Vegas,NASCAR,2025-10-13T01:20:00Z,56335,1080,145,PT6M45S,https://youtube.com/watch?v=3LE2_qaU5kg,True,False,False,False,False
20,2025 Toyota / Save Mart 350,2025-07-13,wYcSuMaHC-k,Missing Rings: Denny Hamlin 2025,The Iceberg,2025-11-05T23:21:21Z,18343,798,296,PT11M,https://youtube.com/watch?v=wYcSuMaHC-k,True,False,False,False,False
20,2025 Toyota / Save Mart 350,2025-07-13,PVUfltDPjtY,Hamlin vs. Gibbs: Recap and Reaction from New Hampshire | 2025 NASCAR Cup Series,NASCAR,2025-09-21T22:08:03Z,58298,302,122,PT7M40S,https://youtube.com/watch?v=PVUfltDPjtY,True,False,False,False,False
20,2025 Toyota / Save Mart 350,2025-07-13,l3i3W8QKTsU,WATCH: Denny Hamlin Outduels William Byron at Michigan | 2025 NASCAR FireKeepers Casino 400,NASCAR,2025-06-08T22:19:10Z,16097,224,16,PT8M37S,https://youtube.com/watch?v=l3i3W8QKTsU,True,False,False,False,False
20,2025 Toyota / Save Mart 350,2025-07-13,5b5Qt3VAZrU,2025 NASCAR Cup Series Championship Reaction. THE HEARTBREAK OF ALL-TIME,FireBall Hamlin,2025-11-03T01:11:21Z,12225,275,315,PT17M44S,https://youtube.com/watch?v=5b5Qt3VAZrU,False,False,False,False,False
20,2025 Toyota / Save Mart 350,2025-07-13,kykqdL18-OU,Every Denny Hamlin win in 2025,Nascar24,2025-11-16T21:00:52Z,585,13,0,PT7M,https://youtube.com/watch?v=kykqdL18-OU,True,False,False,False,False
20,2025 Toyota / Save Mart 350,2025-07-13,1fYXEvm3to0,Playoff Heartbreak at the Finish | 2025 NASCAR Radioactive from Charlotte,NASCAR,2025-10-07T22:00:04Z,33497,744,51,PT6M2S,https://youtube.com/watch?v=1fYXEvm3to0,False,False,False,False,False
20,2025 Toyota / Save Mart 350,2025-07-13,TipP_iG0c74,Ross Chastain Answers the Internet | NASCAR,NASCAR,2025-12-30T21:00:41Z,26259,1310,74,PT5M21S,https://youtube.com/watch?v=TipP_iG0c74,False,False,False,False,True
20,2025 Toyota / Save Mart 350,2025-07-13,5DH4F0tdewY,CHASTAIN WINNING INTERVIEW + BYRON POST RACE INTERVIEW - 2025 COCACOLA 600 - 2025 NASCAR CUP SERIES,SportsNewsCentral,2025-06-27T18:45:06Z,238,0,0,PT5M49S,https://youtube.com/watch?v=5DH4F0tdewY,False,False,False,False,True
20,2025 Toyota / Save Mart 350,2025-07-13,b49PzC9kVtY,BACKWARD FINISH Decides Final Playoff Spot | 2025 NASCAR Cup Series at Charlotte,NASCAR,2025-10-05T23:13:10Z,54550,332,48,PT8M17S,https://youtube.com/watch?v=b49PzC9kVtY,False,False,False,False,False
20,2025 Toyota / Save Mart 350,2025-07-13,1hUYa4asnOs,Dale Earnhardt Jr. Just DESTROYED Ross Chastain on Live TV!,NASCAR TODAY,2025-07-09T20:00:02Z,30755,146,30,PT13M13S,https://youtube.com/watch?v=1hUYa4asnOs,False,False,False,False,True
20,2025 Toyota / Save Mart 350,2025-07-13,TqYY4tZXfIE,Why Ross Chastain’s Approach Could Influence the Next Generation,NASCAR TODAY,2025-11-10T18:15:05Z,2081,22,0,PT8M4S,https://youtube.com/watch?v=TqYY4tZXfIE,False,False,False,False,True
20,2025 Toyota / Save Mart 350,2025-07-13,HI2XOFCFWIA,From the Back to Victory Lane: Ross Chastain’s Wild Drive | 2025 NASCAR Coca-Cola 600,NASCAR,2025-05-26T04:55:59Z,44478,706,72,PT8M41S,https://youtube.com/watch?v=HI2XOFCFWIA,False,False,False,False,True
20,2025 Toyota / Save Mart 350,2025-07-13,BV4PsJmXu-Y,Ross Chastain Destroyed by NASCAR After Texas Finish — What the HELL Just Happened?!,NASCAR Insider,2025-05-06T16:00:28Z,4906,46,6,PT6M43S,https://youtube.com/watch?v=BV4PsJmXu-Y,False,False,False,False,True
20,2025 Toyota / Save Mart 350,2025-07-13,NrKCX_9gNYw,Daniel Suárez GOES OFF on Ross Chastain After WILD Vegas Finish!,NASCAR Insider,2026-03-17T16:46:12Z,515,11,7,PT9M52S,https://youtube.com/watch?v=NrKCX_9gNYw,False,False,False,False,True
20,2025 Toyota / Save Mart 350,2025-07-13,Yl08L6Y0y3Y,2025 Coca-Cola 600 | NASCAR Official Extended Highlights,NASCAR,2025-05-26T03:36:47Z,460194,5589,360,PT15M41S,https://youtube.com/watch?v=Yl08L6Y0y3Y,False,False,False,False,False
21,2025 Autotrader EchoPark Automotive 400,2025-07-20,Hgz5ZskUe68,Austin Hill &amp; Richard Childress Remember Kyle Busch After San Diego Win | NASCAR,NASCAR,2026-06-21T02:56:52Z,35090,668,65,PT5M45S,https://youtube.com/watch?v=Hgz5ZskUe68,False,True,False,False,False
21,2025 Autotrader EchoPark Automotive 400,2025-07-20,X7qxa43I8Bc,The Austin Hill Experience | Why Fans Are Fed Up,The Iceberg,2025-08-11T19:34:01Z,44839,1454,572,PT9M9S,https://youtube.com/watch?v=X7qxa43I8Bc,False,False,False,False,False
21,2025 Autotrader EchoPark Automotive 400,2025-07-20,-ZSfV1hsFEk,Every Austin Hill win in 2025,Nascar24,2025-12-06T21:00:00Z,193,7,0,PT7M35S,https://youtube.com/watch?v=-ZSfV1hsFEk,False,False,False,False,False
21,2025 Autotrader EchoPark Automotive 400,2025-07-20,szQF_RtjpI8,RCR Keeps Embarrassing Themselves | Austin Hill Wrecks Aric Almirola REACTION,Eric Estepp,2025-07-27T06:25:16Z,114500,4466,998,PT13M,https://youtube.com/watch?v=szQF_RtjpI8,False,False,False,False,False
21,2025 Autotrader EchoPark Automotive 400,2025-07-20,qUK_F0SHBhQ,&#39;Daytona has been so good to me&#39; – Austin Hill on his fourth win in five years 😮‍💨 NASCAR on FOX,NASCAR on FOX,2026-02-15T02:10:57Z,6110,94,11,PT7M42S,https://youtube.com/watch?v=qUK_F0SHBhQ,False,False,False,False,False
21,2025 Autotrader EchoPark Automotive 400,2025-07-20,5yuTjIT2Fuk,Dale Earnhardt Jr. Just Said the UNTHINKABLE About Austin Hill!,NASCAR TODAY,2025-10-24T16:00:13Z,1290,10,3,PT9M41S,https://youtube.com/watch?v=5yuTjIT2Fuk,False,False,False,False,False
21,2025 Autotrader EchoPark Automotive 400,2025-07-20,tZHbVBdv1bM,NASCAR in PANIC! Shane van Gisbergen LASHES OUT at Austin Hill After BIG ONE Involving 11 Cars,NASCAR Nation Report,2026-06-22T01:10:05Z,4788,129,21,PT9M59S,https://youtube.com/watch?v=tZHbVBdv1bM,False,False,False,False,False
21,2025 Autotrader EchoPark Automotive 400,2025-07-20,hOJko4r9OLc,Austin Hill Triggers Another Huge Crash | Zilisch Clashes With SVG | REACTION,Eric Estepp,2025-08-10T00:48:45Z,98737,3955,1193,PT16M26S,https://youtube.com/watch?v=hOJko4r9OLc,False,False,False,False,False
21,2025 Autotrader EchoPark Automotive 400,2025-07-20,PiOELqviAzU,This. Is. Embarrassing. - Part 2 - Austin Hill Edition,Jesse King,2025-07-29T15:52:02Z,23835,708,204,PT7M32S,https://youtube.com/watch?v=PiOELqviAzU,False,False,False,False,False
21,2025 Autotrader EchoPark Automotive 400,2025-07-20,X8Vr-alosZQ,Richard Childress BREAKS DOWN While Remembering Kyle Busch after Austin Hill Victory!,NASCAR Central,2026-06-21T18:00:09Z,495,16,0,PT10M15S,https://youtube.com/watch?v=X8Vr-alosZQ,False,True,False,False,False
21,2025 Autotrader EchoPark Automotive 400,2025-07-20,1fYXEvm3to0,Playoff Heartbreak at the Finish | 2025 NASCAR Radioactive from Charlotte,NASCAR,2025-10-07T22:00:04Z,33499,744,51,PT6M2S,https://youtube.com/watch?v=1fYXEvm3to0,False,False,False,False,False
21,2025 Autotrader EchoPark Automotive 400,2025-07-20,TipP_iG0c74,Ross Chastain Answers the Internet | NASCAR,NASCAR,2025-12-30T21:00:41Z,26259,1310,74,PT5M21S,https://youtube.com/watch?v=TipP_iG0c74,False,False,False,False,True
21,2025 Autotrader EchoPark Automotive 400,2025-07-20,5DH4F0tdewY,CHASTAIN WINNING INTERVIEW + BYRON POST RACE INTERVIEW - 2025 COCACOLA 600 - 2025 NASCAR CUP SERIES,SportsNewsCentral,2025-06-27T18:45:06Z,238,0,0,PT5M49S,https://youtube.com/watch?v=5DH4F0tdewY,False,False,False,False,True
21,2025 Autotrader EchoPark Automotive 400,2025-07-20,b49PzC9kVtY,BACKWARD FINISH Decides Final Playoff Spot | 2025 NASCAR Cup Series at Charlotte,NASCAR,2025-10-05T23:13:10Z,54550,332,48,PT8M17S,https://youtube.com/watch?v=b49PzC9kVtY,False,False,False,False,False
21,2025 Autotrader EchoPark Automotive 400,2025-07-20,1hUYa4asnOs,Dale Earnhardt Jr. Just DESTROYED Ross Chastain on Live TV!,NASCAR TODAY,2025-07-09T20:00:02Z,30755,146,30,PT13M13S,https://youtube.com/watch?v=1hUYa4asnOs,False,False,False,False,True
21,2025 Autotrader EchoPark Automotive 400,2025-07-20,TqYY4tZXfIE,Why Ross Chastain’s Approach Could Influence the Next Generation,NASCAR TODAY,2025-11-10T18:15:05Z,2081,22,0,PT8M4S,https://youtube.com/watch?v=TqYY4tZXfIE,False,False,False,False,True
21,2025 Autotrader EchoPark Automotive 400,2025-07-20,HI2XOFCFWIA,From the Back to Victory Lane: Ross Chastain’s Wild Drive | 2025 NASCAR Coca-Cola 600,NASCAR,2025-05-26T04:55:59Z,44478,706,72,PT8M41S,https://youtube.com/watch?v=HI2XOFCFWIA,False,False,False,False,True
21,2025 Autotrader EchoPark Automotive 400,2025-07-20,BV4PsJmXu-Y,Ross Chastain Destroyed by NASCAR After Texas Finish — What the HELL Just Happened?!,NASCAR Insider,2025-05-06T16:00:28Z,4906,46,6,PT6M43S,https://youtube.com/watch?v=BV4PsJmXu-Y,False,False,False,False,True
21,2025 Autotrader EchoPark Automotive 400,2025-07-20,NrKCX_9gNYw,Daniel Suárez GOES OFF on Ross Chastain After WILD Vegas Finish!,NASCAR Insider,2026-03-17T16:46:12Z,515,11,7,PT9M52S,https://youtube.com/watch?v=NrKCX_9gNYw,False,False,False,False,True
21,2025 Autotrader EchoPark Automotive 400,2025-07-20,Yl08L6Y0y3Y,2025 Coca-Cola 600 | NASCAR Official Extended Highlights,NASCAR,2025-05-26T03:36:47Z,460195,5589,360,PT15M41S,https://youtube.com/watch?v=Yl08L6Y0y3Y,False,False,False,False,False
21,2025 Autotrader EchoPark Automotive 400,2025-07-20,YISsxP9tCUM,Reddit Asks Brad Keselowski WILD Questions | NASCAR,NASCAR,2025-08-21T21:00:30Z,79127,3961,168,PT7M16S,https://youtube.com/watch?v=YISsxP9tCUM,False,False,False,True,False
21,2025 Autotrader EchoPark Automotive 400,2025-07-20,78NwQZmqxz0,Final Laps: A WILD Bristol Finish | 2025 NASCAR Cup Series,NASCAR,2025-09-14T03:58:50Z,222659,975,130,PT5M12S,https://youtube.com/watch?v=78NwQZmqxz0,False,False,False,False,False
21,2025 Autotrader EchoPark Automotive 400,2025-07-20,Hq1V6sDUnGs,Extended Highlights | 2025 NASCAR Cup Series from Iowa,NASCAR,2025-08-04T01:34:16Z,175870,2111,137,PT19M55S,https://youtube.com/watch?v=Hq1V6sDUnGs,False,False,False,False,False
21,2025 Autotrader EchoPark Automotive 400,2025-07-20,peOrAd5ipF4,NASCAR Cup Series 2025: EchoPark Automotive GP | EXTENDED HIGHLIGHTS | 3/2/25 | Motorsports on NBC,Motorsports on NBC,2025-03-03T01:01:52Z,109346,1811,140,PT17M15S,https://youtube.com/watch?v=peOrAd5ipF4,False,False,False,False,False
21,2025 Autotrader EchoPark Automotive 400,2025-07-20,hKsNXFB_8V4,NASCAR Cup Series 2025: Pennzoil 400 | EXTENDED HIGHLIGHTS | 3/16/25 | Motorsports on NBC,Motorsports on NBC,2025-03-16T23:54:59Z,150191,2662,143,PT16M46S,https://youtube.com/watch?v=hKsNXFB_8V4,False,False,False,False,False
21,2025 Autotrader EchoPark Automotive 400,2025-07-20,6xDyB0-uLpY,NASCAR Cup Series 2025: Cook Out 400 | EXTENDED HIGHLIGHTS | 3/30/25 | Motorsports on NBC,Motorsports on NBC,2025-03-30T23:01:09Z,110539,1968,115,PT16M27S,https://youtube.com/watch?v=6xDyB0-uLpY,False,False,False,False,False
21,2025 Autotrader EchoPark Automotive 400,2025-07-20,50X_h1q0LXI,Gateway Turns Up the Playoff Heat | 2025 NASCAR Cup Series Extended Highlights,NASCAR,2025-09-07T23:02:36Z,243284,3618,240,PT18M,https://youtube.com/watch?v=50X_h1q0LXI,False,False,False,False,False
21,2025 Autotrader EchoPark Automotive 400,2025-07-20,83kRqoa7uHY,Brad Keselowski Injury | Jimmie Johnson Seeking Daytona History | Top 50 Drivers of 2025 Reaction,Eric Estepp,2025-12-22T15:40:01Z,52846,2821,267,PT13M6S,https://youtube.com/watch?v=83kRqoa7uHY,False,False,False,True,False
21,2025 Autotrader EchoPark Automotive 400,2025-07-20,JpRqXvWF63I,NASCAR Cup Series 2025: All-Star Race | EXTENDED HIGHLIGHTS | 5/18/25 | Motorsports on NBC,Motorsports on NBC,2025-05-19T02:48:07Z,107467,1826,148,PT16M22S,https://youtube.com/watch?v=JpRqXvWF63I,False,False,False,False,False
21,2025 Autotrader EchoPark Automotive 400,2025-07-20,Le_y1ap2Ct8,&#39;The car drives like s**t&#39; | NASCAR RADIOACTIVE from the 2025 All-Star Race,NASCAR,2025-05-20T21:43:50Z,35032,816,64,PT6M6S,https://youtube.com/watch?v=Le_y1ap2Ct8,False,False,False,False,False
22,2025 Brickyard 400 Presented by PPG,2025-07-27,jwrAEeikBt0,How Do NASCAR Drivers Pee? | Todd Gilliland Reveals All,Rated Red,2025-02-12T20:08:32Z,3904,130,12,PT9M13S,https://youtube.com/watch?v=jwrAEeikBt0,False,False,True,False,False
22,2025 Brickyard 400 Presented by PPG,2025-07-27,Fa2FiWKiiBc,"Todd Gilliland Talks Changes at Front Row, McDowell&#39;s Departure, New Teammates, and More!",Eric Estepp,2025-05-22T16:27:59Z,17254,1085,46,PT8M43S,https://youtube.com/watch?v=Fa2FiWKiiBc,False,False,True,False,False
22,2025 Brickyard 400 Presented by PPG,2025-07-27,Nk8LdNd_XtM,2025 TODD GILLILAND GRILLO&#39;S FORD MUSTANG DIECASTBUFFET NASCAR DIECAST REVIEW 1/64,Diecastbuffet,2026-05-29T01:42:45Z,188,12,3,PT10M7S,https://youtube.com/watch?v=Nk8LdNd_XtM,False,False,True,False,False
22,2025 Brickyard 400 Presented by PPG,2025-07-27,v-kwi-xD40w,Todd Gilliland Clips For Edits All Years By smithdoit,NSCP by smithdoit  (ScenePacks),2025-11-01T21:49:13Z,188,11,2,PT5M50S,https://youtube.com/watch?v=v-kwi-xD40w,False,False,True,False,False
22,2025 Brickyard 400 Presented by PPG,2025-07-27,rKBDulrtVGQ,Countdown to Daytona: Todd Gilliland,FOX8 WGHP,2025-02-12T19:42:23Z,182,2,0,PT8M37S,https://youtube.com/watch?v=rKBDulrtVGQ,False,False,True,False,False
22,2025 Brickyard 400 Presented by PPG,2025-07-27,bbaZ1Nei-DY,Todd Gilliland &amp; Zane Smith Remain Focused On Racing In Midst of FRM Losing Injunction Lawsuit,Frontstretch,2025-06-07T16:10:37Z,457,14,0,PT5M10S,https://youtube.com/watch?v=bbaZ1Nei-DY,False,False,True,False,False
22,2025 Brickyard 400 Presented by PPG,2025-07-27,BgTJtLE_M-M,"Todd Gilliland on qualifying at Darlington, being a leader at Front Row and his Ray Fox throwback",Nikolai P. Culp,2025-04-05T19:08:56Z,99,7,0,PT4M21S,https://youtube.com/watch?v=BgTJtLE_M-M,False,False,True,False,False
22,2025 Brickyard 400 Presented by PPG,2025-07-27,Q2clHIifaNk,NASCAR 25 - #34 Todd Gilliland (Ford) - Gameplay (PS5 UHD) [4K60FPS],Throneful,2025-10-30T19:00:29Z,648,18,0,PT17M38S,https://youtube.com/watch?v=Q2clHIifaNk,False,False,True,False,False
22,2025 Brickyard 400 Presented by PPG,2025-07-27,VjsnnSaIS_c,Todd Gilliland Returning To Front Row Motorsports In 2025,Daniel Kriete,2024-06-05T13:36:02Z,410,26,6,PT8M7S,https://youtube.com/watch?v=VjsnnSaIS_c,False,False,True,False,False
22,2025 Brickyard 400 Presented by PPG,2025-07-27,FbntZWZjwMg,The Inside Lane | Episode 96: Todd Gilliland from the Daytona 500,Sports360AZ,2025-02-24T22:29:01Z,74,0,0,PT4M57S,https://youtube.com/watch?v=FbntZWZjwMg,False,False,True,False,False
22,2025 Brickyard 400 Presented by PPG,2025-07-27,Hgz5ZskUe68,Austin Hill &amp; Richard Childress Remember Kyle Busch After San Diego Win | NASCAR,NASCAR,2026-06-21T02:56:52Z,35090,668,65,PT5M45S,https://youtube.com/watch?v=Hgz5ZskUe68,False,True,False,False,False
22,2025 Brickyard 400 Presented by PPG,2025-07-27,-ZSfV1hsFEk,Every Austin Hill win in 2025,Nascar24,2025-12-06T21:00:00Z,193,7,0,PT7M35S,https://youtube.com/watch?v=-ZSfV1hsFEk,False,False,False,False,False
22,2025 Brickyard 400 Presented by PPG,2025-07-27,X7qxa43I8Bc,The Austin Hill Experience | Why Fans Are Fed Up,The Iceberg,2025-08-11T19:34:01Z,44839,1454,572,PT9M9S,https://youtube.com/watch?v=X7qxa43I8Bc,False,False,False,False,False
22,2025 Brickyard 400 Presented by PPG,2025-07-27,szQF_RtjpI8,RCR Keeps Embarrassing Themselves | Austin Hill Wrecks Aric Almirola REACTION,Eric Estepp,2025-07-27T06:25:16Z,114500,4466,998,PT13M,https://youtube.com/watch?v=szQF_RtjpI8,False,False,False,False,False
22,2025 Brickyard 400 Presented by PPG,2025-07-27,qUK_F0SHBhQ,&#39;Daytona has been so good to me&#39; – Austin Hill on his fourth win in five years 😮‍💨 NASCAR on FOX,NASCAR on FOX,2026-02-15T02:10:57Z,6110,94,11,PT7M42S,https://youtube.com/watch?v=qUK_F0SHBhQ,False,False,False,False,False
22,2025 Brickyard 400 Presented by PPG,2025-07-27,5yuTjIT2Fuk,Dale Earnhardt Jr. Just Said the UNTHINKABLE About Austin Hill!,NASCAR TODAY,2025-10-24T16:00:13Z,1290,10,3,PT9M41S,https://youtube.com/watch?v=5yuTjIT2Fuk,False,False,False,False,False
22,2025 Brickyard 400 Presented by PPG,2025-07-27,HAZbzV-TYhM,Austin Hill &amp; Jeb Burton post-race interviews from Talladega Superspeedway | NASCAR on FOX,NASCAR on FOX,2025-04-26T23:26:05Z,6621,75,26,PT4M41S,https://youtube.com/watch?v=HAZbzV-TYhM,False,False,False,False,False
22,2025 Brickyard 400 Presented by PPG,2025-07-27,tZHbVBdv1bM,NASCAR in PANIC! Shane van Gisbergen LASHES OUT at Austin Hill After BIG ONE Involving 11 Cars,NASCAR Nation Report,2026-06-22T01:10:05Z,4788,129,21,PT9M59S,https://youtube.com/watch?v=tZHbVBdv1bM,False,False,False,False,False
22,2025 Brickyard 400 Presented by PPG,2025-07-27,hOJko4r9OLc,Austin Hill Triggers Another Huge Crash | Zilisch Clashes With SVG | REACTION,Eric Estepp,2025-08-10T00:48:45Z,98737,3955,1193,PT16M26S,https://youtube.com/watch?v=hOJko4r9OLc,False,False,False,False,False
22,2025 Brickyard 400 Presented by PPG,2025-07-27,PiOELqviAzU,This. Is. Embarrassing. - Part 2 - Austin Hill Edition,Jesse King,2025-07-29T15:52:02Z,23835,708,204,PT7M32S,https://youtube.com/watch?v=PiOELqviAzU,False,False,False,False,False
22,2025 Brickyard 400 Presented by PPG,2025-07-27,-wS-Co9IJ4A,Last Laps: A Heavyweight Fight in Vegas | 2025 NASCAR Cup Series,NASCAR,2025-10-13T00:50:29Z,80382,675,67,PT7M49S,https://youtube.com/watch?v=-wS-Co9IJ4A,False,False,False,False,False
22,2025 Brickyard 400 Presented by PPG,2025-07-27,P3vUj_OERyQ,An Unbelievable End to the 2025 NASCAR Cup Series Season | Final Laps at Phoenix,NASCAR,2025-11-03T00:22:30Z,193455,1899,582,PT6M27S,https://youtube.com/watch?v=P3vUj_OERyQ,False,False,False,False,False
22,2025 Brickyard 400 Presented by PPG,2025-07-27,HomWvKNSSRA,So Close Again: Denny Hamlin Reacts to Another Championship Miss | 2025 NASCAR Cup Series,NASCAR,2025-11-03T01:08:56Z,53500,657,282,PT5M28S,https://youtube.com/watch?v=HomWvKNSSRA,True,False,False,False,False
22,2025 Brickyard 400 Presented by PPG,2025-07-27,xL5wsAdIWyo,The Final Battle: Hamlin vs. Larson for the Championship | NASCAR,NASCAR,2025-11-03T19:46:49Z,43882,940,104,PT5M46S,https://youtube.com/watch?v=xL5wsAdIWyo,True,False,False,False,False
22,2025 Brickyard 400 Presented by PPG,2025-07-27,3LE2_qaU5kg,Denny Hamlin&#39;s Emotional Reaction to 60th Career Win | 2025 NASCAR Cup Series at Las Vegas,NASCAR,2025-10-13T01:20:00Z,56332,1080,145,PT6M45S,https://youtube.com/watch?v=3LE2_qaU5kg,True,False,False,False,False
22,2025 Brickyard 400 Presented by PPG,2025-07-27,wYcSuMaHC-k,Missing Rings: Denny Hamlin 2025,The Iceberg,2025-11-05T23:21:21Z,18343,798,296,PT11M,https://youtube.com/watch?v=wYcSuMaHC-k,True,False,False,False,False
22,2025 Brickyard 400 Presented by PPG,2025-07-27,PVUfltDPjtY,Hamlin vs. Gibbs: Recap and Reaction from New Hampshire | 2025 NASCAR Cup Series,NASCAR,2025-09-21T22:08:03Z,58298,302,122,PT7M40S,https://youtube.com/watch?v=PVUfltDPjtY,True,False,False,False,False
22,2025 Brickyard 400 Presented by PPG,2025-07-27,l3i3W8QKTsU,WATCH: Denny Hamlin Outduels William Byron at Michigan | 2025 NASCAR FireKeepers Casino 400,NASCAR,2025-06-08T22:19:10Z,16097,224,16,PT8M37S,https://youtube.com/watch?v=l3i3W8QKTsU,True,False,False,False,False
22,2025 Brickyard 400 Presented by PPG,2025-07-27,5b5Qt3VAZrU,2025 NASCAR Cup Series Championship Reaction. THE HEARTBREAK OF ALL-TIME,FireBall Hamlin,2025-11-03T01:11:21Z,12225,275,315,PT17M44S,https://youtube.com/watch?v=5b5Qt3VAZrU,False,False,False,False,False
22,2025 Brickyard 400 Presented by PPG,2025-07-27,kykqdL18-OU,Every Denny Hamlin win in 2025,Nascar24,2025-11-16T21:00:52Z,585,13,0,PT7M,https://youtube.com/watch?v=kykqdL18-OU,True,False,False,False,False
22,2025 Brickyard 400 Presented by PPG,2025-07-27,1fYXEvm3to0,Playoff Heartbreak at the Finish | 2025 NASCAR Radioactive from Charlotte,NASCAR,2025-10-07T22:00:04Z,33496,744,51,PT6M2S,https://youtube.com/watch?v=1fYXEvm3to0,False,False,False,False,False
22,2025 Brickyard 400 Presented by PPG,2025-07-27,TipP_iG0c74,Ross Chastain Answers the Internet | NASCAR,NASCAR,2025-12-30T21:00:41Z,26260,1310,74,PT5M21S,https://youtube.com/watch?v=TipP_iG0c74,False,False,False,False,True
22,2025 Brickyard 400 Presented by PPG,2025-07-27,5DH4F0tdewY,CHASTAIN WINNING INTERVIEW + BYRON POST RACE INTERVIEW - 2025 COCACOLA 600 - 2025 NASCAR CUP SERIES,SportsNewsCentral,2025-06-27T18:45:06Z,238,0,0,PT5M49S,https://youtube.com/watch?v=5DH4F0tdewY,False,False,False,False,True
22,2025 Brickyard 400 Presented by PPG,2025-07-27,b49PzC9kVtY,BACKWARD FINISH Decides Final Playoff Spot | 2025 NASCAR Cup Series at Charlotte,NASCAR,2025-10-05T23:13:10Z,54550,332,48,PT8M17S,https://youtube.com/watch?v=b49PzC9kVtY,False,False,False,False,False
22,2025 Brickyard 400 Presented by PPG,2025-07-27,1hUYa4asnOs,Dale Earnhardt Jr. Just DESTROYED Ross Chastain on Live TV!,NASCAR TODAY,2025-07-09T20:00:02Z,30755,146,30,PT13M13S,https://youtube.com/watch?v=1hUYa4asnOs,False,False,False,False,True
22,2025 Brickyard 400 Presented by PPG,2025-07-27,TqYY4tZXfIE,Why Ross Chastain’s Approach Could Influence the Next Generation,NASCAR TODAY,2025-11-10T18:15:05Z,2081,22,0,PT8M4S,https://youtube.com/watch?v=TqYY4tZXfIE,False,False,False,False,True
22,2025 Brickyard 400 Presented by PPG,2025-07-27,HI2XOFCFWIA,From the Back to Victory Lane: Ross Chastain’s Wild Drive | 2025 NASCAR Coca-Cola 600,NASCAR,2025-05-26T04:55:59Z,44478,706,72,PT8M41S,https://youtube.com/watch?v=HI2XOFCFWIA,False,False,False,False,True
22,2025 Brickyard 400 Presented by PPG,2025-07-27,BV4PsJmXu-Y,Ross Chastain Destroyed by NASCAR After Texas Finish — What the HELL Just Happened?!,NASCAR Insider,2025-05-06T16:00:28Z,4906,46,6,PT6M43S,https://youtube.com/watch?v=BV4PsJmXu-Y,False,False,False,False,True
22,2025 Brickyard 400 Presented by PPG,2025-07-27,NrKCX_9gNYw,Daniel Suárez GOES OFF on Ross Chastain After WILD Vegas Finish!,NASCAR Insider,2026-03-17T16:46:12Z,515,11,7,PT9M52S,https://youtube.com/watch?v=NrKCX_9gNYw,False,False,False,False,True
22,2025 Brickyard 400 Presented by PPG,2025-07-27,Yl08L6Y0y3Y,2025 Coca-Cola 600 | NASCAR Official Extended Highlights,NASCAR,2025-05-26T03:36:47Z,460195,5589,360,PT15M41S,https://youtube.com/watch?v=Yl08L6Y0y3Y,False,False,False,False,False
22,2025 Brickyard 400 Presented by PPG,2025-07-27,YISsxP9tCUM,Reddit Asks Brad Keselowski WILD Questions | NASCAR,NASCAR,2025-08-21T21:00:30Z,79125,3961,168,PT7M16S,https://youtube.com/watch?v=YISsxP9tCUM,False,False,False,True,False
22,2025 Brickyard 400 Presented by PPG,2025-07-27,78NwQZmqxz0,Final Laps: A WILD Bristol Finish | 2025 NASCAR Cup Series,NASCAR,2025-09-14T03:58:50Z,222659,975,130,PT5M12S,https://youtube.com/watch?v=78NwQZmqxz0,False,False,False,False,False
22,2025 Brickyard 400 Presented by PPG,2025-07-27,Hq1V6sDUnGs,Extended Highlights | 2025 NASCAR Cup Series from Iowa,NASCAR,2025-08-04T01:34:16Z,175870,2111,137,PT19M55S,https://youtube.com/watch?v=Hq1V6sDUnGs,False,False,False,False,False
22,2025 Brickyard 400 Presented by PPG,2025-07-27,hKsNXFB_8V4,NASCAR Cup Series 2025: Pennzoil 400 | EXTENDED HIGHLIGHTS | 3/16/25 | Motorsports on NBC,Motorsports on NBC,2025-03-16T23:54:59Z,150191,2662,143,PT16M46S,https://youtube.com/watch?v=hKsNXFB_8V4,False,False,False,False,False
22,2025 Brickyard 400 Presented by PPG,2025-07-27,peOrAd5ipF4,NASCAR Cup Series 2025: EchoPark Automotive GP | EXTENDED HIGHLIGHTS | 3/2/25 | Motorsports on NBC,Motorsports on NBC,2025-03-03T01:01:52Z,109346,1811,140,PT17M15S,https://youtube.com/watch?v=peOrAd5ipF4,False,False,False,False,False
22,2025 Brickyard 400 Presented by PPG,2025-07-27,6xDyB0-uLpY,NASCAR Cup Series 2025: Cook Out 400 | EXTENDED HIGHLIGHTS | 3/30/25 | Motorsports on NBC,Motorsports on NBC,2025-03-30T23:01:09Z,110539,1968,115,PT16M27S,https://youtube.com/watch?v=6xDyB0-uLpY,False,False,False,False,False
22,2025 Brickyard 400 Presented by PPG,2025-07-27,50X_h1q0LXI,Gateway Turns Up the Playoff Heat | 2025 NASCAR Cup Series Extended Highlights,NASCAR,2025-09-07T23:02:36Z,243284,3618,240,PT18M,https://youtube.com/watch?v=50X_h1q0LXI,False,False,False,False,False
22,2025 Brickyard 400 Presented by PPG,2025-07-27,83kRqoa7uHY,Brad Keselowski Injury | Jimmie Johnson Seeking Daytona History | Top 50 Drivers of 2025 Reaction,Eric Estepp,2025-12-22T15:40:01Z,52846,2821,267,PT13M6S,https://youtube.com/watch?v=83kRqoa7uHY,False,False,False,True,False
22,2025 Brickyard 400 Presented by PPG,2025-07-27,JpRqXvWF63I,NASCAR Cup Series 2025: All-Star Race | EXTENDED HIGHLIGHTS | 5/18/25 | Motorsports on NBC,Motorsports on NBC,2025-05-19T02:48:07Z,107467,1826,148,PT16M22S,https://youtube.com/watch?v=JpRqXvWF63I,False,False,False,False,False
22,2025 Brickyard 400 Presented by PPG,2025-07-27,Le_y1ap2Ct8,&#39;The car drives like s**t&#39; | NASCAR RADIOACTIVE from the 2025 All-Star Race,NASCAR,2025-05-20T21:43:50Z,35032,816,64,PT6M6S,https://youtube.com/watch?v=Le_y1ap2Ct8,False,False,False,False,False
23,2025 Iowa Corn 350,2025-08-03,Hgz5ZskUe68,Austin Hill &amp; Richard Childress Remember Kyle Busch After San Diego Win | NASCAR,NASCAR,2026-06-21T02:56:52Z,35090,668,65,PT5M45S,https://youtube.com/watch?v=Hgz5ZskUe68,False,True,False,False,False
23,2025 Iowa Corn 350,2025-08-03,-ZSfV1hsFEk,Every Austin Hill win in 2025,Nascar24,2025-12-06T21:00:00Z,193,7,0,PT7M35S,https://youtube.com/watch?v=-ZSfV1hsFEk,False,False,False,False,False
23,2025 Iowa Corn 350,2025-08-03,X7qxa43I8Bc,The Austin Hill Experience | Why Fans Are Fed Up,The Iceberg,2025-08-11T19:34:01Z,44839,1454,572,PT9M9S,https://youtube.com/watch?v=X7qxa43I8Bc,False,False,False,False,False
23,2025 Iowa Corn 350,2025-08-03,szQF_RtjpI8,RCR Keeps Embarrassing Themselves | Austin Hill Wrecks Aric Almirola REACTION,Eric Estepp,2025-07-27T06:25:16Z,114500,4466,998,PT13M,https://youtube.com/watch?v=szQF_RtjpI8,False,False,False,False,False
23,2025 Iowa Corn 350,2025-08-03,qUK_F0SHBhQ,&#39;Daytona has been so good to me&#39; – Austin Hill on his fourth win in five years 😮‍💨 NASCAR on FOX,NASCAR on FOX,2026-02-15T02:10:57Z,6110,94,11,PT7M42S,https://youtube.com/watch?v=qUK_F0SHBhQ,False,False,False,False,False
23,2025 Iowa Corn 350,2025-08-03,5yuTjIT2Fuk,Dale Earnhardt Jr. Just Said the UNTHINKABLE About Austin Hill!,NASCAR TODAY,2025-10-24T16:00:13Z,1290,10,3,PT9M41S,https://youtube.com/watch?v=5yuTjIT2Fuk,False,False,False,False,False
23,2025 Iowa Corn 350,2025-08-03,HAZbzV-TYhM,Austin Hill &amp; Jeb Burton post-race interviews from Talladega Superspeedway | NASCAR on FOX,NASCAR on FOX,2025-04-26T23:26:05Z,6621,75,26,PT4M41S,https://youtube.com/watch?v=HAZbzV-TYhM,False,False,False,False,False
23,2025 Iowa Corn 350,2025-08-03,tZHbVBdv1bM,NASCAR in PANIC! Shane van Gisbergen LASHES OUT at Austin Hill After BIG ONE Involving 11 Cars,NASCAR Nation Report,2026-06-22T01:10:05Z,4788,129,21,PT9M59S,https://youtube.com/watch?v=tZHbVBdv1bM,False,False,False,False,False
23,2025 Iowa Corn 350,2025-08-03,hOJko4r9OLc,Austin Hill Triggers Another Huge Crash | Zilisch Clashes With SVG | REACTION,Eric Estepp,2025-08-10T00:48:45Z,98737,3955,1193,PT16M26S,https://youtube.com/watch?v=hOJko4r9OLc,False,False,False,False,False
23,2025 Iowa Corn 350,2025-08-03,PiOELqviAzU,This. Is. Embarrassing. - Part 2 - Austin Hill Edition,Jesse King,2025-07-29T15:52:02Z,23835,708,204,PT7M32S,https://youtube.com/watch?v=PiOELqviAzU,False,False,False,False,False
24,2025 Go Bowling at The Glen,2025-08-10,Hgz5ZskUe68,Austin Hill &amp; Richard Childress Remember Kyle Busch After San Diego Win | NASCAR,NASCAR,2026-06-21T02:56:52Z,35090,668,65,PT5M45S,https://youtube.com/watch?v=Hgz5ZskUe68,False,True,False,False,False
24,2025 Go Bowling at The Glen,2025-08-10,-ZSfV1hsFEk,Every Austin Hill win in 2025,Nascar24,2025-12-06T21:00:00Z,193,7,0,PT7M35S,https://youtube.com/watch?v=-ZSfV1hsFEk,False,False,False,False,False
24,2025 Go Bowling at The Glen,2025-08-10,X7qxa43I8Bc,The Austin Hill Experience | Why Fans Are Fed Up,The Iceberg,2025-08-11T19:34:01Z,44839,1454,572,PT9M9S,https://youtube.com/watch?v=X7qxa43I8Bc,False,False,False,False,False
24,2025 Go Bowling at The Glen,2025-08-10,szQF_RtjpI8,RCR Keeps Embarrassing Themselves | Austin Hill Wrecks Aric Almirola REACTION,Eric Estepp,2025-07-27T06:25:16Z,114500,4466,998,PT13M,https://youtube.com/watch?v=szQF_RtjpI8,False,False,False,False,False
24,2025 Go Bowling at The Glen,2025-08-10,qUK_F0SHBhQ,&#39;Daytona has been so good to me&#39; – Austin Hill on his fourth win in five years 😮‍💨 NASCAR on FOX,NASCAR on FOX,2026-02-15T02:10:57Z,6110,94,11,PT7M42S,https://youtube.com/watch?v=qUK_F0SHBhQ,False,False,False,False,False
24,2025 Go Bowling at The Glen,2025-08-10,5yuTjIT2Fuk,Dale Earnhardt Jr. Just Said the UNTHINKABLE About Austin Hill!,NASCAR TODAY,2025-10-24T16:00:13Z,1290,10,3,PT9M41S,https://youtube.com/watch?v=5yuTjIT2Fuk,False,False,False,False,False
24,2025 Go Bowling at The Glen,2025-08-10,HAZbzV-TYhM,Austin Hill &amp; Jeb Burton post-race interviews from Talladega Superspeedway | NASCAR on FOX,NASCAR on FOX,2025-04-26T23:26:05Z,6621,75,26,PT4M41S,https://youtube.com/watch?v=HAZbzV-TYhM,False,False,False,False,False
24,2025 Go Bowling at The Glen,2025-08-10,tZHbVBdv1bM,NASCAR in PANIC! Shane van Gisbergen LASHES OUT at Austin Hill After BIG ONE Involving 11 Cars,NASCAR Nation Report,2026-06-22T01:10:05Z,4788,129,21,PT9M59S,https://youtube.com/watch?v=tZHbVBdv1bM,False,False,False,False,False
24,2025 Go Bowling at The Glen,2025-08-10,hOJko4r9OLc,Austin Hill Triggers Another Huge Crash | Zilisch Clashes With SVG | REACTION,Eric Estepp,2025-08-10T00:48:45Z,98737,3955,1193,PT16M26S,https://youtube.com/watch?v=hOJko4r9OLc,False,False,False,False,False
24,2025 Go Bowling at The Glen,2025-08-10,PiOELqviAzU,This. Is. Embarrassing. - Part 2 - Austin Hill Edition,Jesse King,2025-07-29T15:52:02Z,23835,708,204,PT7M32S,https://youtube.com/watch?v=PiOELqviAzU,False,False,False,False,False
24,2025 Go Bowling at The Glen,2025-08-10,HomWvKNSSRA,So Close Again: Denny Hamlin Reacts to Another Championship Miss | 2025 NASCAR Cup Series,NASCAR,2025-11-03T01:08:56Z,53500,657,282,PT5M28S,https://youtube.com/watch?v=HomWvKNSSRA,True,False,False,False,False
24,2025 Go Bowling at The Glen,2025-08-10,-wS-Co9IJ4A,Last Laps: A Heavyweight Fight in Vegas | 2025 NASCAR Cup Series,NASCAR,2025-10-13T00:50:29Z,80382,675,67,PT7M49S,https://youtube.com/watch?v=-wS-Co9IJ4A,False,False,False,False,False
24,2025 Go Bowling at The Glen,2025-08-10,P3vUj_OERyQ,An Unbelievable End to the 2025 NASCAR Cup Series Season | Final Laps at Phoenix,NASCAR,2025-11-03T00:22:30Z,193455,1899,582,PT6M27S,https://youtube.com/watch?v=P3vUj_OERyQ,False,False,False,False,False
24,2025 Go Bowling at The Glen,2025-08-10,PVUfltDPjtY,Hamlin vs. Gibbs: Recap and Reaction from New Hampshire | 2025 NASCAR Cup Series,NASCAR,2025-09-21T22:08:03Z,58298,302,122,PT7M40S,https://youtube.com/watch?v=PVUfltDPjtY,True,False,False,False,False
24,2025 Go Bowling at The Glen,2025-08-10,l3i3W8QKTsU,WATCH: Denny Hamlin Outduels William Byron at Michigan | 2025 NASCAR FireKeepers Casino 400,NASCAR,2025-06-08T22:19:10Z,16097,224,16,PT8M37S,https://youtube.com/watch?v=l3i3W8QKTsU,True,False,False,False,False
24,2025 Go Bowling at The Glen,2025-08-10,3LE2_qaU5kg,Denny Hamlin&#39;s Emotional Reaction to 60th Career Win | 2025 NASCAR Cup Series at Las Vegas,NASCAR,2025-10-13T01:20:00Z,56332,1080,145,PT6M45S,https://youtube.com/watch?v=3LE2_qaU5kg,True,False,False,False,False
24,2025 Go Bowling at The Glen,2025-08-10,wYcSuMaHC-k,Missing Rings: Denny Hamlin 2025,The Iceberg,2025-11-05T23:21:21Z,18343,798,296,PT11M,https://youtube.com/watch?v=wYcSuMaHC-k,True,False,False,False,False
24,2025 Go Bowling at The Glen,2025-08-10,kykqdL18-OU,Every Denny Hamlin win in 2025,Nascar24,2025-11-16T21:00:52Z,585,13,0,PT7M,https://youtube.com/watch?v=kykqdL18-OU,True,False,False,False,False
24,2025 Go Bowling at The Glen,2025-08-10,RDxy4LvcncM,Why Denny Hamlin’s 2025 Season Ended in Controversy,NASCAR TODAY,2025-11-04T18:15:05Z,640,8,2,PT9M38S,https://youtube.com/watch?v=RDxy4LvcncM,True,False,False,False,False
24,2025 Go Bowling at The Glen,2025-08-10,ekE7TqieqjM,A Vegas Finish to Remember | 2025 NASCAR Cup Series Extended Highlights,NASCAR,2025-10-13T01:09:47Z,252888,4063,334,PT19M51S,https://youtube.com/watch?v=ekE7TqieqjM,False,False,False,False,False
25,2025 Cook Out 400,2025-08-16,YISsxP9tCUM,Reddit Asks Brad Keselowski WILD Questions | NASCAR,NASCAR,2025-08-21T21:00:30Z,79127,3961,168,PT7M16S,https://youtube.com/watch?v=YISsxP9tCUM,False,False,False,True,False
25,2025 Cook Out 400,2025-08-16,Hq1V6sDUnGs,Extended Highlights | 2025 NASCAR Cup Series from Iowa,NASCAR,2025-08-04T01:34:16Z,175870,2111,137,PT19M55S,https://youtube.com/watch?v=Hq1V6sDUnGs,False,False,False,False,False
25,2025 Cook Out 400,2025-08-16,78NwQZmqxz0,Final Laps: A WILD Bristol Finish | 2025 NASCAR Cup Series,NASCAR,2025-09-14T03:58:50Z,222659,975,130,PT5M12S,https://youtube.com/watch?v=78NwQZmqxz0,False,False,False,False,False
25,2025 Cook Out 400,2025-08-16,83kRqoa7uHY,Brad Keselowski Injury | Jimmie Johnson Seeking Daytona History | Top 50 Drivers of 2025 Reaction,Eric Estepp,2025-12-22T15:40:01Z,52846,2821,267,PT13M6S,https://youtube.com/watch?v=83kRqoa7uHY,False,False,False,True,False
25,2025 Cook Out 400,2025-08-16,peOrAd5ipF4,NASCAR Cup Series 2025: EchoPark Automotive GP | EXTENDED HIGHLIGHTS | 3/2/25 | Motorsports on NBC,Motorsports on NBC,2025-03-03T01:01:52Z,109346,1811,140,PT17M15S,https://youtube.com/watch?v=peOrAd5ipF4,False,False,False,False,False
25,2025 Cook Out 400,2025-08-16,66xRjFGOZJM,Brad Keselowski BREAKS SILENCE on RFK!,Nascar Speedzone,2026-03-19T16:00:00Z,5918,29,1,PT8M15S,https://youtube.com/watch?v=66xRjFGOZJM,False,False,False,True,False
25,2025 Cook Out 400,2025-08-16,hKsNXFB_8V4,NASCAR Cup Series 2025: Pennzoil 400 | EXTENDED HIGHLIGHTS | 3/16/25 | Motorsports on NBC,Motorsports on NBC,2025-03-16T23:54:59Z,150191,2662,143,PT16M46S,https://youtube.com/watch?v=hKsNXFB_8V4,False,False,False,False,False
25,2025 Cook Out 400,2025-08-16,6xDyB0-uLpY,NASCAR Cup Series 2025: Cook Out 400 | EXTENDED HIGHLIGHTS | 3/30/25 | Motorsports on NBC,Motorsports on NBC,2025-03-30T23:01:09Z,110539,1968,115,PT16M27S,https://youtube.com/watch?v=6xDyB0-uLpY,False,False,False,False,False
25,2025 Cook Out 400,2025-08-16,50X_h1q0LXI,Gateway Turns Up the Playoff Heat | 2025 NASCAR Cup Series Extended Highlights,NASCAR,2025-09-07T23:02:36Z,243284,3618,240,PT18M,https://youtube.com/watch?v=50X_h1q0LXI,False,False,False,False,False
25,2025 Cook Out 400,2025-08-16,JpRqXvWF63I,NASCAR Cup Series 2025: All-Star Race | EXTENDED HIGHLIGHTS | 5/18/25 | Motorsports on NBC,Motorsports on NBC,2025-05-19T02:48:07Z,107467,1826,148,PT16M22S,https://youtube.com/watch?v=JpRqXvWF63I,False,False,False,False,False
26,2025 Coke Zero Sugar 400,2025-08-23,-wS-Co9IJ4A,Last Laps: A Heavyweight Fight in Vegas | 2025 NASCAR Cup Series,NASCAR,2025-10-13T00:50:29Z,80381,675,67,PT7M49S,https://youtube.com/watch?v=-wS-Co9IJ4A,False,False,False,False,False
26,2025 Coke Zero Sugar 400,2025-08-23,P3vUj_OERyQ,An Unbelievable End to the 2025 NASCAR Cup Series Season | Final Laps at Phoenix,NASCAR,2025-11-03T00:22:30Z,193452,1899,582,PT6M27S,https://youtube.com/watch?v=P3vUj_OERyQ,False,False,False,False,False
26,2025 Coke Zero Sugar 400,2025-08-23,HomWvKNSSRA,So Close Again: Denny Hamlin Reacts to Another Championship Miss | 2025 NASCAR Cup Series,NASCAR,2025-11-03T01:08:56Z,53500,657,282,PT5M28S,https://youtube.com/watch?v=HomWvKNSSRA,True,False,False,False,False
26,2025 Coke Zero Sugar 400,2025-08-23,xL5wsAdIWyo,The Final Battle: Hamlin vs. Larson for the Championship | NASCAR,NASCAR,2025-11-03T19:46:49Z,43879,940,104,PT5M46S,https://youtube.com/watch?v=xL5wsAdIWyo,True,False,False,False,False
26,2025 Coke Zero Sugar 400,2025-08-23,3LE2_qaU5kg,Denny Hamlin&#39;s Emotional Reaction to 60th Career Win | 2025 NASCAR Cup Series at Las Vegas,NASCAR,2025-10-13T01:20:00Z,56334,1080,145,PT6M45S,https://youtube.com/watch?v=3LE2_qaU5kg,True,False,False,False,False
26,2025 Coke Zero Sugar 400,2025-08-23,PVUfltDPjtY,Hamlin vs. Gibbs: Recap and Reaction from New Hampshire | 2025 NASCAR Cup Series,NASCAR,2025-09-21T22:08:03Z,58298,302,122,PT7M40S,https://youtube.com/watch?v=PVUfltDPjtY,True,False,False,False,False
26,2025 Coke Zero Sugar 400,2025-08-23,wYcSuMaHC-k,Missing Rings: Denny Hamlin 2025,The Iceberg,2025-11-05T23:21:21Z,18343,798,296,PT11M,https://youtube.com/watch?v=wYcSuMaHC-k,True,False,False,False,False
26,2025 Coke Zero Sugar 400,2025-08-23,l3i3W8QKTsU,WATCH: Denny Hamlin Outduels William Byron at Michigan | 2025 NASCAR FireKeepers Casino 400,NASCAR,2025-06-08T22:19:10Z,16097,224,16,PT8M37S,https://youtube.com/watch?v=l3i3W8QKTsU,True,False,False,False,False
26,2025 Coke Zero Sugar 400,2025-08-23,5b5Qt3VAZrU,2025 NASCAR Cup Series Championship Reaction. THE HEARTBREAK OF ALL-TIME,FireBall Hamlin,2025-11-03T01:11:21Z,12226,275,315,PT17M44S,https://youtube.com/watch?v=5b5Qt3VAZrU,False,False,False,False,False
26,2025 Coke Zero Sugar 400,2025-08-23,kykqdL18-OU,Every Denny Hamlin win in 2025,Nascar24,2025-11-16T21:00:52Z,585,13,0,PT7M,https://youtube.com/watch?v=kykqdL18-OU,True,False,False,False,False
26,2025 Coke Zero Sugar 400,2025-08-23,1fYXEvm3to0,Playoff Heartbreak at the Finish | 2025 NASCAR Radioactive from Charlotte,NASCAR,2025-10-07T22:00:04Z,33496,744,51,PT6M2S,https://youtube.com/watch?v=1fYXEvm3to0,False,False,False,False,False
26,2025 Coke Zero Sugar 400,2025-08-23,TipP_iG0c74,Ross Chastain Answers the Internet | NASCAR,NASCAR,2025-12-30T21:00:41Z,26260,1310,74,PT5M21S,https://youtube.com/watch?v=TipP_iG0c74,False,False,False,False,True
26,2025 Coke Zero Sugar 400,2025-08-23,5DH4F0tdewY,CHASTAIN WINNING INTERVIEW + BYRON POST RACE INTERVIEW - 2025 COCACOLA 600 - 2025 NASCAR CUP SERIES,SportsNewsCentral,2025-06-27T18:45:06Z,238,0,0,PT5M49S,https://youtube.com/watch?v=5DH4F0tdewY,False,False,False,False,True
26,2025 Coke Zero Sugar 400,2025-08-23,b49PzC9kVtY,BACKWARD FINISH Decides Final Playoff Spot | 2025 NASCAR Cup Series at Charlotte,NASCAR,2025-10-05T23:13:10Z,54550,332,48,PT8M17S,https://youtube.com/watch?v=b49PzC9kVtY,False,False,False,False,False
26,2025 Coke Zero Sugar 400,2025-08-23,1hUYa4asnOs,Dale Earnhardt Jr. Just DESTROYED Ross Chastain on Live TV!,NASCAR TODAY,2025-07-09T20:00:02Z,30755,146,30,PT13M13S,https://youtube.com/watch?v=1hUYa4asnOs,False,False,False,False,True
26,2025 Coke Zero Sugar 400,2025-08-23,TqYY4tZXfIE,Why Ross Chastain’s Approach Could Influence the Next Generation,NASCAR TODAY,2025-11-10T18:15:05Z,2081,22,0,PT8M4S,https://youtube.com/watch?v=TqYY4tZXfIE,False,False,False,False,True
26,2025 Coke Zero Sugar 400,2025-08-23,HI2XOFCFWIA,From the Back to Victory Lane: Ross Chastain’s Wild Drive | 2025 NASCAR Coca-Cola 600,NASCAR,2025-05-26T04:55:59Z,44478,706,72,PT8M41S,https://youtube.com/watch?v=HI2XOFCFWIA,False,False,False,False,True
26,2025 Coke Zero Sugar 400,2025-08-23,BV4PsJmXu-Y,Ross Chastain Destroyed by NASCAR After Texas Finish — What the HELL Just Happened?!,NASCAR Insider,2025-05-06T16:00:28Z,4906,46,6,PT6M43S,https://youtube.com/watch?v=BV4PsJmXu-Y,False,False,False,False,True
26,2025 Coke Zero Sugar 400,2025-08-23,NrKCX_9gNYw,Daniel Suárez GOES OFF on Ross Chastain After WILD Vegas Finish!,NASCAR Insider,2026-03-17T16:46:12Z,515,11,7,PT9M52S,https://youtube.com/watch?v=NrKCX_9gNYw,False,False,False,False,True
26,2025 Coke Zero Sugar 400,2025-08-23,Yl08L6Y0y3Y,2025 Coca-Cola 600 | NASCAR Official Extended Highlights,NASCAR,2025-05-26T03:36:47Z,460195,5589,360,PT15M41S,https://youtube.com/watch?v=Yl08L6Y0y3Y,False,False,False,False,False
28,2025 Enjoy Illinois 300,2025-09-07,YISsxP9tCUM,Reddit Asks Brad Keselowski WILD Questions | NASCAR,NASCAR,2025-08-21T21:00:30Z,79125,3961,168,PT7M16S,https://youtube.com/watch?v=YISsxP9tCUM,False,False,False,True,False
28,2025 Enjoy Illinois 300,2025-09-07,78NwQZmqxz0,Final Laps: A WILD Bristol Finish | 2025 NASCAR Cup Series,NASCAR,2025-09-14T03:58:50Z,222659,975,130,PT5M12S,https://youtube.com/watch?v=78NwQZmqxz0,False,False,False,False,False
28,2025 Enjoy Illinois 300,2025-09-07,Hq1V6sDUnGs,Extended Highlights | 2025 NASCAR Cup Series from Iowa,NASCAR,2025-08-04T01:34:16Z,175870,2111,137,PT19M55S,https://youtube.com/watch?v=Hq1V6sDUnGs,False,False,False,False,False
28,2025 Enjoy Illinois 300,2025-09-07,hKsNXFB_8V4,NASCAR Cup Series 2025: Pennzoil 400 | EXTENDED HIGHLIGHTS | 3/16/25 | Motorsports on NBC,Motorsports on NBC,2025-03-16T23:54:59Z,150191,2662,143,PT16M46S,https://youtube.com/watch?v=hKsNXFB_8V4,False,False,False,False,False
28,2025 Enjoy Illinois 300,2025-09-07,peOrAd5ipF4,NASCAR Cup Series 2025: EchoPark Automotive GP | EXTENDED HIGHLIGHTS | 3/2/25 | Motorsports on NBC,Motorsports on NBC,2025-03-03T01:01:52Z,109346,1811,140,PT17M15S,https://youtube.com/watch?v=peOrAd5ipF4,False,False,False,False,False
28,2025 Enjoy Illinois 300,2025-09-07,6xDyB0-uLpY,NASCAR Cup Series 2025: Cook Out 400 | EXTENDED HIGHLIGHTS | 3/30/25 | Motorsports on NBC,Motorsports on NBC,2025-03-30T23:01:09Z,110539,1968,115,PT16M27S,https://youtube.com/watch?v=6xDyB0-uLpY,False,False,False,False,False
28,2025 Enjoy Illinois 300,2025-09-07,50X_h1q0LXI,Gateway Turns Up the Playoff Heat | 2025 NASCAR Cup Series Extended Highlights,NASCAR,2025-09-07T23:02:36Z,243284,3618,240,PT18M,https://youtube.com/watch?v=50X_h1q0LXI,False,False,False,False,False
28,2025 Enjoy Illinois 300,2025-09-07,83kRqoa7uHY,Brad Keselowski Injury | Jimmie Johnson Seeking Daytona History | Top 50 Drivers of 2025 Reaction,Eric Estepp,2025-12-22T15:40:01Z,52846,2821,267,PT13M6S,https://youtube.com/watch?v=83kRqoa7uHY,False,False,False,True,False
28,2025 Enjoy Illinois 300,2025-09-07,JpRqXvWF63I,NASCAR Cup Series 2025: All-Star Race | EXTENDED HIGHLIGHTS | 5/18/25 | Motorsports on NBC,Motorsports on NBC,2025-05-19T02:48:07Z,107467,1826,148,PT16M22S,https://youtube.com/watch?v=JpRqXvWF63I,False,False,False,False,False
28,2025 Enjoy Illinois 300,2025-09-07,Le_y1ap2Ct8,&#39;The car drives like s**t&#39; | NASCAR RADIOACTIVE from the 2025 All-Star Race,NASCAR,2025-05-20T21:43:50Z,35032,816,64,PT6M6S,https://youtube.com/watch?v=Le_y1ap2Ct8,False,False,False,False,False
30,2025 Mobil 1 301,2025-09-21,jwrAEeikBt0,How Do NASCAR Drivers Pee? | Todd Gilliland Reveals All,Rated Red,2025-02-12T20:08:32Z,3904,130,12,PT9M13S,https://youtube.com/watch?v=jwrAEeikBt0,False,False,True,False,False
30,2025 Mobil 1 301,2025-09-21,Fa2FiWKiiBc,"Todd Gilliland Talks Changes at Front Row, McDowell&#39;s Departure, New Teammates, and More!",Eric Estepp,2025-05-22T16:27:59Z,17254,1085,46,PT8M43S,https://youtube.com/watch?v=Fa2FiWKiiBc,False,False,True,False,False
30,2025 Mobil 1 301,2025-09-21,Nk8LdNd_XtM,2025 TODD GILLILAND GRILLO&#39;S FORD MUSTANG DIECASTBUFFET NASCAR DIECAST REVIEW 1/64,Diecastbuffet,2026-05-29T01:42:45Z,188,12,3,PT10M7S,https://youtube.com/watch?v=Nk8LdNd_XtM,False,False,True,False,False
30,2025 Mobil 1 301,2025-09-21,VjsnnSaIS_c,Todd Gilliland Returning To Front Row Motorsports In 2025,Daniel Kriete,2024-06-05T13:36:02Z,410,26,6,PT8M7S,https://youtube.com/watch?v=VjsnnSaIS_c,False,False,True,False,False
30,2025 Mobil 1 301,2025-09-21,bbaZ1Nei-DY,Todd Gilliland &amp; Zane Smith Remain Focused On Racing In Midst of FRM Losing Injunction Lawsuit,Frontstretch,2025-06-07T16:10:37Z,457,14,0,PT5M10S,https://youtube.com/watch?v=bbaZ1Nei-DY,False,False,True,False,False
30,2025 Mobil 1 301,2025-09-21,rKBDulrtVGQ,Countdown to Daytona: Todd Gilliland,FOX8 WGHP,2025-02-12T19:42:23Z,182,2,0,PT8M37S,https://youtube.com/watch?v=rKBDulrtVGQ,False,False,True,False,False
30,2025 Mobil 1 301,2025-09-21,v-kwi-xD40w,Todd Gilliland Clips For Edits All Years By smithdoit,NSCP by smithdoit  (ScenePacks),2025-11-01T21:49:13Z,188,11,2,PT5M50S,https://youtube.com/watch?v=v-kwi-xD40w,False,False,True,False,False
30,2025 Mobil 1 301,2025-09-21,FbntZWZjwMg,The Inside Lane | Episode 96: Todd Gilliland from the Daytona 500,Sports360AZ,2025-02-24T22:29:01Z,74,0,0,PT4M57S,https://youtube.com/watch?v=FbntZWZjwMg,False,False,True,False,False
30,2025 Mobil 1 301,2025-09-21,1VkIwkAEqPg,Ryan Preece on Having the Best Car at the End; Todd Gilliland &amp; Josh Berry Have Great Runs,Frontstretch,2025-10-26T23:00:00Z,3318,54,3,PT4M39S,https://youtube.com/watch?v=1VkIwkAEqPg,False,False,True,False,False
30,2025 Mobil 1 301,2025-09-21,BgTJtLE_M-M,"Todd Gilliland on qualifying at Darlington, being a leader at Front Row and his Ray Fox throwback",Nikolai P. Culp,2025-04-05T19:08:56Z,99,7,0,PT4M21S,https://youtube.com/watch?v=BgTJtLE_M-M,False,False,True,False,False
31,2025 Hollywood Casino 400,2025-09-28,1fYXEvm3to0,Playoff Heartbreak at the Finish | 2025 NASCAR Radioactive from Charlotte,NASCAR,2025-10-07T22:00:04Z,33496,744,51,PT6M2S,https://youtube.com/watch?v=1fYXEvm3to0,False,False,False,False,False
31,2025 Hollywood Casino 400,2025-09-28,TipP_iG0c74,Ross Chastain Answers the Internet | NASCAR,NASCAR,2025-12-30T21:00:41Z,26260,1310,74,PT5M21S,https://youtube.com/watch?v=TipP_iG0c74,False,False,False,False,True
31,2025 Hollywood Casino 400,2025-09-28,5DH4F0tdewY,CHASTAIN WINNING INTERVIEW + BYRON POST RACE INTERVIEW - 2025 COCACOLA 600 - 2025 NASCAR CUP SERIES,SportsNewsCentral,2025-06-27T18:45:06Z,238,0,0,PT5M49S,https://youtube.com/watch?v=5DH4F0tdewY,False,False,False,False,True
31,2025 Hollywood Casino 400,2025-09-28,1hUYa4asnOs,Dale Earnhardt Jr. Just DESTROYED Ross Chastain on Live TV!,NASCAR TODAY,2025-07-09T20:00:02Z,30755,146,30,PT13M13S,https://youtube.com/watch?v=1hUYa4asnOs,False,False,False,False,True
31,2025 Hollywood Casino 400,2025-09-28,NrKCX_9gNYw,Daniel Suárez GOES OFF on Ross Chastain After WILD Vegas Finish!,NASCAR Insider,2026-03-17T16:46:12Z,515,11,7,PT9M52S,https://youtube.com/watch?v=NrKCX_9gNYw,False,False,False,False,True
31,2025 Hollywood Casino 400,2025-09-28,TqYY4tZXfIE,Why Ross Chastain’s Approach Could Influence the Next Generation,NASCAR TODAY,2025-11-10T18:15:05Z,2081,22,0,PT8M4S,https://youtube.com/watch?v=TqYY4tZXfIE,False,False,False,False,True
31,2025 Hollywood Casino 400,2025-09-28,b49PzC9kVtY,BACKWARD FINISH Decides Final Playoff Spot | 2025 NASCAR Cup Series at Charlotte,NASCAR,2025-10-05T23:13:10Z,54550,332,48,PT8M17S,https://youtube.com/watch?v=b49PzC9kVtY,False,False,False,False,False
31,2025 Hollywood Casino 400,2025-09-28,BV4PsJmXu-Y,Ross Chastain Destroyed by NASCAR After Texas Finish — What the HELL Just Happened?!,NASCAR Insider,2025-05-06T16:00:28Z,4906,46,6,PT6M43S,https://youtube.com/watch?v=BV4PsJmXu-Y,False,False,False,False,True
31,2025 Hollywood Casino 400,2025-09-28,DogYuyhg1F8,NASCAR at Charlotte Motor Speedway May 2025: Ross Chastain post-race,Cup Scene ,2025-05-26T13:07:18Z,1532,47,4,PT12M16S,https://youtube.com/watch?v=DogYuyhg1F8,False,False,False,False,True
31,2025 Hollywood Casino 400,2025-09-28,VD-F7NgOAPM,Ross Chastain After His Incredible Comeback Win at Charlotte | NASCAR on Prime | Prime Video,Sports On Prime,2025-05-26T17:20:35Z,60324,1177,181,PT13M3S,https://youtube.com/watch?v=VD-F7NgOAPM,False,False,False,False,True
32,2025 Bank of America ROVAL 400,2025-10-05,3LE2_qaU5kg,Denny Hamlin&#39;s Emotional Reaction to 60th Career Win | 2025 NASCAR Cup Series at Las Vegas,NASCAR,2025-10-13T01:20:00Z,56332,1080,145,PT6M45S,https://youtube.com/watch?v=3LE2_qaU5kg,True,False,False,False,False
32,2025 Bank of America ROVAL 400,2025-10-05,HomWvKNSSRA,So Close Again: Denny Hamlin Reacts to Another Championship Miss | 2025 NASCAR Cup Series,NASCAR,2025-11-03T01:08:56Z,53500,657,282,PT5M28S,https://youtube.com/watch?v=HomWvKNSSRA,True,False,False,False,False
32,2025 Bank of America ROVAL 400,2025-10-05,-wS-Co9IJ4A,Last Laps: A Heavyweight Fight in Vegas | 2025 NASCAR Cup Series,NASCAR,2025-10-13T00:50:29Z,80382,675,67,PT7M49S,https://youtube.com/watch?v=-wS-Co9IJ4A,False,False,False,False,False
32,2025 Bank of America ROVAL 400,2025-10-05,P3vUj_OERyQ,An Unbelievable End to the 2025 NASCAR Cup Series Season | Final Laps at Phoenix,NASCAR,2025-11-03T00:22:30Z,193455,1899,582,PT6M27S,https://youtube.com/watch?v=P3vUj_OERyQ,False,False,False,False,False
32,2025 Bank of America ROVAL 400,2025-10-05,l3i3W8QKTsU,WATCH: Denny Hamlin Outduels William Byron at Michigan | 2025 NASCAR FireKeepers Casino 400,NASCAR,2025-06-08T22:19:10Z,16097,224,16,PT8M37S,https://youtube.com/watch?v=l3i3W8QKTsU,True,False,False,False,False
32,2025 Bank of America ROVAL 400,2025-10-05,7TetAUpAaqc,Denny Hamlin Wants ALL THE BOOS after 59th Win | 2025 NASCAR Cup Series at Gateway,NASCAR,2025-09-07T23:06:53Z,38579,269,64,PT6M54S,https://youtube.com/watch?v=7TetAUpAaqc,True,False,False,False,False
32,2025 Bank of America ROVAL 400,2025-10-05,PVUfltDPjtY,Hamlin vs. Gibbs: Recap and Reaction from New Hampshire | 2025 NASCAR Cup Series,NASCAR,2025-09-21T22:08:03Z,58298,302,122,PT7M40S,https://youtube.com/watch?v=PVUfltDPjtY,True,False,False,False,False
32,2025 Bank of America ROVAL 400,2025-10-05,xL5wsAdIWyo,The Final Battle: Hamlin vs. Larson for the Championship | NASCAR,NASCAR,2025-11-03T19:46:49Z,43882,940,104,PT5M46S,https://youtube.com/watch?v=xL5wsAdIWyo,True,False,False,False,False
32,2025 Bank of America ROVAL 400,2025-10-05,8QGHyIYqeKE,Denny Hamlin Reacts to Taming the Monster Mile | 2025 NASCAR Cup Series at Dover,NASCAR,2025-07-20T23:16:05Z,16511,215,35,PT5M51S,https://youtube.com/watch?v=8QGHyIYqeKE,True,False,False,False,False
32,2025 Bank of America ROVAL 400,2025-10-05,wYcSuMaHC-k,Missing Rings: Denny Hamlin 2025,The Iceberg,2025-11-05T23:21:21Z,18343,798,296,PT11M,https://youtube.com/watch?v=wYcSuMaHC-k,True,False,False,False,False
35,2025 Xfinity 500,2025-10-26,Hgz5ZskUe68,Austin Hill &amp; Richard Childress Remember Kyle Busch After San Diego Win | NASCAR,NASCAR,2026-06-21T02:56:52Z,35090,668,65,PT5M45S,https://youtube.com/watch?v=Hgz5ZskUe68,False,True,False,False,False
35,2025 Xfinity 500,2025-10-26,-ZSfV1hsFEk,Every Austin Hill win in 2025,Nascar24,2025-12-06T21:00:00Z,193,7,0,PT7M35S,https://youtube.com/watch?v=-ZSfV1hsFEk,False,False,False,False,False
35,2025 Xfinity 500,2025-10-26,X7qxa43I8Bc,The Austin Hill Experience | Why Fans Are Fed Up,The Iceberg,2025-08-11T19:34:01Z,44839,1454,572,PT9M9S,https://youtube.com/watch?v=X7qxa43I8Bc,False,False,False,False,False
35,2025 Xfinity 500,2025-10-26,szQF_RtjpI8,RCR Keeps Embarrassing Themselves | Austin Hill Wrecks Aric Almirola REACTION,Eric Estepp,2025-07-27T06:25:16Z,114500,4466,998,PT13M,https://youtube.com/watch?v=szQF_RtjpI8,False,False,False,False,False
35,2025 Xfinity 500,2025-10-26,qUK_F0SHBhQ,&#39;Daytona has been so good to me&#39; – Austin Hill on his fourth win in five years 😮‍💨 NASCAR on FOX,NASCAR on FOX,2026-02-15T02:10:57Z,6110,94,11,PT7M42S,https://youtube.com/watch?v=qUK_F0SHBhQ,False,False,False,False,False
35,2025 Xfinity 500,2025-10-26,5yuTjIT2Fuk,Dale Earnhardt Jr. Just Said the UNTHINKABLE About Austin Hill!,NASCAR TODAY,2025-10-24T16:00:13Z,1290,10,3,PT9M41S,https://youtube.com/watch?v=5yuTjIT2Fuk,False,False,False,False,False
35,2025 Xfinity 500,2025-10-26,HAZbzV-TYhM,Austin Hill &amp; Jeb Burton post-race interviews from Talladega Superspeedway | NASCAR on FOX,NASCAR on FOX,2025-04-26T23:26:05Z,6621,75,26,PT4M41S,https://youtube.com/watch?v=HAZbzV-TYhM,False,False,False,False,False
35,2025 Xfinity 500,2025-10-26,tZHbVBdv1bM,NASCAR in PANIC! Shane van Gisbergen LASHES OUT at Austin Hill After BIG ONE Involving 11 Cars,NASCAR Nation Report,2026-06-22T01:10:05Z,4788,129,21,PT9M59S,https://youtube.com/watch?v=tZHbVBdv1bM,False,False,False,False,False
35,2025 Xfinity 500,2025-10-26,hOJko4r9OLc,Austin Hill Triggers Another Huge Crash | Zilisch Clashes With SVG | REACTION,Eric Estepp,2025-08-10T00:48:45Z,98737,3955,1193,PT16M26S,https://youtube.com/watch?v=hOJko4r9OLc,False,False,False,False,False
35,2025 Xfinity 500,2025-10-26,PiOELqviAzU,This. Is. Embarrassing. - Part 2 - Austin Hill Edition,Jesse King,2025-07-29T15:52:02Z,23835,708,204,PT7M32S,https://youtube.com/watch?v=PiOELqviAzU,False,False,False,False,False
37,2026 Daytona 500,2026-02-15,v-kwi-xD40w,Todd Gilliland Clips For Edits All Years By smithdoit,NSCP by smithdoit  (ScenePacks),2025-11-01T21:49:13Z,188,11,2,PT5M50S,https://youtube.com/watch?v=v-kwi-xD40w,False,False,True,False,False
37,2026 Daytona 500,2026-02-15,jwrAEeikBt0,How Do NASCAR Drivers Pee? | Todd Gilliland Reveals All,Rated Red,2025-02-12T20:08:32Z,3904,130,12,PT9M13S,https://youtube.com/watch?v=jwrAEeikBt0,False,False,True,False,False
37,2026 Daytona 500,2026-02-15,rKBDulrtVGQ,Countdown to Daytona: Todd Gilliland,FOX8 WGHP,2025-02-12T19:42:23Z,182,2,0,PT8M37S,https://youtube.com/watch?v=rKBDulrtVGQ,False,False,True,False,False
37,2026 Daytona 500,2026-02-15,1VkIwkAEqPg,Ryan Preece on Having the Best Car at the End; Todd Gilliland &amp; Josh Berry Have Great Runs,Frontstretch,2025-10-26T23:00:00Z,3318,54,3,PT4M39S,https://youtube.com/watch?v=1VkIwkAEqPg,False,False,True,False,False
37,2026 Daytona 500,2026-02-15,BgTJtLE_M-M,"Todd Gilliland on qualifying at Darlington, being a leader at Front Row and his Ray Fox throwback",Nikolai P. Culp,2025-04-05T19:08:56Z,99,7,0,PT4M21S,https://youtube.com/watch?v=BgTJtLE_M-M,False,False,True,False,False
37,2026 Daytona 500,2026-02-15,-FiLN6JeJDw,Todd Gilliland 2025 Loves Diecast Review ,Halo Radiance,2025-12-17T13:04:17Z,43,1,0,PT4M45S,https://youtube.com/watch?v=-FiLN6JeJDw,False,False,True,False,False
37,2026 Daytona 500,2026-02-15,Fa2FiWKiiBc,"Todd Gilliland Talks Changes at Front Row, McDowell&#39;s Departure, New Teammates, and More!",Eric Estepp,2025-05-22T16:27:59Z,17254,1085,46,PT8M43S,https://youtube.com/watch?v=Fa2FiWKiiBc,False,False,True,False,False
37,2026 Daytona 500,2026-02-15,ZVQo5SYURG0,2025 TODD GILLILAND LOVE&#39;S FORD MUSTANG DIECASTBUFFET NASCAR DIECAST REVIEW 1/64,Diecastbuffet,2026-01-20T21:03:33Z,218,13,8,PT8M30S,https://youtube.com/watch?v=ZVQo5SYURG0,False,False,True,False,False
37,2026 Daytona 500,2026-02-15,Q2clHIifaNk,NASCAR 25 - #34 Todd Gilliland (Ford) - Gameplay (PS5 UHD) [4K60FPS],Throneful,2025-10-30T19:00:29Z,648,18,0,PT17M38S,https://youtube.com/watch?v=Q2clHIifaNk,False,False,True,False,False
37,2026 Daytona 500,2026-02-15,YRqNFLkuh9Q,Todd Gilliland Crew Chief Chris Lawson on motivating a team in a tough season and what&#39;s next,Sky View Sports Roy J. Akers,2025-07-26T18:42:07Z,68,0,0,PT5M38S,https://youtube.com/watch?v=YRqNFLkuh9Q,False,False,True,False,False
44,2026 Food City 500,2026-04-12,v-kwi-xD40w,Todd Gilliland Clips For Edits All Years By smithdoit,NSCP by smithdoit  (ScenePacks),2025-11-01T21:49:13Z,188,11,2,PT5M50S,https://youtube.com/watch?v=v-kwi-xD40w,False,False,True,False,False
44,2026 Food City 500,2026-04-12,jwrAEeikBt0,How Do NASCAR Drivers Pee? | Todd Gilliland Reveals All,Rated Red,2025-02-12T20:08:32Z,3904,130,12,PT9M13S,https://youtube.com/watch?v=jwrAEeikBt0,False,False,True,False,False
44,2026 Food City 500,2026-04-12,rKBDulrtVGQ,Countdown to Daytona: Todd Gilliland,FOX8 WGHP,2025-02-12T19:42:23Z,182,2,0,PT8M37S,https://youtube.com/watch?v=rKBDulrtVGQ,False,False,True,False,False
44,2026 Food City 500,2026-04-12,1VkIwkAEqPg,Ryan Preece on Having the Best Car at the End; Todd Gilliland &amp; Josh Berry Have Great Runs,Frontstretch,2025-10-26T23:00:00Z,3318,54,3,PT4M39S,https://youtube.com/watch?v=1VkIwkAEqPg,False,False,True,False,False
44,2026 Food City 500,2026-04-12,BgTJtLE_M-M,"Todd Gilliland on qualifying at Darlington, being a leader at Front Row and his Ray Fox throwback",Nikolai P. Culp,2025-04-05T19:08:56Z,99,7,0,PT4M21S,https://youtube.com/watch?v=BgTJtLE_M-M,False,False,True,False,False
44,2026 Food City 500,2026-04-12,-FiLN6JeJDw,Todd Gilliland 2025 Loves Diecast Review ,Halo Radiance,2025-12-17T13:04:17Z,43,1,0,PT4M45S,https://youtube.com/watch?v=-FiLN6JeJDw,False,False,True,False,False
44,2026 Food City 500,2026-04-12,Fa2FiWKiiBc,"Todd Gilliland Talks Changes at Front Row, McDowell&#39;s Departure, New Teammates, and More!",Eric Estepp,2025-05-22T16:27:59Z,17254,1085,46,PT8M43S,https://youtube.com/watch?v=Fa2FiWKiiBc,False,False,True,False,False
44,2026 Food City 500,2026-04-12,ZVQo5SYURG0,2025 TODD GILLILAND LOVE&#39;S FORD MUSTANG DIECASTBUFFET NASCAR DIECAST REVIEW 1/64,Diecastbuffet,2026-01-20T21:03:33Z,218,13,8,PT8M30S,https://youtube.com/watch?v=ZVQo5SYURG0,False,False,True,False,False
44,2026 Food City 500,2026-04-12,Q2clHIifaNk,NASCAR 25 - #34 Todd Gilliland (Ford) - Gameplay (PS5 UHD) [4K60FPS],Throneful,2025-10-30T19:00:29Z,648,18,0,PT17M38S,https://youtube.com/watch?v=Q2clHIifaNk,False,False,True,False,False
44,2026 Food City 500,2026-04-12,YRqNFLkuh9Q,Todd Gilliland Crew Chief Chris Lawson on motivating a team in a tough season and what&#39;s next,Sky View Sports Roy J. Akers,2025-07-26T18:42:07Z,68,0,0,PT5M38S,https://youtube.com/watch?v=YRqNFLkuh9Q,False,False,True,False,False
27,2025 Southern 500,2025-08-31,Bd8WvNdVifw,"NASCAR Cup Series 2025: Cook Out Southern 500, Darlington | EXTENDED HIGHLIGHTS | Motorsports on NBC",Motorsports on NBC,2025-09-01T03:40:40Z,164271,2340,169,PT15M11S,https://youtube.com/watch?v=Bd8WvNdVifw,False,False,False,False,False
27,2025 Southern 500,2025-08-31,5D0geUZZBbc,Darlington Delivers Drama in Playoff Opener | 2025 NASCAR Cup Series Extended Highlights,NASCAR,2025-09-01T02:44:18Z,235640,3350,205,PT18M17S,https://youtube.com/watch?v=5D0geUZZBbc,False,False,False,False,False
27,2025 Southern 500,2025-08-31,rg3eJvOT9i0,Goodyear 400 at Darlington Raceway | NASCAR Official Extended Highlights,NASCAR,2025-04-06T23:47:23Z,123574,1709,101,PT18M29S,https://youtube.com/watch?v=rg3eJvOT9i0,False,False,False,False,False
27,2025 Southern 500,2025-08-31,rg3eJvOT9i0,Goodyear 400 at Darlington Raceway | NASCAR Official Extended Highlights,NASCAR,2025-04-06T23:47:23Z,123574,1709,101,PT18M29S,https://youtube.com/watch?v=rg3eJvOT9i0,False,False,False,False,False
27,2025 Southern 500,2025-08-31,Bd8WvNdVifw,"NASCAR Cup Series 2025: Cook Out Southern 500, Darlington | EXTENDED HIGHLIGHTS | Motorsports on NBC",Motorsports on NBC,2025-09-01T03:40:40Z,164271,2340,169,PT15M11S,https://youtube.com/watch?v=Bd8WvNdVifw,False,False,False,False,False
27,2025 Southern 500,2025-08-31,5D0geUZZBbc,Darlington Delivers Drama in Playoff Opener | 2025 NASCAR Cup Series Extended Highlights,NASCAR,2025-09-01T02:44:18Z,235640,3350,205,PT18M17S,https://youtube.com/watch?v=5D0geUZZBbc,False,False,False,False,False
27,2025 Southern 500,2025-08-31,ym4IrwlRxgE,2026 NASCAR Spring Darlington Race Preview,Calvin Fuller,2026-03-18T12:01:47Z,142,7,4,PT9M44S,https://youtube.com/watch?v=ym4IrwlRxgE,False,False,False,False,False
27,2025 Southern 500,2025-08-31,0tKj727Rwvg,10  Beloved Pawn Stars Members Who Tragically Passed Away,Golden Hollywood History ,2025-07-26T04:14:35Z,2946099,7601,559,PT8M55S,https://youtube.com/watch?v=0tKj727Rwvg,False,False,False,False,False
27,2025 Southern 500,2025-08-31,ZmvXXTOyHew,The 5 Worst People at Card Shows – Don’t Be That Guy!,Wax Museum Podcast,2025-04-01T04:00:23Z,254751,3460,841,PT5M56S,https://youtube.com/watch?v=ZmvXXTOyHew,False,False,False,False,False
27,2025 Southern 500,2025-08-31,f99kSEzCFNU,3 Doors Down - Kryptonite - Live 2001 Best Version,ScottishTeeVee,2023-08-06T05:02:17Z,176303,2879,195,PT4M26S,https://youtube.com/watch?v=f99kSEzCFNU,False,False,False,False,False
27,2025 Southern 500,2025-08-31,5D0geUZZBbc,Darlington Delivers Drama in Playoff Opener | 2025 NASCAR Cup Series Extended Highlights,NASCAR,2025-09-01T02:44:18Z,235640,3350,205,PT18M17S,https://youtube.com/watch?v=5D0geUZZBbc,False,False,False,False,False
27,2025 Southern 500,2025-08-31,xL5wsAdIWyo,The Final Battle: Hamlin vs. Larson for the Championship | NASCAR,NASCAR,2025-11-03T19:46:49Z,44030,941,104,PT5M46S,https://youtube.com/watch?v=xL5wsAdIWyo,True,False,False,False,False
27,2025 Southern 500,2025-08-31,aI17Zg59kiI,NASCAR Cup Series 2026: Darlington Raceway | EXTENDED HIGHLIGHTS | Motorsports on NBC,Motorsports on NBC,2026-03-22T23:43:47Z,105211,1532,70,PT15M17S,https://youtube.com/watch?v=aI17Zg59kiI,False,False,False,False,False
27,2025 Southern 500,2025-08-31,Bd8WvNdVifw,"NASCAR Cup Series 2025: Cook Out Southern 500, Darlington | EXTENDED HIGHLIGHTS | Motorsports on NBC",Motorsports on NBC,2025-09-01T03:40:40Z,164271,2340,169,PT15M11S,https://youtube.com/watch?v=Bd8WvNdVifw,False,False,False,False,False
27,2025 Southern 500,2025-08-31,3LE2_qaU5kg,Denny Hamlin&#39;s Emotional Reaction to 60th Career Win | 2025 NASCAR Cup Series at Las Vegas,NASCAR,2025-10-13T01:20:00Z,56452,1082,145,PT6M45S,https://youtube.com/watch?v=3LE2_qaU5kg,True,False,False,False,False
27,2025 Southern 500,2025-08-31,hFBjkb_TjVQ,Dramatic Final Laps Decide the Daytona 500 | 2026 NASCAR Cup Series,NASCAR,2026-02-15T23:17:43Z,605656,5251,506,PT5M35S,https://youtube.com/watch?v=hFBjkb_TjVQ,False,False,False,False,False
27,2025 Southern 500,2025-08-31,HomWvKNSSRA,So Close Again: Denny Hamlin Reacts to Another Championship Miss | 2025 NASCAR Cup Series,NASCAR,2025-11-03T01:08:56Z,53574,657,282,PT5M28S,https://youtube.com/watch?v=HomWvKNSSRA,True,False,False,False,False
27,2025 Southern 500,2025-08-31,-BxkuZ62LHA,Michael Jordan &amp; Tyler Reddick Celebrate DAYTONA 500 WIN 🏁 NASCAR on FOX,NASCAR on FOX,2026-02-16T00:01:34Z,877860,8669,919,PT8M46S,https://youtube.com/watch?v=-BxkuZ62LHA,False,False,False,False,False
27,2025 Southern 500,2025-08-31,ym4IrwlRxgE,2026 NASCAR Spring Darlington Race Preview,Calvin Fuller,2026-03-18T12:01:47Z,141,7,4,PT9M44S,https://youtube.com/watch?v=ym4IrwlRxgE,False,False,False,False,False
27,2025 Southern 500,2025-08-31,PlbbcqiS8c0,NASCAR 2025 Darlington 2 Cup Finish Reactions,AidenRacer48Nation,2026-03-19T01:11:35Z,45,1,0,PT7M19S,https://youtube.com/watch?v=PlbbcqiS8c0,False,False,False,False,False
27,2025 Southern 500,2025-08-31,5D0geUZZBbc,Darlington Delivers Drama in Playoff Opener | 2025 NASCAR Cup Series Extended Highlights,NASCAR,2025-09-01T02:44:18Z,235640,3350,205,PT18M17S,https://youtube.com/watch?v=5D0geUZZBbc,False,False,False,False,False
27,2025 Southern 500,2025-08-31,Bd8WvNdVifw,"NASCAR Cup Series 2025: Cook Out Southern 500, Darlington | EXTENDED HIGHLIGHTS | Motorsports on NBC",Motorsports on NBC,2025-09-01T03:40:40Z,164271,2340,169,PT15M11S,https://youtube.com/watch?v=Bd8WvNdVifw,False,False,False,False,False
27,2025 Southern 500,2025-08-31,mrC3RUK-fwA,NASCAR 1/64 Die-cast Review: Ross Chastain #1 Busch Light Retro (Southern 500) 2025 ,SpideyDitko🇺🇸,2026-05-02T18:08:52Z,183,6,2,PT9M5S,https://youtube.com/watch?v=mrC3RUK-fwA,False,False,False,False,True
27,2025 Southern 500,2025-08-31,hFBjkb_TjVQ,Dramatic Final Laps Decide the Daytona 500 | 2026 NASCAR Cup Series,NASCAR,2026-02-15T23:17:43Z,605656,5251,506,PT5M35S,https://youtube.com/watch?v=hFBjkb_TjVQ,False,False,False,False,False
27,2025 Southern 500,2025-08-31,50X_h1q0LXI,Gateway Turns Up the Playoff Heat | 2025 NASCAR Cup Series Extended Highlights,NASCAR,2025-09-07T23:02:36Z,243358,3615,240,PT18M,https://youtube.com/watch?v=50X_h1q0LXI,False,False,False,False,False
27,2025 Southern 500,2025-08-31,6UJaooKB52M,Could A 70s NASCAR Car Win The DAYTONA 500?,THE WIND TUNNEL,2025-02-14T01:16:31Z,1835006,18828,4401,PT12M2S,https://youtube.com/watch?v=6UJaooKB52M,False,False,False,False,False
27,2025 Southern 500,2025-08-31,_z3_q4IZUGM,Drivers rank the best Darlington throwback paint schemes | NASCAR,NASCAR,2023-05-10T23:00:16Z,72089,1407,105,PT5M10S,https://youtube.com/watch?v=_z3_q4IZUGM,False,False,False,False,False
27,2025 Southern 500,2025-08-31,IvpzU3PpSt0,"23XI, Front Row Say They Will SHUT DOWN If NASCAR Sells Charters",Eric Estepp,2025-08-26T17:04:31Z,98731,3967,1102,PT16M40S,https://youtube.com/watch?v=IvpzU3PpSt0,False,False,False,False,False
27,2025 Southern 500,2025-08-31,g5lehKuTgG4,NASCAR Cup Series EXTENDED HIGHLIGHTS: YellaWood 500 | 10/1/23 | Motorsports on NBC,Motorsports on NBC,2023-10-01T22:24:29Z,130859,1675,144,PT18M31S,https://youtube.com/watch?v=g5lehKuTgG4,False,False,False,False,False
27,2025 Southern 500,2025-08-31,dsyGhriqURE,NASCAR Cup Series at Texas qualifying | EXTENDED HIGHLIGHTS | 9/24/22 | Motorsports on NBC,Motorsports on NBC,2022-09-24T23:13:13Z,20249,261,17,PT8M45S,https://youtube.com/watch?v=dsyGhriqURE,False,False,False,False,False
27,2025 Southern 500,2025-08-31,Bd8WvNdVifw,"NASCAR Cup Series 2025: Cook Out Southern 500, Darlington | EXTENDED HIGHLIGHTS | Motorsports on NBC",Motorsports on NBC,2025-09-01T03:40:40Z,164271,2340,169,PT15M11S,https://youtube.com/watch?v=Bd8WvNdVifw,False,False,False,False,False
27,2025 Southern 500,2025-08-31,aI17Zg59kiI,NASCAR Cup Series 2026: Darlington Raceway | EXTENDED HIGHLIGHTS | Motorsports on NBC,Motorsports on NBC,2026-03-22T23:43:47Z,105211,1532,70,PT15M17S,https://youtube.com/watch?v=aI17Zg59kiI,False,False,False,False,False
27,2025 Southern 500,2025-08-31,U7v6p0TSOlI,Top 10 NASCAR Darlington Throwbacks For 2026,The Iceberg,2026-03-19T21:26:43Z,15345,655,108,PT9M15S,https://youtube.com/watch?v=U7v6p0TSOlI,False,False,False,False,False
27,2025 Southern 500,2025-08-31,wYTAtxH-iqA,IT&#39;S OFFICIAL! Brad Keselowski INVOLVED in HUGE O&#39;Reilly Darlington SCANDAL?!,NascarDale,2026-04-08T16:01:42Z,3,0,0,PT14M13S,https://youtube.com/watch?v=wYTAtxH-iqA,False,False,False,True,False
27,2025 Southern 500,2025-08-31,lQ4U38_dhQY,NASCAR Radioactive | 2026 Coca-Cola 600,NASCAR,2026-05-26T21:00:06Z,125472,3641,184,PT9M58S,https://youtube.com/watch?v=lQ4U38_dhQY,False,False,False,False,False
27,2025 Southern 500,2025-08-31,ym4IrwlRxgE,2026 NASCAR Spring Darlington Race Preview,Calvin Fuller,2026-03-18T12:01:47Z,142,7,4,PT9M44S,https://youtube.com/watch?v=ym4IrwlRxgE,False,False,False,False,False
27,2025 Southern 500,2025-08-31,hFBjkb_TjVQ,Dramatic Final Laps Decide the Daytona 500 | 2026 NASCAR Cup Series,NASCAR,2026-02-15T23:17:43Z,605653,5251,506,PT5M35S,https://youtube.com/watch?v=hFBjkb_TjVQ,False,False,False,False,False
27,2025 Southern 500,2025-08-31,PlbbcqiS8c0,NASCAR 2025 Darlington 2 Cup Finish Reactions,AidenRacer48Nation,2026-03-19T01:11:35Z,45,1,0,PT7M19S,https://youtube.com/watch?v=PlbbcqiS8c0,False,False,False,False,False
27,2025 Southern 500,2025-08-31,0nohBYugtXo,"2026 Daytona 500 🏁 Tyler Reddick, Chase Elliott, Michael Jordan &amp; More Post-Race Interviews",NASCAR on FOX,2026-02-15T23:52:03Z,24256,157,17,PT11M28S,https://youtube.com/watch?v=0nohBYugtXo,False,False,False,False,False
27,2025 Southern 500,2025-08-31,WNFhOkEHYCg,IT ALMOST HAPPENED AGAIN! - NASCAR Cup Series Pocono Review &amp; Analysis,NASCAR News Kid,2026-06-15T10:18:15Z,20,2,0,PT10M12S,https://youtube.com/watch?v=WNFhOkEHYCg,False,False,False,False,False
29,2025 Bass Pro Shops Night Race,2025-09-13,PhC7Gh84CdY,Eagles - Life in the Fast Lane (Live on MTV 1994) (Official Video) [4K],Eagles,2024-02-22T14:59:53Z,4432423,29278,1416,PT5M8S,https://youtube.com/watch?v=PhC7Gh84CdY,False,False,False,False,False
29,2025 Bass Pro Shops Night Race,2025-09-13,eYNEJJgn5Ms,Ty Dillon MISSES the Daytona 500 and the Charter System NEEDS TO GO,G2V Racing,2021-02-12T06:28:18Z,84,5,0,PT15M56S,https://youtube.com/watch?v=eYNEJJgn5Ms,False,False,False,False,False
29,2025 Bass Pro Shops Night Race,2025-09-13,bwb0H_19a_E,NASCAR Cup Series 2025: Bass Pro Shops Night Race | EXTENDED HIGHLIGHTS | Motorsports on NBC,Motorsports on NBC,2025-09-14T04:53:29Z,111886,1899,168,PT15M13S,https://youtube.com/watch?v=bwb0H_19a_E,False,False,False,False,False
29,2025 Bass Pro Shops Night Race,2025-09-13,aQR5HLSPOfk,2026 Cook Out Clash at Bowman Gray | NASCAR Cup Series Extended Highlights,NASCAR,2026-02-05T04:48:04Z,326113,5048,643,PT17M4S,https://youtube.com/watch?v=aQR5HLSPOfk,False,False,False,False,False
29,2025 Bass Pro Shops Night Race,2025-09-13,do6R0wk2dKk,My perspective on the Bass Pro Shops NASCAR paint schemes from 2015 to 2026,Fabrizio Binotto,2026-02-18T05:00:06Z,345,10,3,PT18M40S,https://youtube.com/watch?v=do6R0wk2dKk,False,False,False,False,False
29,2025 Bass Pro Shops Night Race,2025-09-13,Yuefm2eTgw8,DRIVER INTROS FOR THE BRISTOL NIGHT RACE - 9-16-23,Chris Weaver,2023-09-17T03:25:57Z,13661,188,47,PT13M25S,https://youtube.com/watch?v=Yuefm2eTgw8,False,False,False,False,False
29,2025 Bass Pro Shops Night Race,2025-09-13,4sweeEBwWys,My Crazy 2026 NASCAR Season Predictions ,LOONEY 69,2026-01-10T17:34:07Z,1519,65,33,PT5M57S,https://youtube.com/watch?v=4sweeEBwWys,False,False,False,False,False
29,2025 Bass Pro Shops Night Race,2025-09-13,E77b-K9HQb8,Predicting the 2026 NASCAR Cup Series Schedule,Upper Groove Racing,2021-08-27T23:00:10Z,1645,43,25,PT7M20S,https://youtube.com/watch?v=E77b-K9HQb8,False,False,False,False,False
29,2025 Bass Pro Shops Night Race,2025-09-13,hhsP9f7CkzI,NASCAR Cup Series: Coca-Cola 600 in Charlotte Highlights | NASCAR on FOX,NASCAR on FOX,2023-05-30T01:53:52Z,86579,1194,101,PT9M57S,https://youtube.com/watch?v=hhsP9f7CkzI,False,False,False,False,False
29,2025 Bass Pro Shops Night Race,2025-09-13,2jBRt_4PTO0,2025 Austin Dillon #3 Bass Pro Shops Chevrolet Camaro SS ZL1 1LE (NCS) 1:64 Diecast Review,Evan Abernathy,2026-01-15T22:03:46Z,91,2,0,PT9M19S,https://youtube.com/watch?v=2jBRt_4PTO0,False,False,False,False,False
29,2025 Bass Pro Shops Night Race,2025-09-13,WVJKXECP4_w,Talladega ends in wild photo finish | NASCAR Cup Series Extended Highlights,NASCAR,2023-10-01T21:37:10Z,548466,5672,321,PT13M48S,https://youtube.com/watch?v=WVJKXECP4_w,False,False,False,False,False
29,2025 Bass Pro Shops Night Race,2025-09-13,g5lehKuTgG4,NASCAR Cup Series EXTENDED HIGHLIGHTS: YellaWood 500 | 10/1/23 | Motorsports on NBC,Motorsports on NBC,2023-10-01T22:24:29Z,130859,1675,144,PT18M31S,https://youtube.com/watch?v=g5lehKuTgG4,False,False,False,False,False
29,2025 Bass Pro Shops Night Race,2025-09-13,do6R0wk2dKk,My perspective on the Bass Pro Shops NASCAR paint schemes from 2015 to 2026,Fabrizio Binotto,2026-02-18T05:00:06Z,345,10,3,PT18M40S,https://youtube.com/watch?v=do6R0wk2dKk,False,False,False,False,False
29,2025 Bass Pro Shops Night Race,2025-09-13,nLRHdbqYJ4s,Bristol Motor Speedway- Spring 2025,PhotoMax,2026-06-21T16:00:05Z,54,1,0,PT14M58S,https://youtube.com/watch?v=nLRHdbqYJ4s,False,False,False,False,False
29,2025 Bass Pro Shops Night Race,2025-09-13,E77b-K9HQb8,Predicting the 2026 NASCAR Cup Series Schedule,Upper Groove Racing,2021-08-27T23:00:10Z,1645,43,25,PT7M20S,https://youtube.com/watch?v=E77b-K9HQb8,False,False,False,False,False
29,2025 Bass Pro Shops Night Race,2025-09-13,g5lehKuTgG4,NASCAR Cup Series EXTENDED HIGHLIGHTS: YellaWood 500 | 10/1/23 | Motorsports on NBC,Motorsports on NBC,2023-10-01T22:24:29Z,130859,1675,144,PT18M31S,https://youtube.com/watch?v=g5lehKuTgG4,False,False,False,False,False
29,2025 Bass Pro Shops Night Race,2025-09-13,WVJKXECP4_w,Talladega ends in wild photo finish | NASCAR Cup Series Extended Highlights,NASCAR,2023-10-01T21:37:10Z,548466,5672,321,PT13M48S,https://youtube.com/watch?v=WVJKXECP4_w,False,False,False,False,False
29,2025 Bass Pro Shops Night Race,2025-09-13,54SiQJEEVMQ,NASCAR Cup: YellaWood 500 | EXTENDED HIGHLIGHTS | 10/2/22 | Motorsports on NBC,Motorsports on NBC,2022-10-03T00:28:02Z,57464,967,68,PT17M51S,https://youtube.com/watch?v=54SiQJEEVMQ,False,False,False,False,False
29,2025 Bass Pro Shops Night Race,2025-09-13,hhsP9f7CkzI,NASCAR Cup Series: Coca-Cola 600 in Charlotte Highlights | NASCAR on FOX,NASCAR on FOX,2023-05-30T01:53:52Z,86579,1194,101,PT9M57S,https://youtube.com/watch?v=hhsP9f7CkzI,False,False,False,False,False
29,2025 Bass Pro Shops Night Race,2025-09-13,bwb0H_19a_E,NASCAR Cup Series 2025: Bass Pro Shops Night Race | EXTENDED HIGHLIGHTS | Motorsports on NBC,Motorsports on NBC,2025-09-14T04:53:29Z,111888,1899,168,PT15M13S,https://youtube.com/watch?v=bwb0H_19a_E,False,False,False,False,False
29,2025 Bass Pro Shops Night Race,2025-09-13,78NwQZmqxz0,Final Laps: A WILD Bristol Finish | 2025 NASCAR Cup Series,NASCAR,2025-09-14T03:58:50Z,222772,976,130,PT5M12S,https://youtube.com/watch?v=78NwQZmqxz0,False,False,False,False,False
29,2025 Bass Pro Shops Night Race,2025-09-13,do6R0wk2dKk,My perspective on the Bass Pro Shops NASCAR paint schemes from 2015 to 2026,Fabrizio Binotto,2026-02-18T05:00:06Z,345,10,3,PT18M40S,https://youtube.com/watch?v=do6R0wk2dKk,False,False,False,False,False
29,2025 Bass Pro Shops Night Race,2025-09-13,4sweeEBwWys,My Crazy 2026 NASCAR Season Predictions ,LOONEY 69,2026-01-10T17:34:07Z,1519,65,33,PT5M57S,https://youtube.com/watch?v=4sweeEBwWys,False,False,False,False,False
29,2025 Bass Pro Shops Night Race,2025-09-13,Yuefm2eTgw8,DRIVER INTROS FOR THE BRISTOL NIGHT RACE - 9-16-23,Chris Weaver,2023-09-17T03:25:57Z,13661,188,47,PT13M25S,https://youtube.com/watch?v=Yuefm2eTgw8,False,False,False,False,False
29,2025 Bass Pro Shops Night Race,2025-09-13,g5lehKuTgG4,NASCAR Cup Series EXTENDED HIGHLIGHTS: YellaWood 500 | 10/1/23 | Motorsports on NBC,Motorsports on NBC,2023-10-01T22:24:29Z,130859,1675,144,PT18M31S,https://youtube.com/watch?v=g5lehKuTgG4,False,False,False,False,False
29,2025 Bass Pro Shops Night Race,2025-09-13,WVJKXECP4_w,Talladega ends in wild photo finish | NASCAR Cup Series Extended Highlights,NASCAR,2023-10-01T21:37:10Z,548466,5672,321,PT13M48S,https://youtube.com/watch?v=WVJKXECP4_w,False,False,False,False,False
29,2025 Bass Pro Shops Night Race,2025-09-13,54SiQJEEVMQ,NASCAR Cup: YellaWood 500 | EXTENDED HIGHLIGHTS | 10/2/22 | Motorsports on NBC,Motorsports on NBC,2022-10-03T00:28:02Z,57464,967,68,PT17M51S,https://youtube.com/watch?v=54SiQJEEVMQ,False,False,False,False,False
33,2025 South Point 400,2025-10-12,grA0rZDp8qU,Kyle Larson Shocking Confession After SVG Wreck!,Nascar Speedzone,2026-02-23T19:10:46Z,27415,237,31,PT4M54S,https://youtube.com/watch?v=grA0rZDp8qU,False,False,False,False,False
33,2025 South Point 400,2025-10-12,ZjjIDvJythY,Best wins of Kyle Busch&#39;s prolific NASCAR Cup Series career | Motorsports on NBC,Motorsports on NBC,2026-05-22T20:51:58Z,68732,2048,114,PT11M40S,https://youtube.com/watch?v=ZjjIDvJythY,False,True,False,False,False
33,2025 South Point 400,2025-10-12,vKbhPThU9HE,Joey Logano - Daytona 500 - Raw Onboard,Ryan Shelton,2018-02-19T08:08:46Z,940792,12491,615,PT5M43S,https://youtube.com/watch?v=vKbhPThU9HE,False,False,False,False,False
33,2025 South Point 400,2025-10-12,DyakmIywpIU,HEAVENS ABOVE! Angel Martha Hunt gets 197 points! | Celebrity Family Feud,Family Feud,2019-07-08T14:00:00Z,7549731,44222,2075,PT5M,https://youtube.com/watch?v=DyakmIywpIU,False,False,False,False,False
33,2025 South Point 400,2025-10-12,-wS-Co9IJ4A,Last Laps: A Heavyweight Fight in Vegas | 2025 NASCAR Cup Series,NASCAR,2025-10-13T00:50:29Z,80521,674,67,PT7M49S,https://youtube.com/watch?v=-wS-Co9IJ4A,False,False,False,False,False
33,2025 South Point 400,2025-10-12,8MSahgIcZDI,NASCAR Cup Series 2025: Las Vegas playoff race | EXTENDED HIGHLIGHTS | Motorsports on NBC,Motorsports on NBC,2025-10-13T01:41:10Z,130125,2332,163,PT15M13S,https://youtube.com/watch?v=8MSahgIcZDI,False,False,False,False,False
33,2025 South Point 400,2025-10-12,3LE2_qaU5kg,Denny Hamlin&#39;s Emotional Reaction to 60th Career Win | 2025 NASCAR Cup Series at Las Vegas,NASCAR,2025-10-13T01:20:00Z,56452,1082,145,PT6M45S,https://youtube.com/watch?v=3LE2_qaU5kg,True,False,False,False,False
33,2025 South Point 400,2025-10-12,ekE7TqieqjM,A Vegas Finish to Remember | 2025 NASCAR Cup Series Extended Highlights,NASCAR,2025-10-13T01:09:47Z,252974,4058,332,PT19M51S,https://youtube.com/watch?v=ekE7TqieqjM,False,False,False,False,False
33,2025 South Point 400,2025-10-12,UitODw9H_lg,NASCAR in BIG TROUBLE! Denny Hamlin LASHES OUT at NASCAR for SPEEDING PENALTY SCANDAL at Las Vegas!,NASCAR Insider Wire,2026-03-16T21:00:25Z,959,5,2,PT9M29S,https://youtube.com/watch?v=UitODw9H_lg,True,False,False,False,False
33,2025 South Point 400,2025-10-12,xL5wsAdIWyo,The Final Battle: Hamlin vs. Larson for the Championship | NASCAR,NASCAR,2025-11-03T19:46:49Z,44031,941,104,PT5M46S,https://youtube.com/watch?v=xL5wsAdIWyo,True,False,False,False,False
33,2025 South Point 400,2025-10-12,HomWvKNSSRA,So Close Again: Denny Hamlin Reacts to Another Championship Miss | 2025 NASCAR Cup Series,NASCAR,2025-11-03T01:08:56Z,53574,657,282,PT5M28S,https://youtube.com/watch?v=HomWvKNSSRA,True,False,False,False,False
33,2025 South Point 400,2025-10-12,HtdOyMJ-3ro,NASCAR&#39;s $1 MILLION Bracket Is Finally Set... And It&#39;s INSANE!,Nascar Speedzone,2026-06-15T18:00:39Z,349,3,1,PT8M17S,https://youtube.com/watch?v=HtdOyMJ-3ro,False,False,False,False,False
33,2025 South Point 400,2025-10-12,jX_j7UUpQQ4,NASCAR in SHOCK! Denny Hamlin LASHES OUT at Chase Elliott for DIRTY Move After Texas Win,NASCAR Insider Wire,2026-05-06T16:44:13Z,5919,90,20,PT13M56S,https://youtube.com/watch?v=jX_j7UUpQQ4,True,False,False,False,False
33,2025 South Point 400,2025-10-12,hFBjkb_TjVQ,Dramatic Final Laps Decide the Daytona 500 | 2026 NASCAR Cup Series,NASCAR,2026-02-15T23:17:43Z,605653,5251,506,PT5M35S,https://youtube.com/watch?v=hFBjkb_TjVQ,False,False,False,False,False
33,2025 South Point 400,2025-10-12,hFBjkb_TjVQ,Dramatic Final Laps Decide the Daytona 500 | 2026 NASCAR Cup Series,NASCAR,2026-02-15T23:17:43Z,605653,5251,506,PT5M35S,https://youtube.com/watch?v=hFBjkb_TjVQ,False,False,False,False,False
33,2025 South Point 400,2025-10-12,rs5YbUKqFNc,What Drivers Said After the Daytona 500 | 2026 NASCAR Cup Series,NASCAR,2026-02-15T23:43:53Z,212986,2365,408,PT6M30S,https://youtube.com/watch?v=rs5YbUKqFNc,False,False,False,False,False
33,2025 South Point 400,2025-10-12,8SrC70ceqSk,Every NASCAR Track Explained in 15 minutes,RawGator,2025-08-28T16:00:14Z,239154,4644,294,PT15M24S,https://youtube.com/watch?v=8SrC70ceqSk,False,False,False,False,False
33,2025 South Point 400,2025-10-12,4dHZo4qq7T4,SVG Makes HISTORY at Atlanta After Getting Spun Twice and Kyle Larson Crash!,NASCAR Insider,2026-02-24T16:00:04Z,3998,41,5,PT8M20S,https://youtube.com/watch?v=4dHZo4qq7T4,False,False,False,False,False
33,2025 South Point 400,2025-10-12,Y1HzmZRZATs,Bristol 1 Cup Series 2030 Pt 1,Brandon Rice,2022-10-28T20:59:34Z,5,0,0,PT16M13S,https://youtube.com/watch?v=Y1HzmZRZATs,False,False,False,False,False
33,2025 South Point 400,2025-10-12,vnWzGpALFsc,NASCAR Cup Series Officially Racing in Mexico in 2025 | Austin Dillon’s Final Appeal Denied,Braking Bob,2024-08-26T21:46:21Z,317,15,3,PT4M39S,https://youtube.com/watch?v=vnWzGpALFsc,False,False,False,False,False
33,2025 South Point 400,2025-10-12,kNIEgqZBScw,How NASCAR was FASTER than Ferrari at Le Mans,Driver61,2023-06-17T14:00:30Z,7599745,151600,8016,PT10M41S,https://youtube.com/watch?v=kNIEgqZBScw,False,False,False,False,False
33,2025 South Point 400,2025-10-12,YcC6zt3pS6w,Sterling Marlin Has Carried the Weight of That Last Lap for Over 20 Years,Dale Earnhardt Jr.'s Dirty Mo Media,2023-02-10T00:00:12Z,870524,12789,1666,PT5M36S,https://youtube.com/watch?v=YcC6zt3pS6w,False,False,False,False,False
33,2025 South Point 400,2025-10-12,g5lehKuTgG4,NASCAR Cup Series EXTENDED HIGHLIGHTS: YellaWood 500 | 10/1/23 | Motorsports on NBC,Motorsports on NBC,2023-10-01T22:24:29Z,130859,1675,144,PT18M31S,https://youtube.com/watch?v=g5lehKuTgG4,False,False,False,False,False
33,2025 South Point 400,2025-10-12,vKbhPThU9HE,Joey Logano - Daytona 500 - Raw Onboard,Ryan Shelton,2018-02-19T08:08:46Z,940792,12491,615,PT5M43S,https://youtube.com/watch?v=vKbhPThU9HE,False,False,False,False,False
33,2025 South Point 400,2025-10-12,8MSahgIcZDI,NASCAR Cup Series 2025: Las Vegas playoff race | EXTENDED HIGHLIGHTS | Motorsports on NBC,Motorsports on NBC,2025-10-13T01:41:10Z,130125,2332,163,PT15M13S,https://youtube.com/watch?v=8MSahgIcZDI,False,False,False,False,False
33,2025 South Point 400,2025-10-12,hFBjkb_TjVQ,Dramatic Final Laps Decide the Daytona 500 | 2026 NASCAR Cup Series,NASCAR,2026-02-15T23:17:43Z,605653,5251,506,PT5M35S,https://youtube.com/watch?v=hFBjkb_TjVQ,False,False,False,False,False
33,2025 South Point 400,2025-10-12,Jzdc95oZ7Eg,23XI Racing CHEATING Scandal EXPLODES as NASCAR Descends Into CHAOS!,NASCAR Racing Report,2026-04-21T14:44:00Z,29905,369,135,PT8M51S,https://youtube.com/watch?v=Jzdc95oZ7Eg,False,False,False,False,False
33,2025 South Point 400,2025-10-12,rs5YbUKqFNc,What Drivers Said After the Daytona 500 | 2026 NASCAR Cup Series,NASCAR,2026-02-15T23:43:53Z,212986,2365,408,PT6M30S,https://youtube.com/watch?v=rs5YbUKqFNc,False,False,False,False,False
33,2025 South Point 400,2025-10-12,g5lehKuTgG4,NASCAR Cup Series EXTENDED HIGHLIGHTS: YellaWood 500 | 10/1/23 | Motorsports on NBC,Motorsports on NBC,2023-10-01T22:24:29Z,130859,1675,144,PT18M31S,https://youtube.com/watch?v=g5lehKuTgG4,False,False,False,False,False
34,2025 Yellawood 500,2025-10-19,8A1EFhJMVqU,NASCAR Cup Series 2025: Talladega playoff race | EXTENDED HIGHLIGHTS | Motorsports on NBC,Motorsports on NBC,2025-10-20T00:05:33Z,143519,2348,115,PT14M50S,https://youtube.com/watch?v=8A1EFhJMVqU,False,False,False,False,False
34,2025 Yellawood 500,2025-10-19,G8tj3cM7rvY,Cup Series at Talladega Superspeedway | NASCAR Official Extended Highlights,NASCAR,2025-04-27T23:32:56Z,164909,2131,104,PT14M26S,https://youtube.com/watch?v=G8tj3cM7rvY,False,False,False,False,False
34,2025 Yellawood 500,2025-10-19,nBzh_KRRNsk,Last Laps: Talladega Decides a Championship 4 Spot | 2025 NASCAR Cup Series,NASCAR,2025-10-19T22:21:31Z,133399,657,109,PT4M29S,https://youtube.com/watch?v=nBzh_KRRNsk,False,False,False,False,False
34,2025 Yellawood 500,2025-10-19,OiOBNNv2Hxc,NASCAR Cup Series 2025: Jack Link&#39;s 500 | EXTENDED HIGHLIGHTS | 4/27/25 | Motorsports on NBC,Motorsports on NBC,2025-04-27T23:32:23Z,148317,2415,143,PT14M40S,https://youtube.com/watch?v=OiOBNNv2Hxc,False,False,False,False,False
34,2025 Yellawood 500,2025-10-19,Le3B400HbWk,Final Laps: First-Time Winner Crowned at Talladega  | 2026 NASCAR Cup Series,NASCAR,2026-04-26T23:11:44Z,127153,1329,193,PT4M37S,https://youtube.com/watch?v=Le3B400HbWk,False,False,False,False,False
34,2025 Yellawood 500,2025-10-19,qPXgB8ks330,Talladega Sets Up Critical Round of 8 Finale | 2025 NASCAR Cup Series Extended Highlights,NASCAR,2025-10-19T22:58:03Z,286392,4144,229,PT18M41S,https://youtube.com/watch?v=qPXgB8ks330,False,False,False,False,False
34,2025 Yellawood 500,2025-10-19,6V_1vZsSxuU,NASCAR Cup Series EXTENDED HIGHLIGHTS: YellaWood 500 | 10/6/24 | Motorsports on NBC,Motorsports on NBC,2024-10-06T23:25:44Z,218088,3290,302,PT17M40S,https://youtube.com/watch?v=6V_1vZsSxuU,False,False,False,False,False
34,2025 Yellawood 500,2025-10-19,WVJKXECP4_w,Talladega ends in wild photo finish | NASCAR Cup Series Extended Highlights,NASCAR,2023-10-01T21:37:10Z,548466,5672,321,PT13M48S,https://youtube.com/watch?v=WVJKXECP4_w,False,False,False,False,False
34,2025 Yellawood 500,2025-10-19,UyKmdaXR5u4,NASCAR Cup Series: Jack Link’s 500 at Talladega Superspeedway Highlights | NASCAR on FOX,NASCAR on FOX,2025-04-27T22:44:02Z,157217,2690,367,PT9M59S,https://youtube.com/watch?v=UyKmdaXR5u4,False,False,False,False,False
34,2025 Yellawood 500,2025-10-19,dAPRKFaL7U8,Talladega&#39;s Final Laps Ends in Chaotic Finish | 2026 NASCAR ARCA Menards Series,NASCAR,2026-04-25T19:41:05Z,986656,13470,1441,PT5M59S,https://youtube.com/watch?v=dAPRKFaL7U8,False,False,False,False,False
34,2025 Yellawood 500,2025-10-19,LQ2cUWuHzcM,ALL Angles of the 26-Car Crash at Talladega Superspeedway | 2026 NASCAR Cup Series,NASCAR,2026-04-26T23:24:11Z,138380,1204,183,PT8M39S,https://youtube.com/watch?v=LQ2cUWuHzcM,False,False,False,False,False
34,2025 Yellawood 500,2025-10-19,ZCSDb85vYms,Every NASCAR Big One of 2025,EJR6309,2025-11-05T02:07:28Z,616,10,0,PT8M30S,https://youtube.com/watch?v=ZCSDb85vYms,False,False,False,False,False
34,2025 Yellawood 500,2025-10-19,esXtfH8YGLM,2026 NASCAR Talladega Race Preview ,Calvin Fuller,2026-04-22T22:00:58Z,62,5,4,PT8M6S,https://youtube.com/watch?v=esXtfH8YGLM,False,False,False,False,False
34,2025 Yellawood 500,2025-10-19,i5gK1HEV8Kg,Xfinity Series at Talladega Superspeedway | NASCAR Official Extended Highlights,NASCAR,2025-04-26T23:37:36Z,193732,2252,167,PT14M20S,https://youtube.com/watch?v=i5gK1HEV8Kg,False,False,False,False,False
34,2025 Yellawood 500,2025-10-19,Ad3X1h5I5Sw,Tearful Daniel Suárez Honors Kyle Busch in Coca-Cola 600 Win | 2026 NASCAR Cup Series,NASCAR,2026-05-25T04:01:18Z,165343,2884,316,PT4M15S,https://youtube.com/watch?v=Ad3X1h5I5Sw,False,True,False,False,False
34,2025 Yellawood 500,2025-10-19,DK1XHJH0L9I,NASCAR Xfinity on The CW | HIGHLIGHTS: United Rentals 250 at Talladega | Motorsports on NBC,Motorsports on NBC,2025-10-19T00:16:10Z,22311,369,32,PT10M15S,https://youtube.com/watch?v=DK1XHJH0L9I,False,False,False,False,False
34,2025 Yellawood 500,2025-10-19,dAPRKFaL7U8,Talladega&#39;s Final Laps Ends in Chaotic Finish | 2026 NASCAR ARCA Menards Series,NASCAR,2026-04-25T19:41:05Z,986656,13470,1441,PT5M59S,https://youtube.com/watch?v=dAPRKFaL7U8,False,False,False,False,False
34,2025 Yellawood 500,2025-10-19,sDqHEH6ATFU,Talladega&#39;s &#39;Big One&#39; Upends Playoff Plans | 2025 NASCAR Xfinity Series Extended Highlights,NASCAR,2025-10-18T23:18:11Z,298821,4453,216,PT16M32S,https://youtube.com/watch?v=sDqHEH6ATFU,False,False,False,False,False
34,2025 Yellawood 500,2025-10-19,8A1EFhJMVqU,NASCAR Cup Series 2025: Talladega playoff race | EXTENDED HIGHLIGHTS | Motorsports on NBC,Motorsports on NBC,2025-10-20T00:05:33Z,143519,2348,115,PT14M50S,https://youtube.com/watch?v=8A1EFhJMVqU,False,False,False,False,False
34,2025 Yellawood 500,2025-10-19,LQ2cUWuHzcM,ALL Angles of the 26-Car Crash at Talladega Superspeedway | 2026 NASCAR Cup Series,NASCAR,2026-04-26T23:24:11Z,138380,1204,183,PT8M39S,https://youtube.com/watch?v=LQ2cUWuHzcM,False,False,False,False,False
34,2025 Yellawood 500,2025-10-19,Le3B400HbWk,Final Laps: First-Time Winner Crowned at Talladega  | 2026 NASCAR Cup Series,NASCAR,2026-04-26T23:11:44Z,127153,1329,193,PT4M37S,https://youtube.com/watch?v=Le3B400HbWk,False,False,False,False,False
34,2025 Yellawood 500,2025-10-19,3LE2_qaU5kg,Denny Hamlin&#39;s Emotional Reaction to 60th Career Win | 2025 NASCAR Cup Series at Las Vegas,NASCAR,2025-10-13T01:20:00Z,56452,1082,145,PT6M45S,https://youtube.com/watch?v=3LE2_qaU5kg,True,False,False,False,False
34,2025 Yellawood 500,2025-10-19,HomWvKNSSRA,So Close Again: Denny Hamlin Reacts to Another Championship Miss | 2025 NASCAR Cup Series,NASCAR,2025-11-03T01:08:56Z,53574,657,282,PT5M28S,https://youtube.com/watch?v=HomWvKNSSRA,True,False,False,False,False
34,2025 Yellawood 500,2025-10-19,xL5wsAdIWyo,The Final Battle: Hamlin vs. Larson for the Championship | NASCAR,NASCAR,2025-11-03T19:46:49Z,44031,941,104,PT5M46S,https://youtube.com/watch?v=xL5wsAdIWyo,True,False,False,False,False
34,2025 Yellawood 500,2025-10-19,54SiQJEEVMQ,NASCAR Cup: YellaWood 500 | EXTENDED HIGHLIGHTS | 10/2/22 | Motorsports on NBC,Motorsports on NBC,2022-10-03T00:28:02Z,57464,967,68,PT17M51S,https://youtube.com/watch?v=54SiQJEEVMQ,False,False,False,False,False
34,2025 Yellawood 500,2025-10-19,g5lehKuTgG4,NASCAR Cup Series EXTENDED HIGHLIGHTS: YellaWood 500 | 10/1/23 | Motorsports on NBC,Motorsports on NBC,2023-10-01T22:24:29Z,130859,1675,144,PT18M31S,https://youtube.com/watch?v=g5lehKuTgG4,False,False,False,False,False
34,2025 Yellawood 500,2025-10-19,WVJKXECP4_w,Talladega ends in wild photo finish | NASCAR Cup Series Extended Highlights,NASCAR,2023-10-01T21:37:10Z,548466,5672,321,PT13M48S,https://youtube.com/watch?v=WVJKXECP4_w,False,False,False,False,False
34,2025 Yellawood 500,2025-10-19,epLgbfKSqQ8,Talladega white noise: Seven minutes of uninterrupted sounds from the track,NASCAR,2023-10-02T18:39:46Z,996768,9812,351,PT7M49S,https://youtube.com/watch?v=epLgbfKSqQ8,False,False,False,False,False
34,2025 Yellawood 500,2025-10-19,Er66JCQlgSY,NASCAR Radioactive | 2026 Talladega Superspeedway,NASCAR,2026-04-28T21:30:01Z,165506,2672,246,PT7M45S,https://youtube.com/watch?v=Er66JCQlgSY,False,False,False,False,False
34,2025 Yellawood 500,2025-10-19,LQ2cUWuHzcM,ALL Angles of the 26-Car Crash at Talladega Superspeedway | 2026 NASCAR Cup Series,NASCAR,2026-04-26T23:24:11Z,138382,1204,183,PT8M39S,https://youtube.com/watch?v=LQ2cUWuHzcM,False,False,False,False,False
34,2025 Yellawood 500,2025-10-19,Le3B400HbWk,Final Laps: First-Time Winner Crowned at Talladega  | 2026 NASCAR Cup Series,NASCAR,2026-04-26T23:11:44Z,127153,1329,193,PT4M37S,https://youtube.com/watch?v=Le3B400HbWk,False,False,False,False,False
34,2025 Yellawood 500,2025-10-19,g5lehKuTgG4,NASCAR Cup Series EXTENDED HIGHLIGHTS: YellaWood 500 | 10/1/23 | Motorsports on NBC,Motorsports on NBC,2023-10-01T22:24:29Z,130859,1675,144,PT18M31S,https://youtube.com/watch?v=g5lehKuTgG4,False,False,False,False,False
34,2025 Yellawood 500,2025-10-19,54SiQJEEVMQ,NASCAR Cup: YellaWood 500 | EXTENDED HIGHLIGHTS | 10/2/22 | Motorsports on NBC,Motorsports on NBC,2022-10-03T00:28:02Z,57464,967,68,PT17M51S,https://youtube.com/watch?v=54SiQJEEVMQ,False,False,False,False,False
34,2025 Yellawood 500,2025-10-19,WVJKXECP4_w,Talladega ends in wild photo finish | NASCAR Cup Series Extended Highlights,NASCAR,2023-10-01T21:37:10Z,548466,5672,321,PT13M48S,https://youtube.com/watch?v=WVJKXECP4_w,False,False,False,False,False
34,2025 Yellawood 500,2025-10-19,dAPRKFaL7U8,Talladega&#39;s Final Laps Ends in Chaotic Finish | 2026 NASCAR ARCA Menards Series,NASCAR,2026-04-25T19:41:05Z,986656,13470,1441,PT5M59S,https://youtube.com/watch?v=dAPRKFaL7U8,False,False,False,False,False
34,2025 Yellawood 500,2025-10-19,rw4GaYitftg,"Bubba Wallace, Ryan Blaney, Joey Logano &amp; more involved in &#39;Big One&#39; at Talladega, causing red flag",NASCAR on FOX,2026-04-26T21:35:07Z,417235,3657,1135,PT6M12S,https://youtube.com/watch?v=rw4GaYitftg,False,False,False,False,False
34,2025 Yellawood 500,2025-10-19,OiOBNNv2Hxc,NASCAR Cup Series 2025: Jack Link&#39;s 500 | EXTENDED HIGHLIGHTS | 4/27/25 | Motorsports on NBC,Motorsports on NBC,2025-04-27T23:32:23Z,148317,2415,143,PT14M40S,https://youtube.com/watch?v=OiOBNNv2Hxc,False,False,False,False,False
34,2025 Yellawood 500,2025-10-19,Ad3X1h5I5Sw,Tearful Daniel Suárez Honors Kyle Busch in Coca-Cola 600 Win | 2026 NASCAR Cup Series,NASCAR,2026-05-25T04:01:18Z,165344,2884,316,PT4M15S,https://youtube.com/watch?v=Ad3X1h5I5Sw,False,True,False,False,False
34,2025 Yellawood 500,2025-10-19,8A1EFhJMVqU,NASCAR Cup Series 2025: Talladega playoff race | EXTENDED HIGHLIGHTS | Motorsports on NBC,Motorsports on NBC,2025-10-20T00:05:33Z,143519,2348,115,PT14M50S,https://youtube.com/watch?v=8A1EFhJMVqU,False,False,False,False,False
34,2025 Yellawood 500,2025-10-19,Er66JCQlgSY,NASCAR Radioactive | 2026 Talladega Superspeedway,NASCAR,2026-04-28T21:30:01Z,165506,2672,246,PT7M45S,https://youtube.com/watch?v=Er66JCQlgSY,False,False,False,False,False
34,2025 Yellawood 500,2025-10-19,LQ2cUWuHzcM,ALL Angles of the 26-Car Crash at Talladega Superspeedway | 2026 NASCAR Cup Series,NASCAR,2026-04-26T23:24:11Z,138382,1204,183,PT8M39S,https://youtube.com/watch?v=LQ2cUWuHzcM,False,False,False,False,False
34,2025 Yellawood 500,2025-10-19,5fNxbZGmdMs,"NASCAR Cup Series 2026: Jack Link&#39;s 500, Talladega Superspeedway | HIGHLIGHTS | Motorsports on NBC",Motorsports on NBC,2026-04-27T00:20:50Z,26666,499,42,PT15M16S,https://youtube.com/watch?v=5fNxbZGmdMs,False,False,False,False,False
34,2025 Yellawood 500,2025-10-19,Le3B400HbWk,Final Laps: First-Time Winner Crowned at Talladega  | 2026 NASCAR Cup Series,NASCAR,2026-04-26T23:11:44Z,127153,1329,193,PT4M37S,https://youtube.com/watch?v=Le3B400HbWk,False,False,False,False,False
34,2025 Yellawood 500,2025-10-19,g5lehKuTgG4,NASCAR Cup Series EXTENDED HIGHLIGHTS: YellaWood 500 | 10/1/23 | Motorsports on NBC,Motorsports on NBC,2023-10-01T22:24:29Z,130859,1675,144,PT18M31S,https://youtube.com/watch?v=g5lehKuTgG4,False,False,False,False,False
34,2025 Yellawood 500,2025-10-19,esXtfH8YGLM,2026 NASCAR Talladega Race Preview ,Calvin Fuller,2026-04-22T22:00:58Z,62,5,4,PT8M6S,https://youtube.com/watch?v=esXtfH8YGLM,False,False,False,False,False
34,2025 Yellawood 500,2025-10-19,WVJKXECP4_w,Talladega ends in wild photo finish | NASCAR Cup Series Extended Highlights,NASCAR,2023-10-01T21:37:10Z,548466,5672,321,PT13M48S,https://youtube.com/watch?v=WVJKXECP4_w,False,False,False,False,False
34,2025 Yellawood 500,2025-10-19,7WrUPzTZVhI,Wildest NASCAR Last-Lap Passes for the Win (Vol. 1),NASCAR,2026-01-06T16:00:19Z,62804,1567,113,PT7M59S,https://youtube.com/watch?v=7WrUPzTZVhI,False,False,False,False,False
34,2025 Yellawood 500,2025-10-19,54SiQJEEVMQ,NASCAR Cup: YellaWood 500 | EXTENDED HIGHLIGHTS | 10/2/22 | Motorsports on NBC,Motorsports on NBC,2022-10-03T00:28:02Z,57464,967,68,PT17M51S,https://youtube.com/watch?v=54SiQJEEVMQ,False,False,False,False,False
36,2025 Cup Series Championship,2025-11-02,P3vUj_OERyQ,An Unbelievable End to the 2025 NASCAR Cup Series Season | Final Laps at Phoenix,NASCAR,2025-11-03T00:22:30Z,193852,1903,582,PT6M27S,https://youtube.com/watch?v=P3vUj_OERyQ,False,False,False,False,False
36,2025 Cup Series Championship,2025-11-02,BJ6ztwbK1Bk,Hendrick Crew Celebrates: Kyle Larson Wins the Cup Series Championship | NASCAR,NASCAR,2025-11-03T01:34:49Z,131162,919,131,PT5M26S,https://youtube.com/watch?v=BJ6ztwbK1Bk,False,False,False,False,False
36,2025 Cup Series Championship,2025-11-02,eHVaouxE1FU,NASCAR Cup Series 2025: Phoenix championship race | EXTENDED HIGHLIGHTS | Motorsports on NBC,Motorsports on NBC,2025-11-03T01:45:31Z,92521,1821,264,PT15M11S,https://youtube.com/watch?v=eHVaouxE1FU,False,False,False,False,False
36,2025 Cup Series Championship,2025-11-02,tXi9PDEiUZM,Kyle Larson&#39;s FULL Championship Speech | 2025 NASCAR Awards,NASCAR,2025-11-05T02:16:42Z,82267,1916,207,PT7M24S,https://youtube.com/watch?v=tXi9PDEiUZM,False,False,False,False,False
36,2025 Cup Series Championship,2025-11-02,c-iMbgepsBI,Season Finale Dogfight | 2025 NASCAR Radioactive at Phoenix,NASCAR,2025-11-03T23:52:46Z,38435,1152,118,PT9M39S,https://youtube.com/watch?v=c-iMbgepsBI,False,False,False,False,False
36,2025 Cup Series Championship,2025-11-02,iy2eh42cFc8,NASCAR Cup Series 2026: Chicagoland Speedway | Extended Highlights | Motorsports on NBC,Motorsports on NBC,2026-07-06T02:51:34Z,39054,636,30,PT15M14S,https://youtube.com/watch?v=iy2eh42cFc8,False,False,False,False,False
36,2025 Cup Series Championship,2025-11-02,xL5wsAdIWyo,The Final Battle: Hamlin vs. Larson for the Championship | NASCAR,NASCAR,2025-11-03T19:46:49Z,44031,941,104,PT5M46S,https://youtube.com/watch?v=xL5wsAdIWyo,True,False,False,False,False
36,2025 Cup Series Championship,2025-11-02,hFBjkb_TjVQ,Dramatic Final Laps Decide the Daytona 500 | 2026 NASCAR Cup Series,NASCAR,2026-02-15T23:17:43Z,605653,5251,506,PT5M35S,https://youtube.com/watch?v=hFBjkb_TjVQ,False,False,False,False,False
36,2025 Cup Series Championship,2025-11-02,27WAXX54z4k,The CHASE: NASCAR’s New Championship Format Explained,The NASCARS Explainer,2026-01-19T22:30:00Z,2945,78,8,PT9M35S,https://youtube.com/watch?v=27WAXX54z4k,False,False,False,False,False
36,2025 Cup Series Championship,2025-11-02,WJJykzMyyYU,Kyle Larson Stunned After Second Cup Series Championship | NASCAR,NASCAR,2025-11-03T00:56:35Z,40631,648,92,PT5M41S,https://youtube.com/watch?v=WJJykzMyyYU,False,False,False,False,False
36,2025 Cup Series Championship,2025-11-02,P3vUj_OERyQ,An Unbelievable End to the 2025 NASCAR Cup Series Season | Final Laps at Phoenix,NASCAR,2025-11-03T00:22:30Z,193852,1903,582,PT6M27S,https://youtube.com/watch?v=P3vUj_OERyQ,False,False,False,False,False
36,2025 Cup Series Championship,2025-11-02,tXi9PDEiUZM,Kyle Larson&#39;s FULL Championship Speech | 2025 NASCAR Awards,NASCAR,2025-11-05T02:16:42Z,82267,1916,207,PT7M24S,https://youtube.com/watch?v=tXi9PDEiUZM,False,False,False,False,False
36,2025 Cup Series Championship,2025-11-02,eHVaouxE1FU,NASCAR Cup Series 2025: Phoenix championship race | EXTENDED HIGHLIGHTS | Motorsports on NBC,Motorsports on NBC,2025-11-03T01:45:31Z,92521,1821,264,PT15M11S,https://youtube.com/watch?v=eHVaouxE1FU,False,False,False,False,False
36,2025 Cup Series Championship,2025-11-02,BJ6ztwbK1Bk,Hendrick Crew Celebrates: Kyle Larson Wins the Cup Series Championship | NASCAR,NASCAR,2025-11-03T01:34:49Z,131161,919,131,PT5M26S,https://youtube.com/watch?v=BJ6ztwbK1Bk,False,False,False,False,False
36,2025 Cup Series Championship,2025-11-02,7kUplJ69E7M,Final 10 Laps: Chase Elliott Breaks Through in Atlanta | 2025 NASCAR Cup Series at EchoPark Speedway,NASCAR,2025-06-29T12:30:08Z,219443,2179,187,PT7M32S,https://youtube.com/watch?v=7kUplJ69E7M,False,False,False,False,False
36,2025 Cup Series Championship,2025-11-02,c-iMbgepsBI,Season Finale Dogfight | 2025 NASCAR Radioactive at Phoenix,NASCAR,2025-11-03T23:52:46Z,38435,1152,118,PT9M39S,https://youtube.com/watch?v=c-iMbgepsBI,False,False,False,False,False
36,2025 Cup Series Championship,2025-11-02,xL5wsAdIWyo,The Final Battle: Hamlin vs. Larson for the Championship | NASCAR,NASCAR,2025-11-03T19:46:49Z,44031,941,104,PT5M46S,https://youtube.com/watch?v=xL5wsAdIWyo,True,False,False,False,False
36,2025 Cup Series Championship,2025-11-02,-wS-Co9IJ4A,Last Laps: A Heavyweight Fight in Vegas | 2025 NASCAR Cup Series,NASCAR,2025-10-13T00:50:29Z,80521,674,67,PT7M49S,https://youtube.com/watch?v=-wS-Co9IJ4A,False,False,False,False,False
36,2025 Cup Series Championship,2025-11-02,Ad3X1h5I5Sw,Tearful Daniel Suárez Honors Kyle Busch in Coca-Cola 600 Win | 2026 NASCAR Cup Series,NASCAR,2026-05-25T04:01:18Z,165343,2884,316,PT4M15S,https://youtube.com/watch?v=Ad3X1h5I5Sw,False,True,False,False,False
36,2025 Cup Series Championship,2025-11-02,Qr_fOUH-gzo,Kyle Larson Mic&#39;d Up After 2025 NASCAR Cup Series Championship,NASCAR,2025-11-06T17:03:05Z,19256,639,36,PT5M39S,https://youtube.com/watch?v=Qr_fOUH-gzo,False,False,False,False,False
36,2025 Cup Series Championship,2025-11-02,P3vUj_OERyQ,An Unbelievable End to the 2025 NASCAR Cup Series Season | Final Laps at Phoenix,NASCAR,2025-11-03T00:22:30Z,193852,1903,582,PT6M27S,https://youtube.com/watch?v=P3vUj_OERyQ,False,False,False,False,False
36,2025 Cup Series Championship,2025-11-02,tXi9PDEiUZM,Kyle Larson&#39;s FULL Championship Speech | 2025 NASCAR Awards,NASCAR,2025-11-05T02:16:42Z,82267,1916,207,PT7M24S,https://youtube.com/watch?v=tXi9PDEiUZM,False,False,False,False,False
36,2025 Cup Series Championship,2025-11-02,eHVaouxE1FU,NASCAR Cup Series 2025: Phoenix championship race | EXTENDED HIGHLIGHTS | Motorsports on NBC,Motorsports on NBC,2025-11-03T01:45:31Z,92521,1821,264,PT15M11S,https://youtube.com/watch?v=eHVaouxE1FU,False,False,False,False,False
36,2025 Cup Series Championship,2025-11-02,xL5wsAdIWyo,The Final Battle: Hamlin vs. Larson for the Championship | NASCAR,NASCAR,2025-11-03T19:46:49Z,44030,941,104,PT5M46S,https://youtube.com/watch?v=xL5wsAdIWyo,True,False,False,False,False
36,2025 Cup Series Championship,2025-11-02,glsp1X1FIAI,"Kyle Larson’s Emotional Championship Moment, The Heartbreaking Twist That Cost Denny Hamlin the 2025",NASCAR Unleashed,2026-03-12T16:00:55Z,26,0,0,PT7M44S,https://youtube.com/watch?v=glsp1X1FIAI,True,False,False,False,False
36,2025 Cup Series Championship,2025-11-02,BJ6ztwbK1Bk,Hendrick Crew Celebrates: Kyle Larson Wins the Cup Series Championship | NASCAR,NASCAR,2025-11-03T01:34:49Z,131161,919,131,PT5M26S,https://youtube.com/watch?v=BJ6ztwbK1Bk,False,False,False,False,False
36,2025 Cup Series Championship,2025-11-02,-wS-Co9IJ4A,Last Laps: A Heavyweight Fight in Vegas | 2025 NASCAR Cup Series,NASCAR,2025-10-13T00:50:29Z,80521,674,67,PT7M49S,https://youtube.com/watch?v=-wS-Co9IJ4A,False,False,False,False,False
36,2025 Cup Series Championship,2025-11-02,pdZrG8V2LGA,Denny Hamlin&#39;s Incredible Kyle Busch Tribute After Michigan Win | 2026 NASCAR Cup Series,NASCAR,2026-06-07T23:26:41Z,74561,1774,184,PT7M13S,https://youtube.com/watch?v=pdZrG8V2LGA,True,True,False,False,False
36,2025 Cup Series Championship,2025-11-02,c-iMbgepsBI,Season Finale Dogfight | 2025 NASCAR Radioactive at Phoenix,NASCAR,2025-11-03T23:52:46Z,38436,1152,118,PT9M39S,https://youtube.com/watch?v=c-iMbgepsBI,False,False,False,False,False
36,2025 Cup Series Championship,2025-11-02,fupjMr8iI70,Hamlin Family’s Emotional Reaction to Denny’s Win | 2026 NASCAR Cup Series at Las Vegas,NASCAR,2026-03-15T23:24:39Z,45491,979,121,PT5M18S,https://youtube.com/watch?v=fupjMr8iI70,True,False,False,False,False
36,2025 Cup Series Championship,2025-11-02,P3vUj_OERyQ,An Unbelievable End to the 2025 NASCAR Cup Series Season | Final Laps at Phoenix,NASCAR,2025-11-03T00:22:30Z,193852,1903,582,PT6M27S,https://youtube.com/watch?v=P3vUj_OERyQ,False,False,False,False,False
36,2025 Cup Series Championship,2025-11-02,tXi9PDEiUZM,Kyle Larson&#39;s FULL Championship Speech | 2025 NASCAR Awards,NASCAR,2025-11-05T02:16:42Z,82267,1916,207,PT7M24S,https://youtube.com/watch?v=tXi9PDEiUZM,False,False,False,False,False
36,2025 Cup Series Championship,2025-11-02,BJ6ztwbK1Bk,Hendrick Crew Celebrates: Kyle Larson Wins the Cup Series Championship | NASCAR,NASCAR,2025-11-03T01:34:49Z,131161,919,131,PT5M26S,https://youtube.com/watch?v=BJ6ztwbK1Bk,False,False,False,False,False
36,2025 Cup Series Championship,2025-11-02,eHVaouxE1FU,NASCAR Cup Series 2025: Phoenix championship race | EXTENDED HIGHLIGHTS | Motorsports on NBC,Motorsports on NBC,2025-11-03T01:45:31Z,92521,1821,264,PT15M11S,https://youtube.com/watch?v=eHVaouxE1FU,False,False,False,False,False
36,2025 Cup Series Championship,2025-11-02,TqYY4tZXfIE,Why Ross Chastain’s Approach Could Influence the Next Generation,NASCAR TODAY,2025-11-10T18:15:05Z,2081,22,0,PT8M4S,https://youtube.com/watch?v=TqYY4tZXfIE,False,False,False,False,True
36,2025 Cup Series Championship,2025-11-02,c-iMbgepsBI,Season Finale Dogfight | 2025 NASCAR Radioactive at Phoenix,NASCAR,2025-11-03T23:52:46Z,38435,1152,118,PT9M39S,https://youtube.com/watch?v=c-iMbgepsBI,False,False,False,False,False
36,2025 Cup Series Championship,2025-11-02,0_8ZYVdOyMI,2026 NASCAR Radioactive | Cook Out Clash at Bowman Gray,NASCAR,2026-02-06T22:00:01Z,136831,2617,188,PT6M15S,https://youtube.com/watch?v=0_8ZYVdOyMI,False,False,False,False,False
36,2025 Cup Series Championship,2025-11-02,27WAXX54z4k,The CHASE: NASCAR’s New Championship Format Explained,The NASCARS Explainer,2026-01-19T22:30:00Z,2945,78,8,PT9M35S,https://youtube.com/watch?v=27WAXX54z4k,False,False,False,False,False
36,2025 Cup Series Championship,2025-11-02,xL5wsAdIWyo,The Final Battle: Hamlin vs. Larson for the Championship | NASCAR,NASCAR,2025-11-03T19:46:49Z,44031,941,104,PT5M46S,https://youtube.com/watch?v=xL5wsAdIWyo,True,False,False,False,False
36,2025 Cup Series Championship,2025-11-02,bqVFkXz20ck,NASCAR Cup Series 2026: Bristol Motor Speedway | EXTENDED HIGHLIGHTS | Motorsports on NBC,Motorsports on NBC,2026-04-12T23:23:30Z,54426,978,57,PT15M12S,https://youtube.com/watch?v=bqVFkXz20ck,False,False,False,False,False
36,2025 Cup Series Championship,2025-11-02,P3vUj_OERyQ,An Unbelievable End to the 2025 NASCAR Cup Series Season | Final Laps at Phoenix,NASCAR,2025-11-03T00:22:30Z,193852,1903,582,PT6M27S,https://youtube.com/watch?v=P3vUj_OERyQ,False,False,False,False,False
36,2025 Cup Series Championship,2025-11-02,eHVaouxE1FU,NASCAR Cup Series 2025: Phoenix championship race | EXTENDED HIGHLIGHTS | Motorsports on NBC,Motorsports on NBC,2025-11-03T01:45:31Z,92521,1821,264,PT15M11S,https://youtube.com/watch?v=eHVaouxE1FU,False,False,False,False,False
36,2025 Cup Series Championship,2025-11-02,c-iMbgepsBI,Season Finale Dogfight | 2025 NASCAR Radioactive at Phoenix,NASCAR,2025-11-03T23:52:46Z,38435,1152,118,PT9M39S,https://youtube.com/watch?v=c-iMbgepsBI,False,False,False,False,False
36,2025 Cup Series Championship,2025-11-02,tXi9PDEiUZM,Kyle Larson&#39;s FULL Championship Speech | 2025 NASCAR Awards,NASCAR,2025-11-05T02:16:42Z,82267,1916,207,PT7M24S,https://youtube.com/watch?v=tXi9PDEiUZM,False,False,False,False,False
36,2025 Cup Series Championship,2025-11-02,bZC1KdwHlSc,RFK Racing Just Won The 2026 Season Launch!,NASCAR TODAY,2026-02-02T16:15:03Z,3694,36,2,PT8M15S,https://youtube.com/watch?v=bZC1KdwHlSc,False,False,False,False,False
36,2025 Cup Series Championship,2025-11-02,Ad3X1h5I5Sw,Tearful Daniel Suárez Honors Kyle Busch in Coca-Cola 600 Win | 2026 NASCAR Cup Series,NASCAR,2026-05-25T04:01:18Z,165343,2884,316,PT4M15S,https://youtube.com/watch?v=Ad3X1h5I5Sw,False,True,False,False,False
36,2025 Cup Series Championship,2025-11-02,xL5wsAdIWyo,The Final Battle: Hamlin vs. Larson for the Championship | NASCAR,NASCAR,2025-11-03T19:46:49Z,44031,941,104,PT5M46S,https://youtube.com/watch?v=xL5wsAdIWyo,True,False,False,False,False
36,2025 Cup Series Championship,2025-11-02,hFBjkb_TjVQ,Dramatic Final Laps Decide the Daytona 500 | 2026 NASCAR Cup Series,NASCAR,2026-02-15T23:17:43Z,605653,5251,506,PT5M35S,https://youtube.com/watch?v=hFBjkb_TjVQ,False,False,False,False,False
36,2025 Cup Series Championship,2025-11-02,fy8eGJ7qzMc,2026 Daytona 500 | NASCAR Cup Series Extended Highlights,NASCAR,2026-02-15T22:58:22Z,681172,9226,767,PT19M11S,https://youtube.com/watch?v=fy8eGJ7qzMc,False,False,False,False,False
36,2025 Cup Series Championship,2025-11-02,bqVFkXz20ck,NASCAR Cup Series 2026: Bristol Motor Speedway | EXTENDED HIGHLIGHTS | Motorsports on NBC,Motorsports on NBC,2026-04-12T23:23:30Z,54426,978,57,PT15M12S,https://youtube.com/watch?v=bqVFkXz20ck,False,False,False,False,False
38,2026 Autotrader 400 at EchoPark Speedway,2026-02-22,McYHC_2tVXs,RYAN PREECE ESCAPES FIREBALL at Dover! NASCAR FANS STUNNED,NASCAR Nation News,2026-05-18T08:23:06Z,9,0,0,PT5M24S,https://youtube.com/watch?v=McYHC_2tVXs,False,False,False,False,False
38,2026 Autotrader 400 at EchoPark Speedway,2026-02-22,ZzXYoW9Ioz0,2026 NASCAR Cup Series Autotrader 400 @ Atlanta Race Reactions,H Gamerboy815,2026-02-24T04:30:20Z,290,10,5,PT19M17S,https://youtube.com/watch?v=ZzXYoW9Ioz0,False,False,False,False,False
38,2026 Autotrader 400 at EchoPark Speedway,2026-02-22,grA0rZDp8qU,Kyle Larson Shocking Confession After SVG Wreck!,Nascar Speedzone,2026-02-23T19:10:46Z,27415,237,31,PT4M54S,https://youtube.com/watch?v=grA0rZDp8qU,False,False,False,False,False
38,2026 Autotrader 400 at EchoPark Speedway,2026-02-22,l3w3hTyiNuo,NASCAR Craftsman Truck Series Highlights | 2026 EchoPark Speedway at Atlanta,NASCAR,2026-02-21T22:24:41Z,85955,2047,152,PT15M14S,https://youtube.com/watch?v=l3w3hTyiNuo,False,False,False,False,False
38,2026 Autotrader 400 at EchoPark Speedway,2026-02-22,uc5_1aONuxI,"Incredible Finish, New Winner, Rookie Mistakes | NASCAR Atlanta O&#39;Reilly Race Review &amp; Reaction",Brody_Smith,2026-02-22T17:01:20Z,78,4,1,PT15M3S,https://youtube.com/watch?v=uc5_1aONuxI,False,False,False,False,False
38,2026 Autotrader 400 at EchoPark Speedway,2026-02-22,564-Bbo5QSI,2026 NASCAR Spring Race Preview At Echo Park Speedway,Calvin Fuller,2026-02-18T13:00:10Z,51,5,4,PT8M55S,https://youtube.com/watch?v=564-Bbo5QSI,False,False,False,False,False
38,2026 Autotrader 400 at EchoPark Speedway,2026-02-22,kq7hyzXu8jc,"2026 NASCAR Atlanta Predictions |Cup, O’Reilly, &amp; Trucks ",Fortune Motorsports,2026-02-21T00:44:58Z,160,6,4,PT4M14S,https://youtube.com/watch?v=kq7hyzXu8jc,False,False,False,False,False
38,2026 Autotrader 400 at EchoPark Speedway,2026-02-22,Ve0-yVZh6WA,NASCAR ECHO PARK REVIEW,SEC SEAN,2026-02-23T23:45:02Z,14,3,0,PT6M35S,https://youtube.com/watch?v=Ve0-yVZh6WA,False,False,False,False,False
38,2026 Autotrader 400 at EchoPark Speedway,2026-02-22,xIgRli-gX5U,NASCAR Cup HIGHLIGHTS: AutoTrader EchoPark Automotive 400 qualifying | 9/23/23 | Motorsports on NBC,Motorsports on NBC,2023-09-23T23:35:34Z,38634,455,79,PT16M48S,https://youtube.com/watch?v=xIgRli-gX5U,False,False,False,False,False
38,2026 Autotrader 400 at EchoPark Speedway,2026-02-22,15DjLS7v_4g,"2026 NASCAR Atlanta Preview, plus News",RacingDiscussions,2026-02-20T14:35:56Z,10,1,0,PT14M42S,https://youtube.com/watch?v=15DjLS7v_4g,False,False,False,False,False
38,2026 Autotrader 400 at EchoPark Speedway,2026-02-22,5vT9G8wv2mw,"Kyle Busch, Clint Bowyer and Ty Majeski after ECOSAVE 200 at Dover Motor Speedway 🎤 NASCAR on FOX",NASCAR on FOX,2026-05-16T00:30:04Z,129942,2159,395,PT5M51S,https://youtube.com/watch?v=5vT9G8wv2mw,False,True,False,False,False
38,2026 Autotrader 400 at EchoPark Speedway,2026-02-22,Q50U5nYuoOQ,NASCAR Radioactive | 2026 EchoPark Speedway,NASCAR,2026-02-24T22:45:07Z,86195,2204,167,PT7M3S,https://youtube.com/watch?v=Q50U5nYuoOQ,False,False,False,False,False
38,2026 Autotrader 400 at EchoPark Speedway,2026-02-22,Wuy_0bqrako,Denny Hamlin Spins Causing the Big One - 2026 NASCAR Cup Series Autotrader 400 at EchoPark Speedway,Big Willy at the Track ,2026-02-28T14:00:49Z,131,2,0,PT10M39S,https://youtube.com/watch?v=Wuy_0bqrako,True,False,False,False,False
38,2026 Autotrader 400 at EchoPark Speedway,2026-02-22,10HFiVERtoo,2026 Autotrader 400 Overtime Finish (NASCAR Cup Series - Nikon P1000),jfendi,2026-02-25T06:03:57Z,427,7,4,PT4M39S,https://youtube.com/watch?v=10HFiVERtoo,False,False,False,False,False
38,2026 Autotrader 400 at EchoPark Speedway,2026-02-22,0K4F_oWcnvQ,NASCAR RaceDay | 2026 Autotrader 400 at Atlanta Preview,JettMDK,2026-02-22T17:52:13Z,21704,185,28,PT13M59S,https://youtube.com/watch?v=0K4F_oWcnvQ,False,False,False,False,False
38,2026 Autotrader 400 at EchoPark Speedway,2026-02-22,Mpa7SkweqOQ,This Is Why Atlanta Scares Every NASCAR Champion,nascarlite,2026-07-07T00:18:58Z,50,0,0,PT9M29S,https://youtube.com/watch?v=Mpa7SkweqOQ,False,False,False,False,False
38,2026 Autotrader 400 at EchoPark Speedway,2026-02-22,RcoOgL_i5DA,NASCAR at Dover May 2026: Denny Hamlin pre-race,Cup Scene ,2026-05-15T20:10:54Z,745,16,2,PT14M15S,https://youtube.com/watch?v=RcoOgL_i5DA,True,False,False,False,False
38,2026 Autotrader 400 at EchoPark Speedway,2026-02-22,96FPQfboEbc,The Bren Man’s Race Reaction to Denny Hamlin Winning AutoTrader Echo-park Automotive 400 at Dover,THE BREN MAN 9512,2025-07-21T03:20:24Z,20,1,1,PT7M9S,https://youtube.com/watch?v=96FPQfboEbc,True,False,False,False,False
38,2026 Autotrader 400 at EchoPark Speedway,2026-02-22,ACvV22KoPK8,What Drivers Said After Atlanta | 2026 NASCAR Cup Series,NASCAR,2026-02-23T01:06:06Z,113636,1164,172,PT6M48S,https://youtube.com/watch?v=ACvV22KoPK8,False,False,False,False,False
38,2026 Autotrader 400 at EchoPark Speedway,2026-02-22,_JvrppOpr48,2026 NASCAR Statistics: Race 2/36 - Atlanta 400,NZCO,2026-02-23T12:01:03Z,2805,221,44,PT13M13S,https://youtube.com/watch?v=_JvrppOpr48,False,False,False,False,False
38,2026 Autotrader 400 at EchoPark Speedway,2026-02-22,_STIkL3BwVg,NASCAR at Dover May 2026: Denny Hamlin post race,Cup Scene ,2026-05-17T23:24:06Z,4965,153,25,PT18M47S,https://youtube.com/watch?v=_STIkL3BwVg,True,False,False,False,False
38,2026 Autotrader 400 at EchoPark Speedway,2026-02-22,0K4F_oWcnvQ,NASCAR RaceDay | 2026 Autotrader 400 at Atlanta Preview,JettMDK,2026-02-22T17:52:13Z,21704,185,28,PT13M59S,https://youtube.com/watch?v=0K4F_oWcnvQ,False,False,False,False,False
38,2026 Autotrader 400 at EchoPark Speedway,2026-02-22,iUL5zwXjZDU,"2026 Autotrader 400 🏁 Tyler Reddick, Michael Jordan, Bubba Wallace &amp; More Post-Race Interviews",NASCAR on FOX,2026-02-23T01:21:18Z,19426,212,40,PT8M49S,https://youtube.com/watch?v=iUL5zwXjZDU,False,False,False,False,False
38,2026 Autotrader 400 at EchoPark Speedway,2026-02-22,ACvV22KoPK8,What Drivers Said After Atlanta | 2026 NASCAR Cup Series,NASCAR,2026-02-23T01:06:06Z,113636,1164,172,PT6M48S,https://youtube.com/watch?v=ACvV22KoPK8,False,False,False,False,False
38,2026 Autotrader 400 at EchoPark Speedway,2026-02-22,R1MSEaphiIg,2026 Autotrader 400 at Atlanta Finish (REACTION),Jarenn Swaggy808,2026-04-10T02:02:37Z,4,0,0,PT9M54S,https://youtube.com/watch?v=R1MSEaphiIg,False,False,False,False,False
38,2026 Autotrader 400 at EchoPark Speedway,2026-02-22,_JvrppOpr48,2026 NASCAR Statistics: Race 2/36 - Atlanta 400,NZCO,2026-02-23T12:01:03Z,2805,221,44,PT13M13S,https://youtube.com/watch?v=_JvrppOpr48,False,False,False,False,False
38,2026 Autotrader 400 at EchoPark Speedway,2026-02-22,Z8aEL2wrxhg,BREAKING! NASCAR DROPS SHOCKING ATLANTA RACE UPDATE – FANS CAN’T BELIEVE IT!, NASCAR Report Today,2026-03-24T16:30:12Z,18,0,0,PT6M8S,https://youtube.com/watch?v=Z8aEL2wrxhg,False,False,False,False,False
38,2026 Autotrader 400 at EchoPark Speedway,2026-02-22,fOF93OYFjc4,Dale Earnhardt Jr. BREAKS SILENCE After Atlanta 400 and SHOCKS Everyone,NASCAR Central,2026-02-27T18:00:58Z,3840,42,6,PT7M22S,https://youtube.com/watch?v=fOF93OYFjc4,False,False,False,False,False
38,2026 Autotrader 400 at EchoPark Speedway,2026-02-22,0chPL0hHCBU,NASCAR in CHAOS! Hamlin BLASTS Hocevar Over Shocking Atlanta Race Controversy!,NASCAR Race Central,2026-04-23T10:08:42Z,123,1,0,PT7M5S,https://youtube.com/watch?v=0chPL0hHCBU,True,False,False,False,False
38,2026 Autotrader 400 at EchoPark Speedway,2026-02-22,Ve0-yVZh6WA,NASCAR ECHO PARK REVIEW,SEC SEAN,2026-02-23T23:45:02Z,14,3,0,PT6M35S,https://youtube.com/watch?v=Ve0-yVZh6WA,False,False,False,False,False
38,2026 Autotrader 400 at EchoPark Speedway,2026-02-22,xIgRli-gX5U,NASCAR Cup HIGHLIGHTS: AutoTrader EchoPark Automotive 400 qualifying | 9/23/23 | Motorsports on NBC,Motorsports on NBC,2023-09-23T23:35:34Z,38634,455,79,PT16M48S,https://youtube.com/watch?v=xIgRli-gX5U,False,False,False,False,False
38,2026 Autotrader 400 at EchoPark Speedway,2026-02-22,Jy_N2CZlg8M,"NASCAR Cup Series 2026: Autotrader 400, EchoPark Speedway | EXTENDED HIGHLIGHTS | Motorsports on NBC",Motorsports on NBC,2026-02-23T01:59:19Z,119621,1950,153,PT15M7S,https://youtube.com/watch?v=Jy_N2CZlg8M,False,False,False,False,False
38,2026 Autotrader 400 at EchoPark Speedway,2026-02-22,0K4F_oWcnvQ,NASCAR RaceDay | 2026 Autotrader 400 at Atlanta Preview,JettMDK,2026-02-22T17:52:13Z,21704,185,28,PT13M59S,https://youtube.com/watch?v=0K4F_oWcnvQ,False,False,False,False,False
38,2026 Autotrader 400 at EchoPark Speedway,2026-02-22,R1MSEaphiIg,2026 Autotrader 400 at Atlanta Finish (REACTION),Jarenn Swaggy808,2026-04-10T02:02:37Z,4,0,0,PT9M54S,https://youtube.com/watch?v=R1MSEaphiIg,False,False,False,False,False
38,2026 Autotrader 400 at EchoPark Speedway,2026-02-22,yGWmjzt6DCA,🚨 NASCAR Drops SHOCKING Change for Atlanta Race — Fans Stunned!,NASCAR Unleashed,2026-02-22T16:01:23Z,81,0,0,PT6M15S,https://youtube.com/watch?v=yGWmjzt6DCA,False,False,False,False,False
38,2026 Autotrader 400 at EchoPark Speedway,2026-02-22,Z8aEL2wrxhg,BREAKING! NASCAR DROPS SHOCKING ATLANTA RACE UPDATE – FANS CAN’T BELIEVE IT!, NASCAR Report Today,2026-03-24T16:30:12Z,18,0,0,PT6M8S,https://youtube.com/watch?v=Z8aEL2wrxhg,False,False,False,False,False
38,2026 Autotrader 400 at EchoPark Speedway,2026-02-22,xIgRli-gX5U,NASCAR Cup HIGHLIGHTS: AutoTrader EchoPark Automotive 400 qualifying | 9/23/23 | Motorsports on NBC,Motorsports on NBC,2023-09-23T23:35:34Z,38634,455,79,PT16M48S,https://youtube.com/watch?v=xIgRli-gX5U,False,False,False,False,False
38,2026 Autotrader 400 at EchoPark Speedway,2026-02-22,lTfZRAH8B-E,Reviewing the worst NASCAR Crashes at Atlanta Motor Speedway,Calvin Fuller,2026-07-06T12:00:28Z,175,8,4,PT11M30S,https://youtube.com/watch?v=lTfZRAH8B-E,False,False,False,False,False
38,2026 Autotrader 400 at EchoPark Speedway,2026-02-22,EB5vEy8L7X8,NASCAR Go-Or-Go Home Qualifiers (2010 Cup Atlanta),Colby Evans Racing,2026-03-24T21:56:04Z,3290,94,9,PT18M10S,https://youtube.com/watch?v=EB5vEy8L7X8,False,False,False,False,False
38,2026 Autotrader 400 at EchoPark Speedway,2026-02-22,snNvlY8pxSk,NASCAR Cup Series 2025: Ambetter Health 400 | EXTENDED HIGHLIGHTS | 2/23/25 | Motorsports on NBC,Motorsports on NBC,2025-02-24T00:43:11Z,173777,2816,383,PT14M55S,https://youtube.com/watch?v=snNvlY8pxSk,False,False,False,False,False
38,2026 Autotrader 400 at EchoPark Speedway,2026-02-22,h3ej69CxL9I,NASCAR Heat 4 - Race at Atlanta as Brad Keselowski,TheMotorsportsFanatic2026,2019-09-12T00:08:14Z,74,2,0,PT4M48S,https://youtube.com/watch?v=h3ej69CxL9I,False,False,False,True,False
39,2026 DuraMax Texas Grand Prix Presented by RelaDyne,2026-03-01,GUaIb0FR43g,"Tyler Reddick, Michael Jordan, SVG &amp; More Post-Race Interviews after COTA 🎤 NASCAR on FOX",NASCAR on FOX,2026-03-02T01:02:24Z,34506,341,49,PT5M53S,https://youtube.com/watch?v=GUaIb0FR43g,False,False,False,False,False
39,2026 DuraMax Texas Grand Prix Presented by RelaDyne,2026-03-01,KvXFuJyvHfg,NASCAR Cup Series 2026: Circuit of the Americas | EXTENDED HIGHLIGHTS | Motorsports on NBC,Motorsports on NBC,2026-03-02T00:58:52Z,56892,1018,53,PT15M17S,https://youtube.com/watch?v=KvXFuJyvHfg,False,False,False,False,False
39,2026 DuraMax Texas Grand Prix Presented by RelaDyne,2026-03-01,b-VTJFPz0Zk,He Just Did The Impossible In NASCAR History!,NASCAR NewsLine,2026-03-02T18:00:00Z,175,3,2,PT8M4S,https://youtube.com/watch?v=b-VTJFPz0Zk,False,False,False,False,False
39,2026 DuraMax Texas Grand Prix Presented by RelaDyne,2026-03-01,CMkA0_EWfz4,Tyler Reddick &amp; 23XI Racing make NASCAR History! 2026 NASCAR COTA Race Analysis | Dirty Air,Alex Lambert,2026-03-02T02:35:18Z,612,7,2,PT11M54S,https://youtube.com/watch?v=CMkA0_EWfz4,False,False,False,False,False
39,2026 DuraMax Texas Grand Prix Presented by RelaDyne,2026-03-01,GUaIb0FR43g,"Tyler Reddick, Michael Jordan, SVG &amp; More Post-Race Interviews after COTA 🎤 NASCAR on FOX",NASCAR on FOX,2026-03-02T01:02:24Z,34506,341,49,PT5M53S,https://youtube.com/watch?v=GUaIb0FR43g,False,False,False,False,False
39,2026 DuraMax Texas Grand Prix Presented by RelaDyne,2026-03-01,Lf3gZcEgzHM,Tyler Reddick wins COTA to become first Cup driver to win first three races of season,The Furae,2026-03-06T01:17:14Z,183,2,2,PT13M41S,https://youtube.com/watch?v=Lf3gZcEgzHM,False,False,False,False,False
39,2026 DuraMax Texas Grand Prix Presented by RelaDyne,2026-03-01,KvXFuJyvHfg,NASCAR Cup Series 2026: Circuit of the Americas | EXTENDED HIGHLIGHTS | Motorsports on NBC,Motorsports on NBC,2026-03-02T00:58:52Z,56892,1018,53,PT15M17S,https://youtube.com/watch?v=KvXFuJyvHfg,False,False,False,False,False
39,2026 DuraMax Texas Grand Prix Presented by RelaDyne,2026-03-01,iy2eh42cFc8,NASCAR Cup Series 2026: Chicagoland Speedway | Extended Highlights | Motorsports on NBC,Motorsports on NBC,2026-07-06T02:51:34Z,39054,636,30,PT15M14S,https://youtube.com/watch?v=iy2eh42cFc8,False,False,False,False,False
39,2026 DuraMax Texas Grand Prix Presented by RelaDyne,2026-03-01,Gh8-aXEq4Eg,NASCAR Cup Series 2026: Watkins Glen International | EXTENDED HIGHLIGHTS | Motorsports on NBC,Motorsports on NBC,2026-05-10T23:08:36Z,63169,1155,98,PT15M19S,https://youtube.com/watch?v=Gh8-aXEq4Eg,False,False,False,False,False
39,2026 DuraMax Texas Grand Prix Presented by RelaDyne,2026-03-01,fy8eGJ7qzMc,2026 Daytona 500 | NASCAR Cup Series Extended Highlights,NASCAR,2026-02-15T22:58:22Z,681172,9226,767,PT19M11S,https://youtube.com/watch?v=fy8eGJ7qzMc,False,False,False,False,False
39,2026 DuraMax Texas Grand Prix Presented by RelaDyne,2026-03-01,hFBjkb_TjVQ,Dramatic Final Laps Decide the Daytona 500 | 2026 NASCAR Cup Series,NASCAR,2026-02-15T23:17:43Z,605661,5251,506,PT5M35S,https://youtube.com/watch?v=hFBjkb_TjVQ,False,False,False,False,False
39,2026 DuraMax Texas Grand Prix Presented by RelaDyne,2026-03-01,clcM2L0yI4s,Every Angle of Chase Elliott &amp; Christopher Bell&#39;s Fiery Wreck | 2026 NASCAR Cup Series at Michigan,NASCAR,2026-06-07T23:08:37Z,345588,3047,563,PT6M32S,https://youtube.com/watch?v=clcM2L0yI4s,False,False,False,False,False
39,2026 DuraMax Texas Grand Prix Presented by RelaDyne,2026-03-01,d-RtODCP7v0,NASCAR O&#39;Reilly Auto Parts Series Highlights | 2026 Charlotte Motor Speedway,NASCAR,2026-05-24T04:04:53Z,165627,2514,244,PT18M21S,https://youtube.com/watch?v=d-RtODCP7v0,False,False,False,False,False
39,2026 DuraMax Texas Grand Prix Presented by RelaDyne,2026-03-01,vrFl_cpJiG8,Wild Final Laps Decide a First-Time Winner | 2026 NASCAR O&#39;Reilly Auto Parts Series,NASCAR,2026-02-22T01:17:56Z,52778,447,56,PT5M23S,https://youtube.com/watch?v=vrFl_cpJiG8,False,False,False,False,False
39,2026 DuraMax Texas Grand Prix Presented by RelaDyne,2026-03-01,QiPbZV4zRpo,NASCAR Cup Series Highlights | 2026 Las Vegas Motor Speedway,NASCAR,2026-03-15T23:11:28Z,196649,3676,255,PT13M44S,https://youtube.com/watch?v=QiPbZV4zRpo,False,False,False,False,False
39,2026 DuraMax Texas Grand Prix Presented by RelaDyne,2026-03-01,BTP1Xx6_fAc,What Drivers Said After Martinsville Speedway | 2026 NASCAR Cup Series,NASCAR,2026-03-29T23:09:16Z,48377,701,86,PT13M39S,https://youtube.com/watch?v=BTP1Xx6_fAc,False,False,False,False,False
39,2026 DuraMax Texas Grand Prix Presented by RelaDyne,2026-03-01,KvXFuJyvHfg,NASCAR Cup Series 2026: Circuit of the Americas | EXTENDED HIGHLIGHTS | Motorsports on NBC,Motorsports on NBC,2026-03-02T00:58:52Z,56892,1018,53,PT15M17S,https://youtube.com/watch?v=KvXFuJyvHfg,False,False,False,False,False
40,2026 Straight Talk Wireless 500,2026-03-08,UmzEjs7vpls,Lapped Car Plays In A Big Role In the Outcome Of The Race - 2026 NR2003 NASCAR Season,JacobVieraF1,2026-03-08T13:34:19Z,151,2,2,PT17M10S,https://youtube.com/watch?v=UmzEjs7vpls,False,False,False,False,False
40,2026 Straight Talk Wireless 500,2026-03-08,UW6XwEfYLdI,"Redemption for Larson, Blaney Blows Up &amp; Homestead&#39;s Championship Future? | Homestead Race Recap",Braking Bob,2025-03-23T23:58:13Z,202,14,1,PT14M18S,https://youtube.com/watch?v=UW6XwEfYLdI,False,False,False,False,False
40,2026 Straight Talk Wireless 500,2026-03-08,GGK07gI8fxQ,🚨  OMG! SHOCKING! NASCAR JUST ANNOUNCED UNEXPECTED CHANGE FOR PHOENIX RACE! FANS ARE SHOCKED!,NASCAR Racing Report,2026-03-08T21:00:17Z,131,2,0,PT19M34S,https://youtube.com/watch?v=GGK07gI8fxQ,False,False,False,False,False
40,2026 Straight Talk Wireless 500,2026-03-08,Z_tdDJgUG9s,Straight Talk Wireless 500 Race 4 | 2026 Mock Pichu London Cup Series,Pichu London,2026-03-09T00:00:06Z,73,3,0,PT19M25S,https://youtube.com/watch?v=Z_tdDJgUG9s,False,False,False,False,False
40,2026 Straight Talk Wireless 500,2026-03-08,JaY2IFZ359M,NASCAR Cup Series 2026: Phoenix Raceway | EXTENDED HIGHLIGHTS | Motorsports on NBC,Motorsports on NBC,2026-03-09T00:52:24Z,81776,1312,63,PT18M2S,https://youtube.com/watch?v=JaY2IFZ359M,False,False,False,False,False
40,2026 Straight Talk Wireless 500,2026-03-08,Vp7V-0y8ULI,2026 Spring NASCAR Phoenix Race Preview,Calvin Fuller,2026-03-04T12:00:55Z,81,7,4,PT7M22S,https://youtube.com/watch?v=Vp7V-0y8ULI,False,False,False,False,False
40,2026 Straight Talk Wireless 500,2026-03-08,UmzEjs7vpls,Lapped Car Plays In A Big Role In the Outcome Of The Race - 2026 NR2003 NASCAR Season,JacobVieraF1,2026-03-08T13:34:19Z,151,2,2,PT17M10S,https://youtube.com/watch?v=UmzEjs7vpls,False,False,False,False,False
40,2026 Straight Talk Wireless 500,2026-03-08,yijcVEBlH3I,Denny Hamlin Last Chance to Save 2026!,Nascar Speedzone,2026-03-05T20:02:39Z,117,1,0,PT5M37S,https://youtube.com/watch?v=yijcVEBlH3I,True,False,False,False,False
40,2026 Straight Talk Wireless 500,2026-03-08,GGK07gI8fxQ,🚨  OMG! SHOCKING! NASCAR JUST ANNOUNCED UNEXPECTED CHANGE FOR PHOENIX RACE! FANS ARE SHOCKED!,NASCAR Racing Report,2026-03-08T21:00:17Z,131,2,0,PT19M34S,https://youtube.com/watch?v=GGK07gI8fxQ,False,False,False,False,False
40,2026 Straight Talk Wireless 500,2026-03-08,BvhFISnGgCs,"NASCAR DFS - Straight Talk Wireless 500, 2026 | DraftKings Drivers, Dominators &amp; Place Differential",Ship It Nation,2026-03-08T14:42:25Z,609,39,0,PT18M9S,https://youtube.com/watch?v=BvhFISnGgCs,False,False,False,False,False
40,2026 Straight Talk Wireless 500,2026-03-08,V-_1ft62P7I,Denny Hamlin JUST Dropped a Brutal Truth on NASCAR After Phoenix!,NASCAR NewsLine,2026-03-10T16:00:00Z,2698,23,1,PT8M19S,https://youtube.com/watch?v=V-_1ft62P7I,True,False,False,False,False
40,2026 Straight Talk Wireless 500,2026-03-08,Jbr2sWLwo0M,MAJOR TROUBLE FOR NASCAR! DRIVERS EXPLODE AFTER MASSIVE CRASH AND CHEATING SCANDAL!,NASCAR Dispatch,2026-06-29T14:32:38Z,157,2,0,PT11M30S,https://youtube.com/watch?v=Jbr2sWLwo0M,False,False,False,False,False
40,2026 Straight Talk Wireless 500,2026-03-08,61np-qYnwB4,"Ryan Blaney, Christopher Bell &amp; More Post-Race Interviews after Phoenix Raceway 🗣️🎤 NASCAR on FOX",NASCAR on FOX,2026-03-09T00:10:27Z,35582,278,37,PT6M36S,https://youtube.com/watch?v=61np-qYnwB4,False,False,False,False,False
40,2026 Straight Talk Wireless 500,2026-03-08,JaY2IFZ359M,NASCAR Cup Series 2026: Phoenix Raceway | EXTENDED HIGHLIGHTS | Motorsports on NBC,Motorsports on NBC,2026-03-09T00:52:24Z,81775,1312,63,PT18M2S,https://youtube.com/watch?v=JaY2IFZ359M,False,False,False,False,False
40,2026 Straight Talk Wireless 500,2026-03-08,pWxTQoBrQow,BUBBA WALLACE IN BIG TROUBLE AND Could MISS NASCAR Race For THIS Reason!,NASCAR REPORT,2026-03-14T13:55:03Z,2434,29,7,PT8M10S,https://youtube.com/watch?v=pWxTQoBrQow,False,False,False,False,False
40,2026 Straight Talk Wireless 500,2026-03-08,g4nDUA6_NkU,Ross Chastain FINALLY Speaks Out on Michael Jordan!,Nascar Speedzone,2026-03-11T20:25:04Z,1034,4,0,PT5M10S,https://youtube.com/watch?v=g4nDUA6_NkU,False,False,False,False,True
40,2026 Straight Talk Wireless 500,2026-03-08,_Z0wBCErz3M,"🚨 NASCAR SHAKEUP! TOP DRIVER SUSPENDED FROM PHOENIX EVENT, LEAVING FANS SHOCKED!",Gear Glance,2026-05-23T00:00:27Z,206,6,0,PT10M56S,https://youtube.com/watch?v=_Z0wBCErz3M,False,False,False,False,False
40,2026 Straight Talk Wireless 500,2026-03-08,g4nDUA6_NkU,Ross Chastain FINALLY Speaks Out on Michael Jordan!,Nascar Speedzone,2026-03-11T20:25:04Z,1034,4,0,PT5M10S,https://youtube.com/watch?v=g4nDUA6_NkU,False,False,False,False,True
40,2026 Straight Talk Wireless 500,2026-03-08,V844p4WBvsA,Ross Chastain FINALLY SNAPS! Joey Logano Did It On Purpose,NASCAR • 2M views • 7 hours ago...,2026-03-09T23:29:08Z,877,4,10,PT5M46S,https://youtube.com/watch?v=V844p4WBvsA,False,False,False,False,True
40,2026 Straight Talk Wireless 500,2026-03-08,Jbr2sWLwo0M,MAJOR TROUBLE FOR NASCAR! DRIVERS EXPLODE AFTER MASSIVE CRASH AND CHEATING SCANDAL!,NASCAR Dispatch,2026-06-29T14:32:38Z,157,2,0,PT11M30S,https://youtube.com/watch?v=Jbr2sWLwo0M,False,False,False,False,False
40,2026 Straight Talk Wireless 500,2026-03-08,T047eOI_E5c,Ross Chastain GOES OFF on Joey Logano After Phoenix Crash… &quot;That Was IRRESPONSIBLE!&quot;,Razor Relax ASMR,2026-03-13T14:00:57Z,96,2,1,PT9M31S,https://youtube.com/watch?v=T047eOI_E5c,False,False,False,False,True
40,2026 Straight Talk Wireless 500,2026-03-08,oHZJu-y9kWc,Ross Chastain Banned From Phoenix NASCAR Race – Fans Are Shocked,NASCAR • 2M views • 7 hours ago...,2026-03-07T14:01:10Z,828,0,0,PT9M48S,https://youtube.com/watch?v=oHZJu-y9kWc,False,False,False,False,True
40,2026 Straight Talk Wireless 500,2026-03-08,ONd9nTa9-qg,Joey Logano Speaks Out After Insane Phoenix Incident!,NASCAR NewsLine,2026-03-09T18:00:38Z,24019,153,28,PT8M5S,https://youtube.com/watch?v=ONd9nTa9-qg,False,False,False,False,False
40,2026 Straight Talk Wireless 500,2026-03-08,QFYPhOto07s,NASCAR in HOT SEAT After Controversial Call Against Bubba Wallace,RaceCore,2026-03-11T19:45:04Z,173,0,3,PT7M49S,https://youtube.com/watch?v=QFYPhOto07s,False,False,False,False,False
40,2026 Straight Talk Wireless 500,2026-03-08,ZwmasF98aVY,Joey Logano Sparks Chaos at Phoenix! Massive Crash &amp; Driver Feud Explodes After NASCAR Race,Redline Speed Lab,2026-05-04T16:00:54Z,38,0,0,PT4M51S,https://youtube.com/watch?v=ZwmasF98aVY,False,False,False,False,False
40,2026 Straight Talk Wireless 500,2026-03-08,tLGj1IIafds,🚨 NASCAR IN CRISIS! STAR DRIVER BANNED FROM PHOENIX RACE AND STUNS FANS!,NASCAR Unleashed,2026-03-09T17:01:18Z,722,0,0,PT7M37S,https://youtube.com/watch?v=tLGj1IIafds,False,False,False,False,False
40,2026 Straight Talk Wireless 500,2026-03-08,JaY2IFZ359M,NASCAR Cup Series 2026: Phoenix Raceway | EXTENDED HIGHLIGHTS | Motorsports on NBC,Motorsports on NBC,2026-03-09T00:52:24Z,81775,1312,63,PT18M2S,https://youtube.com/watch?v=JaY2IFZ359M,False,False,False,False,False
40,2026 Straight Talk Wireless 500,2026-03-08,UhusOtxyt4k,NASCAR RaceDay | 2026 Straight Talk Wireless 500 at Phoenix Preview,JettMDK,2026-03-08T15:32:19Z,14403,157,39,PT12M20S,https://youtube.com/watch?v=UhusOtxyt4k,False,False,False,False,False
40,2026 Straight Talk Wireless 500,2026-03-08,_w7fOVmVduc,2026 NASCAR Straight Talk Wireless 500 @ Phoenix Finish Reactions,GC37,2026-03-09T11:43:00Z,105,2,0,PT4M33S,https://youtube.com/watch?v=_w7fOVmVduc,False,False,False,False,False
40,2026 Straight Talk Wireless 500,2026-03-08,BvhFISnGgCs,"NASCAR DFS - Straight Talk Wireless 500, 2026 | DraftKings Drivers, Dominators &amp; Place Differential",Ship It Nation,2026-03-08T14:42:25Z,609,39,0,PT18M9S,https://youtube.com/watch?v=BvhFISnGgCs,False,False,False,False,False
40,2026 Straight Talk Wireless 500,2026-03-08,fxk_ms14ZHQ,NASCAR 2026: Straight Talk Wireless 500 Reactions,GodzillaGaming111,2026-03-10T21:00:45Z,463,31,6,PT16M1S,https://youtube.com/watch?v=fxk_ms14ZHQ,False,False,False,False,False
40,2026 Straight Talk Wireless 500,2026-03-08,JaY2IFZ359M,NASCAR Cup Series 2026: Phoenix Raceway | EXTENDED HIGHLIGHTS | Motorsports on NBC,Motorsports on NBC,2026-03-09T00:52:24Z,81776,1312,63,PT18M2S,https://youtube.com/watch?v=JaY2IFZ359M,False,False,False,False,False
40,2026 Straight Talk Wireless 500,2026-03-08,W9hTyYZIlHM,Final Lap of the Last 10 Spring Phoenix (Straight Talk Wireless 500) Races,MVRowner,2026-03-07T01:50:30Z,110,11,1,PT10M56S,https://youtube.com/watch?v=W9hTyYZIlHM,False,False,False,False,False
40,2026 Straight Talk Wireless 500,2026-03-08,_Z0wBCErz3M,"🚨 NASCAR SHAKEUP! TOP DRIVER SUSPENDED FROM PHOENIX EVENT, LEAVING FANS SHOCKED!",Gear Glance,2026-05-23T00:00:27Z,206,6,0,PT10M56S,https://youtube.com/watch?v=_Z0wBCErz3M,False,False,False,False,False
40,2026 Straight Talk Wireless 500,2026-03-08,Vp7V-0y8ULI,2026 Spring NASCAR Phoenix Race Preview,Calvin Fuller,2026-03-04T12:00:55Z,81,7,4,PT7M22S,https://youtube.com/watch?v=Vp7V-0y8ULI,False,False,False,False,False
40,2026 Straight Talk Wireless 500,2026-03-08,WDq41gGHZU4,NASCAR Cup Series: Straight Talk Wireless 400 Highlights | NASCAR on FOX,NASCAR on FOX,2025-03-23T22:34:24Z,159253,2931,233,PT10M1S,https://youtube.com/watch?v=WDq41gGHZU4,False,False,False,False,False
40,2026 Straight Talk Wireless 500,2026-03-08,3xsCrqsa3fQ,NASCAR Cup Series HIGHLIGHTS: Straight Talk Wireless 400 qualifying | 10/26/24 | Motorsports on NBC,Motorsports on NBC,2024-10-26T17:36:56Z,34946,489,50,PT4M53S,https://youtube.com/watch?v=3xsCrqsa3fQ,False,False,False,False,False
41,2026 Pennzoil 400 Presented by Jiffy Lube,2026-03-15,JlaTM0o4NC8,Richard Childress Racing JUST Dropped the BOMBSHELL Before Vegas!,Nascar Speedzone,2026-03-14T17:33:15Z,83971,451,48,PT8M26S,https://youtube.com/watch?v=JlaTM0o4NC8,False,False,False,False,False
41,2026 Pennzoil 400 Presented by Jiffy Lube,2026-03-15,ZFHbsnbQS6s,📢 Richard Childress Racing JUST Dropped the BOMBSHELL Before Vegas!,NASCAR Hub,2026-03-15T18:00:46Z,98,1,0,PT9M35S,https://youtube.com/watch?v=ZFHbsnbQS6s,False,False,False,False,False
41,2026 Pennzoil 400 Presented by Jiffy Lube,2026-03-15,RehadaLD2_A,NASCAR O&#39;Reilly Auto Parts Series Highlights | 2026 Las Vegas Motor Speedway,NASCAR,2026-03-15T00:57:26Z,139673,1881,120,PT19M19S,https://youtube.com/watch?v=RehadaLD2_A,False,False,False,False,False
41,2026 Pennzoil 400 Presented by Jiffy Lube,2026-03-15,zkGrHet5UF0,2026 NASCAR Spring Las Vegas Race Preview,Calvin Fuller,2026-03-11T12:01:57Z,57,7,4,PT7M3S,https://youtube.com/watch?v=zkGrHet5UF0,False,False,False,False,False
41,2026 Pennzoil 400 Presented by Jiffy Lube,2026-03-15,X8LjaM--pUw,Richard Childress Racing JUST Dropped the BOMBSHELL Before Vegas!,Engine Lingo,2026-03-15T15:00:56Z,1071,6,0,PT7M13S,https://youtube.com/watch?v=X8LjaM--pUw,False,False,False,False,False
41,2026 Pennzoil 400 Presented by Jiffy Lube,2026-03-15,hfqhGyzLHRQ,🚨 OMG! URGENT! NASCAR JUST ANNOUNCED UNEXPECTED CHANGE FOR LAS VEGAS RACE! FANS ARE SHOCKED!,NASCAR Nation Report,2026-03-14T20:00:22Z,9734,149,6,PT10M52S,https://youtube.com/watch?v=hfqhGyzLHRQ,False,False,False,False,False
41,2026 Pennzoil 400 Presented by Jiffy Lube,2026-03-15,UyqQ2-oNSA8,Josh Berry DROPPED by Wood Brothers Racing,NASCAR Nation News,2026-06-13T10:38:08Z,114,2,0,PT5M6S,https://youtube.com/watch?v=UyqQ2-oNSA8,False,False,False,False,False
41,2026 Pennzoil 400 Presented by Jiffy Lube,2026-03-15,qtTu-RQpH-8,Richard Childress Racing JUST Dropped the BOMBSHELL Before Vegas!,Revived Wheels,2026-04-03T20:03:00Z,280,2,0,PT9M22S,https://youtube.com/watch?v=qtTu-RQpH-8,False,False,False,False,False
41,2026 Pennzoil 400 Presented by Jiffy Lube,2026-03-15,OOfy2uCAi0w,5 OF 10 NASCAR CUP SERIES RACE AT POCONO #MOTORSPORTS #NASCAR ,🏁🏆Randall Harrell Racing RC channel and more,2026-06-14T22:18:24Z,1,0,0,PT6M22S,https://youtube.com/watch?v=OOfy2uCAi0w,False,False,False,False,False
41,2026 Pennzoil 400 Presented by Jiffy Lube,2026-03-15,ffwSJyJl8GE,"S,V,G PUT ON A CLINIC AT SONOMA O&#39;REILLY SERIES PART 6 OF 6 #MOTORSPORTS #NASCAR ",🏁🏆Randall Harrell Racing RC channel and more,2026-07-06T03:03:45Z,0,0,0,PT7M19S,https://youtube.com/watch?v=ffwSJyJl8GE,False,False,False,False,False
41,2026 Pennzoil 400 Presented by Jiffy Lube,2026-03-15,fupjMr8iI70,Hamlin Family’s Emotional Reaction to Denny’s Win | 2026 NASCAR Cup Series at Las Vegas,NASCAR,2026-03-15T23:24:39Z,45491,979,121,PT5M18S,https://youtube.com/watch?v=fupjMr8iI70,True,False,False,False,False
41,2026 Pennzoil 400 Presented by Jiffy Lube,2026-03-15,eI2UU8UltSk,2026 NASCAR Cup Series Pennzoil 400 Presented by Jiffy Lube Finish - Denny Hamlin wins,SpaceMetalFerrari248,2026-03-16T00:07:06Z,18,2,0,PT7M29S,https://youtube.com/watch?v=eI2UU8UltSk,True,False,False,False,False
41,2026 Pennzoil 400 Presented by Jiffy Lube,2026-03-15,nawuH0CBb9k,2026 NASCAR Cup Series Pennzoil 400 at Las Vegas Reaction. DENNY MAKES HIS OWN LUCK!,FireBall Hamlin,2026-03-16T00:43:22Z,1106,53,22,PT9M35S,https://youtube.com/watch?v=nawuH0CBb9k,False,False,False,False,False
41,2026 Pennzoil 400 Presented by Jiffy Lube,2026-03-15,VYNROY3WGh0,FINAL LAPS: Denny Hamlin takes the checkered flag at Pennzoil 400 in Las Vegas 🏁 NASCAR on FOX,NASCAR on FOX,2026-03-15T23:42:21Z,14357,120,11,PT9M5S,https://youtube.com/watch?v=VYNROY3WGh0,True,False,False,False,False
41,2026 Pennzoil 400 Presented by Jiffy Lube,2026-03-15,W6BIyqW30KY,Hamlin&#39;s Landmark Win - Thoughts on the 2026 NASCAR Pennzoil 400,Motorsport Reports,2026-03-17T17:00:53Z,11,1,1,PT4M20S,https://youtube.com/watch?v=W6BIyqW30KY,True,False,False,False,False
41,2026 Pennzoil 400 Presented by Jiffy Lube,2026-03-15,FCZVvfGsw7w,Denny Hamlin&#39;s Win Just DESTROYED the Championship Race!,NASCAR Lounge,2026-03-16T19:01:41Z,45,2,0,PT8M7S,https://youtube.com/watch?v=FCZVvfGsw7w,True,False,False,False,False
41,2026 Pennzoil 400 Presented by Jiffy Lube,2026-03-15,JYNf7qpEawU,Denny Hamlin Breaks Down Historic Vegas Win | NASCAR Film Room,NASCAR,2026-03-16T21:20:06Z,19607,1435,101,PT11M17S,https://youtube.com/watch?v=JYNf7qpEawU,True,False,False,False,False
41,2026 Pennzoil 400 Presented by Jiffy Lube,2026-03-15,7bUaXbZRDr0,NASCAR Cup Series 2026: Las Vegas Motor Speedway | EXTENDED HIGHLIGHTS | Motorsports on NBC,Motorsports on NBC,2026-03-16T00:12:38Z,75882,1239,59,PT14M47S,https://youtube.com/watch?v=7bUaXbZRDr0,False,False,False,False,False
41,2026 Pennzoil 400 Presented by Jiffy Lube,2026-03-15,7P5OcSq-VFM,Denny Hamlin wins 2026 Pennzoil 400 at Las Vegas Motor Speedway,AmericaJR,2026-03-16T04:28:48Z,82,1,0,PT6M20S,https://youtube.com/watch?v=7P5OcSq-VFM,True,False,False,False,False
41,2026 Pennzoil 400 Presented by Jiffy Lube,2026-03-15,QiPbZV4zRpo,NASCAR Cup Series Highlights | 2026 Las Vegas Motor Speedway,NASCAR,2026-03-15T23:11:28Z,196649,3676,255,PT13M44S,https://youtube.com/watch?v=QiPbZV4zRpo,False,False,False,False,False
41,2026 Pennzoil 400 Presented by Jiffy Lube,2026-03-15,fupjMr8iI70,Hamlin Family’s Emotional Reaction to Denny’s Win | 2026 NASCAR Cup Series at Las Vegas,NASCAR,2026-03-15T23:24:39Z,45492,979,121,PT5M18S,https://youtube.com/watch?v=fupjMr8iI70,True,False,False,False,False
41,2026 Pennzoil 400 Presented by Jiffy Lube,2026-03-15,Ranq4btvp2c,NASCAR RaceDay | 2026 Pennzoil 400 at Las Vegas Preview,JettMDK,2026-03-15T17:31:31Z,20492,149,24,PT13M14S,https://youtube.com/watch?v=Ranq4btvp2c,False,False,False,False,False
41,2026 Pennzoil 400 Presented by Jiffy Lube,2026-03-15,DB9QFY2F-K8,What Drivers Said After Las Vegas | 2026 NASCAR Cup Series,NASCAR,2026-03-15T23:47:09Z,22340,343,57,PT11M26S,https://youtube.com/watch?v=DB9QFY2F-K8,False,False,False,False,False
41,2026 Pennzoil 400 Presented by Jiffy Lube,2026-03-15,ZedcnCF-Wjg,🚨 NASCAR IN BIG TROUBLE! CHASTAIN LASHES OUT AT SUAREZ AFTER SHOCKING LAS VEGAS CONFRONTATION!,NASCAR Racing Report,2026-03-19T21:00:40Z,469,2,0,PT11M4S,https://youtube.com/watch?v=ZedcnCF-Wjg,False,False,False,False,True
41,2026 Pennzoil 400 Presented by Jiffy Lube,2026-03-15,hKsNXFB_8V4,NASCAR Cup Series 2025: Pennzoil 400 | EXTENDED HIGHLIGHTS | 3/16/25 | Motorsports on NBC,Motorsports on NBC,2025-03-16T23:54:59Z,150218,2661,143,PT16M46S,https://youtube.com/watch?v=hKsNXFB_8V4,False,False,False,False,False
41,2026 Pennzoil 400 Presented by Jiffy Lube,2026-03-15,egLAQLzjY0U,BREAKING: Denny Hamlin Wins Pennzoil 400 — But Ross Chastain vs Daniel Suárez ERUPTS After the Race!, NASCAR Rush,2026-03-17T21:00:44Z,93,2,0,PT8M1S,https://youtube.com/watch?v=egLAQLzjY0U,True,False,False,False,True
41,2026 Pennzoil 400 Presented by Jiffy Lube,2026-03-15,hxUmZKlYPpU,LEAKED AUDIO EXPOSES Ross Chastain After Daniel Suárez ‘CHICKEN’ Callout | NASCAR Las Vegas Fallout,NASCAR Central,2026-03-18T01:30:42Z,4637,109,19,PT8M57S,https://youtube.com/watch?v=hxUmZKlYPpU,False,False,False,False,True
41,2026 Pennzoil 400 Presented by Jiffy Lube,2026-03-15,OKCaNliEuLA,BAD NEWS FOR Ross Chaistain! This FIGHT might END His Career! MUST SEE!!,NASCAR Central,2026-03-16T19:19:57Z,22137,352,83,PT11M43S,https://youtube.com/watch?v=OKCaNliEuLA,False,False,False,False,False
41,2026 Pennzoil 400 Presented by Jiffy Lube,2026-03-15,28qQdCt1ei0,Daniel Suárez GOES OFF on Ross Chastain After WILD Vegas Finish!,NASCAR NewsLine,2026-03-16T17:12:57Z,5008,26,3,PT8M15S,https://youtube.com/watch?v=28qQdCt1ei0,False,False,False,False,True
41,2026 Pennzoil 400 Presented by Jiffy Lube,2026-03-15,vUprt6v8TGU,NASCAR RaceDay | 2026 Goodyear 400 at Darlington Preview,JettMDK,2026-03-22T17:13:15Z,9057,121,20,PT14M15S,https://youtube.com/watch?v=vUprt6v8TGU,False,False,False,False,False
41,2026 Pennzoil 400 Presented by Jiffy Lube,2026-03-15,hKsNXFB_8V4,NASCAR Cup Series 2025: Pennzoil 400 | EXTENDED HIGHLIGHTS | 3/16/25 | Motorsports on NBC,Motorsports on NBC,2025-03-16T23:54:59Z,150218,2661,143,PT16M46S,https://youtube.com/watch?v=hKsNXFB_8V4,False,False,False,False,False
41,2026 Pennzoil 400 Presented by Jiffy Lube,2026-03-15,Ranq4btvp2c,NASCAR RaceDay | 2026 Pennzoil 400 at Las Vegas Preview,JettMDK,2026-03-15T17:31:31Z,20492,149,24,PT13M14S,https://youtube.com/watch?v=Ranq4btvp2c,False,False,False,False,False
41,2026 Pennzoil 400 Presented by Jiffy Lube,2026-03-15,7bUaXbZRDr0,NASCAR Cup Series 2026: Las Vegas Motor Speedway | EXTENDED HIGHLIGHTS | Motorsports on NBC,Motorsports on NBC,2026-03-16T00:12:38Z,75882,1239,59,PT14M47S,https://youtube.com/watch?v=7bUaXbZRDr0,False,False,False,False,False
41,2026 Pennzoil 400 Presented by Jiffy Lube,2026-03-15,g-m2RezlZnM,2026 NASCAR Cup Series Pennzoil 400 @ Las Vegas Race Reactions,H Gamerboy815,2026-03-16T02:40:02Z,123,3,1,PT7M52S,https://youtube.com/watch?v=g-m2RezlZnM,False,False,False,False,False
41,2026 Pennzoil 400 Presented by Jiffy Lube,2026-03-15,AIZCPZqaq4E,NASCAR Cup Series Las Vegas 2026 full race @NASCAR ,nascar bastion,2026-03-20T22:30:06Z,87,0,0,PT8M1S,https://youtube.com/watch?v=AIZCPZqaq4E,False,False,False,False,False
41,2026 Pennzoil 400 Presented by Jiffy Lube,2026-03-15,BwKnERueO8Y,Nascar Cup Series Practice Group 2 MIS 2026,Mr. Slimmy Jimmy,2026-07-01T14:03:35Z,0,0,0,PT4M11S,https://youtube.com/watch?v=BwKnERueO8Y,False,False,False,False,False
41,2026 Pennzoil 400 Presented by Jiffy Lube,2026-03-15,g-DapH9s75U,Cup Series at Las Vegas Motor Speedway | NASCAR Official Extended Highlights,NASCAR,2025-03-17T00:44:45Z,116233,1936,109,PT14M55S,https://youtube.com/watch?v=g-DapH9s75U,False,False,False,False,False
41,2026 Pennzoil 400 Presented by Jiffy Lube,2026-03-15,phrvss8pPhY,Qualifying Highlights @ Las Vegas 2026,Glenn@MarCapRacing,2026-03-15T01:45:05Z,1324,19,0,PT8M20S,https://youtube.com/watch?v=phrvss8pPhY,False,False,False,False,False
41,2026 Pennzoil 400 Presented by Jiffy Lube,2026-03-15,zkGrHet5UF0,2026 NASCAR Spring Las Vegas Race Preview,Calvin Fuller,2026-03-11T12:01:57Z,57,7,4,PT7M3S,https://youtube.com/watch?v=zkGrHet5UF0,False,False,False,False,False
41,2026 Pennzoil 400 Presented by Jiffy Lube,2026-03-15,Ck2E1YCY-jU,&#39;There&#39;s a [expletive] ton of wheels falling off today&#39; | NASCAR RADIOACTIVE from Las Vegas,NASCAR,2025-03-18T21:22:36Z,46665,1369,79,PT5M50S,https://youtube.com/watch?v=Ck2E1YCY-jU,False,False,False,False,False
42,2026 Goodyear 400,2026-03-22,ieVOBXVBygk,Cup practice in the rain at COTA | NASCAR ON FOX HIGHLIGHTS,NASCAR on FOX,2021-05-22T16:59:47Z,50181,958,148,PT4M34S,https://youtube.com/watch?v=ieVOBXVBygk,False,False,False,False,False
42,2026 Goodyear 400,2026-03-22,5CbeCEaPEGU,DoorDash announces multi-year partnership with Bubba Wallace and Richard Petty Motorsports,Nikolai P. Culp,2020-08-14T21:16:57Z,420,9,6,PT7M42S,https://youtube.com/watch?v=5CbeCEaPEGU,False,False,False,False,False
42,2026 Goodyear 400,2026-03-22,MurS-rj_7D8,BREAKING NEWS: NASCAR proposes plan to turn Auto Club Speedway into a short track,Nikolai P. Culp,2020-09-08T18:46:25Z,1240,37,12,PT14M59S,https://youtube.com/watch?v=MurS-rj_7D8,False,False,False,False,False
42,2026 Goodyear 400,2026-03-22,twHh8-Jwi_Q,SEIG HILL AND OTHERS CRASH-2026 NASCAR O&#39;REILLY SERIES SPRT CLIPS HAIRCUT VFW HELP A HERO 200,Driftking,2026-03-21T23:07:03Z,27,2,0,PT4M52S,https://youtube.com/watch?v=twHh8-Jwi_Q,False,False,False,False,False
42,2026 Goodyear 400,2026-03-22,n9XKvP3v7vI,5 NASCAR Drivers to Watch Out For in Darlington - Goodyear 400 Preview,Motorsport Reports,2026-03-20T16:37:14Z,26,1,0,PT5M6S,https://youtube.com/watch?v=n9XKvP3v7vI,False,False,False,False,False
42,2026 Goodyear 400,2026-03-22,ym4IrwlRxgE,2026 NASCAR Spring Darlington Race Preview,Calvin Fuller,2026-03-18T12:01:47Z,142,7,4,PT9M44S,https://youtube.com/watch?v=ym4IrwlRxgE,False,False,False,False,False
42,2026 Goodyear 400,2026-03-22,titP946eXMw,When NASCAR Drivers Lost Their Mind,NMM,2026-03-28T22:30:10Z,13095,247,33,PT18M32S,https://youtube.com/watch?v=titP946eXMw,False,False,False,False,False
42,2026 Goodyear 400,2026-03-22,nq2VXMj17Lk,"Ty Dillon Won&#39;t Return To Petty GMS Next Year, Aric Almirola Might Not Retire After This Season",Preston J Productions,2022-07-15T20:18:21Z,88,5,2,PT5M20S,https://youtube.com/watch?v=nq2VXMj17Lk,False,False,False,False,False
42,2026 Goodyear 400,2026-03-22,QKZOxDRJjQY,2023 Hollywood Casino 400 Race Picks,Daniel Kriete,2023-09-07T12:53:33Z,299,8,10,PT10M46S,https://youtube.com/watch?v=QKZOxDRJjQY,False,False,False,False,False
42,2026 Goodyear 400,2026-03-22,VOOCXZEmbA4,2023 Wawa 250 Race Picks,Daniel Kriete,2023-08-22T20:38:40Z,272,11,18,PT8M33S,https://youtube.com/watch?v=VOOCXZEmbA4,False,False,False,False,False
42,2026 Goodyear 400,2026-03-22,VCsdd9FZ_Ds,2026 NASCAR Cup Series Goodyear 400 at Darlington Reaction. HE CAN’T STOP WINNING!,FireBall Hamlin,2026-03-23T01:10:26Z,803,36,11,PT11M14S,https://youtube.com/watch?v=VCsdd9FZ_Ds,False,False,False,False,False
42,2026 Goodyear 400,2026-03-22,aI17Zg59kiI,NASCAR Cup Series 2026: Darlington Raceway | EXTENDED HIGHLIGHTS | Motorsports on NBC,Motorsports on NBC,2026-03-22T23:43:47Z,105211,1532,70,PT15M17S,https://youtube.com/watch?v=aI17Zg59kiI,False,False,False,False,False
42,2026 Goodyear 400,2026-03-22,4W3uqEXJaXI,DARLINGTON DISASTER: Why These 3 Penalties Just Ruined The Goodyear 400! 🏁,Razor Relax ASMR,2026-03-22T22:00:08Z,1969,11,1,PT8M58S,https://youtube.com/watch?v=4W3uqEXJaXI,False,False,False,False,False
42,2026 Goodyear 400,2026-03-22,oVDp3U__NG4,Denny Hamlin EXPLODES! Shocking NASCAR Penalty Rocks Darlington 2026 🚨🔥,NASCAR Unleashed,2026-03-23T16:01:20Z,94,0,0,PT5M2S,https://youtube.com/watch?v=oVDp3U__NG4,True,False,False,False,False
42,2026 Goodyear 400,2026-03-22,Kb1sA4fPO20,Denny Hamlin LOSES IT Over SHOCKING NASCAR Penalty,Tennis Storm,2026-04-04T15:01:44Z,9,0,0,PT10M32S,https://youtube.com/watch?v=Kb1sA4fPO20,True,False,False,False,False
42,2026 Goodyear 400,2026-03-22,lrshEeutk9M,NASCAR CUP SERIES 2026 DARLINGTON 400 4 OF 11 #MOTORSPORTS #NASCAR ,🏁🏆Randall Harrell Racing RC channel and more,2026-03-23T04:49:34Z,14,0,0,PT5M29S,https://youtube.com/watch?v=lrshEeutk9M,False,False,False,False,False
42,2026 Goodyear 400,2026-03-22,s7AR_q6OqLg,"Tyler Reddick, Michael Jordan, Brad Keselowski &amp; more Post-Race Interviews after Goodyear 400 🏁",NASCAR on FOX,2026-03-22T23:39:19Z,62512,707,92,PT9M10S,https://youtube.com/watch?v=s7AR_q6OqLg,False,False,False,True,False
42,2026 Goodyear 400,2026-03-22,HdXfZOgTtjY,NASCAR Radioactive | 2026 Darlington Raceway,NASCAR,2026-03-24T21:00:31Z,76730,1624,140,PT7M33S,https://youtube.com/watch?v=HdXfZOgTtjY,False,False,False,False,False
42,2026 Goodyear 400,2026-03-22,HZ3keYKL3T4,Winners and Losers of the NASCAR Goodyear 400,Motorsport Reports,2026-03-24T17:00:22Z,19,2,0,PT4M33S,https://youtube.com/watch?v=HZ3keYKL3T4,False,False,False,False,False
42,2026 Goodyear 400,2026-03-22,ofVXdQ_dOv4,Kyle Larson REPLACES TOP DRIVER After SHOCKING NASCAR REVEAL!,NASCAR Race News,2026-03-22T16:59:22Z,88,0,0,PT11M42S,https://youtube.com/watch?v=ofVXdQ_dOv4,False,False,False,False,False
42,2026 Goodyear 400,2026-03-22,s7AR_q6OqLg,"Tyler Reddick, Michael Jordan, Brad Keselowski &amp; more Post-Race Interviews after Goodyear 400 🏁",NASCAR on FOX,2026-03-22T23:39:19Z,62512,707,92,PT9M10S,https://youtube.com/watch?v=s7AR_q6OqLg,False,False,False,True,False
42,2026 Goodyear 400,2026-03-22,lrshEeutk9M,NASCAR CUP SERIES 2026 DARLINGTON 400 4 OF 11 #MOTORSPORTS #NASCAR ,🏁🏆Randall Harrell Racing RC channel and more,2026-03-23T04:49:34Z,14,0,0,PT5M29S,https://youtube.com/watch?v=lrshEeutk9M,False,False,False,False,False
42,2026 Goodyear 400,2026-03-22,vUprt6v8TGU,NASCAR RaceDay | 2026 Goodyear 400 at Darlington Preview,JettMDK,2026-03-22T17:13:15Z,9057,121,20,PT14M15S,https://youtube.com/watch?v=vUprt6v8TGU,False,False,False,False,False
42,2026 Goodyear 400,2026-03-22,jCKWQB_gids,NASCAR Cup Series: Goodyear 400 Highlights | NASCAR on FOX,NASCAR on FOX,2024-05-12T23:28:08Z,71929,1301,111,PT10M14S,https://youtube.com/watch?v=jCKWQB_gids,False,False,False,False,False
42,2026 Goodyear 400,2026-03-22,I0jwKvjr7ZE,IT&#39;S OFFICIAL! NASCAR REFUSES to Give Teams Extra Tires at Darlington — Brake Failures INCOMING!,NascarDale,2026-04-02T16:00:21Z,0,0,0,PT14M23S,https://youtube.com/watch?v=I0jwKvjr7ZE,False,False,False,False,False
42,2026 Goodyear 400,2026-03-22,28qQdCt1ei0,Daniel Suárez GOES OFF on Ross Chastain After WILD Vegas Finish!,NASCAR NewsLine,2026-03-16T17:12:57Z,5008,26,3,PT8M15S,https://youtube.com/watch?v=28qQdCt1ei0,False,False,False,False,True
42,2026 Goodyear 400,2026-03-22,Abbu-QArkfg,NASCAR CUP SERIES DARLINGTON 400 1 OF 11 PRE-RACE #MOTORSPORTS #NASCAR ,🏁🏆Randall Harrell Racing RC channel and more,2026-03-23T04:25:18Z,21,0,0,PT5M40S,https://youtube.com/watch?v=Abbu-QArkfg,False,False,False,False,False
42,2026 Goodyear 400,2026-03-22,KoxTFXIElok,Hamlin is not done yet | Chastain vs Suarez | Throwback weekend,Jo'Siah Dowell,2026-03-22T18:13:51Z,21,1,0,PT8M54S,https://youtube.com/watch?v=KoxTFXIElok,True,False,False,False,True
42,2026 Goodyear 400,2026-03-22,Oph6_Dg38-Q,Did Darlington Live Up to the Hype? Freddie Kraft Calls It a Letdown,LOL Viral Studio,2026-03-25T05:40:49Z,0,0,0,PT7M59S,https://youtube.com/watch?v=Oph6_Dg38-Q,False,False,False,False,False
42,2026 Goodyear 400,2026-03-22,_z3_q4IZUGM,Drivers rank the best Darlington throwback paint schemes | NASCAR,NASCAR,2023-05-10T23:00:16Z,72089,1407,105,PT5M10S,https://youtube.com/watch?v=_z3_q4IZUGM,False,False,False,False,False
42,2026 Goodyear 400,2026-03-22,s7AR_q6OqLg,"Tyler Reddick, Michael Jordan, Brad Keselowski &amp; more Post-Race Interviews after Goodyear 400 🏁",NASCAR on FOX,2026-03-22T23:39:19Z,62512,707,92,PT9M10S,https://youtube.com/watch?v=s7AR_q6OqLg,False,False,False,True,False
42,2026 Goodyear 400,2026-03-22,MCUElCauuFY,Brad Keselowski Wins Stage 2 - 2026 NASCAR Cup Series Goodyear 400 at Darlington Raceway,Big Willy at the Track ,2026-03-25T13:00:43Z,55,0,0,PT7M2S,https://youtube.com/watch?v=MCUElCauuFY,False,False,False,True,False
42,2026 Goodyear 400,2026-03-22,HgPxcfGGwrE,Brad Keselowski Wins Stage 1 - 2026 NASCAR Cup Series Goodyear 400 at Darlington Raceway,Big Willy at the Track ,2026-05-05T04:00:18Z,36,2,0,PT14M15S,https://youtube.com/watch?v=HgPxcfGGwrE,False,False,False,True,False
42,2026 Goodyear 400,2026-03-22,RFg-vGTTmO8,2026 NASCAR Goodyear 400 Race Reactions,Busch Brothers Fan,2026-03-23T21:45:02Z,44,0,0,PT16M36S,https://youtube.com/watch?v=RFg-vGTTmO8,False,False,False,False,False
42,2026 Goodyear 400,2026-03-22,FOB9iSjzB20,NASCAR Cup Series: Goodyear 400,TSN,2026-03-23T00:15:25Z,1342,28,2,PT13M51S,https://youtube.com/watch?v=FOB9iSjzB20,False,False,False,False,False
42,2026 Goodyear 400,2026-03-22,lqOu-MC2dS0,Brad Keselowski LASHES OUT at Tylor Reddick for &#39;CHEATING&#39; post Darlington WIN! NASCAR 2026 Fallout,NASCAR Central,2026-03-23T17:07:15Z,8744,109,89,PT9M6S,https://youtube.com/watch?v=lqOu-MC2dS0,False,False,False,True,False
42,2026 Goodyear 400,2026-03-22,36PknKsrqlw,2026 NASCAR Cup Series Goodyear 400 at Darlington - Part 2 (Go Pro POV),Big Willy at the Track ,2026-04-24T04:00:04Z,116,2,0,PT19M51S,https://youtube.com/watch?v=36PknKsrqlw,False,False,False,False,False
42,2026 Goodyear 400,2026-03-22,mHRUSDKDLi0,Part 3 2026 NASCAR GoodYear 400 From Darlington Raceway,CSX Main Line production,2026-03-23T01:00:06Z,130,1,0,PT4M47S,https://youtube.com/watch?v=mHRUSDKDLi0,False,False,False,False,False
42,2026 Goodyear 400,2026-03-22,arBiQt8A59w,What Drivers Said After Darlington Raceway | 2026 NASCAR Cup Series,NASCAR,2026-03-22T22:46:11Z,34229,668,81,PT4M7S,https://youtube.com/watch?v=arBiQt8A59w,False,False,False,False,False
42,2026 Goodyear 400,2026-03-22,HdXfZOgTtjY,NASCAR Radioactive | 2026 Darlington Raceway,NASCAR,2026-03-24T21:00:31Z,76730,1624,140,PT7M33S,https://youtube.com/watch?v=HdXfZOgTtjY,False,False,False,False,False
43,2026 Cook Out 400,2026-03-29,GTRGX7cIBSY,Alex Bowman Slammed in Brutal Wreck After Shane Van Gisbergen Meltdown!,Revived Wheels,2026-04-15T20:03:00Z,314,4,0,PT9M,https://youtube.com/watch?v=GTRGX7cIBSY,False,False,False,False,False
43,2026 Cook Out 400,2026-03-29,lCE4O8nHMys,Austin Hill Wins Stage 2 - 2026 NASCAR O’Reilly Auto Parts Series NFPA 250 at Martinsville,Big Willy at the Track ,2026-05-10T19:00:43Z,942,6,0,PT6M22S,https://youtube.com/watch?v=lCE4O8nHMys,False,False,False,False,False
43,2026 Cook Out 400,2026-03-29,kE3l8HgxoZU,Massive Crash Ends SVG &amp; Others&#39; Day at Naval Base Coronado | 2026 NASCAR Cup Series,NASCAR,2026-06-22T00:25:33Z,76700,874,205,PT5M44S,https://youtube.com/watch?v=kE3l8HgxoZU,False,False,False,False,False
43,2026 Cook Out 400,2026-03-29,tZHbVBdv1bM,NASCAR in PANIC! Shane van Gisbergen LASHES OUT at Austin Hill After BIG ONE Involving 11 Cars,NASCAR Nation Report,2026-06-22T01:10:05Z,4856,131,21,PT9M59S,https://youtube.com/watch?v=tZHbVBdv1bM,False,False,False,False,False
43,2026 Cook Out 400,2026-03-29,1K1UDzjzKvU,SVG IN THE MIDDLE OF CHAOS! | COTA | 2026 NASCAR O&#39;Reilly Auto Parts Series (REACTION),Bklyn_reau,2026-03-01T02:39:05Z,4495,163,28,PT13M39S,https://youtube.com/watch?v=1K1UDzjzKvU,False,False,False,False,False
43,2026 Cook Out 400,2026-03-29,uCquDxaMje8,URGENT: NASCAR Just Changed Martinsville Race — Nobody Saw This Coming!,NASCAR REPORT,2026-03-29T17:23:39Z,1001,16,0,PT6M46S,https://youtube.com/watch?v=uCquDxaMje8,False,False,False,False,False
43,2026 Cook Out 400,2026-03-29,uHG_3BLL90E,NASCAR in CHAOS! SVG Turns on This Driver As Cheating SCANDAL ERUPTS!,NASCAR Overdrive,2026-06-26T18:43:17Z,482,3,1,PT12M56S,https://youtube.com/watch?v=uHG_3BLL90E,False,False,False,False,False
43,2026 Cook Out 400,2026-03-29,Ad3X1h5I5Sw,Tearful Daniel Suárez Honors Kyle Busch in Coca-Cola 600 Win | 2026 NASCAR Cup Series,NASCAR,2026-05-25T04:01:18Z,165343,2884,316,PT4M15S,https://youtube.com/watch?v=Ad3X1h5I5Sw,False,True,False,False,False
43,2026 Cook Out 400,2026-03-29,mizYg535w0I,NASCAR Cup Series Practice Martinsville 2026 @NASCAR ,nascar bastion,2026-03-28T18:43:40Z,66,0,0,PT8M1S,https://youtube.com/watch?v=mizYg535w0I,False,False,False,False,False
43,2026 Cook Out 400,2026-03-29,ybtIBoP80Mw,Remembering Kyle Busch | Full Pre-Race Tribute,NASCAR,2026-05-24T23:00:58Z,777877,14216,1287,PT7M19S,https://youtube.com/watch?v=ybtIBoP80Mw,False,True,False,False,False
43,2026 Cook Out 400,2026-03-29,NlgGQMBf9fk,🚨 YOU WON’T BELIEVE WHAT NASCAR JUST DID BEFORE MARTINSVILLE… THIS CHANGES EVERYTHING!,NASCAR Insider Hub,2026-03-29T15:41:00Z,192,1,0,PT8M17S,https://youtube.com/watch?v=NlgGQMBf9fk,False,False,False,False,False
43,2026 Cook Out 400,2026-03-29,HL-625NEBA0,FINAL LAPS: Chase Elliott battles Denny Hamlin to win at Cook Out 400 🏁 NASCAR on FOX,NASCAR on FOX,2026-03-29T22:45:46Z,78287,576,70,PT8M9S,https://youtube.com/watch?v=HL-625NEBA0,True,False,False,False,False
43,2026 Cook Out 400,2026-03-29,qI-J2L4WL1o,NASCAR Cook Out 400: Chase Elliott STEALS Win From Denny Hamlin!,NASCAR Apex Report,2026-03-30T20:00:00Z,45,0,0,PT10M,https://youtube.com/watch?v=qI-J2L4WL1o,True,False,False,False,False
43,2026 Cook Out 400,2026-03-29,C7x8sOMkyL8,Cook Out 400 at Martinsville Speedway | NASCAR Official Extended Highlights,NASCAR,2025-03-30T23:04:06Z,157308,2131,89,PT16M36S,https://youtube.com/watch?v=C7x8sOMkyL8,False,False,False,False,False
43,2026 Cook Out 400,2026-03-29,aQR5HLSPOfk,2026 Cook Out Clash at Bowman Gray | NASCAR Cup Series Extended Highlights,NASCAR,2026-02-05T04:48:04Z,326113,5048,643,PT17M4S,https://youtube.com/watch?v=aQR5HLSPOfk,False,False,False,False,False
43,2026 Cook Out 400,2026-03-29,t_ff3hDZ6Yc,2026 Cook Out 400 Entry List!,Tylerdigger2026 Productions,2026-03-25T18:38:44Z,48,1,0,PT5M37S,https://youtube.com/watch?v=t_ff3hDZ6Yc,False,False,False,False,False
43,2026 Cook Out 400,2026-03-29,ellq3IqisaQ,INSANE Finish at Martinsville! | 2026 NASCAR Cup Series Highlights,Naccar World,2026-04-13T07:24:34Z,5,0,0,PT7M20S,https://youtube.com/watch?v=ellq3IqisaQ,False,False,False,False,False
43,2026 Cook Out 400,2026-03-29,c_wY4Xsc2PQ,Road to 76: A Denny Hamlin Journey: Episode 1,Frank Zajic,2026-06-15T21:10:01Z,6,1,0,PT4M43S,https://youtube.com/watch?v=c_wY4Xsc2PQ,True,False,False,False,False
43,2026 Cook Out 400,2026-03-29,U26rkP7LWSA,NASCAR Cup Series 2026: Martinsville Speedway | EXTENDED HIGHLIGHTS | Motorsports on NBC,Motorsports on NBC,2026-03-30T01:29:18Z,52179,892,68,PT15M13S,https://youtube.com/watch?v=U26rkP7LWSA,False,False,False,False,False
43,2026 Cook Out 400,2026-03-29,ITfwWykyJOU,Elliott Spoils Hamlin&#39;s Day - Martinsville Cook Out 400 [NASCAR Review],Motorsport Reports,2026-03-30T11:40:11Z,14,2,0,PT6M13S,https://youtube.com/watch?v=ITfwWykyJOU,True,False,False,False,False
43,2026 Cook Out 400,2026-03-29,xcte3HNvck8,Road to 76: A Denny Hamlin Journey Episode 2,Frank Zajic,2026-06-22T12:02:30Z,3,0,0,PT4M3S,https://youtube.com/watch?v=xcte3HNvck8,True,False,False,False,False
43,2026 Cook Out 400,2026-03-29,C7x8sOMkyL8,Cook Out 400 at Martinsville Speedway | NASCAR Official Extended Highlights,NASCAR,2025-03-30T23:04:06Z,157308,2131,89,PT16M36S,https://youtube.com/watch?v=C7x8sOMkyL8,False,False,False,False,False
43,2026 Cook Out 400,2026-03-29,HL-625NEBA0,FINAL LAPS: Chase Elliott battles Denny Hamlin to win at Cook Out 400 🏁 NASCAR on FOX,NASCAR on FOX,2026-03-29T22:45:46Z,78287,576,70,PT8M9S,https://youtube.com/watch?v=HL-625NEBA0,True,False,False,False,False
43,2026 Cook Out 400,2026-03-29,jZTFZ4huiLM,NASCAR Radioactive | 2026 Martinsville Speedway,NASCAR,2026-03-31T21:00:29Z,72791,1724,150,PT7M32S,https://youtube.com/watch?v=jZTFZ4huiLM,False,False,False,False,False
43,2026 Cook Out 400,2026-03-29,qI-J2L4WL1o,NASCAR Cook Out 400: Chase Elliott STEALS Win From Denny Hamlin!,NASCAR Apex Report,2026-03-30T20:00:00Z,45,0,0,PT10M,https://youtube.com/watch?v=qI-J2L4WL1o,True,False,False,False,False
43,2026 Cook Out 400,2026-03-29,GblJ6wkmjU4,2026 FOOD CITY 500 5 OF 10 #MOTORSPORTS #NASCAR ,🏁🏆Randall Harrell Racing RC channel and more,2026-04-13T05:49:16Z,0,0,0,PT7M2S,https://youtube.com/watch?v=GblJ6wkmjU4,False,False,False,False,False
43,2026 Cook Out 400,2026-03-29,9TD3Uk3xA-o,BREAKING: Ross Chastain Replacement LEAKED After INSANE NASCAR Twist!, NASCAR Report Today,2026-04-01T17:39:26Z,61,1,0,PT5M38S,https://youtube.com/watch?v=9TD3Uk3xA-o,False,False,False,False,True
43,2026 Cook Out 400,2026-03-29,HdZVVsC6_tg,Cook Out Clash from Bowman Gray Stadium | NASCAR Official Extended Highlights,NASCAR,2025-02-03T03:57:58Z,104568,1492,106,PT9M26S,https://youtube.com/watch?v=HdZVVsC6_tg,False,False,False,False,False
43,2026 Cook Out 400,2026-03-29,R8necZ188P8,🚨 Ross Chastain Substitute OFFICIAL Following SURPRISING NASCAR Revelation! WATCH NOW!,Gear Glance,2026-06-08T00:25:22Z,203,2,0,PT8M7S,https://youtube.com/watch?v=R8necZ188P8,False,False,False,False,True
43,2026 Cook Out 400,2026-03-29,TE7i4eHtu3Q,NASCAR’S SHOCKING Discovery: Why Ross Chastain Is Being Replaced,NASCAR Stories,2026-03-29T20:20:20Z,5,0,0,PT8M1S,https://youtube.com/watch?v=TE7i4eHtu3Q,False,False,False,False,True
43,2026 Cook Out 400,2026-03-29,U26rkP7LWSA,NASCAR Cup Series 2026: Martinsville Speedway | EXTENDED HIGHLIGHTS | Motorsports on NBC,Motorsports on NBC,2026-03-30T01:29:18Z,52179,892,68,PT15M13S,https://youtube.com/watch?v=U26rkP7LWSA,False,False,False,False,False
43,2026 Cook Out 400,2026-03-29,oPzyTx5bTRI,Start of Race - 2026 NASCAR Cup Series Cookout 400 at Martinsville Speedway,Big Willy at the Track ,2026-03-30T19:00:39Z,39,0,0,PT10M14S,https://youtube.com/watch?v=oPzyTx5bTRI,False,False,False,False,False
43,2026 Cook Out 400,2026-03-29,qfZa3Uwt82w,Brad Keselowski Spin - 2026 NASCAR Cup Series Food City 500 at Bristol,Big Willy at the Track ,2026-04-13T19:00:47Z,126,0,2,PT7M19S,https://youtube.com/watch?v=qfZa3Uwt82w,False,False,False,True,False
43,2026 Cook Out 400,2026-03-29,C7x8sOMkyL8,Cook Out 400 at Martinsville Speedway | NASCAR Official Extended Highlights,NASCAR,2025-03-30T23:04:06Z,157308,2131,89,PT16M36S,https://youtube.com/watch?v=C7x8sOMkyL8,False,False,False,False,False
43,2026 Cook Out 400,2026-03-29,36PknKsrqlw,2026 NASCAR Cup Series Goodyear 400 at Darlington - Part 2 (Go Pro POV),Big Willy at the Track ,2026-04-24T04:00:04Z,116,2,0,PT19M51S,https://youtube.com/watch?v=36PknKsrqlw,False,False,False,False,False
43,2026 Cook Out 400,2026-03-29,jZTFZ4huiLM,NASCAR Radioactive | 2026 Martinsville Speedway,NASCAR,2026-03-31T21:00:29Z,72791,1724,150,PT7M32S,https://youtube.com/watch?v=jZTFZ4huiLM,False,False,False,False,False
43,2026 Cook Out 400,2026-03-29,F0nh5xlBXHg,Final Minutes of 2026 NASCAR Cup Series Food City 500 Practice at Bristol ,Big Willy at the Track ,2026-04-19T19:00:12Z,98,0,0,PT8M3S,https://youtube.com/watch?v=F0nh5xlBXHg,False,False,False,False,False
43,2026 Cook Out 400,2026-03-29,GblJ6wkmjU4,2026 FOOD CITY 500 5 OF 10 #MOTORSPORTS #NASCAR ,🏁🏆Randall Harrell Racing RC channel and more,2026-04-13T05:49:16Z,0,0,0,PT7M2S,https://youtube.com/watch?v=GblJ6wkmjU4,False,False,False,False,False
43,2026 Cook Out 400,2026-03-29,IaiSLltSBMo,2026 FOOD CITY 500 2 OF 12 #MOTORSPORTS #NASCAR ,🏁🏆Randall Harrell Racing RC channel and more,2026-04-13T05:45:56Z,0,0,0,PT5M57S,https://youtube.com/watch?v=IaiSLltSBMo,False,False,False,False,False
43,2026 Cook Out 400,2026-03-29,U26rkP7LWSA,NASCAR Cup Series 2026: Martinsville Speedway | EXTENDED HIGHLIGHTS | Motorsports on NBC,Motorsports on NBC,2026-03-30T01:29:18Z,52179,892,68,PT15M13S,https://youtube.com/watch?v=U26rkP7LWSA,False,False,False,False,False
43,2026 Cook Out 400,2026-03-29,hZn11owe-RE,Brad Keselowski DROPS a MASSIVE Statement at Darlington!,NASCAR NewsLine,2026-03-24T20:53:34Z,771,14,1,PT8M5S,https://youtube.com/watch?v=hZn11owe-RE,False,False,False,True,False
45,2026 AdventHealth 400,2026-04-19,VTBqA77xDE4,Kansas Final Laps ERUPT in Overtime | 2026 NASCAR Cup Series,NASCAR,2026-04-19T21:21:04Z,135300,1399,404,PT5M56S,https://youtube.com/watch?v=VTBqA77xDE4,False,False,False,False,False
45,2026 AdventHealth 400,2026-04-19,iMaQ090lZ3k,2026 NASCAR Cup Series AdventHealth 400 at Kansas Finish Reaction ,ChaseFan No. 9,2026-04-22T01:00:00Z,65,2,0,PT4M27S,https://youtube.com/watch?v=iMaQ090lZ3k,False,False,False,False,False
45,2026 AdventHealth 400,2026-04-19,SPCVcH7yd9M,Nascar Kansas races review ,Frank Zajic,2026-04-21T01:30:25Z,11,0,0,PT13M33S,https://youtube.com/watch?v=SPCVcH7yd9M,False,False,False,False,False
45,2026 AdventHealth 400,2026-04-19,J6WPV2Z9OkU,2023 NASCAR on FOX perfectly cut screams,48Nation,2023-06-15T01:00:11Z,5194,89,12,PT8M51S,https://youtube.com/watch?v=J6WPV2Z9OkU,False,False,False,False,False
45,2026 AdventHealth 400,2026-04-19,QKZOxDRJjQY,2023 Hollywood Casino 400 Race Picks,Daniel Kriete,2023-09-07T12:53:33Z,299,8,10,PT10M46S,https://youtube.com/watch?v=QKZOxDRJjQY,False,False,False,False,False
45,2026 AdventHealth 400,2026-04-19,wzbRzXYXPP8,"NASCAR Cup Series 2026: AdventHealth 400, Kansas Speedway | EXTENDED HIGHLIGHTS | Motorsports on NBC",Motorsports on NBC,2026-04-19T22:25:55Z,59433,995,54,PT15M10S,https://youtube.com/watch?v=wzbRzXYXPP8,False,False,False,False,False
45,2026 AdventHealth 400,2026-04-19,YoLQy_SIckM,2026 NASCAR Cup Series AdventHealth 400 at Kansas Reaction. HAMLIN’S PAIN IS REDDICK’S GAIN!,FireBall Hamlin,2026-04-19T22:11:34Z,1156,48,39,PT8M40S,https://youtube.com/watch?v=YoLQy_SIckM,True,False,False,False,False
45,2026 AdventHealth 400,2026-04-19,Jzdc95oZ7Eg,23XI Racing CHEATING Scandal EXPLODES as NASCAR Descends Into CHAOS!,NASCAR Racing Report,2026-04-21T14:44:00Z,29905,369,135,PT8M51S,https://youtube.com/watch?v=Jzdc95oZ7Eg,False,False,False,False,False
45,2026 AdventHealth 400,2026-04-19,PeZIbEVHvZA,Reddick &amp; Michael Jordan React to Kansas Thriller | 2026 NASCAR Cup Series,NASCAR,2026-04-19T21:29:26Z,49458,863,168,PT6M55S,https://youtube.com/watch?v=PeZIbEVHvZA,False,False,False,False,False
45,2026 AdventHealth 400,2026-04-19,tYv-qb_r2OA,Denny Hamlin CALLS OUT the ENTIRE NASCAR Field!,Nascar Speedzone,2026-04-16T16:00:00Z,172,6,0,PT8M7S,https://youtube.com/watch?v=tYv-qb_r2OA,True,False,False,False,False
45,2026 AdventHealth 400,2026-04-19,hFBjkb_TjVQ,Dramatic Final Laps Decide the Daytona 500 | 2026 NASCAR Cup Series,NASCAR,2026-02-15T23:17:43Z,605656,5251,506,PT5M35S,https://youtube.com/watch?v=hFBjkb_TjVQ,False,False,False,False,False
45,2026 AdventHealth 400,2026-04-19,2pOaYu2XIIU,NASCAR Is Becoming a Two-Lap Lottery — Denny Hamlin Proves It,Car Exposed,2026-04-21T23:00:03Z,111,0,1,PT9M34S,https://youtube.com/watch?v=2pOaYu2XIIU,True,False,False,False,False
45,2026 AdventHealth 400,2026-04-19,-uxgnWeOykw,"Tyler Reddick, Michael Jordan &amp; more interviews after the AdventHealth 400 🏁 NASCAR ON FOX",NASCAR on FOX,2026-04-19T21:47:56Z,19518,217,24,PT5M18S,https://youtube.com/watch?v=-uxgnWeOykw,False,False,False,False,False
45,2026 AdventHealth 400,2026-04-19,YIJwjMaXLdI,2026 AdventHealth 400 Breakdown,Retro Motor Vibes - Andrew Kim,2026-04-20T00:45:02Z,2,1,0,PT6M11S,https://youtube.com/watch?v=YIJwjMaXLdI,False,False,False,False,False
45,2026 AdventHealth 400,2026-04-19,VTBqA77xDE4,Kansas Final Laps ERUPT in Overtime | 2026 NASCAR Cup Series,NASCAR,2026-04-19T21:21:04Z,135299,1399,404,PT5M56S,https://youtube.com/watch?v=VTBqA77xDE4,False,False,False,False,False
45,2026 AdventHealth 400,2026-04-19,wzbRzXYXPP8,"NASCAR Cup Series 2026: AdventHealth 400, Kansas Speedway | EXTENDED HIGHLIGHTS | Motorsports on NBC",Motorsports on NBC,2026-04-19T22:25:55Z,59433,995,54,PT15M10S,https://youtube.com/watch?v=wzbRzXYXPP8,False,False,False,False,False
45,2026 AdventHealth 400,2026-04-19,bqVFkXz20ck,NASCAR Cup Series 2026: Bristol Motor Speedway | EXTENDED HIGHLIGHTS | Motorsports on NBC,Motorsports on NBC,2026-04-12T23:23:30Z,54426,978,57,PT15M12S,https://youtube.com/watch?v=bqVFkXz20ck,False,False,False,False,False
45,2026 AdventHealth 400,2026-04-19,hFBjkb_TjVQ,Dramatic Final Laps Decide the Daytona 500 | 2026 NASCAR Cup Series,NASCAR,2026-02-15T23:17:43Z,605661,5251,506,PT5M35S,https://youtube.com/watch?v=hFBjkb_TjVQ,False,False,False,False,False
45,2026 AdventHealth 400,2026-04-19,LO8y00c39n8,Ross Chastain vs. Noah Gragson: Who&#39;s at fault for post-race fight at Kansas? | NASCAR Race Hub,NASCAR on FOX,2023-05-08T23:02:15Z,57111,783,339,PT8M15S,https://youtube.com/watch?v=LO8y00c39n8,False,False,False,False,True
45,2026 AdventHealth 400,2026-04-19,ERtpnw-5BR8,Radioactive: Adventhealth 400 at Kansas | NASCAR on FOX,NASCAR on FOX,2024-05-08T20:02:31Z,8839,218,17,PT5M12S,https://youtube.com/watch?v=ERtpnw-5BR8,False,False,False,False,False
45,2026 AdventHealth 400,2026-04-19,7ypNpZg8Qs0,NASCAR CUP SERIES RACE AT KANSAS 3 OF 12 #MOTORSPORTS #NASCAR ,🏁🏆Randall Harrell Racing RC channel and more,2026-04-20T03:19:40Z,0,0,0,PT5M48S,https://youtube.com/watch?v=7ypNpZg8Qs0,False,False,False,False,False
45,2026 AdventHealth 400,2026-04-19,kqSa6teNT1Q,2024 Daytona 500 Highlights | NASCAR on FOX,NASCAR on FOX,2024-02-20T01:46:52Z,2467098,28445,1692,PT10M12S,https://youtube.com/watch?v=kqSa6teNT1Q,False,False,False,False,False
45,2026 AdventHealth 400,2026-04-19,_z3_q4IZUGM,Drivers rank the best Darlington throwback paint schemes | NASCAR,NASCAR,2023-05-10T23:00:16Z,72089,1407,105,PT5M10S,https://youtube.com/watch?v=_z3_q4IZUGM,False,False,False,False,False
45,2026 AdventHealth 400,2026-04-19,uRLYS9xA8Ak,Top 5 Candidates For Project 91 Seat In 2023,NRGMobile48,2022-07-06T22:19:00Z,97,4,0,PT12M24S,https://youtube.com/watch?v=uRLYS9xA8Ak,False,False,False,False,False
45,2026 AdventHealth 400,2026-04-19,wzbRzXYXPP8,"NASCAR Cup Series 2026: AdventHealth 400, Kansas Speedway | EXTENDED HIGHLIGHTS | Motorsports on NBC",Motorsports on NBC,2026-04-19T22:25:55Z,59433,995,54,PT15M10S,https://youtube.com/watch?v=wzbRzXYXPP8,False,False,False,False,False
45,2026 AdventHealth 400,2026-04-19,NHAHAeS7aNs,2026 NASCAR Cup Series AdventHealth 400 @ Kansas Race Reactions,H Gamerboy815,2026-04-20T01:30:18Z,110,5,3,PT9M23S,https://youtube.com/watch?v=NHAHAeS7aNs,False,False,False,False,False
45,2026 AdventHealth 400,2026-04-19,aRszqfykSJ4,NASCAR 2026: AdventHealth 400 Reactions,GodzillaGaming111,2026-04-20T20:00:01Z,643,44,16,PT10M31S,https://youtube.com/watch?v=aRszqfykSJ4,False,False,False,False,False
45,2026 AdventHealth 400,2026-04-19,Jzdc95oZ7Eg,23XI Racing CHEATING Scandal EXPLODES as NASCAR Descends Into CHAOS!,NASCAR Racing Report,2026-04-21T14:44:00Z,29905,369,135,PT8M51S,https://youtube.com/watch?v=Jzdc95oZ7Eg,False,False,False,False,False
45,2026 AdventHealth 400,2026-04-19,TLrdPWKjSnA,NASCAR Cup Series: AdventHealth 400 Highlights | NASCAR on FOX,NASCAR on FOX,2025-05-11T22:27:28Z,124456,2139,296,PT10M,https://youtube.com/watch?v=TLrdPWKjSnA,False,False,False,False,False
45,2026 AdventHealth 400,2026-04-19,hFBjkb_TjVQ,Dramatic Final Laps Decide the Daytona 500 | 2026 NASCAR Cup Series,NASCAR,2026-02-15T23:17:43Z,605653,5251,506,PT5M35S,https://youtube.com/watch?v=hFBjkb_TjVQ,False,False,False,False,False
45,2026 AdventHealth 400,2026-04-19,bqVFkXz20ck,NASCAR Cup Series 2026: Bristol Motor Speedway | EXTENDED HIGHLIGHTS | Motorsports on NBC,Motorsports on NBC,2026-04-12T23:23:30Z,54426,978,57,PT15M12S,https://youtube.com/watch?v=bqVFkXz20ck,False,False,False,False,False
45,2026 AdventHealth 400,2026-04-19,Jy_N2CZlg8M,"NASCAR Cup Series 2026: Autotrader 400, EchoPark Speedway | EXTENDED HIGHLIGHTS | Motorsports on NBC",Motorsports on NBC,2026-02-23T01:59:19Z,119621,1950,153,PT15M7S,https://youtube.com/watch?v=Jy_N2CZlg8M,False,False,False,False,False
45,2026 AdventHealth 400,2026-04-19,9IC2VYwKd5Y,NASCAR RaceDay | 2026 AdventHealth 400 at Kansas Preview,JettMDK,2026-04-19T17:28:17Z,3699,71,17,PT11M17S,https://youtube.com/watch?v=9IC2VYwKd5Y,False,False,False,False,False
45,2026 AdventHealth 400,2026-04-19,-uxgnWeOykw,"Tyler Reddick, Michael Jordan &amp; more interviews after the AdventHealth 400 🏁 NASCAR ON FOX",NASCAR on FOX,2026-04-19T21:47:56Z,19519,217,24,PT5M18S,https://youtube.com/watch?v=-uxgnWeOykw,False,False,False,False,False
46,2026 Jack Link's 500,2026-04-26,LQ2cUWuHzcM,ALL Angles of the 26-Car Crash at Talladega Superspeedway | 2026 NASCAR Cup Series,NASCAR,2026-04-26T23:24:11Z,138380,1204,183,PT8M39S,https://youtube.com/watch?v=LQ2cUWuHzcM,False,False,False,False,False
46,2026 Jack Link's 500,2026-04-26,esMJRrlfelc,Carson Hocevar Celebrates First Win with EPIC Burnout | 2026 NASCAR Cup Series,NASCAR,2026-04-26T23:22:19Z,201465,6576,647,PT7M40S,https://youtube.com/watch?v=esMJRrlfelc,False,False,False,False,False
46,2026 Jack Link's 500,2026-04-26,esXtfH8YGLM,2026 NASCAR Talladega Race Preview ,Calvin Fuller,2026-04-22T22:00:58Z,62,5,4,PT8M6S,https://youtube.com/watch?v=esXtfH8YGLM,False,False,False,False,False
46,2026 Jack Link's 500,2026-04-26,i5gK1HEV8Kg,Xfinity Series at Talladega Superspeedway | NASCAR Official Extended Highlights,NASCAR,2025-04-26T23:37:36Z,193732,2252,167,PT14M20S,https://youtube.com/watch?v=i5gK1HEV8Kg,False,False,False,False,False
46,2026 Jack Link's 500,2026-04-26,VRf7tYs72xY,2026 NASCAR O’Reilly Auto Parts Series Ag-Pro 300 at Talladega Finish Reaction,ChaseFan No. 9,2026-05-01T07:00:00Z,46,2,0,PT7M38S,https://youtube.com/watch?v=VRf7tYs72xY,False,False,False,False,False
46,2026 Jack Link's 500,2026-04-26,dAPRKFaL7U8,Talladega&#39;s Final Laps Ends in Chaotic Finish | 2026 NASCAR ARCA Menards Series,NASCAR,2026-04-25T19:41:05Z,986656,13470,1441,PT5M59S,https://youtube.com/watch?v=dAPRKFaL7U8,False,False,False,False,False
46,2026 Jack Link's 500,2026-04-26,GbbJjixPfGc,2026 Cup Series Drivers Biggest Crash (3/3),No Cheddar’s on Monday,2025-12-15T02:34:18Z,3747,73,11,PT15M14S,https://youtube.com/watch?v=GbbJjixPfGc,False,False,False,False,False
46,2026 Jack Link's 500,2026-04-26,Bs9m327PZYI,NASCAR O&#39;REILLY SERIES RACE AT TALLADEGA 3 OF 6 #MOTORSPORTS #NASCAR ,🏁🏆Randall Harrell Racing RC channel and more,2026-05-03T03:55:38Z,4,0,0,PT6M55S,https://youtube.com/watch?v=Bs9m327PZYI,False,False,False,False,False
46,2026 Jack Link's 500,2026-04-26,OOfy2uCAi0w,5 OF 10 NASCAR CUP SERIES RACE AT POCONO #MOTORSPORTS #NASCAR ,🏁🏆Randall Harrell Racing RC channel and more,2026-06-14T22:18:24Z,1,0,0,PT6M22S,https://youtube.com/watch?v=OOfy2uCAi0w,False,False,False,False,False
46,2026 Jack Link's 500,2026-04-26,Jx4TM45Thbw,NASCAR O&#39;REILLY AUTO PART SERIES AT ROCKINGHAM 4 OF 7 #MOTORSPORTS #NASCAR ,🏁🏆Randall Harrell Racing RC channel and more,2026-04-04T21:55:15Z,5,0,0,PT7M1S,https://youtube.com/watch?v=Jx4TM45Thbw,False,False,False,False,False
46,2026 Jack Link's 500,2026-04-26,Le3B400HbWk,Final Laps: First-Time Winner Crowned at Talladega  | 2026 NASCAR Cup Series,NASCAR,2026-04-26T23:11:44Z,127153,1329,193,PT4M37S,https://youtube.com/watch?v=Le3B400HbWk,False,False,False,False,False
46,2026 Jack Link's 500,2026-04-26,LQ2cUWuHzcM,ALL Angles of the 26-Car Crash at Talladega Superspeedway | 2026 NASCAR Cup Series,NASCAR,2026-04-26T23:24:11Z,138382,1204,183,PT8M39S,https://youtube.com/watch?v=LQ2cUWuHzcM,False,False,False,False,False
46,2026 Jack Link's 500,2026-04-26,1_Y3x5GfJ6c,ALL Angles of the 26 Car Crash at Talladega Superspeedway  2026 NASCAR Cup Series,Nascar Inside,2026-04-30T06:51:17Z,1129,13,6,PT8M39S,https://youtube.com/watch?v=1_Y3x5GfJ6c,False,False,False,False,False
46,2026 Jack Link's 500,2026-04-26,esMJRrlfelc,Carson Hocevar Celebrates First Win with EPIC Burnout | 2026 NASCAR Cup Series,NASCAR,2026-04-26T23:22:19Z,201464,6576,647,PT7M40S,https://youtube.com/watch?v=esMJRrlfelc,False,False,False,False,False
46,2026 Jack Link's 500,2026-04-26,mXrUhjATAbQ,NASCAR’s Craziest Finishes,GarrettKris,2026-05-23T05:10:37Z,64,2,0,PT9M6S,https://youtube.com/watch?v=mXrUhjATAbQ,False,False,False,False,False
46,2026 Jack Link's 500,2026-04-26,n0V1SY5nmdQ,2026 NASCAR Cup Series Food City 500 at Bristol Reaction. TY GIBBS FINALLY WINS!,FireBall Hamlin,2026-04-12T23:43:42Z,1059,39,13,PT11M10S,https://youtube.com/watch?v=n0V1SY5nmdQ,False,False,False,False,False
46,2026 Jack Link's 500,2026-04-26,GCyu-HR5L_k,Denny Hamlin JUST DROPPED a WILD Take on Hocevar’s Talladega Win!,Volt Piston,2026-04-30T15:00:24Z,417,4,3,PT7M7S,https://youtube.com/watch?v=GCyu-HR5L_k,True,False,False,False,False
46,2026 Jack Link's 500,2026-04-26,i63m1ZAOYnA,45 Reddick win on NASCAR cup series 2026,Hayden NASCAR and five nights at Freddy's ,2026-04-20T01:59:21Z,44,0,0,PT6M56S,https://youtube.com/watch?v=i63m1ZAOYnA,False,False,False,False,False
46,2026 Jack Link's 500,2026-04-26,Yw84km5ofMU,Denny Hamlin Said Something About Hocevar That Nobody Saw Coming — And It Changes Everything,Punchline Central,2026-04-29T12:14:01Z,530,1,0,PT5M28S,https://youtube.com/watch?v=Yw84km5ofMU,True,False,False,False,False
46,2026 Jack Link's 500,2026-04-26,JhBgwQqCnmg,Final Laps - Call by MRN ( 2026 Daytona 500 ),Speedy-Suarez 7,2026-02-18T02:03:16Z,2198,64,7,PT18M19S,https://youtube.com/watch?v=JhBgwQqCnmg,False,False,False,False,False
46,2026 Jack Link's 500,2026-04-26,Er66JCQlgSY,NASCAR Radioactive | 2026 Talladega Superspeedway,NASCAR,2026-04-28T21:30:01Z,165506,2672,246,PT7M45S,https://youtube.com/watch?v=Er66JCQlgSY,False,False,False,False,False
46,2026 Jack Link's 500,2026-04-26,Le3B400HbWk,Final Laps: First-Time Winner Crowned at Talladega  | 2026 NASCAR Cup Series,NASCAR,2026-04-26T23:11:44Z,127153,1329,193,PT4M37S,https://youtube.com/watch?v=Le3B400HbWk,False,False,False,False,False
46,2026 Jack Link's 500,2026-04-26,LQ2cUWuHzcM,ALL Angles of the 26-Car Crash at Talladega Superspeedway | 2026 NASCAR Cup Series,NASCAR,2026-04-26T23:24:11Z,138382,1204,183,PT8M39S,https://youtube.com/watch?v=LQ2cUWuHzcM,False,False,False,False,False
46,2026 Jack Link's 500,2026-04-26,OiOBNNv2Hxc,NASCAR Cup Series 2025: Jack Link&#39;s 500 | EXTENDED HIGHLIGHTS | 4/27/25 | Motorsports on NBC,Motorsports on NBC,2025-04-27T23:32:23Z,148317,2415,143,PT14M40S,https://youtube.com/watch?v=OiOBNNv2Hxc,False,False,False,False,False
46,2026 Jack Link's 500,2026-04-26,tLa-tsiWZg0,Bubba Wallace BLAMES Ross Chastain for Talladega Wreck,SPORTSWIRE USA,2026-04-28T16:56:28Z,880,4,10,PT4M1S,https://youtube.com/watch?v=tLa-tsiWZg0,False,False,False,False,True
46,2026 Jack Link's 500,2026-04-26,wdFEasXCjnI,BUBBA WALLACE SNAPS After NASCAR’S SHOCK Talladega Penalty Over ‘Big One’ Chaos!,Throttle Nation,2026-04-29T06:01:21Z,5,0,0,PT7M31S,https://youtube.com/watch?v=wdFEasXCjnI,False,False,False,False,False
46,2026 Jack Link's 500,2026-04-26,GNUnKPZ2bLM,Bubba Wallace SUSPENDED?! NASCAR Goes TOO FAR!,Oval Dispatch ,2026-06-09T16:14:17Z,407,6,1,PT12M38S,https://youtube.com/watch?v=GNUnKPZ2bLM,False,False,False,False,False
46,2026 Jack Link's 500,2026-04-26,0rT9TGikmZk,Bubba Wallace HUGE Talladega Crash EXPLAINED! 26-Car Big One Sparks NASCAR Fan War,NASCAR Unleashed,2026-05-14T16:00:04Z,47,0,0,PT5M2S,https://youtube.com/watch?v=0rT9TGikmZk,False,False,False,False,False
46,2026 Jack Link's 500,2026-04-26,ObPmiHLtVqA,26-Car WRECK at Talladega Changes EVERYTHING,SPORTSWIRE USA,2026-04-27T18:21:20Z,915,2,6,PT4M31S,https://youtube.com/watch?v=ObPmiHLtVqA,False,False,False,False,False
46,2026 Jack Link's 500,2026-04-26,dAPRKFaL7U8,Talladega&#39;s Final Laps Ends in Chaotic Finish | 2026 NASCAR ARCA Menards Series,NASCAR,2026-04-25T19:41:05Z,986656,13470,1441,PT5M59S,https://youtube.com/watch?v=dAPRKFaL7U8,False,False,False,False,False
46,2026 Jack Link's 500,2026-04-26,5fNxbZGmdMs,"NASCAR Cup Series 2026: Jack Link&#39;s 500, Talladega Superspeedway | HIGHLIGHTS | Motorsports on NBC",Motorsports on NBC,2026-04-27T00:20:50Z,26668,499,42,PT15M16S,https://youtube.com/watch?v=5fNxbZGmdMs,False,False,False,False,False
46,2026 Jack Link's 500,2026-04-26,Le3B400HbWk,Final Laps: First-Time Winner Crowned at Talladega  | 2026 NASCAR Cup Series,NASCAR,2026-04-26T23:11:44Z,127153,1329,193,PT4M37S,https://youtube.com/watch?v=Le3B400HbWk,False,False,False,False,False
46,2026 Jack Link's 500,2026-04-26,Er66JCQlgSY,NASCAR Radioactive | 2026 Talladega Superspeedway,NASCAR,2026-04-28T21:30:01Z,165506,2672,246,PT7M45S,https://youtube.com/watch?v=Er66JCQlgSY,False,False,False,False,False
46,2026 Jack Link's 500,2026-04-26,LQ2cUWuHzcM,ALL Angles of the 26-Car Crash at Talladega Superspeedway | 2026 NASCAR Cup Series,NASCAR,2026-04-26T23:24:11Z,138380,1204,183,PT8M39S,https://youtube.com/watch?v=LQ2cUWuHzcM,False,False,False,False,False
46,2026 Jack Link's 500,2026-04-26,8EYwW6uV6s0,"Brad Keselowski breakdown: Winning moves, key decisions in first victory | Talladega Superspeedway",NASCAR,2020-04-24T19:11:42Z,24865,756,98,PT6M25S,https://youtube.com/watch?v=8EYwW6uV6s0,False,False,False,True,False
46,2026 Jack Link's 500,2026-04-26,mXrUhjATAbQ,NASCAR’s Craziest Finishes,GarrettKris,2026-05-23T05:10:37Z,64,2,0,PT9M6S,https://youtube.com/watch?v=mXrUhjATAbQ,False,False,False,False,False
46,2026 Jack Link's 500,2026-04-26,8A1EFhJMVqU,NASCAR Cup Series 2025: Talladega playoff race | EXTENDED HIGHLIGHTS | Motorsports on NBC,Motorsports on NBC,2025-10-20T00:05:33Z,143519,2348,115,PT14M50S,https://youtube.com/watch?v=8A1EFhJMVqU,False,False,False,False,False
46,2026 Jack Link's 500,2026-04-26,_w7fOVmVduc,2026 NASCAR Straight Talk Wireless 500 @ Phoenix Finish Reactions,GC37,2026-03-09T11:43:00Z,105,2,0,PT4M33S,https://youtube.com/watch?v=_w7fOVmVduc,False,False,False,False,False
46,2026 Jack Link's 500,2026-04-26,JhBgwQqCnmg,Final Laps - Call by MRN ( 2026 Daytona 500 ),Speedy-Suarez 7,2026-02-18T02:03:16Z,2198,64,7,PT18M19S,https://youtube.com/watch?v=JhBgwQqCnmg,False,False,False,False,False
46,2026 Jack Link's 500,2026-04-26,esXtfH8YGLM,2026 NASCAR Talladega Race Preview ,Calvin Fuller,2026-04-22T22:00:58Z,62,5,4,PT8M6S,https://youtube.com/watch?v=esXtfH8YGLM,False,False,False,False,False
47,2026 Wurth 400 Presented by LIQUI MOLY,2026-05-03,dci7fMLB6Yw,NASCAR CHAOS at Texas! Bubba Wallace SENT TO REAR &amp; Todd Gilliland HIT With 6 SHOCKING Penalties!,NASCAR Unleashed,2026-05-08T16:01:11Z,51,0,0,PT5M2S,https://youtube.com/watch?v=dci7fMLB6Yw,False,False,True,False,False
47,2026 Wurth 400 Presented by LIQUI MOLY,2026-05-03,-thwF4YpB3s,"NASCAR DFS - Wurth 400, 2026 | DraftKings Drivers, Dominators &amp; Place Differential",Ship It Nation,2026-05-03T14:25:53Z,472,30,2,PT18M48S,https://youtube.com/watch?v=-thwF4YpB3s,False,False,False,False,False
47,2026 Wurth 400 Presented by LIQUI MOLY,2026-05-03,zaJGhASsMMc,Bubba Wallace LASHES OUT After NASCAR&#39;s Most SHOCKING Penalty 🚨 MUST SEE!!,NASCAR Racing Report,2026-05-08T18:21:49Z,1418,2,1,PT8M52S,https://youtube.com/watch?v=zaJGhASsMMc,False,False,False,False,False
47,2026 Wurth 400 Presented by LIQUI MOLY,2026-05-03,0gU1V4LySQE,Bubba Wallace LASHES OUT at NASCAR After SHOCKING Penalty 🚨 MUST SEE!!,NASCAR Insider Wire,2026-05-08T18:40:29Z,1310,9,2,PT12M33S,https://youtube.com/watch?v=0gU1V4LySQE,False,False,False,False,False
47,2026 Wurth 400 Presented by LIQUI MOLY,2026-05-03,mizYg535w0I,NASCAR Cup Series Practice Martinsville 2026 @NASCAR ,nascar bastion,2026-03-28T18:43:40Z,66,0,0,PT8M1S,https://youtube.com/watch?v=mizYg535w0I,False,False,False,False,False
47,2026 Wurth 400 Presented by LIQUI MOLY,2026-05-03,uAYrxMnQ2hs,WATCH NASCAR O&#39;REILLY SERIES RACE AT TEXAS PART 6 OF 6 FINAL LAPS AND FINISH #MOTORSPORTS #NASCAR ,🏁🏆Randall Harrell Racing RC channel and more,2026-05-18T01:35:52Z,0,0,0,PT4M39S,https://youtube.com/watch?v=uAYrxMnQ2hs,False,False,False,False,False
47,2026 Wurth 400 Presented by LIQUI MOLY,2026-05-03,pwcF-qskv-A,WATCH NASCAR O&#39;REILLY SERIES AT TEXAS PART 5 OF 6 #MOTORSPORTS #NASCAR ,🏁🏆Randall Harrell Racing RC channel and more,2026-05-18T01:44:41Z,0,0,0,PT6M11S,https://youtube.com/watch?v=pwcF-qskv-A,False,False,False,False,False
47,2026 Wurth 400 Presented by LIQUI MOLY,2026-05-03,Bs9m327PZYI,NASCAR O&#39;REILLY SERIES RACE AT TALLADEGA 3 OF 6 #MOTORSPORTS #NASCAR ,🏁🏆Randall Harrell Racing RC channel and more,2026-05-03T03:55:38Z,4,0,0,PT6M55S,https://youtube.com/watch?v=Bs9m327PZYI,False,False,False,False,False
47,2026 Wurth 400 Presented by LIQUI MOLY,2026-05-03,KDRGUVsqKQQ,NASCAR Cup Series 2026: Würth 400 at Texas Motor Speedway | HIGHLIGHTS | Motorsports on NBC,Motorsports on NBC,2026-05-03T23:54:04Z,42114,559,26,PT15M41S,https://youtube.com/watch?v=KDRGUVsqKQQ,False,False,False,False,False
47,2026 Wurth 400 Presented by LIQUI MOLY,2026-05-03,J_VasoVSBt0,"Chase Elliott, Denny Hamlin, Jeff Gordon &amp; more interviews after Würth 400 🎤 NASCAR ON FOX",NASCAR on FOX,2026-05-03T23:25:08Z,30048,439,75,PT14M32S,https://youtube.com/watch?v=J_VasoVSBt0,True,False,False,False,False
47,2026 Wurth 400 Presented by LIQUI MOLY,2026-05-03,lUTgYjj3sI0,Chase Elliott DESTROYS Denny Hamlin Narrative After Texas!,NASCAR Spotlight ,2026-05-09T18:28:10Z,1065,8,0,PT8M51S,https://youtube.com/watch?v=lUTgYjj3sI0,True,False,False,False,False
47,2026 Wurth 400 Presented by LIQUI MOLY,2026-05-03,WbiIc3D_0-Y,NASCAR Cup Series: Würth 400,TSN,2026-05-04T00:02:05Z,1761,25,0,PT12M35S,https://youtube.com/watch?v=WbiIc3D_0-Y,False,False,False,False,False
47,2026 Wurth 400 Presented by LIQUI MOLY,2026-05-03,awAMyH3fcV0,FINAL LAPS: Chase Elliott outlasts Denny Hamlin to take checkered flag at Würth 400 🏁 NASCAR on FOX,NASCAR on FOX,2026-05-03T22:53:02Z,64912,757,93,PT8M10S,https://youtube.com/watch?v=awAMyH3fcV0,True,False,False,False,False
47,2026 Wurth 400 Presented by LIQUI MOLY,2026-05-03,v4yyJajZRK4,10 OF 13 WURTH 400 TEXAS CUP SERIES #MOTORSPORTS #NASCAR ,🏁🏆Randall Harrell Racing RC channel and more,2026-05-04T07:30:14Z,5,0,0,PT5M24S,https://youtube.com/watch?v=v4yyJajZRK4,False,False,False,False,False
47,2026 Wurth 400 Presented by LIQUI MOLY,2026-05-03,P8aRU4BQ3_I,OMG! | NASCAR Cup Series: Würth 400 at Texas Motor Speedway,NASCAR Secrets,2026-05-06T18:15:04Z,46,0,0,PT13M9S,https://youtube.com/watch?v=P8aRU4BQ3_I,False,False,False,False,False
47,2026 Wurth 400 Presented by LIQUI MOLY,2026-05-03,ECKBY2LPmmI,Chase Elliott Reacts to Hard-Fought Texas Win | 2026 NASCAR Cup Series,NASCAR,2026-05-03T23:11:53Z,29066,680,85,PT6M22S,https://youtube.com/watch?v=ECKBY2LPmmI,False,False,False,False,False
47,2026 Wurth 400 Presented by LIQUI MOLY,2026-05-03,eexr_gpCCbY,NASCAR Nationwide all crashes 2008  Dollar General 300,denny hamlin fan,2026-03-03T21:37:45Z,454,7,0,PT15M9S,https://youtube.com/watch?v=eexr_gpCCbY,False,False,False,False,False
47,2026 Wurth 400 Presented by LIQUI MOLY,2026-05-03,VNpTXBm-OTE,It&#39;s Over | NASCAR Texas Tire Change Changes Everything!,NASCAR Secrets,2026-05-04T21:45:04Z,68,0,0,PT12M42S,https://youtube.com/watch?v=VNpTXBm-OTE,False,False,False,False,False
47,2026 Wurth 400 Presented by LIQUI MOLY,2026-05-03,iy2eh42cFc8,NASCAR Cup Series 2026: Chicagoland Speedway | Extended Highlights | Motorsports on NBC,Motorsports on NBC,2026-07-06T02:51:34Z,39054,636,30,PT15M14S,https://youtube.com/watch?v=iy2eh42cFc8,False,False,False,False,False
47,2026 Wurth 400 Presented by LIQUI MOLY,2026-05-03,BTP1Xx6_fAc,What Drivers Said After Martinsville Speedway | 2026 NASCAR Cup Series,NASCAR,2026-03-29T23:09:16Z,48377,701,86,PT13M39S,https://youtube.com/watch?v=BTP1Xx6_fAc,False,False,False,False,False
47,2026 Wurth 400 Presented by LIQUI MOLY,2026-05-03,vrFl_cpJiG8,Wild Final Laps Decide a First-Time Winner | 2026 NASCAR O&#39;Reilly Auto Parts Series,NASCAR,2026-02-22T01:17:56Z,52778,447,56,PT5M23S,https://youtube.com/watch?v=vrFl_cpJiG8,False,False,False,False,False
47,2026 Wurth 400 Presented by LIQUI MOLY,2026-05-03,hFBjkb_TjVQ,Dramatic Final Laps Decide the Daytona 500 | 2026 NASCAR Cup Series,NASCAR,2026-02-15T23:17:43Z,605656,5251,506,PT5M35S,https://youtube.com/watch?v=hFBjkb_TjVQ,False,False,False,False,False
47,2026 Wurth 400 Presented by LIQUI MOLY,2026-05-03,7m7Olypyba8,Final Laps: Overtime MADNESS Decides Atlanta | 2026 NASCAR Cup Series,NASCAR,2026-02-23T00:19:15Z,130124,1225,226,PT5M30S,https://youtube.com/watch?v=7m7Olypyba8,False,False,False,False,False
47,2026 Wurth 400 Presented by LIQUI MOLY,2026-05-03,h-MKxpZ7mTQ,Shane van Gisbergen Reacts to Conquering COTA | 2026 NASCAR O&#39;Reilly Auto Parts Series,NASCAR,2026-02-28T23:19:46Z,34025,499,83,PT4M37S,https://youtube.com/watch?v=h-MKxpZ7mTQ,False,False,False,False,False
47,2026 Wurth 400 Presented by LIQUI MOLY,2026-05-03,Gh8-aXEq4Eg,NASCAR Cup Series 2026: Watkins Glen International | EXTENDED HIGHLIGHTS | Motorsports on NBC,Motorsports on NBC,2026-05-10T23:08:36Z,63169,1155,98,PT15M19S,https://youtube.com/watch?v=Gh8-aXEq4Eg,False,False,False,False,False
47,2026 Wurth 400 Presented by LIQUI MOLY,2026-05-03,0_8ZYVdOyMI,2026 NASCAR Radioactive | Cook Out Clash at Bowman Gray,NASCAR,2026-02-06T22:00:01Z,136831,2617,188,PT6M15S,https://youtube.com/watch?v=0_8ZYVdOyMI,False,False,False,False,False
47,2026 Wurth 400 Presented by LIQUI MOLY,2026-05-03,VHjHpMIEIoQ,NASCAR Radioactive | 2026 Phoenix Raceway,NASCAR,2026-03-10T21:10:54Z,83643,2024,121,PT7M21S,https://youtube.com/watch?v=VHjHpMIEIoQ,False,False,False,False,False
47,2026 Wurth 400 Presented by LIQUI MOLY,2026-05-03,0K4F_oWcnvQ,NASCAR RaceDay | 2026 Autotrader 400 at Atlanta Preview,JettMDK,2026-02-22T17:52:13Z,21704,185,28,PT13M59S,https://youtube.com/watch?v=0K4F_oWcnvQ,False,False,False,False,False
47,2026 Wurth 400 Presented by LIQUI MOLY,2026-05-03,KDRGUVsqKQQ,NASCAR Cup Series 2026: Würth 400 at Texas Motor Speedway | HIGHLIGHTS | Motorsports on NBC,Motorsports on NBC,2026-05-03T23:54:04Z,42116,559,26,PT15M41S,https://youtube.com/watch?v=KDRGUVsqKQQ,False,False,False,False,False
47,2026 Wurth 400 Presented by LIQUI MOLY,2026-05-03,iy2eh42cFc8,NASCAR Cup Series 2026: Chicagoland Speedway | Extended Highlights | Motorsports on NBC,Motorsports on NBC,2026-07-06T02:51:34Z,39054,636,30,PT15M14S,https://youtube.com/watch?v=iy2eh42cFc8,False,False,False,False,False
47,2026 Wurth 400 Presented by LIQUI MOLY,2026-05-03,U5VxyYB4-nw,2026 NASCAR Texas Race Preview | Who do you think will win?,Calvin Fuller,2026-04-29T15:19:03Z,74,9,8,PT10M38S,https://youtube.com/watch?v=U5VxyYB4-nw,False,False,False,False,False
47,2026 Wurth 400 Presented by LIQUI MOLY,2026-05-03,BTP1Xx6_fAc,What Drivers Said After Martinsville Speedway | 2026 NASCAR Cup Series,NASCAR,2026-03-29T23:09:16Z,48377,701,86,PT13M39S,https://youtube.com/watch?v=BTP1Xx6_fAc,False,False,False,False,False
47,2026 Wurth 400 Presented by LIQUI MOLY,2026-05-03,hFBjkb_TjVQ,Dramatic Final Laps Decide the Daytona 500 | 2026 NASCAR Cup Series,NASCAR,2026-02-15T23:17:43Z,605656,5251,506,PT5M35S,https://youtube.com/watch?v=hFBjkb_TjVQ,False,False,False,False,False
47,2026 Wurth 400 Presented by LIQUI MOLY,2026-05-03,Gh8-aXEq4Eg,NASCAR Cup Series 2026: Watkins Glen International | EXTENDED HIGHLIGHTS | Motorsports on NBC,Motorsports on NBC,2026-05-10T23:08:36Z,63169,1155,98,PT15M19S,https://youtube.com/watch?v=Gh8-aXEq4Eg,False,False,False,False,False
47,2026 Wurth 400 Presented by LIQUI MOLY,2026-05-03,7m7Olypyba8,Final Laps: Overtime MADNESS Decides Atlanta | 2026 NASCAR Cup Series,NASCAR,2026-02-23T00:19:15Z,130124,1225,226,PT5M30S,https://youtube.com/watch?v=7m7Olypyba8,False,False,False,False,False
47,2026 Wurth 400 Presented by LIQUI MOLY,2026-05-03,0K4F_oWcnvQ,NASCAR RaceDay | 2026 Autotrader 400 at Atlanta Preview,JettMDK,2026-02-22T17:52:13Z,21704,185,28,PT13M59S,https://youtube.com/watch?v=0K4F_oWcnvQ,False,False,False,False,False
47,2026 Wurth 400 Presented by LIQUI MOLY,2026-05-03,VHjHpMIEIoQ,NASCAR Radioactive | 2026 Phoenix Raceway,NASCAR,2026-03-10T21:10:54Z,83643,2024,121,PT7M21S,https://youtube.com/watch?v=VHjHpMIEIoQ,False,False,False,False,False
47,2026 Wurth 400 Presented by LIQUI MOLY,2026-05-03,QiPbZV4zRpo,NASCAR Cup Series Highlights | 2026 Las Vegas Motor Speedway,NASCAR,2026-03-15T23:11:28Z,196648,3676,255,PT13M44S,https://youtube.com/watch?v=QiPbZV4zRpo,False,False,False,False,False
48,2026 Go Bowling at The Glen,2026-05-10,WQ3Af19D1Mc,URGENT! McDOWELL SURVIVES WATKINS GLEN CHAOS!,NASCAR Nation News,2026-05-11T07:08:34Z,12,0,0,PT7M23S,https://youtube.com/watch?v=WQ3Af19D1Mc,False,False,False,False,False
48,2026 Go Bowling at The Glen,2026-05-10,ieVOBXVBygk,Cup practice in the rain at COTA | NASCAR ON FOX HIGHLIGHTS,NASCAR on FOX,2021-05-22T16:59:47Z,50181,958,148,PT4M34S,https://youtube.com/watch?v=ieVOBXVBygk,False,False,False,False,False
48,2026 Go Bowling at The Glen,2026-05-10,uC8vWCcYQjE,SVG&#39;s INCREDIBLE 24th to 1st Charge at Watkins Glen | NASCAR,NASCAR,2026-05-11T20:50:20Z,398976,7303,670,PT10M15S,https://youtube.com/watch?v=uC8vWCcYQjE,False,False,False,False,False
48,2026 Go Bowling at The Glen,2026-05-10,3pYz1c-BtGw,NASCAR O&#39;Reilly Auto Parts Series at Watkins Glen: Stage 1 Highlights | NASCAR on The CW,CW Sports,2026-05-09T21:30:46Z,5728,48,2,PT5M50S,https://youtube.com/watch?v=3pYz1c-BtGw,False,False,False,False,False
48,2026 Go Bowling at The Glen,2026-05-10,AYdNvvrFNPI,2026 NASCAR O’Reilly Auto Parts Series Mission 200 at the Glen Finish Reaction,ChaseFan No. 9,2026-05-10T07:30:00Z,171,6,4,PT8M41S,https://youtube.com/watch?v=AYdNvvrFNPI,False,False,False,False,False
48,2026 Go Bowling at The Glen,2026-05-10,6K0jLd9NVow,NASCAR O&#39;Reilly Drivers React to Mixed Fuel-Saving Outcomes to Close Race at The Glen,Frontstretch,2026-05-09T23:44:00Z,583,16,2,PT5M1S,https://youtube.com/watch?v=6K0jLd9NVow,False,False,False,False,False
48,2026 Go Bowling at The Glen,2026-05-10,QqvSGhD84Fw,HUGE FIGHT ERRUPTS On PIT ROAD As BUBBA WALLACE Confronts Christopher Bell after NASCAR Cup Race!,NASCAR Spotlight ,2026-05-13T18:16:53Z,2550,13,4,PT8M25S,https://youtube.com/watch?v=QqvSGhD84Fw,False,False,False,False,False
48,2026 Go Bowling at The Glen,2026-05-10,uC8vWCcYQjE,SVG&#39;s INCREDIBLE 24th to 1st Charge at Watkins Glen | NASCAR,NASCAR,2026-05-11T20:50:20Z,398976,7303,670,PT10M15S,https://youtube.com/watch?v=uC8vWCcYQjE,False,False,False,False,False
48,2026 Go Bowling at The Glen,2026-05-10,HuAPYDZ53Wg,FINAL STAGE 8 OF 10 CUP SERIES GO BOWLING AT THE GLEN #MOTORSPORTS #NASCAR ,🏁🏆Randall Harrell Racing RC channel and more,2026-05-11T12:22:25Z,5,0,0,PT6M23S,https://youtube.com/watch?v=HuAPYDZ53Wg,False,False,False,False,False
48,2026 Go Bowling at The Glen,2026-05-10,q377U71_M14,PART 6 OF 10 NASCAR CUP SERIES GO BOWLING AT THE GLEN #MOTORSPORTS #NASCAR ,🏁🏆Randall Harrell Racing RC channel and more,2026-05-11T04:08:29Z,0,0,0,PT6M45S,https://youtube.com/watch?v=q377U71_M14,False,False,False,False,False
48,2026 Go Bowling at The Glen,2026-05-10,aGVTRuNv48k,2026 NASCAR Cup Series Go Bowling at the Glen Finish Reaction,ChaseFan No. 9,2026-05-13T01:00:00Z,96,4,0,PT8M1S,https://youtube.com/watch?v=aGVTRuNv48k,False,False,False,False,False
48,2026 Go Bowling at The Glen,2026-05-10,k0Q33O0o_x8,PART 7 OF 10 NASCAR CUP SERIES AT THE GLEN #MOTORSPORTS #NASCAR ,🏁🏆Randall Harrell Racing RC channel and more,2026-05-11T12:22:11Z,0,0,0,PT7M4S,https://youtube.com/watch?v=k0Q33O0o_x8,False,False,False,False,False
48,2026 Go Bowling at The Glen,2026-05-10,ZY30qUCdYhM,What Drivers Said After Watkins Glen | 2026 NASCAR Cup Series,NASCAR,2026-05-10T22:18:59Z,146325,1999,375,PT11M6S,https://youtube.com/watch?v=ZY30qUCdYhM,False,False,False,False,False
48,2026 Go Bowling at The Glen,2026-05-10,_1PswCp57zg,NASCAR CUP SERIES AT THE GLEN 3 OF 10 #MOTORSPORTS #NASCAR ,🏁🏆Randall Harrell Racing RC channel and more,2026-05-11T04:03:49Z,0,0,0,PT6M17S,https://youtube.com/watch?v=_1PswCp57zg,False,False,False,False,False
48,2026 Go Bowling at The Glen,2026-05-10,ONIgRRK5DoU,NASCAR Fans STUNNED as Watkins Glen Weekend Turns Into Pure Championship WAR!, NASCAR Report Today,2026-05-08T19:02:06Z,454,2,1,PT10M17S,https://youtube.com/watch?v=ONIgRRK5DoU,False,False,False,False,False
48,2026 Go Bowling at The Glen,2026-05-10,SyZFp6Wfywk,NASCAR Cup Series at Watkins Glen | NASCAR ON FOX HIGHLIGHTS,NASCAR on FOX,2022-08-22T00:46:34Z,176263,2669,295,PT9M46S,https://youtube.com/watch?v=SyZFp6Wfywk,False,False,False,False,False
48,2026 Go Bowling at The Glen,2026-05-10,rFJvKsmSZiA,2026 GO BOWLING AT THE GLEN CUP SERIES 5 OF 10 #MOTORSPORTS #NASCAR ,🏁🏆Randall Harrell Racing RC channel and more,2026-05-11T04:03:43Z,3,1,0,PT5M32S,https://youtube.com/watch?v=rFJvKsmSZiA,False,False,False,False,False
48,2026 Go Bowling at The Glen,2026-05-10,uC8vWCcYQjE,SVG&#39;s INCREDIBLE 24th to 1st Charge at Watkins Glen | NASCAR,NASCAR,2026-05-11T20:50:20Z,398976,7303,670,PT10M15S,https://youtube.com/watch?v=uC8vWCcYQjE,False,False,False,False,False
48,2026 Go Bowling at The Glen,2026-05-10,HuAPYDZ53Wg,FINAL STAGE 8 OF 10 CUP SERIES GO BOWLING AT THE GLEN #MOTORSPORTS #NASCAR ,🏁🏆Randall Harrell Racing RC channel and more,2026-05-11T12:22:25Z,5,0,0,PT6M23S,https://youtube.com/watch?v=HuAPYDZ53Wg,False,False,False,False,False
48,2026 Go Bowling at The Glen,2026-05-10,Gh8-aXEq4Eg,NASCAR Cup Series 2026: Watkins Glen International | EXTENDED HIGHLIGHTS | Motorsports on NBC,Motorsports on NBC,2026-05-10T23:08:36Z,63169,1155,98,PT15M19S,https://youtube.com/watch?v=Gh8-aXEq4Eg,False,False,False,False,False
48,2026 Go Bowling at The Glen,2026-05-10,L8evk-ENiuo,NASCAR Cup Series 2025: Go Bowling at the Glen | EXTENDED HIGHLIGHTS | Motorsports on NBC,Motorsports on NBC,2025-08-10T21:08:15Z,96103,2048,179,PT15M6S,https://youtube.com/watch?v=L8evk-ENiuo,False,False,False,False,False
48,2026 Go Bowling at The Glen,2026-05-10,SyZFp6Wfywk,NASCAR Cup Series at Watkins Glen | NASCAR ON FOX HIGHLIGHTS,NASCAR on FOX,2022-08-22T00:46:34Z,176263,2669,295,PT9M46S,https://youtube.com/watch?v=SyZFp6Wfywk,False,False,False,False,False
48,2026 Go Bowling at The Glen,2026-05-10,_1PswCp57zg,NASCAR CUP SERIES AT THE GLEN 3 OF 10 #MOTORSPORTS #NASCAR ,🏁🏆Randall Harrell Racing RC channel and more,2026-05-11T04:03:49Z,0,0,0,PT6M17S,https://youtube.com/watch?v=_1PswCp57zg,False,False,False,False,False
48,2026 Go Bowling at The Glen,2026-05-10,k0Q33O0o_x8,PART 7 OF 10 NASCAR CUP SERIES AT THE GLEN #MOTORSPORTS #NASCAR ,🏁🏆Randall Harrell Racing RC channel and more,2026-05-11T12:22:11Z,0,0,0,PT7M4S,https://youtube.com/watch?v=k0Q33O0o_x8,False,False,False,False,False
48,2026 Go Bowling at The Glen,2026-05-10,7ZBizr2lA-8,FS1 MISSED IT?! SVG’s Watkins Glen Drive Breaks NASCAR,SPORTSWIRE USA,2026-05-14T06:46:53Z,582,4,0,PT7M38S,https://youtube.com/watch?v=7ZBizr2lA-8,False,False,False,False,False
48,2026 Go Bowling at The Glen,2026-05-10,H77Ay8deQbQ,AJ Allmendinger JUST SHOOK the Truck Series at The Glen,SPORTSWIRE USA,2026-05-02T03:52:37Z,63,1,0,PT4M4S,https://youtube.com/watch?v=H77Ay8deQbQ,False,False,False,False,False
48,2026 Go Bowling at The Glen,2026-05-10,kI2nQ-Kv8Z8,NASCAR Cup Series at Watkins Glen Highlights 2026 (Go Bowling at the Glen),ABFUNK,2026-05-16T20:19:36Z,49,3,0,PT4M43S,https://youtube.com/watch?v=kI2nQ-Kv8Z8,False,False,False,False,False
48,2026 Go Bowling at The Glen,2026-05-10,Gh8-aXEq4Eg,NASCAR Cup Series 2026: Watkins Glen International | EXTENDED HIGHLIGHTS | Motorsports on NBC,Motorsports on NBC,2026-05-10T23:08:36Z,63169,1155,98,PT15M19S,https://youtube.com/watch?v=Gh8-aXEq4Eg,False,False,False,False,False
48,2026 Go Bowling at The Glen,2026-05-10,L8evk-ENiuo,NASCAR Cup Series 2025: Go Bowling at the Glen | EXTENDED HIGHLIGHTS | Motorsports on NBC,Motorsports on NBC,2025-08-10T21:08:15Z,96104,2048,179,PT15M6S,https://youtube.com/watch?v=L8evk-ENiuo,False,False,False,False,False
48,2026 Go Bowling at The Glen,2026-05-10,q377U71_M14,PART 6 OF 10 NASCAR CUP SERIES GO BOWLING AT THE GLEN #MOTORSPORTS #NASCAR ,🏁🏆Randall Harrell Racing RC channel and more,2026-05-11T04:08:29Z,0,0,0,PT6M45S,https://youtube.com/watch?v=q377U71_M14,False,False,False,False,False
48,2026 Go Bowling at The Glen,2026-05-10,HuAPYDZ53Wg,FINAL STAGE 8 OF 10 CUP SERIES GO BOWLING AT THE GLEN #MOTORSPORTS #NASCAR ,🏁🏆Randall Harrell Racing RC channel and more,2026-05-11T12:22:25Z,5,0,0,PT6M23S,https://youtube.com/watch?v=HuAPYDZ53Wg,False,False,False,False,False
48,2026 Go Bowling at The Glen,2026-05-10,SyZFp6Wfywk,NASCAR Cup Series at Watkins Glen | NASCAR ON FOX HIGHLIGHTS,NASCAR on FOX,2022-08-22T00:46:34Z,176263,2669,295,PT9M46S,https://youtube.com/watch?v=SyZFp6Wfywk,False,False,False,False,False
48,2026 Go Bowling at The Glen,2026-05-10,ThQSdCyIXK4,The Sights and Sounds of NASCAR: 2026 GoBowling at The Glen,NASCAR Pepsi Cup Series,2026-05-12T18:15:58Z,153,16,2,PT7M36S,https://youtube.com/watch?v=ThQSdCyIXK4,False,False,False,False,False
48,2026 Go Bowling at The Glen,2026-05-10,_1PswCp57zg,NASCAR CUP SERIES AT THE GLEN 3 OF 10 #MOTORSPORTS #NASCAR ,🏁🏆Randall Harrell Racing RC channel and more,2026-05-11T04:03:49Z,0,0,0,PT6M17S,https://youtube.com/watch?v=_1PswCp57zg,False,False,False,False,False
48,2026 Go Bowling at The Glen,2026-05-10,k0Q33O0o_x8,PART 7 OF 10 NASCAR CUP SERIES AT THE GLEN #MOTORSPORTS #NASCAR ,🏁🏆Randall Harrell Racing RC channel and more,2026-05-11T12:22:11Z,0,0,0,PT7M4S,https://youtube.com/watch?v=k0Q33O0o_x8,False,False,False,False,False
48,2026 Go Bowling at The Glen,2026-05-10,ZliBP6Rdvyw,NASCAR Cup EXTENDED HIGHLIGHTS: Go Bowling at The Glen qualifying | 8/19/23 | Motorsports on NBC,Motorsports on NBC,2023-08-19T19:08:48Z,40806,431,83,PT8M45S,https://youtube.com/watch?v=ZliBP6Rdvyw,False,False,False,False,False
49,2026 Coca-Cola 600,2026-05-24,7g5jX1hPihA,"NASCAR DFS - Coca-Cola 600, 2026 | DraftKings Drivers, Dominators &amp; Place Differential",Ship It Nation,2026-05-24T17:40:31Z,469,40,1,PT19M22S,https://youtube.com/watch?v=7g5jX1hPihA,False,False,False,False,False
49,2026 Coca-Cola 600,2026-05-24,teJYaLgykXg,"Denny Hamlin says getting hit still hurts in Next Gen Car, Todd Gilliland will not race full time",Nikolai P. Culp,2023-02-07T22:54:29Z,352,16,3,PT12M37S,https://youtube.com/watch?v=teJYaLgykXg,True,False,True,False,False
49,2026 Coca-Cola 600,2026-05-24,JGLDKaHXg3o,2026 NASCAR Free Agency Update + Major Comeback Win in Xfinity Charlotte Race,Braking Bob,2025-05-25T01:04:55Z,136,10,0,PT11M24S,https://youtube.com/watch?v=JGLDKaHXg3o,False,False,False,False,False
49,2026 Coca-Cola 600,2026-05-24,QaMGsusrMRk,BREAKING NEWS: Kyle Larson signs contract extension with Hendrick Motorsports through 2026,Nikolai P. Culp,2022-09-16T16:53:10Z,508,19,4,PT7M5S,https://youtube.com/watch?v=QaMGsusrMRk,False,False,False,False,False
49,2026 Coca-Cola 600,2026-05-24,hvdjo2n7yLw,"Kyle Larson to race in the 2024 Indianapolis 500 for McLaren, Rick Hendrick to co-own Larson’s car",Nikolai P. Culp,2023-01-12T19:56:30Z,122,10,0,PT10M3S,https://youtube.com/watch?v=hvdjo2n7yLw,False,False,False,False,False
49,2026 Coca-Cola 600,2026-05-24,c71aoFCiz2o,Food City Dirt Race at Bristol | Extended highlights from Bristol Motor Speedway | NASCAR,NASCAR,2023-04-10T03:22:39Z,109834,1248,134,PT10M10S,https://youtube.com/watch?v=c71aoFCiz2o,False,False,False,False,False
49,2026 Coca-Cola 600,2026-05-24,sQfdjOwP4Ys,Rumors are saying NASCAR will run the “all star package” next year: My thoughts,Nikolai P. Culp,2018-09-25T23:56:25Z,32,3,4,PT6M4S,https://youtube.com/watch?v=sQfdjOwP4Ys,False,False,False,False,False
49,2026 Coca-Cola 600,2026-05-24,vb9iUXo5WZc,"Daniel Suarez to leave Gaunt Bros. Racing, Bubba Wallace RUMORED to drive car with Toyota backing",Nikolai P. Culp,2020-09-15T21:25:27Z,786,21,4,PT9M15S,https://youtube.com/watch?v=vb9iUXo5WZc,False,False,False,False,False
49,2026 Coca-Cola 600,2026-05-24,2bVfANNdbuE,Kevin Harvick holds off Brad Keselowski and others to win Michigan as the choose rule is a success,Nikolai P. Culp,2020-08-09T00:43:44Z,146,12,7,PT12M9S,https://youtube.com/watch?v=2bVfANNdbuE,False,False,False,True,False
49,2026 Coca-Cola 600,2026-05-24,5CbeCEaPEGU,DoorDash announces multi-year partnership with Bubba Wallace and Richard Petty Motorsports,Nikolai P. Culp,2020-08-14T21:16:57Z,420,9,6,PT7M42S,https://youtube.com/watch?v=5CbeCEaPEGU,False,False,False,False,False
49,2026 Coca-Cola 600,2026-05-24,Ad3X1h5I5Sw,Tearful Daniel Suárez Honors Kyle Busch in Coca-Cola 600 Win | 2026 NASCAR Cup Series,NASCAR,2026-05-25T04:01:18Z,165343,2884,316,PT4M15S,https://youtube.com/watch?v=Ad3X1h5I5Sw,False,True,False,False,False
49,2026 Coca-Cola 600,2026-05-24,ybtIBoP80Mw,Remembering Kyle Busch | Full Pre-Race Tribute,NASCAR,2026-05-24T23:00:58Z,777877,14216,1287,PT7M19S,https://youtube.com/watch?v=ybtIBoP80Mw,False,True,False,False,False
49,2026 Coca-Cola 600,2026-05-24,dXHqNjZ1tj0,SHOCKING: Austin Hill Takes Kyle Busch&#39;s No. 8 Chevy at Coca-Cola 600 in Emotional NASCAR Decision!,Freedomline News,2026-05-23T18:19:18Z,797,9,2,PT12M17S,https://youtube.com/watch?v=dXHqNjZ1tj0,False,True,False,False,False
49,2026 Coca-Cola 600,2026-05-24,6TBPCtspk0w,Emotional Layne Riggs Honors Kyle Busch After Win | 2026 NASCAR Craftsman Truck Series,NASCAR,2026-05-24T17:01:14Z,213728,3019,154,PT4M22S,https://youtube.com/watch?v=6TBPCtspk0w,False,True,False,False,False
49,2026 Coca-Cola 600,2026-05-24,aSZg6XXrjdg,What Drivers Said After the Coca-Cola 600 | 2026 NASCAR Cup Series,NASCAR,2026-05-25T04:39:13Z,91746,1479,245,PT13M19S,https://youtube.com/watch?v=aSZg6XXrjdg,False,False,False,False,False
49,2026 Coca-Cola 600,2026-05-24,whhrHDdCgOk,Austin Hill Finishes 26th in Kyle Busch&#39;s No. 8 Chevy in Most Emotional Coca-Cola 600 Ever!,Freedomline News,2026-05-27T17:00:11Z,132,0,0,PT14M16S,https://youtube.com/watch?v=whhrHDdCgOk,False,True,False,False,False
49,2026 Coca-Cola 600,2026-05-24,zjkqL9eNeFc,Kyle Busch is GONE at 41 — NASCAR Will Never Be the Same,SPORTSWIRE USA,2026-05-22T10:03:39Z,13482,206,21,PT6M17S,https://youtube.com/watch?v=zjkqL9eNeFc,False,True,False,False,False
49,2026 Coca-Cola 600,2026-05-24,dy-JyWG_sVc,Jesse Love Called NASCAR a JOKE on Camera at Charlotte!,SPORTSWIRE USA,2026-05-24T10:41:03Z,10229,97,56,PT7M36S,https://youtube.com/watch?v=dy-JyWG_sVc,False,False,False,False,False
49,2026 Coca-Cola 600,2026-05-24,v8eqql2x42w,Kurt Busch BROKE DOWN in the Infield at Charlotte 600!,SPORTSWIRE USA,2026-05-25T06:58:48Z,255482,4316,345,PT7M37S,https://youtube.com/watch?v=v8eqql2x42w,False,False,False,False,False
49,2026 Coca-Cola 600,2026-05-24,iVHLLhLjt4M,Kyle Busch Health Crisis Changes EVERYTHING for NASCAR in 2026!,NASCAR Insider,2026-05-21T15:57:17Z,82141,914,446,PT8M2S,https://youtube.com/watch?v=iVHLLhLjt4M,False,True,False,False,False
49,2026 Coca-Cola 600,2026-05-24,Ad3X1h5I5Sw,Tearful Daniel Suárez Honors Kyle Busch in Coca-Cola 600 Win | 2026 NASCAR Cup Series,NASCAR,2026-05-25T04:01:18Z,165343,2884,316,PT4M15S,https://youtube.com/watch?v=Ad3X1h5I5Sw,False,True,False,False,False
49,2026 Coca-Cola 600,2026-05-24,wOZXKmXNHoA,2026 NASCAR | Odds Denny Hamlin Favored To Win Coca Cola 600!,NASCAR HUB,2026-05-21T20:15:26Z,77,0,0,PT9M40S,https://youtube.com/watch?v=wOZXKmXNHoA,True,False,False,False,False
49,2026 Coca-Cola 600,2026-05-24,1DiiSbtOYFo,2026 NASCAR Odds | Denny Hamlin Favored To Win Coca-Cola 600!,NASCAR Secrets,2026-05-22T20:30:09Z,13,1,0,PT8M50S,https://youtube.com/watch?v=1DiiSbtOYFo,True,False,False,False,False
49,2026 Coca-Cola 600,2026-05-24,D2lE1cp0OPE,NASCAR Cup Series: Coca-Cola 600 Highlights | NASCAR on FOX,NASCAR on FOX,2025-05-26T03:10:36Z,178958,2702,447,PT9M54S,https://youtube.com/watch?v=D2lE1cp0OPE,False,False,False,False,False
49,2026 Coca-Cola 600,2026-05-24,3pbMPb9PLvU,"&quot;This race is for Kyle.&quot; Daniel Suárez, Denny Hamlin &amp; More after the Coca-Cola 600 🎤 NASCAR on FOX",NASCAR on FOX,2026-05-25T04:28:18Z,98255,1597,117,PT12M12S,https://youtube.com/watch?v=3pbMPb9PLvU,True,False,False,False,False
49,2026 Coca-Cola 600,2026-05-24,GDA-OWNCg2U,DanielSuárez &quot;Tearful Daniel Suárez Honors Kyle Busch in Coca-Cola 600 Win | 2026 NASCAR Cup Series&quot;,NASCAR Secrets,2026-05-27T15:30:15Z,18,0,0,PT9M5S,https://youtube.com/watch?v=GDA-OWNCg2U,False,True,False,False,False
49,2026 Coca-Cola 600,2026-05-24,aSZg6XXrjdg,What Drivers Said After the Coca-Cola 600 | 2026 NASCAR Cup Series,NASCAR,2026-05-25T04:39:13Z,91746,1479,245,PT13M19S,https://youtube.com/watch?v=aSZg6XXrjdg,False,False,False,False,False
49,2026 Coca-Cola 600,2026-05-24,SzoetdNfTyA,NASCAR Cup Series: Coca-Cola 600 Highlights | NASCAR on FOX,NASCAR on FOX,2024-05-27T04:08:41Z,121323,1560,241,PT9M12S,https://youtube.com/watch?v=SzoetdNfTyA,False,False,False,False,False
49,2026 Coca-Cola 600,2026-05-24,muil0uY1KrI,NASCAR at Charlotte Motor Speedway May 2026: Denny Hamlin pre-race,Cup Scene ,2026-05-23T17:33:47Z,15859,251,8,PT11M3S,https://youtube.com/watch?v=muil0uY1KrI,True,False,False,False,False
49,2026 Coca-Cola 600,2026-05-24,ovo4pQQa2Gs,NASCAR ROBBED Hamlin of the Coca-Cola 600?,SPORTSWIRE USA,2026-05-27T07:13:38Z,267,6,2,PT9M33S,https://youtube.com/watch?v=ovo4pQQa2Gs,True,False,False,False,False
49,2026 Coca-Cola 600,2026-05-24,lQ4U38_dhQY,NASCAR Radioactive | 2026 Coca-Cola 600,NASCAR,2026-05-26T21:00:06Z,125472,3641,184,PT9M58S,https://youtube.com/watch?v=lQ4U38_dhQY,False,False,False,False,False
49,2026 Coca-Cola 600,2026-05-24,5yyPMMZFWlQ,Ross Chastain leads Restart - 2026 NASCAR Cup Series Coke 600 at Charlotte Motor Speedway ,Big Willy at the Track ,2026-05-28T04:51:08Z,57,2,0,PT9M17S,https://youtube.com/watch?v=5yyPMMZFWlQ,False,False,False,False,True
49,2026 Coca-Cola 600,2026-05-24,Ad3X1h5I5Sw,Tearful Daniel Suárez Honors Kyle Busch in Coca-Cola 600 Win | 2026 NASCAR Cup Series,NASCAR,2026-05-25T04:01:18Z,165343,2884,316,PT4M15S,https://youtube.com/watch?v=Ad3X1h5I5Sw,False,True,False,False,False
49,2026 Coca-Cola 600,2026-05-24,SGyeCkKt7W4,CHASTAIN SHOCKS FANS After Emotional Arlington Visit!,NASCAR Nation News,2026-05-01T10:14:50Z,29,0,0,PT4M53S,https://youtube.com/watch?v=SGyeCkKt7W4,False,False,False,False,True
49,2026 Coca-Cola 600,2026-05-24,bNh06RJc58U,Ross Chastain’s INSANE 1101 Mile NASCAR Gamble!,NASCAR Nation News,2026-05-21T06:21:05Z,15,0,0,PT6M59S,https://youtube.com/watch?v=bNh06RJc58U,False,False,False,False,True
49,2026 Coca-Cola 600,2026-05-24,Cp3hlT5hMyE,&#39;He&#39;s a rocket ship&#39; | NASCAR&#39;s RADIOACTIVE from the Coca-Cola 600,NASCAR,2025-05-27T21:06:51Z,57349,1582,91,PT6M36S,https://youtube.com/watch?v=Cp3hlT5hMyE,False,False,False,False,False
49,2026 Coca-Cola 600,2026-05-24,5DH4F0tdewY,CHASTAIN WINNING INTERVIEW + BYRON POST RACE INTERVIEW - 2025 COCACOLA 600 - 2025 NASCAR CUP SERIES,SportsNewsCentral,2025-06-27T18:45:06Z,245,0,0,PT5M49S,https://youtube.com/watch?v=5DH4F0tdewY,False,False,False,False,True
49,2026 Coca-Cola 600,2026-05-24,D2lE1cp0OPE,NASCAR Cup Series: Coca-Cola 600 Highlights | NASCAR on FOX,NASCAR on FOX,2025-05-26T03:10:36Z,178958,2702,447,PT9M54S,https://youtube.com/watch?v=D2lE1cp0OPE,False,False,False,False,False
49,2026 Coca-Cola 600,2026-05-24,Yl08L6Y0y3Y,2025 Coca-Cola 600 | NASCAR Official Extended Highlights,NASCAR,2025-05-26T03:36:47Z,460444,5592,360,PT15M41S,https://youtube.com/watch?v=Yl08L6Y0y3Y,False,False,False,False,False
49,2026 Coca-Cola 600,2026-05-24,jIFFQcMlB-Q,SVG STUNS NASCAR Led Laps at Charlotte &amp; Still FURIOUS,NASCAR Nation News,2026-05-31T08:30:08Z,420,12,1,PT5M38S,https://youtube.com/watch?v=jIFFQcMlB-Q,False,False,False,False,False
49,2026 Coca-Cola 600,2026-05-24,lQ4U38_dhQY,NASCAR Radioactive | 2026 Coca-Cola 600,NASCAR,2026-05-26T21:00:06Z,125472,3641,184,PT9M58S,https://youtube.com/watch?v=lQ4U38_dhQY,False,False,False,False,False
49,2026 Coca-Cola 600,2026-05-24,Yl08L6Y0y3Y,2025 Coca-Cola 600 | NASCAR Official Extended Highlights,NASCAR,2025-05-26T03:36:47Z,460444,5592,360,PT15M41S,https://youtube.com/watch?v=Yl08L6Y0y3Y,False,False,False,False,False
49,2026 Coca-Cola 600,2026-05-24,D2lE1cp0OPE,NASCAR Cup Series: Coca-Cola 600 Highlights | NASCAR on FOX,NASCAR on FOX,2025-05-26T03:10:36Z,178958,2702,447,PT9M54S,https://youtube.com/watch?v=D2lE1cp0OPE,False,False,False,False,False
49,2026 Coca-Cola 600,2026-05-24,2E7BwQWY7TU,NASCAR Radioactive | 2026 All-Star Race,NASCAR,2026-05-19T21:02:30Z,77252,1580,145,PT7M50S,https://youtube.com/watch?v=2E7BwQWY7TU,False,False,False,False,False
49,2026 Coca-Cola 600,2026-05-24,XoD9f8Hr6Fs,PART 14 OF 20 COCA COLA 600 2026 #MOTORSPORTS #NASCAR ,🏁🏆Randall Harrell Racing RC channel and more,2026-05-30T13:14:20Z,2,0,0,PT5M56S,https://youtube.com/watch?v=XoD9f8Hr6Fs,False,False,False,False,False
49,2026 Coca-Cola 600,2026-05-24,ybtIBoP80Mw,Remembering Kyle Busch | Full Pre-Race Tribute,NASCAR,2026-05-24T23:00:58Z,777877,14216,1287,PT7M19S,https://youtube.com/watch?v=ybtIBoP80Mw,False,True,False,False,False
49,2026 Coca-Cola 600,2026-05-24,NKJ3d5mJUsQ,NASCAR Has Started 2026 WINNING,Kenny Wallace,2026-01-26T15:13:41Z,12225,823,165,PT8M48S,https://youtube.com/watch?v=NKJ3d5mJUsQ,False,False,False,False,False
49,2026 Coca-Cola 600,2026-05-24,hFBjkb_TjVQ,Dramatic Final Laps Decide the Daytona 500 | 2026 NASCAR Cup Series,NASCAR,2026-02-15T23:17:43Z,605653,5251,506,PT5M35S,https://youtube.com/watch?v=hFBjkb_TjVQ,False,False,False,False,False
49,2026 Coca-Cola 600,2026-05-24,C6u1gAPZlX4,NASCAR Cup Series 2026: Duels at Daytona | EXTENDED HIGHLIGHTS | 2/12/26 | Motorsports on NBC,Motorsports on NBC,2026-02-13T04:13:27Z,50390,705,25,PT14M47S,https://youtube.com/watch?v=C6u1gAPZlX4,False,False,False,False,False
49,2026 Coca-Cola 600,2026-05-24,SzoetdNfTyA,NASCAR Cup Series: Coca-Cola 600 Highlights | NASCAR on FOX,NASCAR on FOX,2024-05-27T04:08:41Z,121323,1560,241,PT9M12S,https://youtube.com/watch?v=SzoetdNfTyA,False,False,False,False,False
50,2026 Cracker Barrel 400,2026-05-31,UweBQE2uKT4,"Denny Hamlin, Christopher Bell &amp; more post-race interviews from Cracker Barrel 400 🎤 NASCAR on FOX",NASCAR on FOX,2026-06-01T05:13:27Z,27078,410,45,PT12M48S,https://youtube.com/watch?v=UweBQE2uKT4,True,False,False,False,False
50,2026 Cracker Barrel 400,2026-05-31,FC6R3ZLHD2k,2026 NASCAR Nashville Race Preview,Calvin Fuller,2026-05-27T10:00:29Z,46,4,4,PT9M54S,https://youtube.com/watch?v=FC6R3ZLHD2k,False,False,False,False,False
50,2026 Cracker Barrel 400,2026-05-31,MISkkRM4zNU,NASCAR O&#39;Reilly Auto Parts Series at Nashville Superspeedway: Stage 1 Highlights | NASCAR on The CW,CW Sports,2026-05-31T02:42:34Z,367,10,0,PT6M50S,https://youtube.com/watch?v=MISkkRM4zNU,False,False,False,False,False
50,2026 Cracker Barrel 400,2026-05-31,T_YKDS83F_s,🏁 LIVE NASCAR Cup FireKeepers Casino 400 2026 | Chase Elliott vs Kyle Larson,Conqueror NASCAR,2026-06-05T23:48:29Z,34,0,0,PT18M20S,https://youtube.com/watch?v=T_YKDS83F_s,False,False,False,False,False
50,2026 Cracker Barrel 400,2026-05-31,mH4yB9ySCFE,FINAL LAPS: Denny Hamlin holds off Christopher Bell to win the Cracker Barrel 400 🏁 NASCAR on FOX,NASCAR on FOX,2026-06-01T04:41:10Z,16447,188,20,PT8M18S,https://youtube.com/watch?v=mH4yB9ySCFE,True,False,False,False,False
50,2026 Cracker Barrel 400,2026-05-31,PzIX5Qq9DTs,2026 Cracker Barrel 400 NASCAR Cup Series Race Final Lap And Denny Hamlin Wins In Nashville!,Trevon Haywood And Taylor Haven Productions Inc.,2026-06-01T04:34:33Z,29,0,0,PT5M27S,https://youtube.com/watch?v=PzIX5Qq9DTs,True,False,False,False,False
50,2026 Cracker Barrel 400,2026-05-31,5fp6lv8KlLU,2026 NASCAR Cup Series Cracker Barrel 400 at Nashville Reaction. DENNY WITH THE CLUTCH RESTART!,FireBall Hamlin,2026-06-01T05:59:58Z,1918,65,22,PT18M22S,https://youtube.com/watch?v=5fp6lv8KlLU,False,False,False,False,False
50,2026 Cracker Barrel 400,2026-05-31,hItHrUvSiyg,2026 NASCAR Odds: Pole-sitter Denny Hamlin Favored For Nashville,NASCAR HUB,2026-06-02T20:30:05Z,39,1,1,PT7M18S,https://youtube.com/watch?v=hItHrUvSiyg,True,False,False,False,False
50,2026 Cracker Barrel 400,2026-05-31,avpWZtqEzzg,Danny Hamlin! WINNER! | NASCAR Cup Series Highlights | 2026 Nashville Superspeedway,NASCAR Secrets,2026-06-04T03:15:11Z,67,2,0,PT8M57S,https://youtube.com/watch?v=avpWZtqEzzg,True,False,False,False,False
50,2026 Cracker Barrel 400,2026-05-31,bdLQBI2qPZc,NASCAR Cup Series Cracker Barrel 400 Race Recap ,Mr. Mane,2026-06-02T01:40:24Z,1055,5,1,PT12M26S,https://youtube.com/watch?v=bdLQBI2qPZc,False,False,False,False,False
50,2026 Cracker Barrel 400,2026-05-31,UweBQE2uKT4,"Denny Hamlin, Christopher Bell &amp; more post-race interviews from Cracker Barrel 400 🎤 NASCAR on FOX",NASCAR on FOX,2026-06-01T05:13:27Z,27078,410,45,PT12M48S,https://youtube.com/watch?v=UweBQE2uKT4,True,False,False,False,False
50,2026 Cracker Barrel 400,2026-05-31,Yxe6-NqElCw,Denny Hamlin finally wins at Nashville!! | Cracker Barrel 400 Nashville post race reaction ,Preston J Productions,2026-06-01T06:22:55Z,53,3,0,PT16M14S,https://youtube.com/watch?v=Yxe6-NqElCw,True,False,False,False,False
50,2026 Cracker Barrel 400,2026-05-31,jHsO_aOvwpI,Nashville Just Proved NASCAR Will NEVER Be The Same!,SPORTSWIRE USA,2026-06-02T08:48:49Z,441,7,1,PT6M33S,https://youtube.com/watch?v=jHsO_aOvwpI,False,False,False,False,False
50,2026 Cracker Barrel 400,2026-05-31,WzWIg1hwI-E,Denny Hamlin HUMILIATES Reddick &amp; Forces This On His Car,NASCAR Nation News,2026-06-05T09:02:29Z,136,1,0,PT4M30S,https://youtube.com/watch?v=WzWIg1hwI-E,True,False,False,False,False
50,2026 Cracker Barrel 400,2026-05-31,d53tZjypnQQ,What Can Trackhouse Do? Ross Chastain FALLS To 26th In Points After Nashville | GRID Rising,GRID Network,2026-06-03T14:30:11Z,72,3,0,PT10M44S,https://youtube.com/watch?v=d53tZjypnQQ,False,False,False,False,True
50,2026 Cracker Barrel 400,2026-05-31,UweBQE2uKT4,"Denny Hamlin, Christopher Bell &amp; more post-race interviews from Cracker Barrel 400 🎤 NASCAR on FOX",NASCAR on FOX,2026-06-01T05:13:27Z,27078,410,45,PT12M48S,https://youtube.com/watch?v=UweBQE2uKT4,True,False,False,False,False
50,2026 Cracker Barrel 400,2026-05-31,FC6R3ZLHD2k,2026 NASCAR Nashville Race Preview,Calvin Fuller,2026-05-27T10:00:29Z,46,4,4,PT9M54S,https://youtube.com/watch?v=FC6R3ZLHD2k,False,False,False,False,False
50,2026 Cracker Barrel 400,2026-05-31,qPBP5_vnbdY,NASCAR at Nashville Superspeedway May 2026: Ross Chastain pre-race,Cup Scene ,2026-05-30T20:38:54Z,232,3,1,PT5M54S,https://youtube.com/watch?v=qPBP5_vnbdY,False,False,False,False,True
50,2026 Cracker Barrel 400,2026-05-31,VVjzLVT0aXo,NASCAR 25 — Cracker Barrel 400 at Nashville Superspeedway,Xbox & PlayStation Nexus,2026-03-28T21:32:12Z,8,0,0,PT6M29S,https://youtube.com/watch?v=VVjzLVT0aXo,False,False,False,False,False
50,2026 Cracker Barrel 400,2026-05-31,j3TXSRUrIeQ,SVG SHOCKS NASCAR WITH BEST OVAL FINISH EVER AT NASHVILLE,NASCAR Nation News,2026-06-01T08:46:54Z,8273,258,58,PT4M48S,https://youtube.com/watch?v=j3TXSRUrIeQ,False,False,False,False,False
50,2026 Cracker Barrel 400,2026-05-31,9O8D-IfI_hQ,NASCAR Cup Series Race at Nashville Live Reaction 5/31/26 ,Let’s Talk Sports ,2026-06-01T04:39:56Z,28,0,0,PT8M56S,https://youtube.com/watch?v=9O8D-IfI_hQ,False,False,False,False,False
50,2026 Cracker Barrel 400,2026-05-31,lj4fHl5c574,"Another Toyota Statement, SVG is Improving + Should Keselowski Be Mad? Nashville NASCAR Race Recap",Braking Bob,2026-06-01T10:17:01Z,4161,109,17,PT14M23S,https://youtube.com/watch?v=lj4fHl5c574,False,False,False,True,False
50,2026 Cracker Barrel 400,2026-05-31,qZCfd6Nl3No,Bubba Wallace Broken After Insane Nashville Super Speedway Wreck!,NASCAR Race News,2026-06-02T17:10:56Z,94,1,0,PT9M35S,https://youtube.com/watch?v=qZCfd6Nl3No,False,False,False,False,False
50,2026 Cracker Barrel 400,2026-05-31,rNwXu37J1l4,DENNY HAMLIN STUNS EVERYONE Last to First WIN at Nashville!,NASCAR Nation News,2026-06-01T13:29:28Z,91,1,0,PT5M12S,https://youtube.com/watch?v=rNwXu37J1l4,True,False,False,False,False
50,2026 Cracker Barrel 400,2026-05-31,mee42LpGh0Q,Brad Keselowski DONE With NASCAR After &#39;NO PENALTY&#39; For Austin Dillon Nashville Wreck!,NitroNation Today,2026-06-06T16:00:37Z,84,2,0,PT9M3S,https://youtube.com/watch?v=mee42LpGh0Q,False,False,False,True,False
50,2026 Cracker Barrel 400,2026-05-31,vmwV_L8YuSo,From Spins to Spills: Nashville’s Wildest Moments | 2025 NASCAR Cracker Barrel 400,NASCAR,2025-06-02T03:40:18Z,7508,80,4,PT6M41S,https://youtube.com/watch?v=vmwV_L8YuSo,False,False,False,False,False
50,2026 Cracker Barrel 400,2026-05-31,B15e2oCSWsY,Brad Keselowski DONE WITH NASCAR After &#39;NO PENALTY&#39; For AUSTIN DILLON INTENTIONAL CRASH!,NASCAR Central,2026-06-04T16:06:47Z,7522,46,6,PT8M54S,https://youtube.com/watch?v=B15e2oCSWsY,False,False,False,True,False
50,2026 Cracker Barrel 400,2026-05-31,ZSA3T8zoaGU,KESLOWSKI CINDRIC CRASH -2026 NASCAR CUP SERIES CRACKER BARREL 400 AT NASHVILLE SUPERSPEEDWAY ,Driftking,2026-06-01T03:12:51Z,32,1,0,PT5M20S,https://youtube.com/watch?v=ZSA3T8zoaGU,False,False,False,False,False
50,2026 Cracker Barrel 400,2026-05-31,1bVGakmsEN8,Dale Jr. JUST REVEALED What Nashville Means to Him!,Nascar Speedzone,2026-06-02T18:00:16Z,180,3,0,PT8M6S,https://youtube.com/watch?v=1bVGakmsEN8,False,False,False,False,False
50,2026 Cracker Barrel 400,2026-05-31,lj4fHl5c574,"Another Toyota Statement, SVG is Improving + Should Keselowski Be Mad? Nashville NASCAR Race Recap",Braking Bob,2026-06-01T10:17:01Z,4161,109,17,PT14M23S,https://youtube.com/watch?v=lj4fHl5c574,False,False,False,True,False
50,2026 Cracker Barrel 400,2026-05-31,2FIQoFfUnhA,NASCAR RaceDay | 2026 Cracker Barrel 400 at Nashville Race Preview,JettMDK,2026-05-31T19:01:44Z,15752,159,21,PT12M19S,https://youtube.com/watch?v=2FIQoFfUnhA,False,False,False,False,False
50,2026 Cracker Barrel 400,2026-05-31,FC6R3ZLHD2k,2026 NASCAR Nashville Race Preview,Calvin Fuller,2026-05-27T10:00:29Z,46,4,4,PT9M54S,https://youtube.com/watch?v=FC6R3ZLHD2k,False,False,False,False,False
50,2026 Cracker Barrel 400,2026-05-31,R5S86Tz6qUI,NASCAR Cup Series Nashville 2026 full race @NASCAR ,nascar bastion,2026-06-05T20:06:06Z,93,0,0,PT8M1S,https://youtube.com/watch?v=R5S86Tz6qUI,False,False,False,False,False
50,2026 Cracker Barrel 400,2026-05-31,kyfkHU6kZGE,Brad Keselowski DONE With NASCAR After Austin Dillon Gets Away With Intentional Wreck!,NASCAR Nation Times,2026-06-06T01:00:03Z,242,3,2,PT8M8S,https://youtube.com/watch?v=kyfkHU6kZGE,False,False,False,True,False
51,2026 Firekeepers Casino 400,2026-06-07,Cmt3CN6QFQY,Final Lap of the last 10 Firekeepers Casino 400 finishes at Michigan International Speedway,MVRowner,2026-06-06T04:46:31Z,438,12,2,PT12M46S,https://youtube.com/watch?v=Cmt3CN6QFQY,False,False,False,False,False
51,2026 Firekeepers Casino 400,2026-06-07,tU_dKI6T0wQ,Firekeepers Casino 400 | 2026 Mock Pichu London Cup Series,Pichu London,2026-06-08T00:00:05Z,60,5,2,PT19M11S,https://youtube.com/watch?v=tU_dKI6T0wQ,False,False,False,False,False
51,2026 Firekeepers Casino 400,2026-06-07,T_YKDS83F_s,🏁 LIVE NASCAR Cup FireKeepers Casino 400 2026 | Chase Elliott vs Kyle Larson,Conqueror NASCAR,2026-06-05T23:48:29Z,34,0,0,PT18M20S,https://youtube.com/watch?v=T_YKDS83F_s,False,False,False,False,False
51,2026 Firekeepers Casino 400,2026-06-07,hFk_MscBW9E,NASCAR Cup: FireKeepers Casino 400 qualifying | EXTENDED HIGHLIGHTS | 8/6/22 | Motorsports on NBC,Motorsports on NBC,2022-08-06T21:28:06Z,43107,600,115,PT12M40S,https://youtube.com/watch?v=hFk_MscBW9E,False,False,False,False,False
51,2026 Firekeepers Casino 400,2026-06-07,PmKX4LElFLo,Richard Childress Reveals a Big Secret About Kyle Busch!,NASCAR NewsLine,2026-06-07T18:20:55Z,885,17,1,PT8M6S,https://youtube.com/watch?v=PmKX4LElFLo,False,True,False,False,False
51,2026 Firekeepers Casino 400,2026-06-07,97SF8dpew0I,NASCAR Xfinity Auto Club Reactions,Austin Johnson,2022-02-27T08:52:17Z,80,4,0,PT8M58S,https://youtube.com/watch?v=97SF8dpew0I,False,False,False,False,False
51,2026 Firekeepers Casino 400,2026-06-07,c2MOF_sQ7qE,"NASCAR Raceview - 2016 Coca-Cola 600 (Part 3, Martin Truex Jr. Wins the Race!!!)",TheMotorsportsFanatic2026,2016-05-30T02:05:21Z,398,3,0,PT4M22S,https://youtube.com/watch?v=c2MOF_sQ7qE,False,False,False,False,False
51,2026 Firekeepers Casino 400,2026-06-07,pdZrG8V2LGA,Denny Hamlin&#39;s Incredible Kyle Busch Tribute After Michigan Win | 2026 NASCAR Cup Series,NASCAR,2026-06-07T23:26:41Z,74565,1774,184,PT7M13S,https://youtube.com/watch?v=pdZrG8V2LGA,True,True,False,False,False
51,2026 Firekeepers Casino 400,2026-06-07,p8R6xfvHImg,FINAL LAPS: Denny Hamlin wins FireKeepers Casino 400  🏁 NASCAR on FOX,NASCAR on FOX,2026-06-07T23:36:17Z,19009,210,48,PT8M14S,https://youtube.com/watch?v=p8R6xfvHImg,True,False,False,False,False
51,2026 Firekeepers Casino 400,2026-06-07,l3i3W8QKTsU,WATCH: Denny Hamlin Outduels William Byron at Michigan | 2025 NASCAR FireKeepers Casino 400,NASCAR,2025-06-08T22:19:10Z,16125,224,16,PT8M37S,https://youtube.com/watch?v=l3i3W8QKTsU,True,False,False,False,False
51,2026 Firekeepers Casino 400,2026-06-07,y6d0RhbdaBQ,2026 FireKeepers Casino 400 NASCAR Cup Series Race Final Lap And Denny Hamlin Wins!,Trevon Haywood And Taylor Haven Productions Inc.,2026-06-07T23:08:14Z,1,0,0,PT7M51S,https://youtube.com/watch?v=y6d0RhbdaBQ,True,False,False,False,False
51,2026 Firekeepers Casino 400,2026-06-07,b82MYJ5Ray4,NASCAR Cup Series| 2026 Michigan International Speedway,NASCAR HUB,2026-06-08T13:30:05Z,85,0,0,PT8M12S,https://youtube.com/watch?v=b82MYJ5Ray4,False,False,False,False,False
51,2026 Firekeepers Casino 400,2026-06-07,3h761K2qBjQ,NASCAR Cup Series: FireKeepers Casino 400 Highlights | NASCAR on FOX,NASCAR on FOX,2025-06-08T21:33:54Z,111745,1890,233,PT9M59S,https://youtube.com/watch?v=3h761K2qBjQ,False,False,False,False,False
51,2026 Firekeepers Casino 400,2026-06-07,uhKLo5_nRJM,Denny Hamlin STUNS NASCAR! Massive Bell-Elliott Crash Shakes Michigan Race!, NASCAR Rush,2026-06-08T14:24:02Z,308,9,0,PT11M29S,https://youtube.com/watch?v=uhKLo5_nRJM,True,False,False,False,False
51,2026 Firekeepers Casino 400,2026-06-07,MVzNZ2wCDzU,Supercut Of The 2025 Firekeepers Casinio 400 Weekend ,automan224,2026-07-07T19:00:06Z,35,2,0,PT6M27S,https://youtube.com/watch?v=MVzNZ2wCDzU,False,False,False,False,False
51,2026 Firekeepers Casino 400,2026-06-07,AOkQsPfiz68,NASCAR 2026: FireKeepers Casino 400 Reactions,GodzillaGaming111,2026-06-08T22:00:15Z,1246,57,13,PT17M1S,https://youtube.com/watch?v=AOkQsPfiz68,False,False,False,False,False
51,2026 Firekeepers Casino 400,2026-06-07,0jZTFPV1HoE,"Denny Hamlin, Bubba Wallace, Kyle Larson and more post-race interviews from FireKeepers Casino 400 🎤",NASCAR on FOX,2026-06-08T00:32:59Z,17169,223,32,PT14M38S,https://youtube.com/watch?v=0jZTFPV1HoE,True,False,False,False,False
51,2026 Firekeepers Casino 400,2026-06-07,clcM2L0yI4s,Every Angle of Chase Elliott &amp; Christopher Bell&#39;s Fiery Wreck | 2026 NASCAR Cup Series at Michigan,NASCAR,2026-06-07T23:08:37Z,345581,3047,563,PT6M32S,https://youtube.com/watch?v=clcM2L0yI4s,False,False,False,False,False
51,2026 Firekeepers Casino 400,2026-06-07,pdZrG8V2LGA,Denny Hamlin&#39;s Incredible Kyle Busch Tribute After Michigan Win | 2026 NASCAR Cup Series,NASCAR,2026-06-07T23:26:41Z,74561,1774,184,PT7M13S,https://youtube.com/watch?v=pdZrG8V2LGA,True,True,False,False,False
51,2026 Firekeepers Casino 400,2026-06-07,v0btZgSDH1Y,🏁 Chase Elliott vs Kyle Larson | LIVE FireKeepers Casino 400 2026 at Michigan International Speedway,Conqueror NASCAR,2026-06-05T11:55:28Z,19,0,0,PT7M55S,https://youtube.com/watch?v=v0btZgSDH1Y,False,False,False,False,False
51,2026 Firekeepers Casino 400,2026-06-07,0jZTFPV1HoE,"Denny Hamlin, Bubba Wallace, Kyle Larson and more post-race interviews from FireKeepers Casino 400 🎤",NASCAR on FOX,2026-06-08T00:32:59Z,17171,223,32,PT14M38S,https://youtube.com/watch?v=0jZTFPV1HoE,True,False,False,False,False
51,2026 Firekeepers Casino 400,2026-06-07,9HKjKKJ0gKM,Connor Zilisch LOST Something BIG in Nine Laps!,SPORTSWIRE USA,2026-06-08T11:07:05Z,158,2,0,PT6M30S,https://youtube.com/watch?v=9HKjKKJ0gKM,False,False,False,False,False
51,2026 Firekeepers Casino 400,2026-06-07,5DH4F0tdewY,CHASTAIN WINNING INTERVIEW + BYRON POST RACE INTERVIEW - 2025 COCACOLA 600 - 2025 NASCAR CUP SERIES,SportsNewsCentral,2025-06-27T18:45:06Z,245,0,0,PT5M49S,https://youtube.com/watch?v=5DH4F0tdewY,False,False,False,False,True
51,2026 Firekeepers Casino 400,2026-06-07,OtVvU1Ym1K4,HUGE Announcement From Cleetus McFarland and Squirrel McNutt Just Before Michigan NASCAR Race!,NASCAR Racing Report,2026-06-04T15:03:04Z,8419,122,19,PT11M53S,https://youtube.com/watch?v=OtVvU1Ym1K4,False,False,False,False,False
51,2026 Firekeepers Casino 400,2026-06-07,U6zq775HQjs,Dale Jr. Says Hocevar Should NEVER Change &amp; NASCAR is FURIOUS,SPORTSWIRE USA,2026-06-10T04:59:24Z,249,3,0,PT6M53S,https://youtube.com/watch?v=U6zq775HQjs,False,False,False,False,False
51,2026 Firekeepers Casino 400,2026-06-07,BsA2hwjBntU,Cleetus McFarland and Squirrel McNutt Just STUNNED Everyone Before Michigan NASCAR Weekend!,NASCAR Breakdown,2026-06-04T15:05:12Z,575,8,0,PT13M5S,https://youtube.com/watch?v=BsA2hwjBntU,False,False,False,False,False
51,2026 Firekeepers Casino 400,2026-06-07,BfdR-5c-v6Q,Richard Childress Slams Carson Hocevar,WildCountry Daily Entertainment ,2026-06-08T21:37:49Z,42,2,0,PT6M2S,https://youtube.com/watch?v=BfdR-5c-v6Q,False,False,False,False,False
51,2026 Firekeepers Casino 400,2026-06-07,ERFawwMIfto,NASCAR Radioactive | 2026 Michigan International Speedway,NASCAR,2026-06-09T21:00:31Z,115217,2261,244,PT7M47S,https://youtube.com/watch?v=ERFawwMIfto,False,False,False,False,False
51,2026 Firekeepers Casino 400,2026-06-07,egCbTbKyAhQ,2026 NASCAR Michigan Race Preview,Calvin Fuller,2026-06-03T22:00:23Z,55,4,4,PT8M36S,https://youtube.com/watch?v=egCbTbKyAhQ,False,False,False,False,False
51,2026 Firekeepers Casino 400,2026-06-07,3h761K2qBjQ,NASCAR Cup Series: FireKeepers Casino 400 Highlights | NASCAR on FOX,NASCAR on FOX,2025-06-08T21:33:54Z,111745,1890,233,PT9M59S,https://youtube.com/watch?v=3h761K2qBjQ,False,False,False,False,False
51,2026 Firekeepers Casino 400,2026-06-07,y9EP8ExMNqs,2026 NASCAR Cup Series FireKeepers Casino 400 @ Michigan Race Reactions,H Gamerboy815,2026-06-08T14:00:03Z,380,15,1,PT18M22S,https://youtube.com/watch?v=y9EP8ExMNqs,False,False,False,False,False
51,2026 Firekeepers Casino 400,2026-06-07,TGzVFf90BPI,THE BIG ONE-2026 NASCAR CUP SERIES FIREKEEPERS CASINO 400 AT MICHIGAN ,Driftking,2026-06-07T22:26:00Z,63,4,0,PT4M10S,https://youtube.com/watch?v=TGzVFf90BPI,False,False,False,False,False
51,2026 Firekeepers Casino 400,2026-06-07,rlbmQWEMu1I,4 MASSIVE Reasons Michigan Could Change NASCAR&#39;s Entire Season!,NASCAR NewsLine,2026-06-04T15:58:41Z,414,5,0,PT8M2S,https://youtube.com/watch?v=rlbmQWEMu1I,False,False,False,False,False
51,2026 Firekeepers Casino 400,2026-06-07,NB6XQ2QFhVY,The Big One - Call by MRN ( NCS at Michigan ),Speedy-Suarez 7,2026-06-27T21:33:24Z,66,4,0,PT6M5S,https://youtube.com/watch?v=NB6XQ2QFhVY,False,False,False,False,False
51,2026 Firekeepers Casino 400,2026-06-07,Hi1cyvhhUyk,2026 NASCAR Cup Series Firekeepers Casino 400 at Michigan Reaction. A BITTERSWEET WIN FOR DENNY!,FireBall Hamlin,2026-06-08T00:33:20Z,1947,71,35,PT18M43S,https://youtube.com/watch?v=Hi1cyvhhUyk,False,False,False,False,False
51,2026 Firekeepers Casino 400,2026-06-07,KNHuCYiUE84,"Chaos at Michigan: Massive Crashes, Red Flag Drama, and a Day NASCAR Fans Will Never Forget",NASCAR Unleashed,2026-06-08T17:24:04Z,67,0,1,PT6M17S,https://youtube.com/watch?v=KNHuCYiUE84,False,False,False,False,False
51,2026 Firekeepers Casino 400,2026-06-07,T_YKDS83F_s,🏁 LIVE NASCAR Cup FireKeepers Casino 400 2026 | Chase Elliott vs Kyle Larson,Conqueror NASCAR,2026-06-05T23:48:29Z,34,0,0,PT18M20S,https://youtube.com/watch?v=T_YKDS83F_s,False,False,False,False,False
52,2026 Great American Getaway 400,2026-06-14,7adLN2KeLSs,LIVE From Pocono: Post-Qualifying Picks &amp; Driver Interviews | The Great American Getaway 400 (2026),FSAN | Fantasy Racing Advice,2026-06-14T11:52:37Z,278,21,3,PT19M15S,https://youtube.com/watch?v=7adLN2KeLSs,False,False,False,False,False
52,2026 Great American Getaway 400,2026-06-14,gtqxU8WaTl4,NASCAR Official Extended Highlights | NASCAR Cup Series from Pocono Raceway,NASCAR,2024-07-14T22:28:57Z,150456,1899,139,PT12M52S,https://youtube.com/watch?v=gtqxU8WaTl4,False,False,False,False,False
52,2026 Great American Getaway 400,2026-06-14,xEuBmadbbNQ,Pocono Raceway (6-22-25): NASCAR Cup Series The Great American Getaway 400,Steven Curry,2025-07-02T04:49:01Z,121,2,0,PT14M58S,https://youtube.com/watch?v=xEuBmadbbNQ,False,False,False,False,False
52,2026 Great American Getaway 400,2026-06-14,XAXNOY_w8fM,NASCAR Cup Series 2026: Pocono Raceway | EXTENDED HIGHLIGHTS | Motorsports on NBC,Motorsports on NBC,2026-06-14T22:05:22Z,32884,592,40,PT15M13S,https://youtube.com/watch?v=XAXNOY_w8fM,False,False,False,False,False
52,2026 Great American Getaway 400,2026-06-14,36qErzK7bOw,2026 NASCAR Cup Series The Great American Getaway 400 @ Pocono Race Reactions,H Gamerboy815,2026-06-15T02:00:12Z,70,3,1,PT14M20S,https://youtube.com/watch?v=36qErzK7bOw,False,False,False,False,False
52,2026 Great American Getaway 400,2026-06-14,_e9BBj8nPWM,Shane van Gisbergen Just HUMILIATED NASCAR Again… TWO WEEKS IN A ROW!,高村 博,2026-06-26T21:45:57Z,2466,43,2,PT9M8S,https://youtube.com/watch?v=_e9BBj8nPWM,False,False,False,False,False
52,2026 Great American Getaway 400,2026-06-14,OOfy2uCAi0w,5 OF 10 NASCAR CUP SERIES RACE AT POCONO #MOTORSPORTS #NASCAR ,🏁🏆Randall Harrell Racing RC channel and more,2026-06-14T22:18:24Z,1,0,0,PT6M22S,https://youtube.com/watch?v=OOfy2uCAi0w,False,False,False,False,False
52,2026 Great American Getaway 400,2026-06-14,1yaOHH5rb3M,NASCAR O&#39;Reilly Auto Parts Series at Pocono Raceway: Stage 1 Highlights | NASCAR on The CW,CW Sports,2026-06-13T22:41:22Z,5693,57,3,PT15M7S,https://youtube.com/watch?v=1yaOHH5rb3M,False,False,False,False,False
52,2026 Great American Getaway 400,2026-06-14,J-MfnheGUFo,NASCAR CUP SERIES RACE AT POCONO 3 OF 10 #MOTORSPORTS #NASCAR ,🏁🏆Randall Harrell Racing RC channel and more,2026-06-14T21:12:54Z,0,0,0,PT7M,https://youtube.com/watch?v=J-MfnheGUFo,False,False,False,False,False
52,2026 Great American Getaway 400,2026-06-14,h1Fer9xXOP8,Xfinity Series at Pocono Raceway | NASCAR Official Extended Highlights,NASCAR,2025-06-21T23:17:46Z,190661,2395,85,PT15M2S,https://youtube.com/watch?v=h1Fer9xXOP8,False,False,False,False,False
52,2026 Great American Getaway 400,2026-06-14,I-bA-mIYhPQ,PART 8 OF 10 NASCAR CUP SERIES RACE AT POCONO #MOTORSPORTS #NASCAR ,🏁🏆Randall Harrell Racing RC channel and more,2026-06-15T02:20:48Z,0,0,0,PT8M36S,https://youtube.com/watch?v=I-bA-mIYhPQ,False,False,False,False,False
52,2026 Great American Getaway 400,2026-06-14,ydib9ZMrHx4,NASCAR returns to Atlanta for weekend race,11Alive,2026-07-10T14:47:53Z,848,5,1,PT11M44S,https://youtube.com/watch?v=ydib9ZMrHx4,False,False,False,False,False
52,2026 Great American Getaway 400,2026-06-14,08fXLJykNX0,NASCAR O’Reilly Auto Parts Series Pocono Race Review,EJR6309,2026-06-15T01:40:00Z,2,0,0,PT8M19S,https://youtube.com/watch?v=08fXLJykNX0,False,False,False,False,False
52,2026 Great American Getaway 400,2026-06-14,XAXNOY_w8fM,NASCAR Cup Series 2026: Pocono Raceway | EXTENDED HIGHLIGHTS | Motorsports on NBC,Motorsports on NBC,2026-06-14T22:05:22Z,32885,592,40,PT15M13S,https://youtube.com/watch?v=XAXNOY_w8fM,False,False,False,False,False
52,2026 Great American Getaway 400,2026-06-14,30pseyfXa7c,2026 Great American Getaway 400 NASCAR Cup Series Race Final Lap And Denny Hamlin Wins!,Trevon Haywood And Taylor Haven Productions Inc.,2026-06-14T20:31:41Z,3,0,0,PT7M51S,https://youtube.com/watch?v=30pseyfXa7c,True,False,False,False,False
52,2026 Great American Getaway 400,2026-06-14,pUWQ9T2j2t4,2026 NASCAR Cup Series Great American Getaway 400 at Pocono Reaction. DENNY HAMLIN IS INEVITABLE!,FireBall Hamlin,2026-06-14T22:19:25Z,983,48,21,PT10M56S,https://youtube.com/watch?v=pUWQ9T2j2t4,True,False,False,False,False
52,2026 Great American Getaway 400,2026-06-14,1xvEScV0ciI,Denny Hamlin Extends Dominance at Pocono While Kyle Larson Overcomes Major Setback,NASCAR Unleashed,2026-06-16T16:00:08Z,29,0,0,PT13M43S,https://youtube.com/watch?v=1xvEScV0ciI,True,False,False,False,False
52,2026 Great American Getaway 400,2026-06-14,7mVL-Xycsvk,What Drivers Said After Pocono | 2026 NASCAR Cup Series,NASCAR,2026-06-14T21:11:13Z,52717,984,214,PT15M13S,https://youtube.com/watch?v=7mVL-Xycsvk,False,False,False,False,False
52,2026 Great American Getaway 400,2026-06-14,MDgqVnE85Hk,2026 NASCAR Cup Series Great American Getaway 400 at Pocono Finish - Denny Hamlin wins,SpaceMetalFerrari248,2026-06-15T03:53:26Z,74,3,0,PT11M8S,https://youtube.com/watch?v=MDgqVnE85Hk,True,False,False,False,False
52,2026 Great American Getaway 400,2026-06-14,M8-I5yop0DI,NASCAR Cup Series 2025: The Great American Getaway 400 | EXTENDED HIGHLIGHTS | Motorsports on NBC,Motorsports on NBC,2025-06-23T01:14:04Z,137411,2080,124,PT15M6S,https://youtube.com/watch?v=M8-I5yop0DI,False,False,False,False,False
52,2026 Great American Getaway 400,2026-06-14,HtdOyMJ-3ro,NASCAR&#39;s $1 MILLION Bracket Is Finally Set... And It&#39;s INSANE!,Nascar Speedzone,2026-06-15T18:00:39Z,349,3,1,PT8M17S,https://youtube.com/watch?v=HtdOyMJ-3ro,False,False,False,False,False
52,2026 Great American Getaway 400,2026-06-14,Ky08-4PHm7Q,2026 Great American Getaway 400 Breakdown,Retro Motor Vibes - Andrew Kim,2026-06-15T00:15:04Z,3,0,0,PT6M42S,https://youtube.com/watch?v=Ky08-4PHm7Q,False,False,False,False,False
52,2026 Great American Getaway 400,2026-06-14,PP9z6jPSujk,NASCAR ERUPTS! Drivers TURN on Denny Hamlin Over CHEATING Scandal!,Gear Glance,2026-06-26T23:00:04Z,83,2,0,PT13M20S,https://youtube.com/watch?v=PP9z6jPSujk,True,False,False,False,False
52,2026 Great American Getaway 400,2026-06-14,7mVL-Xycsvk,What Drivers Said After Pocono | 2026 NASCAR Cup Series,NASCAR,2026-06-14T21:11:13Z,52717,984,214,PT15M13S,https://youtube.com/watch?v=7mVL-Xycsvk,False,False,False,False,False
52,2026 Great American Getaway 400,2026-06-14,d0wVfnw4j_s,&#39;Tricky Triangle&#39; Lives Up To Its Name at Pocono | NASCAR Cup Series Official Extended Highlights,NASCAR,2025-06-23T00:29:48Z,233000,2953,142,PT15M46S,https://youtube.com/watch?v=d0wVfnw4j_s,False,False,False,False,False
52,2026 Great American Getaway 400,2026-06-14,OLQaKJKhEw8,WILQ&#39;s Ted Bennett Talks with NASCAR Drive Ross Chastain,Backyard Broadcasting,2026-04-13T14:59:40Z,1,0,0,PT9M50S,https://youtube.com/watch?v=OLQaKJKhEw8,False,False,False,False,True
52,2026 Great American Getaway 400,2026-06-14,5yHquT3wvBQ,PAYBACK at Pocono! | NASCAR Pocono Race Review &amp; Analysis,Eric Estepp,2022-07-24T23:49:45Z,39700,1922,601,PT8M39S,https://youtube.com/watch?v=5yHquT3wvBQ,False,False,False,False,False
52,2026 Great American Getaway 400,2026-06-14,om5U4t-juzI,Kyle Larson BREAKS Silence After Controversial NASCAR Punishment,NASCARGO,2026-06-19T20:54:44Z,163,0,0,PT8M40S,https://youtube.com/watch?v=om5U4t-juzI,False,False,False,False,False
52,2026 Great American Getaway 400,2026-06-14,OOfy2uCAi0w,5 OF 10 NASCAR CUP SERIES RACE AT POCONO #MOTORSPORTS #NASCAR ,🏁🏆Randall Harrell Racing RC channel and more,2026-06-14T22:18:24Z,1,0,0,PT6M22S,https://youtube.com/watch?v=OOfy2uCAi0w,False,False,False,False,False
52,2026 Great American Getaway 400,2026-06-14,I-bA-mIYhPQ,PART 8 OF 10 NASCAR CUP SERIES RACE AT POCONO #MOTORSPORTS #NASCAR ,🏁🏆Randall Harrell Racing RC channel and more,2026-06-15T02:20:48Z,0,0,0,PT8M36S,https://youtube.com/watch?v=I-bA-mIYhPQ,False,False,False,False,False
52,2026 Great American Getaway 400,2026-06-14,gtqxU8WaTl4,NASCAR Official Extended Highlights | NASCAR Cup Series from Pocono Raceway,NASCAR,2024-07-14T22:28:57Z,150456,1899,139,PT12M52S,https://youtube.com/watch?v=gtqxU8WaTl4,False,False,False,False,False
52,2026 Great American Getaway 400,2026-06-14,xEuBmadbbNQ,Pocono Raceway (6-22-25): NASCAR Cup Series The Great American Getaway 400,Steven Curry,2025-07-02T04:49:01Z,121,2,0,PT14M58S,https://youtube.com/watch?v=xEuBmadbbNQ,False,False,False,False,False
52,2026 Great American Getaway 400,2026-06-14,KmZztvjkl_E,"Bell Talks Injury, Racing with One Hand + Allgaier Wins Caution Filled Pocono Race",Braking Bob,2026-06-14T00:39:31Z,308,16,0,PT9M55S,https://youtube.com/watch?v=KmZztvjkl_E,False,False,False,False,False
52,2026 Great American Getaway 400,2026-06-14,XAXNOY_w8fM,NASCAR Cup Series 2026: Pocono Raceway | EXTENDED HIGHLIGHTS | Motorsports on NBC,Motorsports on NBC,2026-06-14T22:05:22Z,32884,592,40,PT15M13S,https://youtube.com/watch?v=XAXNOY_w8fM,False,False,False,False,False
52,2026 Great American Getaway 400,2026-06-14,14rxkXbZtAM,[NASCAR] 2026 Great American Getaway 400 Team Radio Highlights | Pocono Raceway,ZAMZAM BROTHERS,2026-06-21T01:25:21Z,10,1,0,PT8M12S,https://youtube.com/watch?v=14rxkXbZtAM,False,False,False,False,False
52,2026 Great American Getaway 400,2026-06-14,36qErzK7bOw,2026 NASCAR Cup Series The Great American Getaway 400 @ Pocono Race Reactions,H Gamerboy815,2026-06-15T02:00:12Z,70,3,1,PT14M20S,https://youtube.com/watch?v=36qErzK7bOw,False,False,False,False,False
52,2026 Great American Getaway 400,2026-06-14,M8-I5yop0DI,NASCAR Cup Series 2025: The Great American Getaway 400 | EXTENDED HIGHLIGHTS | Motorsports on NBC,Motorsports on NBC,2025-06-23T01:14:04Z,137411,2080,124,PT15M6S,https://youtube.com/watch?v=M8-I5yop0DI,False,False,False,False,False
52,2026 Great American Getaway 400,2026-06-14,zhA0UOQDI-s,2026 Great American Getaway 400 at POCONO | STARTING LINEUP,KEMMO,2026-06-14T02:23:30Z,15025,232,18,PT6M4S,https://youtube.com/watch?v=zhA0UOQDI-s,False,False,False,False,False
52,2026 Great American Getaway 400,2026-06-14,MyvxAP0o1tw,2026 NASCAR Pocono Race Preview,Calvin Fuller,2026-06-10T22:00:29Z,54,3,4,PT7M55S,https://youtube.com/watch?v=MyvxAP0o1tw,False,False,False,False,False
52,2026 Great American Getaway 400,2026-06-14,aJyihNw5yoE,Brad Keselowski Just Exposed NASCAR&#39;s Biggest Problem After Pocono!,NASCAR Nation Times,2026-06-16T21:36:51Z,146,1,1,PT8M3S,https://youtube.com/watch?v=aJyihNw5yoE,False,False,False,True,False
52,2026 Great American Getaway 400,2026-06-14,WHzaiKWtNFs,Brad Keselowski Just Exposed the Most Brutal Moment of the Race!,Nascar Speedzone,2026-06-15T16:02:32Z,1044,9,0,PT8M22S,https://youtube.com/watch?v=WHzaiKWtNFs,False,False,False,True,False
52,2026 Great American Getaway 400,2026-06-14,F6Pl2PMnRlg,Reddick&#39;s Lead is COLLAPSING and Nobody&#39;s Talking About It,SPORTSWIRE USA,2026-06-16T09:57:24Z,45,0,1,PT6M23S,https://youtube.com/watch?v=F6Pl2PMnRlg,False,False,False,False,False
52,2026 Great American Getaway 400,2026-06-14,uNR7bMhCWTs,NASCAR Cup Series The Great American Getaway 400 Race Reaction!,GibbsFanDom54,2026-06-14T21:59:52Z,39,0,0,PT8M56S,https://youtube.com/watch?v=uNR7bMhCWTs,False,False,False,False,False
53,2026 Anduril 250,2026-06-21,DQG1pnPBeac,Smith starts from fourth for the Anduril 250,Noah Reed Reports,2026-06-20T22:01:54Z,158,3,0,PT5M9S,https://youtube.com/watch?v=DQG1pnPBeac,False,False,False,False,False
53,2026 Anduril 250,2026-06-21,afUOF04_n5Y,Keselowski SLAMS the Wall — Is San Diego TOO DANGEROUS for NASCAR?,SPORTSWIRE USA,2026-06-20T09:14:49Z,4691,13,11,PT4M30S,https://youtube.com/watch?v=afUOF04_n5Y,False,False,False,True,False
53,2026 Anduril 250,2026-06-21,qtA7In_3On8,First Laps Of Race + Austin Dillon Spin: 2026 Anduril 250 at Naval Base Coronado,ThatNASCARGuy,2026-06-21T20:39:47Z,8451,56,4,PT5M3S,https://youtube.com/watch?v=qtA7In_3On8,False,False,False,False,False
53,2026 Anduril 250,2026-06-21,kE3l8HgxoZU,Massive Crash Ends SVG &amp; Others&#39; Day at Naval Base Coronado | 2026 NASCAR Cup Series,NASCAR,2026-06-22T00:25:33Z,76703,874,205,PT5M44S,https://youtube.com/watch?v=kE3l8HgxoZU,False,False,False,False,False
53,2026 Anduril 250,2026-06-21,PDJSpfQb8Lo,Shane van Gisbergen goes FURIOUS on Austin Hill After San Diego CHAOS!,NASCAR Spotlight ,2026-06-26T19:08:22Z,217,5,0,PT9M56S,https://youtube.com/watch?v=PDJSpfQb8Lo,False,False,False,False,False
53,2026 Anduril 250,2026-06-21,tuOb_jGSzUE,What Drivers Said After Naval Base Coronado | 2026 NASCAR Cup Series,NASCAR,2026-06-22T01:51:56Z,87237,1487,265,PT11M56S,https://youtube.com/watch?v=tuOb_jGSzUE,False,False,False,False,False
53,2026 Anduril 250,2026-06-21,NfHBS43ufLI,Every Angle of Naval Base Coronado&#39;s HUGE 23-Car Wreck | 2026 NASCAR O&#39;Reilly Auto Parts Series,NASCAR,2026-06-21T01:52:59Z,277152,2753,507,PT9M21S,https://youtube.com/watch?v=NfHBS43ufLI,False,False,False,False,False
53,2026 Anduril 250,2026-06-21,9nYbh74acHc,Shane van Gisbergen goes FURIOUS on Austin Hill After San Diego CHAOS!,NASCAR NewsLine,2026-06-22T18:26:57Z,24099,161,28,PT8M14S,https://youtube.com/watch?v=9nYbh74acHc,False,False,False,False,False
53,2026 Anduril 250,2026-06-21,XRKh3l8-Yg4,Kyle Busch &amp; Family Honored in San Diego Win by Austin Hill,Peter Stratta,2026-06-22T01:46:59Z,109,1,0,PT5M8S,https://youtube.com/watch?v=XRKh3l8-Yg4,False,True,False,False,False
53,2026 Anduril 250,2026-06-21,SfcE9zHEKj8,RCR WINS AGAIN! Austin Hill&#39;s EMOTIONAL Tribute to Kyle Busch SHOCKS NASCAR,NASCAR Nation News,2026-06-22T08:45:58Z,220,8,0,PT6M3S,https://youtube.com/watch?v=SfcE9zHEKj8,False,True,False,False,False
53,2026 Anduril 250,2026-06-21,-xoWLnqRZUM,Shane van Gisbergen GOES OFF on Austin Hill After San Diego NIGHTMARE CRASH!,Nascar Speedzone,2026-06-22T16:06:38Z,21269,213,129,PT8M1S,https://youtube.com/watch?v=-xoWLnqRZUM,False,False,False,False,False
53,2026 Anduril 250,2026-06-21,tqMxlMKTt58,MY 2026 NASCAR PREDICTIONS 🏁,Railroad Racer 49 2005,2026-01-30T19:17:30Z,171,3,1,PT10M52S,https://youtube.com/watch?v=tqMxlMKTt58,False,False,False,False,False
53,2026 Anduril 250,2026-06-21,974qlUSMoko,NASCAR Cup Series 2026: Naval Base Coronado | EXTENDED HIGHLIGHTS | Motorsports on NBC,Motorsports on NBC,2026-06-22T01:29:00Z,55012,906,122,PT15M16S,https://youtube.com/watch?v=974qlUSMoko,False,False,False,False,False
53,2026 Anduril 250,2026-06-21,tuOb_jGSzUE,What Drivers Said After Naval Base Coronado | 2026 NASCAR Cup Series,NASCAR,2026-06-22T01:51:56Z,87237,1487,265,PT11M56S,https://youtube.com/watch?v=tuOb_jGSzUE,False,False,False,False,False
53,2026 Anduril 250,2026-06-21,SLTw1TeP_EE,"NASCAR race coming to San Diego, CA | Full Interview with driver Ross Chastain",CBS 8 San Diego,2025-10-10T20:31:56Z,584,9,3,PT7M46S,https://youtube.com/watch?v=SLTw1TeP_EE,False,False,False,False,True
53,2026 Anduril 250,2026-06-21,1FYqpTeIb5o,Shane Van Gisbergen Drops URGENT Warning About NASCAR&#39;s Craziest Track Yet,NASCAR Nation News,2026-06-17T08:49:44Z,1526,28,2,PT5M22S,https://youtube.com/watch?v=1FYqpTeIb5o,False,False,False,False,False
53,2026 Anduril 250,2026-06-21,Prn8Sx0iNO8,The 2026 NASCAR Leak: Why SVG and Zilisch are the New Power Couple.,NASCAR Nation Decoded,2026-06-13T16:01:21Z,3102,54,4,PT10M33S,https://youtube.com/watch?v=Prn8Sx0iNO8,False,False,False,False,False
53,2026 Anduril 250,2026-06-21,L0iQDmoVSCI,What Started Gragson &amp; Magnussen&#39;s Wild Argument? | NASCAR,NASCAR,2026-06-22T20:56:33Z,444959,5979,2037,PT7M31S,https://youtube.com/watch?v=L0iQDmoVSCI,False,False,False,False,False
53,2026 Anduril 250,2026-06-21,lO-AIjMkEAk,NASCAR To San Diego In 2026,Daniel Kriete,2025-07-23T15:27:25Z,569,36,10,PT9M47S,https://youtube.com/watch?v=lO-AIjMkEAk,False,False,False,False,False
53,2026 Anduril 250,2026-06-21,Et5850sWNaw,NASCAR is in SHOCK — SVG&#39;s Hidden Technique Just Got EXPOSED and the Garage is FURIOUS,Inside Nascar Report,2026-07-01T18:05:03Z,489,8,0,PT14M44S,https://youtube.com/watch?v=Et5850sWNaw,False,False,False,False,False
53,2026 Anduril 250,2026-06-21,wcN3mCPnPVY,Why NASCAR&#39;s Silly Season Isn&#39;t as Silly + SVG or the Field for San Diego? Weekend Preview,Braking Bob,2026-06-18T18:36:10Z,1047,33,1,PT10M42S,https://youtube.com/watch?v=wcN3mCPnPVY,False,False,False,False,False
53,2026 Anduril 250,2026-06-21,6mgiIrp4zvo,Ep. 46 - NASCAR Speedweek and Daytona 500 Preview + All 2026 F1 Liveries Revealed,Throttle to the Floor Podcast,2026-02-11T04:02:46Z,46,0,0,PT15M27S,https://youtube.com/watch?v=6mgiIrp4zvo,False,False,False,False,False
53,2026 Anduril 250,2026-06-21,lZRmhv4Fv-8,NASCAR ANDURIL 250,Dave Boucher,2026-06-21T20:33:40Z,400,2,1,PT5M2S,https://youtube.com/watch?v=lZRmhv4Fv-8,False,False,False,False,False
53,2026 Anduril 250,2026-06-21,pWKo7MX7Rlo,NASCAR Cup Series Anduril 250 at San Diego first 3 laps reaction #100kcams #USA250 #NASCARUnites,Ryan Hector,2026-06-21T20:51:30Z,553,4,0,PT7M29S,https://youtube.com/watch?v=pWKo7MX7Rlo,False,False,False,False,False
53,2026 Anduril 250,2026-06-21,974qlUSMoko,NASCAR Cup Series 2026: Naval Base Coronado | EXTENDED HIGHLIGHTS | Motorsports on NBC,Motorsports on NBC,2026-06-22T01:29:00Z,55012,906,122,PT15M16S,https://youtube.com/watch?v=974qlUSMoko,False,False,False,False,False
53,2026 Anduril 250,2026-06-21,ANgEve5ryyU,2026 Anduril 250 Race the Base Starting Grid,Kevin Valdez,2026-06-21T03:32:26Z,362,6,3,PT4M46S,https://youtube.com/watch?v=ANgEve5ryyU,False,False,False,False,False
53,2026 Anduril 250,2026-06-21,ERFawwMIfto,NASCAR Radioactive | 2026 Michigan International Speedway,NASCAR,2026-06-09T21:00:31Z,115217,2261,244,PT7M47S,https://youtube.com/watch?v=ERFawwMIfto,False,False,False,False,False
53,2026 Anduril 250,2026-06-21,RVyMlVwGlbA,10 Most Anticipated NASCAR Races of 2026,The Iceberg,2026-01-02T22:50:31Z,16194,713,166,PT10M35S,https://youtube.com/watch?v=RVyMlVwGlbA,False,False,False,False,False
53,2026 Anduril 250,2026-06-21,rlbmQWEMu1I,4 MASSIVE Reasons Michigan Could Change NASCAR&#39;s Entire Season!,NASCAR NewsLine,2026-06-04T15:58:41Z,414,5,0,PT8M2S,https://youtube.com/watch?v=rlbmQWEMu1I,False,False,False,False,False
53,2026 Anduril 250,2026-06-21,s8uTPzlShe4,Big crash Nascar coronado naval base oreily series saturday 6/20/26 ,Davey51,2026-06-20T23:57:39Z,3186,31,1,PT5M34S,https://youtube.com/watch?v=s8uTPzlShe4,False,False,False,False,False
53,2026 Anduril 250,2026-06-21,Cf_ht83yBwk,2026 NASCAR Sonoma Race Preview,Calvin Fuller,2026-06-24T22:00:31Z,88,6,4,PT8M19S,https://youtube.com/watch?v=Cf_ht83yBwk,False,False,False,False,False
53,2026 Anduril 250,2026-06-21,afUOF04_n5Y,Keselowski SLAMS the Wall — Is San Diego TOO DANGEROUS for NASCAR?,SPORTSWIRE USA,2026-06-20T09:14:49Z,4691,13,11,PT4M30S,https://youtube.com/watch?v=afUOF04_n5Y,False,False,False,True,False
1,2025 Daytona 500,2025-02-16,hFBjkb_TjVQ,Dramatic Final Laps Decide the Daytona 500 | 2026 NASCAR Cup Series,NASCAR,2026-02-15T23:17:43Z,610869,5286,504,,https://youtube.com/watch?v=hFBjkb_TjVQ,False,False,False,False,False
1,2025 Daytona 500,2025-02-16,fy8eGJ7qzMc,2026 Daytona 500 | NASCAR Cup Series Extended Highlights,NASCAR,2026-02-15T22:58:22Z,687124,9268,756,,https://youtube.com/watch?v=fy8eGJ7qzMc,False,False,False,False,False
1,2025 Daytona 500,2025-02-16,xUWajD7knVo,NASCAR Cup Series 2026: 68th Daytona 500 | EXTENDED HIGHLIGHTS | 2/15/26 | Motorsports on NBC,Motorsports on NBC,2026-02-16T00:08:46Z,40560,727,38,,https://youtube.com/watch?v=xUWajD7knVo,False,False,False,False,False
1,2025 Daytona 500,2025-02-16,Cc3rFa2VdrI,2025 Daytona 500 Highlights | NASCAR Cup Series on FOX,NASCAR on FOX,2025-02-17T02:45:53Z,1241360,13432,2684,,https://youtube.com/watch?v=Cc3rFa2VdrI,False,False,False,False,False
1,2025 Daytona 500,2025-02-16,LKEgYo8AMZE,NASCAR Radioactive | 2026 Daytona 500,NASCAR,2026-02-17T23:07:29Z,119260,3624,165,,https://youtube.com/watch?v=LKEgYo8AMZE,False,False,False,False,False
1,2025 Daytona 500,2025-02-16,6wQERuqE_No,Playoffs or Bust at Daytona | 2025 NASCAR Cup Series Extended Highlights,NASCAR,2025-08-24T03:49:34Z,564173,6506,336,,https://youtube.com/watch?v=6wQERuqE_No,False,False,False,False,False
1,2025 Daytona 500,2025-02-16,huhqEyfAI8I,Final 10 Laps of Daytona 500 🏁,NASCAR on FOX,2026-02-15T22:59:31Z,425152,3013,336,,https://youtube.com/watch?v=huhqEyfAI8I,False,False,False,False,False
1,2025 Daytona 500,2025-02-16,_COkWlsCzFs,NASCAR Cup Series 2025: Coke Zero Sugar 400 | EXTENDED HIGHLIGHTS | Motorsports on NBC,Motorsports on NBC,2025-08-24T04:26:09Z,180639,2406,159,,https://youtube.com/watch?v=_COkWlsCzFs,False,False,False,False,False
1,2025 Daytona 500,2025-02-16,czfUUubjngE,NAIL-BITING Final Laps Decide Playoff Field | 2025 NASCAR Cup Series at Daytona,NASCAR,2025-08-24T03:40:30Z,377327,1631,84,,https://youtube.com/watch?v=czfUUubjngE,False,False,False,False,False
1,2025 Daytona 500,2025-02-16,9Ex3QrNF6m0,NASCAR Cup Series 2025: 67th Daytona 500 | EXTENDED HIGHLIGHTS | 2/16/25 | Motorsports on NBC,Motorsports on NBC,2025-02-17T04:29:18Z,146407,2251,244,,https://youtube.com/watch?v=9Ex3QrNF6m0,False,False,False,False,False
2,2025 Ambetter Health 400,2025-02-23,Jy_N2CZlg8M,"NASCAR Cup Series 2026: Autotrader 400, EchoPark Speedway | EXTENDED HIGHLIGHTS | Motorsports on NBC",Motorsports on NBC,2026-02-23T01:59:19Z,121283,1952,153,,https://youtube.com/watch?v=Jy_N2CZlg8M,False,False,False,False,False
2,2025 Ambetter Health 400,2025-02-23,7m7Olypyba8,Final Laps: Overtime MADNESS Decides Atlanta | 2026 NASCAR Cup Series,NASCAR,2026-02-23T00:19:15Z,133771,1237,225,,https://youtube.com/watch?v=7m7Olypyba8,False,False,False,False,False
2,2025 Ambetter Health 400,2025-02-23,4-XSPKcieYo,Inside Carson Hocevar’s Bold Atlanta Moves | NASCAR,NASCAR,2026-02-23T22:36:46Z,52211,608,245,,https://youtube.com/watch?v=4-XSPKcieYo,False,False,False,False,False
2,2025 Ambetter Health 400,2025-02-23,4J7gcQ7w0Rs,&quot;We’re All Wrecked&quot; in Atlanta | NASCAR Radioactive from EchoPark Speedway,NASCAR,2025-07-01T20:34:10Z,54879,1292,96,,https://youtube.com/watch?v=4J7gcQ7w0Rs,False,False,False,False,False
2,2025 Ambetter Health 400,2025-02-23,hhsP9f7CkzI,NASCAR Cup Series: Coca-Cola 600 in Charlotte Highlights | NASCAR on FOX,NASCAR on FOX,2023-05-30T01:53:52Z,86679,1191,101,,https://youtube.com/watch?v=hhsP9f7CkzI,False,False,False,False,False
3,2025 EchoPark Automotive Grand Prix,2025-03-02,7kUplJ69E7M,Final 10 Laps: Chase Elliott Breaks Through in Atlanta | 2025 NASCAR Cup Series at EchoPark Speedway,NASCAR,2025-06-29T12:30:08Z,224108,2213,187,,https://youtube.com/watch?v=7kUplJ69E7M,False,False,False,False,False
3,2025 EchoPark Automotive Grand Prix,2025-03-02,RoV5gSrcFD8,"Wrecks, Drama, and a Last-Lap Pass in Atlanta | NASCAR Cup Series Official Extended Highlights",NASCAR,2025-06-29T04:05:41Z,652778,6080,736,,https://youtube.com/watch?v=RoV5gSrcFD8,False,False,False,False,False
3,2025 EchoPark Automotive Grand Prix,2025-03-02,peOrAd5ipF4,NASCAR Cup Series 2025: EchoPark Automotive GP | EXTENDED HIGHLIGHTS | 3/2/25 | Motorsports on NBC,Motorsports on NBC,2025-03-03T01:01:52Z,109681,1809,140,,https://youtube.com/watch?v=peOrAd5ipF4,False,False,False,False,False
3,2025 EchoPark Automotive Grand Prix,2025-03-02,Jy_N2CZlg8M,"NASCAR Cup Series 2026: Autotrader 400, EchoPark Speedway | EXTENDED HIGHLIGHTS | Motorsports on NBC",Motorsports on NBC,2026-02-23T01:59:19Z,121283,1952,153,,https://youtube.com/watch?v=Jy_N2CZlg8M,False,False,False,False,False
3,2025 EchoPark Automotive Grand Prix,2025-03-02,cGKbNxkqkUs,"NASCAR Cup Series 2026: EchoPark Speedway, Atlanta | Extended Highlights | Motorsports on NBC",Motorsports on NBC,2026-07-13T06:51:06Z,84325,1567,90,,https://youtube.com/watch?v=cGKbNxkqkUs,False,False,False,False,False
3,2025 EchoPark Automotive Grand Prix,2025-03-02,1ibNjrPzPbY,NASCAR Cup Series 2025: Quaker State 400 | EXTENDED HIGHLIGHTS | Motorsports on NBC,Motorsports on NBC,2025-06-29T04:34:01Z,214042,2844,197,,https://youtube.com/watch?v=1ibNjrPzPbY,False,False,False,False,False
3,2025 EchoPark Automotive Grand Prix,2025-03-02,snNvlY8pxSk,NASCAR Cup Series 2025: Ambetter Health 400 | EXTENDED HIGHLIGHTS | 2/23/25 | Motorsports on NBC,Motorsports on NBC,2025-02-24T00:43:11Z,174206,2816,383,,https://youtube.com/watch?v=snNvlY8pxSk,False,False,False,False,False
3,2025 EchoPark Automotive Grand Prix,2025-03-02,Q50U5nYuoOQ,NASCAR Radioactive | 2026 EchoPark Speedway at Atlanta,NASCAR,2026-02-24T22:45:07Z,87633,2211,164,,https://youtube.com/watch?v=Q50U5nYuoOQ,False,False,False,False,False
3,2025 EchoPark Automotive Grand Prix,2025-03-02,KvXFuJyvHfg,NASCAR Cup Series 2026: Circuit of the Americas | EXTENDED HIGHLIGHTS | Motorsports on NBC,Motorsports on NBC,2026-03-02T00:58:52Z,57328,1024,53,,https://youtube.com/watch?v=KvXFuJyvHfg,False,False,False,False,False
3,2025 EchoPark Automotive Grand Prix,2025-03-02,4J7gcQ7w0Rs,&quot;We’re All Wrecked&quot; in Atlanta | NASCAR Radioactive from EchoPark Speedway,NASCAR,2025-07-01T20:34:10Z,54879,1292,96,,https://youtube.com/watch?v=4J7gcQ7w0Rs,False,False,False,False,False
4,2025 Shriners Childrens 500,2025-03-09,JaY2IFZ359M,NASCAR Cup Series 2026: Phoenix Raceway | EXTENDED HIGHLIGHTS | Motorsports on NBC,Motorsports on NBC,2026-03-09T00:52:24Z,82184,1314,63,,https://youtube.com/watch?v=JaY2IFZ359M,False,False,False,False,False
5,2025 Pennzoil 400,2025-03-16,hKsNXFB_8V4,NASCAR Cup Series 2025: Pennzoil 400 | EXTENDED HIGHLIGHTS | 3/16/25 | Motorsports on NBC,Motorsports on NBC,2025-03-16T23:54:59Z,150337,2662,143,,https://youtube.com/watch?v=hKsNXFB_8V4,False,False,False,False,False
5,2025 Pennzoil 400,2025-03-16,QiPbZV4zRpo,NASCAR Cup Series Highlights | 2026 Las Vegas Motor Speedway,NASCAR,2026-03-15T23:11:28Z,197954,3690,252,,https://youtube.com/watch?v=QiPbZV4zRpo,False,False,False,False,False
5,2025 Pennzoil 400,2025-03-16,7bUaXbZRDr0,NASCAR Cup Series 2026: Las Vegas Motor Speedway | EXTENDED HIGHLIGHTS | Motorsports on NBC,Motorsports on NBC,2026-03-16T00:12:38Z,76273,1240,59,,https://youtube.com/watch?v=7bUaXbZRDr0,False,False,False,False,False
5,2025 Pennzoil 400,2025-03-16,C_1tdKW9bJo,Kyle Larson and Bubba Wallace FIGHT after wreck at Las Vegas | NASCAR ON FOX HIGHLIGHTS,NASCAR on FOX,2022-10-16T22:09:52Z,1068364,5836,4917,,https://youtube.com/watch?v=C_1tdKW9bJo,False,False,False,False,False
5,2025 Pennzoil 400,2025-03-16,Ranq4btvp2c,NASCAR RaceDay | 2026 Pennzoil 400 at Las Vegas Preview,JettMDK,2026-03-15T17:31:31Z,20507,149,24,,https://youtube.com/watch?v=Ranq4btvp2c,False,False,False,False,False
5,2025 Pennzoil 400,2025-03-16,IJSRDo-XEnw,"Kyle Larson, Chase Briscoe and more Post-Race Interviews after The Liuna! 🎤 NASCAR on FOX",NASCAR on FOX,2026-03-15T00:47:01Z,22587,278,17,,https://youtube.com/watch?v=IJSRDo-XEnw,False,False,False,False,False
5,2025 Pennzoil 400,2025-03-16,gS99qLcixaA,"Every Kyle Busch Wreck, Spin, and Incident in 2025",JDBostonFan8,2025-11-06T23:58:26Z,1411,41,19,,https://youtube.com/watch?v=gS99qLcixaA,False,True,False,False,False
5,2025 Pennzoil 400,2025-03-16,qum436j_p2Y,RIP Kyle Busch,Fabrizio Binotto,2026-05-22T19:00:06Z,168,11,2,,https://youtube.com/watch?v=qum436j_p2Y,False,True,False,False,False
5,2025 Pennzoil 400,2025-03-16,_LpXW5_0hSg,All of Kyle Busch’s Wins in the 2020s,Just an Average Autistic Fan,2026-07-03T20:34:59Z,0,1,0,,https://youtube.com/watch?v=_LpXW5_0hSg,False,True,False,False,False
5,2025 Pennzoil 400,2025-03-16,fupjMr8iI70,Hamlin Family’s Emotional Reaction to Denny’s Win | 2026 NASCAR Cup Series at Las Vegas,NASCAR,2026-03-15T23:24:39Z,46172,981,122,,https://youtube.com/watch?v=fupjMr8iI70,True,False,False,False,False
6,2025 Straight Talk Wireless 400,2025-03-23,WDq41gGHZU4,NASCAR Cup Series: Straight Talk Wireless 400 Highlights | NASCAR on FOX,NASCAR on FOX,2025-03-23T22:34:24Z,159350,2927,232,,https://youtube.com/watch?v=WDq41gGHZU4,False,False,False,False,False
6,2025 Straight Talk Wireless 400,2025-03-23,JaY2IFZ359M,NASCAR Cup Series 2026: Phoenix Raceway | EXTENDED HIGHLIGHTS | Motorsports on NBC,Motorsports on NBC,2026-03-09T00:52:24Z,82185,1314,63,,https://youtube.com/watch?v=JaY2IFZ359M,False,False,False,False,False
6,2025 Straight Talk Wireless 400,2025-03-23,d5WJsX4H7D4,Homestead To Host 2026 NASCAR Championship?,SpeedFreaks,2025-03-25T20:50:47Z,96,6,0,,https://youtube.com/watch?v=d5WJsX4H7D4,False,False,False,False,False
6,2025 Straight Talk Wireless 400,2025-03-23,eVNKxFxzNss,Homestead-Miami Speedway To Host Championship Race In 2026,Daniel Kriete,2025-04-21T12:47:57Z,496,32,22,,https://youtube.com/watch?v=eVNKxFxzNss,False,False,False,False,False
6,2025 Straight Talk Wireless 400,2025-03-23,W1cfLjS5a0Y,The Rules of NASCAR Racing - EXPLAINED!,Ninh Ly,2018-09-08T19:00:01Z,313470,7602,795,,https://youtube.com/watch?v=W1cfLjS5a0Y,False,False,False,False,False
6,2025 Straight Talk Wireless 400,2025-03-23,UW6XwEfYLdI,"Redemption for Larson, Blaney Blows Up &amp; Homestead&#39;s Championship Future? | Homestead Race Recap",Braking Bob,2025-03-23T23:58:13Z,202,14,1,,https://youtube.com/watch?v=UW6XwEfYLdI,False,False,False,False,False
7,2025 Cook Out 400,2025-03-30,7FHzTw0wSsY,NASCAR Cup Series Cook Out 400 Race Reaction!,GibbsFanDom54,2026-08-16T13:25:33Z,5,0,0,,https://youtube.com/watch?v=7FHzTw0wSsY,False,False,False,False,False
7,2025 Cook Out 400,2025-03-30,2ywAiF7C0Hw,NASCAR Cook Out 400 Richmond Live Stream |2026 NASCAR Cup Series - Full Race,Real LIve Stream,2026-08-15T23:30:13Z,54,1,0,,https://youtube.com/watch?v=2ywAiF7C0Hw,False,False,False,False,False
7,2025 Cook Out 400,2025-03-30,0_8ZYVdOyMI,2026 NASCAR Radioactive | Cook Out Clash at Bowman Gray,NASCAR,2026-02-06T22:00:01Z,139002,2638,188,,https://youtube.com/watch?v=0_8ZYVdOyMI,False,False,False,False,False
7,2025 Cook Out 400,2025-03-30,BoqPkJkUbKo,2026 Cook Out 400 at MARTINSVILLE | STARTING LINEUP,KEMMO,2026-03-29T00:38:01Z,21355,319,20,,https://youtube.com/watch?v=BoqPkJkUbKo,False,False,False,False,False
7,2025 Cook Out 400,2025-03-30,jZTFZ4huiLM,NASCAR Radioactive | 2026 Martinsville Speedway,NASCAR,2026-03-31T21:00:29Z,74071,1733,149,,https://youtube.com/watch?v=jZTFZ4huiLM,False,False,False,False,False
7,2025 Cook Out 400,2025-03-30,Ad3X1h5I5Sw,Tearful Daniel Suárez Honors Kyle Busch in Coca-Cola 600 Win | 2026 NASCAR Cup Series,NASCAR,2026-05-25T04:01:18Z,169405,2940,315,,https://youtube.com/watch?v=Ad3X1h5I5Sw,False,True,False,False,False
7,2025 Cook Out 400,2025-03-30,ellq3IqisaQ,INSANE Finish at Martinsville! | 2026 NASCAR Cup Series Highlights,Naccar World,2026-04-13T07:24:34Z,5,0,0,,https://youtube.com/watch?v=ellq3IqisaQ,False,False,False,False,False
7,2025 Cook Out 400,2025-03-30,U26rkP7LWSA,NASCAR Cup Series 2026: Martinsville Speedway | EXTENDED HIGHLIGHTS | Motorsports on NBC,Motorsports on NBC,2026-03-30T01:29:18Z,52423,894,68,,https://youtube.com/watch?v=U26rkP7LWSA,False,False,False,False,False
7,2025 Cook Out 400,2025-03-30,c-34_6NRHxo,Kyle Busch’s SHOCKING Reaction to Martinsville Disaster Has Everyone Talking, NASCAR Report Today,2026-04-04T20:06:31Z,8,0,0,,https://youtube.com/watch?v=c-34_6NRHxo,False,True,False,False,False
7,2025 Cook Out 400,2025-03-30,lQ4U38_dhQY,NASCAR Radioactive | 2026 Coca-Cola 600,NASCAR,2026-05-26T21:00:06Z,131603,3743,183,,https://youtube.com/watch?v=lQ4U38_dhQY,False,False,False,False,False
8,2025 Goodyear 400,2025-04-06,HdXfZOgTtjY,NASCAR Radioactive | 2026 Darlington Raceway,NASCAR,2026-03-24T21:00:31Z,77939,1636,140,,https://youtube.com/watch?v=HdXfZOgTtjY,False,False,False,False,False
8,2025 Goodyear 400,2025-04-06,aI17Zg59kiI,NASCAR Cup Series 2026: Darlington Raceway | EXTENDED HIGHLIGHTS | Motorsports on NBC,Motorsports on NBC,2026-03-22T23:43:47Z,105551,1531,70,,https://youtube.com/watch?v=aI17Zg59kiI,False,False,False,False,False
8,2025 Goodyear 400,2025-04-06,5D0geUZZBbc,Darlington Delivers Drama in Playoff Opener | 2025 NASCAR Cup Series Extended Highlights,NASCAR,2025-09-01T02:44:18Z,236051,3345,205,,https://youtube.com/watch?v=5D0geUZZBbc,False,False,False,False,False
8,2025 Goodyear 400,2025-04-06,_z3_q4IZUGM,Drivers rank the best Darlington throwback paint schemes | NASCAR,NASCAR,2023-05-10T23:00:16Z,72287,1407,106,,https://youtube.com/watch?v=_z3_q4IZUGM,False,False,False,False,False
8,2025 Goodyear 400,2025-04-06,6UJaooKB52M,Could A 70s NASCAR Car Win The DAYTONA 500?,THE WIND TUNNEL,2025-02-14T01:16:31Z,1861155,19075,4443,,https://youtube.com/watch?v=6UJaooKB52M,False,False,False,False,False
8,2025 Goodyear 400,2025-04-06,s7AR_q6OqLg,"Tyler Reddick, Michael Jordan, Brad Keselowski &amp; more Post-Race Interviews after Goodyear 400 🏁",NASCAR on FOX,2026-03-22T23:39:19Z,62598,706,92,,https://youtube.com/watch?v=s7AR_q6OqLg,False,False,False,True,False
8,2025 Goodyear 400,2025-04-06,ym4IrwlRxgE,2026 NASCAR Spring Darlington Race Preview,Calvin Fuller,2026-03-18T12:01:47Z,143,7,4,,https://youtube.com/watch?v=ym4IrwlRxgE,False,False,False,False,False
8,2025 Goodyear 400,2025-04-06,AiHXAZ65BjY,NASCAR All-Star Race from North Wilkesboro  | Extended Highlights,NASCAR,2023-05-22T01:47:24Z,144493,1909,322,,https://youtube.com/watch?v=AiHXAZ65BjY,False,False,False,False,False
8,2025 Goodyear 400,2025-04-06,tx_djybuTRk,BILL ELLIOTT CHASE ELLIOTT PRE RACE INTERVIEW - 2022 GOODYEAR 400 NASCAR CUP SERIES AT DARLINGTON,Yeetus McFarland,2022-05-08T19:18:50Z,38108,469,55,,https://youtube.com/watch?v=tx_djybuTRk,False,False,False,False,False
8,2025 Goodyear 400,2025-04-06,hhsP9f7CkzI,NASCAR Cup Series: Coca-Cola 600 in Charlotte Highlights | NASCAR on FOX,NASCAR on FOX,2023-05-30T01:53:52Z,86679,1191,101,,https://youtube.com/watch?v=hhsP9f7CkzI,False,False,False,False,False
9,2025 Food City 500,2025-04-13,hMullmAO0QE,Kyle Busch ERUPTS After Bristol DISASTER — SHOCKING Audio Leak Leaves RCR STUNNED!, NASCAR Report Today,2026-04-18T17:28:53Z,67,0,0,,https://youtube.com/watch?v=hMullmAO0QE,False,True,False,False,False
9,2025 Food City 500,2025-04-13,bqVFkXz20ck,NASCAR Cup Series 2026: Bristol Motor Speedway | EXTENDED HIGHLIGHTS | Motorsports on NBC,Motorsports on NBC,2026-04-12T23:23:30Z,54887,981,57,,https://youtube.com/watch?v=bqVFkXz20ck,False,False,False,False,False
9,2025 Food City 500,2025-04-13,mdbb-phc7js,NASCAR Cup Series at Bristol Dirt | NASCAR ON FOX HIGHLIGHTS,NASCAR on FOX,2022-04-18T04:23:10Z,452127,5850,715,,https://youtube.com/watch?v=mdbb-phc7js,False,False,False,False,False
9,2025 Food City 500,2025-04-13,Dag1GnVHP0s,Kyle Busch HUMILIATED in Multi Car Wreck!,Nascar Speedzone,2026-04-13T16:00:00Z,3481,31,10,,https://youtube.com/watch?v=Dag1GnVHP0s,False,True,False,False,False
9,2025 Food City 500,2025-04-13,zI4fkzk1gIs,Final Laps: Door-to-Door Finish at Bristol Motor Speedway | 2026 NASCAR Cup Series,NASCAR,2026-04-12T22:31:16Z,130261,1127,152,,https://youtube.com/watch?v=zI4fkzk1gIs,False,False,False,False,False
9,2025 Food City 500,2025-04-13,7YBAN6d6rHQ,NASCAR Radioactive | 2026 Bristol Motor Speedway,NASCAR,2026-04-14T21:01:51Z,64962,1461,83,,https://youtube.com/watch?v=7YBAN6d6rHQ,False,False,False,False,False
9,2025 Food City 500,2025-04-13,Y36d-HuCPFo,Kyle Busch SLAMS RCR after Bristol DISASTER as AUDIO LEAK suggests HUGE INTERNAL CONFLICT!,NASCAR Central,2026-04-13T22:00:40Z,18661,353,112,,https://youtube.com/watch?v=Y36d-HuCPFo,False,True,False,False,False
9,2025 Food City 500,2025-04-13,KDwhOlENTJc,NASCAR Craftsman Truck Series Highlights | 2026 Bristol Motor Speedway,NASCAR,2026-04-11T02:51:44Z,86724,1741,178,,https://youtube.com/watch?v=KDwhOlENTJc,False,False,False,False,False
9,2025 Food City 500,2025-04-13,7FHzTw0wSsY,NASCAR Cup Series Cook Out 400 Race Reaction!,GibbsFanDom54,2026-08-16T13:25:33Z,5,0,0,,https://youtube.com/watch?v=7FHzTw0wSsY,False,False,False,False,False
9,2025 Food City 500,2025-04-13,fy8eGJ7qzMc,2026 Daytona 500 | NASCAR Cup Series Extended Highlights,NASCAR,2026-02-15T22:58:22Z,687129,9268,756,,https://youtube.com/watch?v=fy8eGJ7qzMc,False,False,False,False,False
10,2025 Jack Links 500,2025-04-27,Er66JCQlgSY,NASCAR Radioactive | 2026 Talladega Superspeedway,NASCAR,2026-04-28T21:30:01Z,169277,2696,221,,https://youtube.com/watch?v=Er66JCQlgSY,False,False,False,False,False
10,2025 Jack Links 500,2025-04-27,LQ2cUWuHzcM,ALL Angles of the 26-Car Crash at Talladega Superspeedway | 2026 NASCAR Cup Series,NASCAR,2026-04-26T23:24:11Z,143690,1242,185,,https://youtube.com/watch?v=LQ2cUWuHzcM,False,False,False,False,False
10,2025 Jack Links 500,2025-04-27,Le3B400HbWk,Final Laps: First-Time Winner Crowned at Talladega  | 2026 NASCAR Cup Series,NASCAR,2026-04-26T23:11:44Z,129147,1340,190,,https://youtube.com/watch?v=Le3B400HbWk,False,False,False,False,False
10,2025 Jack Links 500,2025-04-27,X3NXeR7qEfk,"Carson Hocevar, Chris Buescher and More after the Jack&#39;s Link 500 at Talladega 🎤 NASCAR on FOX",NASCAR on FOX,2026-04-26T23:33:57Z,79203,1234,102,,https://youtube.com/watch?v=X3NXeR7qEfk,False,False,False,False,False
10,2025 Jack Links 500,2025-04-27,esMJRrlfelc,Carson Hocevar Celebrates First Win with EPIC Burnout | 2026 NASCAR Cup Series,NASCAR,2026-04-26T23:22:19Z,205380,6625,639,,https://youtube.com/watch?v=esMJRrlfelc,False,False,False,False,False
10,2025 Jack Links 500,2025-04-27,uzZMjgC6O6g,2026 Jack Link&#39;s 500 Starting Lineup,Daniel Kriete,2026-04-26T12:28:44Z,293,12,10,,https://youtube.com/watch?v=uzZMjgC6O6g,False,False,False,False,False
10,2025 Jack Links 500,2025-04-27,rw4GaYitftg,"Bubba Wallace, Ryan Blaney, Joey Logano &amp; more involved in &#39;Big One&#39; at Talladega, causing red flag",NASCAR on FOX,2026-04-26T21:35:07Z,418459,3663,1135,,https://youtube.com/watch?v=rw4GaYitftg,False,False,False,False,False
10,2025 Jack Links 500,2025-04-27,epLgbfKSqQ8,Talladega white noise: Seven minutes of uninterrupted sounds from the track,NASCAR,2023-10-02T18:39:46Z,1020066,9968,358,,https://youtube.com/watch?v=epLgbfKSqQ8,False,False,False,False,False
10,2025 Jack Links 500,2025-04-27,_Shz6FogMVA,NASCAR Hits Kaulig Racing With DOUBLE Penalty at Talladega — And Joey Logano DESTROYS Stephen A.,NASCAR REPORT,2026-04-26T16:58:42Z,143,0,0,,https://youtube.com/watch?v=_Shz6FogMVA,False,False,False,False,False
10,2025 Jack Links 500,2025-04-27,WVJKXECP4_w,Talladega ends in wild photo finish | NASCAR Cup Series Extended Highlights,NASCAR,2023-10-01T21:37:10Z,548826,5662,321,,https://youtube.com/watch?v=WVJKXECP4_w,False,False,False,False,False
11,2025 Wurth 400 Presented by LIQUI MOLY,2025-05-04,KDRGUVsqKQQ,NASCAR Cup Series 2026: Würth 400 at Texas Motor Speedway | HIGHLIGHTS | Motorsports on NBC,Motorsports on NBC,2026-05-03T23:54:04Z,42789,564,26,,https://youtube.com/watch?v=KDRGUVsqKQQ,False,False,False,False,False
11,2025 Wurth 400 Presented by LIQUI MOLY,2025-05-04,9sL61Q1vmPo,Brickyard 400 Battle at Indianapolis | 2025 NASCAR Cup Series Extended Highlights,NASCAR,2025-07-27T22:52:44Z,201952,3235,279,,https://youtube.com/watch?v=9sL61Q1vmPo,False,False,False,False,False
11,2025 Wurth 400 Presented by LIQUI MOLY,2025-05-04,0mufmQhZ-do,Kyle Busch Just Made NASCAR Furious!,NASCAR Lounge,2026-05-05T16:02:00Z,272,1,1,,https://youtube.com/watch?v=0mufmQhZ-do,False,True,False,False,False
11,2025 Wurth 400 Presented by LIQUI MOLY,2025-05-04,awv3OGzz36Y,DALE JR  LASHES OUT After NASCAR’s SHOCKING Würth 400 Call!,NASCAR Nation News,2026-05-07T09:55:37Z,21,0,0,,https://youtube.com/watch?v=awv3OGzz36Y,False,False,False,False,False
11,2025 Wurth 400 Presented by LIQUI MOLY,2025-05-04,g4Uy5KI5nQs,Dale Earnhardt Jr CALLS OUT HUGE CONTROVERSY After Texas Race!,NASCAR NewsLine,2026-05-06T18:49:49Z,371,7,1,,https://youtube.com/watch?v=g4Uy5KI5nQs,False,False,False,False,False
11,2025 Wurth 400 Presented by LIQUI MOLY,2025-05-04,_WIA-O8Aef4,2026 Wurth 400 Starting Lineup,Daniel Kriete,2026-05-03T12:28:07Z,225,13,7,,https://youtube.com/watch?v=_WIA-O8Aef4,False,False,False,False,False
11,2025 Wurth 400 Presented by LIQUI MOLY,2025-05-04,awAMyH3fcV0,FINAL LAPS: Chase Elliott outlasts Denny Hamlin to take checkered flag at Würth 400 🏁 NASCAR on FOX,NASCAR on FOX,2026-05-03T22:53:02Z,66406,771,93,,https://youtube.com/watch?v=awAMyH3fcV0,True,False,False,False,False
11,2025 Wurth 400 Presented by LIQUI MOLY,2025-05-04,GXZyRSVW6JI,NASCAR Cup Series 2026 WURTH 400 Preview  - Roberts Sports Show,Roberts Sports Show ,2026-05-03T14:03:53Z,32,2,0,,https://youtube.com/watch?v=GXZyRSVW6JI,False,False,False,False,False
11,2025 Wurth 400 Presented by LIQUI MOLY,2025-05-04,N1iJyiujh2E,&quot;YOU WILL PAY FOR IT! Dale Jr. Warns NASCAR After Controversial Kyle Busch Ruling!&quot;,NASCAR Pulse,2026-05-13T17:15:02Z,0,0,0,,https://youtube.com/watch?v=N1iJyiujh2E,False,True,False,False,False
11,2025 Wurth 400 Presented by LIQUI MOLY,2025-05-04,t_cZrbOvd38,DALE Earnhardt | Jr SLAMS NASCAR OVER Kyle Busch FAVORITISM!,NASCAR HUB,2026-05-09T19:45:01Z,346,4,0,,https://youtube.com/watch?v=t_cZrbOvd38,False,True,False,False,False
12,2025 AdventHealth 400,2025-05-11,wzbRzXYXPP8,"NASCAR Cup Series 2026: AdventHealth 400, Kansas Speedway | EXTENDED HIGHLIGHTS | Motorsports on NBC",Motorsports on NBC,2026-04-19T22:25:55Z,59841,998,54,,https://youtube.com/watch?v=wzbRzXYXPP8,False,False,False,False,False
12,2025 AdventHealth 400,2025-05-11,PeZIbEVHvZA,Reddick &amp; Michael Jordan React to Kansas Thriller | 2026 NASCAR Cup Series,NASCAR,2026-04-19T21:29:26Z,49856,866,162,,https://youtube.com/watch?v=PeZIbEVHvZA,False,False,False,False,False
12,2025 AdventHealth 400,2025-05-11,Jy_N2CZlg8M,"NASCAR Cup Series 2026: Autotrader 400, EchoPark Speedway | EXTENDED HIGHLIGHTS | Motorsports on NBC",Motorsports on NBC,2026-02-23T01:59:19Z,121283,1952,153,,https://youtube.com/watch?v=Jy_N2CZlg8M,False,False,False,False,False
12,2025 AdventHealth 400,2025-05-11,7WrUPzTZVhI,Wildest NASCAR Last-Lap Passes for the Win (Vol. 1),NASCAR,2026-01-06T16:00:19Z,64679,1593,112,,https://youtube.com/watch?v=7WrUPzTZVhI,False,False,False,False,False
12,2025 AdventHealth 400,2025-05-11,WSRUhTgZPQ0,Nose-to-Nose Finish Makes NASCAR History | 2024 Kansas Final Laps,NASCAR,2026-04-16T19:00:24Z,17959,587,50,,https://youtube.com/watch?v=WSRUhTgZPQ0,False,False,False,False,False
12,2025 AdventHealth 400,2025-05-11,VTBqA77xDE4,Kansas Final Laps ERUPT in Overtime | 2026 NASCAR Cup Series,NASCAR,2026-04-19T21:21:04Z,135647,1398,369,,https://youtube.com/watch?v=VTBqA77xDE4,False,False,False,False,False
12,2025 AdventHealth 400,2025-05-11,bqVFkXz20ck,NASCAR Cup Series 2026: Bristol Motor Speedway | EXTENDED HIGHLIGHTS | Motorsports on NBC,Motorsports on NBC,2026-04-12T23:23:30Z,54892,981,57,,https://youtube.com/watch?v=bqVFkXz20ck,False,False,False,False,False
12,2025 AdventHealth 400,2025-05-11,hFBjkb_TjVQ,Dramatic Final Laps Decide the Daytona 500 | 2026 NASCAR Cup Series,NASCAR,2026-02-15T23:17:43Z,610869,5286,504,,https://youtube.com/watch?v=hFBjkb_TjVQ,False,False,False,False,False
12,2025 AdventHealth 400,2025-05-11,Rr2OlelYnps,In-Car: Tyler Reddick’s Daytona 500 Winning Laps | NASCAR,NASCAR,2026-02-16T16:59:16Z,63028,1754,136,,https://youtube.com/watch?v=Rr2OlelYnps,False,False,False,False,False
12,2025 AdventHealth 400,2025-05-11,_z3_q4IZUGM,Drivers rank the best Darlington throwback paint schemes | NASCAR,NASCAR,2023-05-10T23:00:16Z,72287,1407,106,,https://youtube.com/watch?v=_z3_q4IZUGM,False,False,False,False,False
13,2025 Coca-Cola 600,2025-05-25,Yl08L6Y0y3Y,2025 Coca-Cola 600 | NASCAR Official Extended Highlights,NASCAR,2025-05-26T03:36:47Z,461076,5586,360,,https://youtube.com/watch?v=Yl08L6Y0y3Y,False,False,False,False,False
13,2025 Coca-Cola 600,2025-05-25,Ad3X1h5I5Sw,Tearful Daniel Suárez Honors Kyle Busch in Coca-Cola 600 Win | 2026 NASCAR Cup Series,NASCAR,2026-05-25T04:01:18Z,169429,2940,315,,https://youtube.com/watch?v=Ad3X1h5I5Sw,False,True,False,False,False
13,2025 Coca-Cola 600,2025-05-25,lQ4U38_dhQY,NASCAR Radioactive | 2026 Coca-Cola 600,NASCAR,2026-05-26T21:00:06Z,131603,3743,183,,https://youtube.com/watch?v=lQ4U38_dhQY,False,False,False,False,False
13,2025 Coca-Cola 600,2025-05-25,JEWcrBHDpnU,Kyle Busch is GONE — NASCAR Will Never Be the Same,SPORTSWIRE USA,2026-05-22T09:17:40Z,697,14,2,,https://youtube.com/watch?v=JEWcrBHDpnU,False,True,False,False,False
13,2025 Coca-Cola 600,2025-05-25,ybtIBoP80Mw,Remembering Kyle Busch | Full Pre-Race Tribute,NASCAR,2026-05-24T23:00:58Z,807054,14532,1293,,https://youtube.com/watch?v=ybtIBoP80Mw,False,True,False,False,False
13,2025 Coca-Cola 600,2025-05-25,hHHca6Zfi_Y,NASCAR Cup Series 2025: Coca-Cola 600 | EXTENDED HIGHLIGHTS | Motorsports on NBC,Motorsports on NBC,2025-05-26T04:01:23Z,108534,1768,191,,https://youtube.com/watch?v=hHHca6Zfi_Y,False,False,False,False,False
13,2025 Coca-Cola 600,2025-05-25,Cp3hlT5hMyE,&#39;He&#39;s a rocket ship&#39; | NASCAR&#39;s RADIOACTIVE from the Coca-Cola 600,NASCAR,2025-05-27T21:06:51Z,57615,1586,91,,https://youtube.com/watch?v=Cp3hlT5hMyE,False,False,False,False,False
13,2025 Coca-Cola 600,2025-05-25,zPIEqgnrjpQ,NASCAR DRIVERS PAY TRIBUTE TO KYLE BUSCH IN COCA-COLA 600 DRIVER INTRODUCTIONS AT CHARLOTTE,Chris Weaver,2026-05-25T19:05:35Z,3988,69,2,,https://youtube.com/watch?v=zPIEqgnrjpQ,False,True,False,False,False
13,2025 Coca-Cola 600,2025-05-25,iVHLLhLjt4M,Kyle Busch Health Crisis Changes EVERYTHING for NASCAR in 2026!,NASCAR Insider,2026-05-21T15:57:17Z,82216,914,443,,https://youtube.com/watch?v=iVHLLhLjt4M,False,True,False,False,False
13,2025 Coca-Cola 600,2025-05-25,GDA-OWNCg2U,DanielSuárez &quot;Tearful Daniel Suárez Honors Kyle Busch in Coca-Cola 600 Win | 2026 NASCAR Cup Series&quot;,NASCAR Secrets,2026-05-27T15:30:15Z,22,1,0,,https://youtube.com/watch?v=GDA-OWNCg2U,False,True,False,False,False
14,2025 Cracker Barrel 400,2025-06-01,mH4yB9ySCFE,FINAL LAPS: Denny Hamlin holds off Christopher Bell to win the Cracker Barrel 400 🏁 NASCAR on FOX,NASCAR on FOX,2026-06-01T04:41:10Z,16688,190,20,,https://youtube.com/watch?v=mH4yB9ySCFE,True,False,False,False,False
14,2025 Cracker Barrel 400,2025-06-01,vH2N3yQXETM,2026 Cracker Barrel 400 Starting Lineup,Daniel Kriete,2026-05-31T12:28:54Z,337,14,5,,https://youtube.com/watch?v=vH2N3yQXETM,False,False,False,False,False
14,2025 Cracker Barrel 400,2025-06-01,UweBQE2uKT4,"Denny Hamlin, Christopher Bell &amp; more post-race interviews from Cracker Barrel 400 🎤 NASCAR on FOX",NASCAR on FOX,2026-06-01T05:13:27Z,27206,411,45,,https://youtube.com/watch?v=UweBQE2uKT4,True,False,False,False,False
14,2025 Cracker Barrel 400,2025-06-01,5DlQd5KNMNQ,Denny Hamlin after winning at Nashville | NASCAR on Prime,Sports On Prime,2026-06-01T05:42:44Z,17676,216,41,,https://youtube.com/watch?v=5DlQd5KNMNQ,True,False,False,False,False
14,2025 Cracker Barrel 400,2025-06-01,Y0-SlCgIVRA,NASCAR Cup Series EXTENDED HIGHLIGHTS: Ally 400 at Nashville | 6/30/24 | Motorsports on NBC,Motorsports on NBC,2024-07-01T02:14:49Z,350687,4216,517,,https://youtube.com/watch?v=Y0-SlCgIVRA,False,False,False,False,False
15,2025 Firekeepers Casino 400,2025-06-08,ZYKUAIt9_zA,FINAL LAPS KYLE BUSCH TRIBUTE-2026 NASCAR CUP SERIES FIREKEEPERS CASINO 400 AT MICHIGAN ,Driftking,2026-06-07T23:11:51Z,20,1,2,,https://youtube.com/watch?v=ZYKUAIt9_zA,False,True,False,False,False
15,2025 Firekeepers Casino 400,2025-06-08,pdZrG8V2LGA,Denny Hamlin&#39;s Incredible Kyle Busch Tribute After Michigan Win | 2026 NASCAR Cup Series,NASCAR,2026-06-07T23:26:41Z,77832,1807,183,,https://youtube.com/watch?v=pdZrG8V2LGA,True,True,False,False,False
15,2025 Firekeepers Casino 400,2025-06-08,clcM2L0yI4s,Every Angle of Chase Elliott &amp; Christopher Bell&#39;s Fiery Wreck | 2026 NASCAR Cup Series at Michigan,NASCAR,2026-06-07T23:08:37Z,349352,3071,554,,https://youtube.com/watch?v=clcM2L0yI4s,False,False,False,False,False
15,2025 Firekeepers Casino 400,2025-06-08,MYrWwUvC4oM,Denny Hamlin Did Something UNBELIEVABLE in Victory Lane at Michigan!,SPORTSWIRE USA,2026-06-09T09:47:51Z,1687,11,4,,https://youtube.com/watch?v=MYrWwUvC4oM,True,False,False,False,False
15,2025 Firekeepers Casino 400,2025-06-08,Nh4Uaj3SF8c,Brexton Busch Made a HUGE SHOCKING Move Just Hours After His Dad&#39;s Memorial!,NASCAR Throttle Theory ,2026-06-10T18:11:47Z,667,17,1,,https://youtube.com/watch?v=Nh4Uaj3SF8c,False,False,False,False,False
15,2025 Firekeepers Casino 400,2025-06-08,tqrkloGPqac,Bubba Wallace WARNS Carson Hocevar After HUGE CONTROVERSY At Michigan?!,NASCAR Throttle Theory ,2026-06-09T19:32:08Z,204,2,0,,https://youtube.com/watch?v=tqrkloGPqac,False,False,False,False,False
15,2025 Firekeepers Casino 400,2025-06-08,qBz23p4mDHo,Biggest crashes and best moments from Dover International Speedway | Best of NASCAR,NASCAR,2020-08-20T15:58:40Z,58017,1130,76,,https://youtube.com/watch?v=qBz23p4mDHo,False,False,False,False,False
15,2025 Firekeepers Casino 400,2025-06-08,XkNtOxnoHh0,Chicago Street Race: Grant Park 220 Extended Highlights | NASCAR,NASCAR,2023-07-03T01:43:33Z,1537406,21464,2502,,https://youtube.com/watch?v=XkNtOxnoHh0,False,False,False,False,False
15,2025 Firekeepers Casino 400,2025-06-08,g5lehKuTgG4,NASCAR Cup Series EXTENDED HIGHLIGHTS: YellaWood 500 | 10/1/23 | Motorsports on NBC,Motorsports on NBC,2023-10-01T22:24:29Z,131155,1674,144,,https://youtube.com/watch?v=g5lehKuTgG4,False,False,False,False,False
15,2025 Firekeepers Casino 400,2025-06-08,54SiQJEEVMQ,NASCAR Cup: YellaWood 500 | EXTENDED HIGHLIGHTS | 10/2/22 | Motorsports on NBC,Motorsports on NBC,2022-10-03T00:28:02Z,57665,967,68,,https://youtube.com/watch?v=54SiQJEEVMQ,False,False,False,False,False
16,2025 Viva Mexico 250,2025-06-15,ZT3anG0nn-o,NASCAR Cup Series 2025: Viva Mexico 250 at Mexico City | EXTENDED HIGHLIGHTS | Motorsports on NBC,Motorsports on NBC,2025-06-15T23:42:48Z,180820,3194,313,,https://youtube.com/watch?v=ZT3anG0nn-o,False,False,False,False,False
16,2025 Viva Mexico 250,2025-06-15,qZI_fQ3AxWQ,Road Course RUMBLE in Mexico City | NASCAR Cup Series Official Extended Highlights,NASCAR,2025-06-15T23:39:54Z,333301,4001,227,,https://youtube.com/watch?v=qZI_fQ3AxWQ,False,False,False,False,False
16,2025 Viva Mexico 250,2025-06-15,fDqiIAcY5kk,NASCAR Cup Series: Viva Mexico 250 Highlights | NASCAR on FOX,NASCAR on FOX,2025-06-15T22:57:53Z,151586,3021,440,,https://youtube.com/watch?v=fDqiIAcY5kk,False,False,False,False,False
16,2025 Viva Mexico 250,2025-06-15,nQDPBTXoJjM,What NASCAR Cup Series drivers said after Viva Mexico 250 at Mexico City | Motorsports on NBC,Motorsports on NBC,2025-06-16T01:21:43Z,29129,395,28,,https://youtube.com/watch?v=nQDPBTXoJjM,False,False,False,False,False
16,2025 Viva Mexico 250,2025-06-15,ZJQM5EU1o-0,¡VAMOS! Xfinity Series is Road Course Racing in Mexico City | NASCAR Official Extended Highlights,NASCAR,2025-06-15T00:05:53Z,184625,2394,193,,https://youtube.com/watch?v=ZJQM5EU1o-0,False,False,False,False,False
16,2025 Viva Mexico 250,2025-06-15,HG86_h4jsks,Mexico City HIGHLIGHTS - Round 6 NASCAR MX Series 2025,WLRacingFan ,2025-06-14T04:24:03Z,645,6,0,,https://youtube.com/watch?v=HG86_h4jsks,False,False,False,False,False
16,2025 Viva Mexico 250,2025-06-15,15KrX8bI7FE,Previa NASCAR México 2025 Puebla (Verano),AUTOTIVE,2025-07-20T07:03:15Z,165,16,4,,https://youtube.com/watch?v=15KrX8bI7FE,False,False,False,False,False
16,2025 Viva Mexico 250,2025-06-15,hCVutjMueJg,Random NASCAR Moments #4,Jake Baskinger,2022-04-29T23:00:27Z,2412329,16001,232,,https://youtube.com/watch?v=hCVutjMueJg,False,False,False,False,False
16,2025 Viva Mexico 250,2025-06-15,vnWzGpALFsc,NASCAR Cup Series Officially Racing in Mexico in 2025 | Austin Dillon’s Final Appeal Denied,Braking Bob,2024-08-26T21:46:21Z,317,15,3,,https://youtube.com/watch?v=vnWzGpALFsc,False,False,False,False,False
16,2025 Viva Mexico 250,2025-06-15,tTBvsBOdL-I,Previa FINAL NASCAR México 2025 Puebla (Otoño),AUTOTIVE,2025-11-09T06:46:58Z,265,9,5,,https://youtube.com/watch?v=tTBvsBOdL-I,False,False,False,False,False
17,2025 The Great American Getaway 400,2025-06-22,T-at2-VgGuY,2026 Great American Getaway 400 NASCAR Cup Series Race Action!,Trevon Haywood And Taylor Haven Productions Inc.,2026-06-14T17:35:48Z,11,0,0,,https://youtube.com/watch?v=T-at2-VgGuY,False,False,False,False,False
17,2025 The Great American Getaway 400,2025-06-22,VDs-QlygLd0,2026 The Great American Getaway 400 Race Picks,Daniel Kriete,2026-06-11T12:32:48Z,408,29,15,,https://youtube.com/watch?v=VDs-QlygLd0,False,False,False,False,False
17,2025 The Great American Getaway 400,2025-06-22,wLeD8XdJi0k,Great American Getaway 400 | Pocono Raceway recap,FOX56 WOLF TV,2026-06-16T16:46:34Z,27,0,0,,https://youtube.com/watch?v=wLeD8XdJi0k,False,False,False,False,False
17,2025 The Great American Getaway 400,2025-06-22,5rahnkZvXwQ,MINIONS ASSEMBLE! 2026 Great American Getaway 400 Thoughts &amp; Opinions ,automan224,2026-06-16T19:33:56Z,56,3,3,,https://youtube.com/watch?v=5rahnkZvXwQ,False,False,False,False,False
17,2025 The Great American Getaway 400,2025-06-22,XAXNOY_w8fM,NASCAR Cup Series 2026: Pocono Raceway | EXTENDED HIGHLIGHTS | Motorsports on NBC,Motorsports on NBC,2026-06-14T22:05:22Z,33265,599,40,,https://youtube.com/watch?v=XAXNOY_w8fM,False,False,False,False,False
17,2025 The Great American Getaway 400,2025-06-22,c2yp6EocmJo,2026 NASCAR Cup Series Great American Getaway 400 at Pocono Finish Reaction,ChaseFan No. 9,2026-06-19T19:00:00Z,68,2,0,,https://youtube.com/watch?v=c2yp6EocmJo,False,False,False,False,False
17,2025 The Great American Getaway 400,2025-06-22,MM2Cx_Kejoc,Final Lap of the last 10 The Great American Getaway 400 finishes at Pocono Raceway,MVRowner,2026-06-14T04:20:15Z,649,12,0,,https://youtube.com/watch?v=MM2Cx_Kejoc,False,False,False,False,False
17,2025 The Great American Getaway 400,2025-06-22,uNR7bMhCWTs,NASCAR Cup Series The Great American Getaway 400 Race Reaction!,GibbsFanDom54,2026-06-14T21:59:52Z,39,0,0,,https://youtube.com/watch?v=uNR7bMhCWTs,False,False,False,False,False
17,2025 The Great American Getaway 400,2025-06-22,Ne3tr1Oc9PM,Dale Jr Makes History but Kyle Busch Not Impressed + NASCAR Eyes 5 Year Bowman Gray Deal,Braking Bob,2025-06-22T00:15:40Z,1815,40,11,,https://youtube.com/watch?v=Ne3tr1Oc9PM,False,True,False,False,False
17,2025 The Great American Getaway 400,2025-06-22,l0xOAd_e24M,2026 The Great American Getaway 400 Starting Lineup,Daniel Kriete,2026-06-14T12:27:54Z,177,9,2,,https://youtube.com/watch?v=l0xOAd_e24M,False,False,False,False,False
18,2025 Quaker State 400 available at Walmart,2025-06-28,FmWZY_dfT5Y,2026 Quaker State 400 at ATLANTA | STARTING LINEUP,KEMMO,2026-07-12T01:05:43Z,26160,291,24,,https://youtube.com/watch?v=FmWZY_dfT5Y,False,False,False,False,False
18,2025 Quaker State 400 available at Walmart,2025-06-28,gS99qLcixaA,"Every Kyle Busch Wreck, Spin, and Incident in 2025",JDBostonFan8,2025-11-06T23:58:26Z,1411,41,19,,https://youtube.com/watch?v=gS99qLcixaA,False,True,False,False,False
18,2025 Quaker State 400 available at Walmart,2025-06-28,7WrUPzTZVhI,Wildest NASCAR Last-Lap Passes for the Win (Vol. 1),NASCAR,2026-01-06T16:00:19Z,64679,1593,112,,https://youtube.com/watch?v=7WrUPzTZVhI,False,False,False,False,False
18,2025 Quaker State 400 available at Walmart,2025-06-28,TBiMhBVuPuQ,Kyle Busch JUST SHOCKED NASCAR… Fans Can’t Believe This Announcement !,NASCAR TODAY REPORT,2026-05-17T20:17:51Z,89,0,1,,https://youtube.com/watch?v=TBiMhBVuPuQ,False,True,False,False,False
18,2025 Quaker State 400 available at Walmart,2025-06-28,ZjjIDvJythY,Best wins of Kyle Busch&#39;s prolific NASCAR Cup Series career | Motorsports on NBC,Motorsports on NBC,2026-05-22T20:51:58Z,70489,2082,113,,https://youtube.com/watch?v=ZjjIDvJythY,False,True,False,False,False
18,2025 Quaker State 400 available at Walmart,2025-06-28,XkNtOxnoHh0,Chicago Street Race: Grant Park 220 Extended Highlights | NASCAR,NASCAR,2023-07-03T01:43:33Z,1537406,21464,2502,,https://youtube.com/watch?v=XkNtOxnoHh0,False,False,False,False,False
19,2025 Grant Park 165,2025-07-06,XkNtOxnoHh0,Chicago Street Race: Grant Park 220 Extended Highlights | NASCAR,NASCAR,2023-07-03T01:43:33Z,1537406,21464,2502,,https://youtube.com/watch?v=XkNtOxnoHh0,False,False,False,False,False
19,2025 Grant Park 165,2025-07-06,61MCpPv9Iug,NASCAR Drivers React: WILDEST Race Highlights!,NASCAR,2026-03-11T17:00:09Z,519206,13364,824,,https://youtube.com/watch?v=61MCpPv9Iug,False,False,False,False,False
19,2025 Grant Park 165,2025-07-06,G3wkqUaQo5Q,NASCAR Not Returning To The Chicago Street Course In 2026,Daniel Kriete,2025-07-18T21:46:54Z,472,37,17,,https://youtube.com/watch?v=G3wkqUaQo5Q,False,False,False,False,False
19,2025 Grant Park 165,2025-07-06,FOYZCHq3GZ0,NASCAR Returning To The Chicago Street Course In 2027?,Daniel Kriete,2026-05-13T13:30:17Z,450,17,15,,https://youtube.com/watch?v=FOYZCHq3GZ0,False,False,False,False,False
20,2025 Toyota / Save Mart 350,2025-07-13,iFAjYTkeiSw,9. Sears Point - Kyle Busch win the Toyota/Save mart 350. Default car settings.,Eye Aim 2 Game.,2026-05-23T06:30:07Z,112,3,0,,https://youtube.com/watch?v=iFAjYTkeiSw,False,True,False,False,False
20,2025 Toyota / Save Mart 350,2025-07-13,clF9G1emFzg,iSpot: In Memory of Kyle Busch (1985-2026),ISpot,2026-05-22T19:11:07Z,60,0,0,,https://youtube.com/watch?v=clF9G1emFzg,False,True,False,False,False
20,2025 Toyota / Save Mart 350,2025-07-13,B3JMGEbkp2Y,Kyle Busch wins at Richmond (Extended Highlights) I NASCAR I NBC Sports,NBC Sports,2018-09-24T05:16:42Z,146585,190,47,,https://youtube.com/watch?v=B3JMGEbkp2Y,False,True,False,False,False
20,2025 Toyota / Save Mart 350,2025-07-13,P1H7vOdZKn0,Chase Elliott wins rain heavy COTA Grand Prix | NASCAR ON FOX HIGHLIGHTS,NASCAR on FOX,2021-05-24T00:42:42Z,119164,1979,482,,https://youtube.com/watch?v=P1H7vOdZKn0,False,False,False,False,False
20,2025 Toyota / Save Mart 350,2025-07-13,hhsP9f7CkzI,NASCAR Cup Series: Coca-Cola 600 in Charlotte Highlights | NASCAR on FOX,NASCAR on FOX,2023-05-30T01:53:52Z,86679,1191,101,,https://youtube.com/watch?v=hhsP9f7CkzI,False,False,False,False,False
21,2025 Autotrader EchoPark Automotive 400,2025-07-20,Jy_N2CZlg8M,"NASCAR Cup Series 2026: Autotrader 400, EchoPark Speedway | EXTENDED HIGHLIGHTS | Motorsports on NBC",Motorsports on NBC,2026-02-23T01:59:19Z,121283,1952,153,,https://youtube.com/watch?v=Jy_N2CZlg8M,False,False,False,False,False
21,2025 Autotrader EchoPark Automotive 400,2025-07-20,5vT9G8wv2mw,"Kyle Busch, Clint Bowyer and Ty Majeski after ECOSAVE 200 at Dover Motor Speedway 🎤 NASCAR on FOX",NASCAR on FOX,2026-05-16T00:30:04Z,132008,2186,402,,https://youtube.com/watch?v=5vT9G8wv2mw,False,True,False,False,False
21,2025 Autotrader EchoPark Automotive 400,2025-07-20,l3w3hTyiNuo,NASCAR Craftsman Truck Series Highlights | 2026 EchoPark Speedway at Atlanta,NASCAR,2026-02-21T22:24:41Z,86964,2063,153,,https://youtube.com/watch?v=l3w3hTyiNuo,False,False,False,False,False
21,2025 Autotrader EchoPark Automotive 400,2025-07-20,7m7Olypyba8,Final Laps: Overtime MADNESS Decides Atlanta | 2026 NASCAR Cup Series,NASCAR,2026-02-23T00:19:15Z,133771,1237,225,,https://youtube.com/watch?v=7m7Olypyba8,False,False,False,False,False
21,2025 Autotrader EchoPark Automotive 400,2025-07-20,9iC5bKc47n0,ALL Replays of the 22-Car Crash in Atlanta | 2025 NASCAR Cup Series,NASCAR,2025-06-29T03:31:07Z,190647,1279,128,,https://youtube.com/watch?v=9iC5bKc47n0,False,False,False,False,False
21,2025 Autotrader EchoPark Automotive 400,2025-07-20,ACvV22KoPK8,What Drivers Said After Atlanta | 2026 NASCAR Cup Series,NASCAR,2026-02-23T01:06:06Z,114047,1164,172,,https://youtube.com/watch?v=ACvV22KoPK8,False,False,False,False,False
21,2025 Autotrader EchoPark Automotive 400,2025-07-20,awAMyH3fcV0,FINAL LAPS: Chase Elliott outlasts Denny Hamlin to take checkered flag at Würth 400 🏁 NASCAR on FOX,NASCAR on FOX,2026-05-03T22:53:02Z,66406,771,93,,https://youtube.com/watch?v=awAMyH3fcV0,True,False,False,False,False
21,2025 Autotrader EchoPark Automotive 400,2025-07-20,4-XSPKcieYo,Inside Carson Hocevar’s Bold Atlanta Moves | NASCAR,NASCAR,2026-02-23T22:36:46Z,52210,608,245,,https://youtube.com/watch?v=4-XSPKcieYo,False,False,False,False,False
21,2025 Autotrader EchoPark Automotive 400,2025-07-20,NQTrFQU0zA0,KYLE BUSCH LASHES OUT! TEXAS CLASH SHOCKS FANS!,NASCAR Nation News,2026-05-04T06:19:21Z,27,0,0,,https://youtube.com/watch?v=NQTrFQU0zA0,False,True,False,False,False
21,2025 Autotrader EchoPark Automotive 400,2025-07-20,hFBjkb_TjVQ,Dramatic Final Laps Decide the Daytona 500 | 2026 NASCAR Cup Series,NASCAR,2026-02-15T23:17:43Z,610869,5286,504,,https://youtube.com/watch?v=hFBjkb_TjVQ,False,False,False,False,False
22,2025 Brickyard 400 Presented by PPG,2025-07-27,9sL61Q1vmPo,Brickyard 400 Battle at Indianapolis | 2025 NASCAR Cup Series Extended Highlights,NASCAR,2025-07-27T22:52:44Z,201952,3235,279,,https://youtube.com/watch?v=9sL61Q1vmPo,False,False,False,False,False
22,2025 Brickyard 400 Presented by PPG,2025-07-27,Pbek4rUDPYE,Brickyard 400 Blowups and Broken Cars | 2025 NASCAR Radioactive from Indianapolis,NASCAR,2025-07-29T23:22:12Z,39213,1111,59,,https://youtube.com/watch?v=Pbek4rUDPYE,False,False,False,False,False
22,2025 Brickyard 400 Presented by PPG,2025-07-27,0Y1FnHPWX_M,NASCAR Cup Series: Brickyard 400 Highlights | NASCAR on FOX,NASCAR on FOX,2024-07-21T23:22:30Z,63775,1000,168,,https://youtube.com/watch?v=0Y1FnHPWX_M,False,False,False,False,False
22,2025 Brickyard 400 Presented by PPG,2025-07-27,DXKSZRHK4EU,All the great moments from good NASCAR on NBC (2015-2025), 💔 Ronald Jones and Alexis Rhodes 💜,2026-07-23T18:42:04Z,29,4,11,,https://youtube.com/watch?v=DXKSZRHK4EU,False,False,False,False,False
22,2025 Brickyard 400 Presented by PPG,2025-07-27,pdJ8j2I7NeM,"NASCAR Cup Series drivers reflect on 2025 season, look ahead to 2026 [Motorsports Today]",Motorsports Today,2025-11-07T17:01:34Z,141,5,0,,https://youtube.com/watch?v=pdJ8j2I7NeM,False,False,False,False,False
22,2025 Brickyard 400 Presented by PPG,2025-07-27,3JVUzDUjpWQ,Has NASCAR Lost Its Brickyard King? The Truth Behind Indy’s New Era,TIMNASIA,2026-07-23T00:03:36Z,7,1,0,,https://youtube.com/watch?v=3JVUzDUjpWQ,False,False,False,False,False
23,2025 Iowa Corn 350,2025-08-03,Hq1V6sDUnGs,Extended Highlights | 2025 NASCAR Cup Series from Iowa,NASCAR,2025-08-04T01:34:16Z,182550,2179,136,,https://youtube.com/watch?v=Hq1V6sDUnGs,False,False,False,False,False
23,2025 Iowa Corn 350,2025-08-03,Qkwe_riXB94,Final 10 Laps from Iowa: Who Saved Enough? | 2025 NASCAR Cup Series,NASCAR,2025-08-03T23:37:12Z,80595,502,42,,https://youtube.com/watch?v=Qkwe_riXB94,False,False,False,False,False
23,2025 Iowa Corn 350,2025-08-03,2stX7DCuZ9E,NASCAR Cup Series 2025: Iowa Corn 350 | EXTENDED HIGHLIGHTS | Motorsports on NBC,Motorsports on NBC,2025-08-04T01:58:15Z,74274,1507,87,,https://youtube.com/watch?v=2stX7DCuZ9E,False,False,False,False,False
23,2025 Iowa Corn 350,2025-08-03,tJ0WgX0tJ0Q,Mic&#39;d Up from Iowa | 2025 NASCAR Radioactive,NASCAR,2025-08-05T23:00:55Z,48298,1116,69,,https://youtube.com/watch?v=tJ0WgX0tJ0Q,False,False,False,False,False
23,2025 Iowa Corn 350,2025-08-03,xZ7tLZhEiv4,NASCAR Radioactive | 2026 Iowa Speedway,NASCAR,2026-08-11T20:46:19Z,78622,1425,89,,https://youtube.com/watch?v=xZ7tLZhEiv4,False,False,False,False,False
23,2025 Iowa Corn 350,2025-08-03,INAo617J7VA,2025 Nascar Cup Series at Iowa Speedway restarts/flybys ,ThisDudelikesRacingEtc2023,2025-08-04T02:09:50Z,472,7,0,,https://youtube.com/watch?v=INAo617J7VA,False,False,False,False,False
23,2025 Iowa Corn 350,2025-08-03,Jj4kksI5Lpc,Iowa Corn 350 Vlog-NASCAR Cup Series 2025,Biscuit Stop-Motion,2025-08-12T14:40:52Z,106,6,0,,https://youtube.com/watch?v=Jj4kksI5Lpc,False,False,False,False,False
23,2025 Iowa Corn 350,2025-08-03,7m-W8UPm0k0,Every Wreck &amp; Wild Moment from Iowa | 2025 NASCAR Cup Series,NASCAR,2025-08-04T00:20:08Z,12235,154,5,,https://youtube.com/watch?v=7m-W8UPm0k0,False,False,False,False,False
23,2025 Iowa Corn 350,2025-08-03,0rGvXiomzG4,William Byron Finally Breaks Through | 2025 NASCAR Cup Series Reaction from Iowa,NASCAR,2025-08-03T23:25:55Z,27220,240,28,,https://youtube.com/watch?v=0rGvXiomzG4,False,False,False,False,False
23,2025 Iowa Corn 350,2025-08-03,-275wrUrMOA,NASCAR Cup Series: Iowa Corn 350 Powered by Ethanol Highlights | NASCAR on FOX,NASCAR on FOX,2025-08-03T23:52:50Z,101003,1855,241,,https://youtube.com/watch?v=-275wrUrMOA,False,False,False,False,False
24,2025 Go Bowling at The Glen,2025-08-10,Gh8-aXEq4Eg,NASCAR Cup Series 2026: Watkins Glen International | EXTENDED HIGHLIGHTS | Motorsports on NBC,Motorsports on NBC,2026-05-10T23:08:36Z,64127,1155,98,,https://youtube.com/watch?v=Gh8-aXEq4Eg,False,False,False,False,False
24,2025 Go Bowling at The Glen,2025-08-10,jPGWRrJ-B_k,A Battle of Road-Course Aces | 2025 NASCAR Xfinity Series Extended Highlights at Watkins Glen,NASCAR,2025-08-10T00:51:49Z,233719,3197,409,,https://youtube.com/watch?v=jPGWRrJ-B_k,False,False,False,False,False
24,2025 Go Bowling at The Glen,2025-08-10,NUHr_gkAoNU,NASCAR Radioactive | 2026 Watkins Glen,NASCAR,2026-05-12T21:02:20Z,152217,2239,197,,https://youtube.com/watch?v=NUHr_gkAoNU,False,False,False,False,False
24,2025 Go Bowling at The Glen,2025-08-10,AsyZsUEjqLA,NASCAR&#39;s 10 wildest moments at Watkins Glen International,NASCAR,2017-08-05T18:31:20Z,197482,1741,110,,https://youtube.com/watch?v=AsyZsUEjqLA,False,False,False,False,False
24,2025 Go Bowling at The Glen,2025-08-10,7TkBQauJZm8,Best Seat in the House: SVG’s Onboard from Watkins Glen | NASCAR,NASCAR,2025-08-11T21:00:07Z,223813,2860,428,,https://youtube.com/watch?v=7TkBQauJZm8,False,False,False,False,False
24,2025 Go Bowling at The Glen,2025-08-10,uC8vWCcYQjE,SVG&#39;s INCREDIBLE 24th to 1st Charge at Watkins Glen | NASCAR,NASCAR,2026-05-11T20:50:20Z,453242,7637,711,,https://youtube.com/watch?v=uC8vWCcYQjE,False,False,False,False,False
24,2025 Go Bowling at The Glen,2025-08-10,40GMbsBVsYI,"Chris Buescher, Shane van Gisbergen duel at Watkins Glen in NASCAR overtime | Motorsports on NBC",Motorsports on NBC,2024-09-15T22:32:45Z,76455,1090,212,,https://youtube.com/watch?v=40GMbsBVsYI,False,False,False,False,False
24,2025 Go Bowling at The Glen,2025-08-10,S2bUpZPvZRY,2025 NASCAR Watkins Glen Xfinity Reactions,DDH88,2025-08-09T23:09:27Z,9098,300,59,,https://youtube.com/watch?v=S2bUpZPvZRY,False,False,False,False,False
24,2025 Go Bowling at The Glen,2025-08-10,ZY30qUCdYhM,What Drivers Said After Watkins Glen | 2026 NASCAR Cup Series,NASCAR,2026-05-10T22:18:59Z,149964,2019,338,,https://youtube.com/watch?v=ZY30qUCdYhM,False,False,False,False,False
24,2025 Go Bowling at The Glen,2025-08-10,P5bzlp0smkE,FULL Watkins Glen Battle Between Connor Zilisch and Shane van Gisbergen | 2025 Xfinity Series,NASCAR,2025-08-09T22:06:27Z,293721,2150,845,,https://youtube.com/watch?v=P5bzlp0smkE,False,False,False,False,False
25,2025 Cook Out 400,2025-08-16,7FHzTw0wSsY,NASCAR Cup Series Cook Out 400 Race Reaction!,GibbsFanDom54,2026-08-16T13:25:33Z,5,0,0,,https://youtube.com/watch?v=7FHzTw0wSsY,False,False,False,False,False
25,2025 Cook Out 400,2025-08-16,2ywAiF7C0Hw,NASCAR Cook Out 400 Richmond Live Stream |2026 NASCAR Cup Series - Full Race,Real LIve Stream,2026-08-15T23:30:13Z,54,1,0,,https://youtube.com/watch?v=2ywAiF7C0Hw,False,False,False,False,False
25,2025 Cook Out 400,2025-08-16,0_8ZYVdOyMI,2026 NASCAR Radioactive | Cook Out Clash at Bowman Gray,NASCAR,2026-02-06T22:00:01Z,139002,2638,188,,https://youtube.com/watch?v=0_8ZYVdOyMI,False,False,False,False,False
25,2025 Cook Out 400,2025-08-16,BoqPkJkUbKo,2026 Cook Out 400 at MARTINSVILLE | STARTING LINEUP,KEMMO,2026-03-29T00:38:01Z,21355,319,20,,https://youtube.com/watch?v=BoqPkJkUbKo,False,False,False,False,False
25,2025 Cook Out 400,2025-08-16,jZTFZ4huiLM,NASCAR Radioactive | 2026 Martinsville Speedway,NASCAR,2026-03-31T21:00:29Z,74075,1733,149,,https://youtube.com/watch?v=jZTFZ4huiLM,False,False,False,False,False
25,2025 Cook Out 400,2025-08-16,Ad3X1h5I5Sw,Tearful Daniel Suárez Honors Kyle Busch in Coca-Cola 600 Win | 2026 NASCAR Cup Series,NASCAR,2026-05-25T04:01:18Z,169405,2940,315,,https://youtube.com/watch?v=Ad3X1h5I5Sw,False,True,False,False,False
25,2025 Cook Out 400,2025-08-16,ellq3IqisaQ,INSANE Finish at Martinsville! | 2026 NASCAR Cup Series Highlights,Naccar World,2026-04-13T07:24:34Z,5,0,0,,https://youtube.com/watch?v=ellq3IqisaQ,False,False,False,False,False
25,2025 Cook Out 400,2025-08-16,U26rkP7LWSA,NASCAR Cup Series 2026: Martinsville Speedway | EXTENDED HIGHLIGHTS | Motorsports on NBC,Motorsports on NBC,2026-03-30T01:29:18Z,52416,894,68,,https://youtube.com/watch?v=U26rkP7LWSA,False,False,False,False,False
25,2025 Cook Out 400,2025-08-16,c-34_6NRHxo,Kyle Busch’s SHOCKING Reaction to Martinsville Disaster Has Everyone Talking, NASCAR Report Today,2026-04-04T20:06:31Z,8,0,0,,https://youtube.com/watch?v=c-34_6NRHxo,False,True,False,False,False
25,2025 Cook Out 400,2025-08-16,lQ4U38_dhQY,NASCAR Radioactive | 2026 Coca-Cola 600,NASCAR,2026-05-26T21:00:06Z,131603,3743,183,,https://youtube.com/watch?v=lQ4U38_dhQY,False,False,False,False,False
26,2025 Coke Zero Sugar 400,2025-08-23,_COkWlsCzFs,NASCAR Cup Series 2025: Coke Zero Sugar 400 | EXTENDED HIGHLIGHTS | Motorsports on NBC,Motorsports on NBC,2025-08-24T04:26:09Z,180638,2406,159,,https://youtube.com/watch?v=_COkWlsCzFs,False,False,False,False,False
26,2025 Coke Zero Sugar 400,2025-08-23,jWZfcwlR2KU,Playoff Pressure Boils Over at Daytona | 2025 NASCAR Radioactive,NASCAR,2025-08-25T21:17:06Z,73229,1227,56,,https://youtube.com/watch?v=jWZfcwlR2KU,False,False,False,False,False
26,2025 Coke Zero Sugar 400,2025-08-23,Yl08L6Y0y3Y,2025 Coca-Cola 600 | NASCAR Official Extended Highlights,NASCAR,2025-05-26T03:36:47Z,461076,5586,360,,https://youtube.com/watch?v=Yl08L6Y0y3Y,False,False,False,False,False
26,2025 Coke Zero Sugar 400,2025-08-23,czfUUubjngE,NAIL-BITING Final Laps Decide Playoff Field | 2025 NASCAR Cup Series at Daytona,NASCAR,2025-08-24T03:40:30Z,377331,1631,84,,https://youtube.com/watch?v=czfUUubjngE,False,False,False,False,False
26,2025 Coke Zero Sugar 400,2025-08-23,6wQERuqE_No,Playoffs or Bust at Daytona | 2025 NASCAR Cup Series Extended Highlights,NASCAR,2025-08-24T03:49:34Z,564173,6506,336,,https://youtube.com/watch?v=6wQERuqE_No,False,False,False,False,False
26,2025 Coke Zero Sugar 400,2025-08-23,4X3TkREcj7Y,NASCAR Cup Series EXTENDED HIGHLIGHTS: Coke Zero Sugar 400 | Motorsports on NBC,Motorsports on NBC,2024-08-25T04:14:16Z,327199,4728,815,,https://youtube.com/watch?v=4X3TkREcj7Y,False,False,False,False,False
26,2025 Coke Zero Sugar 400,2025-08-23,Cp3hlT5hMyE,&#39;He&#39;s a rocket ship&#39; | NASCAR&#39;s RADIOACTIVE from the Coca-Cola 600,NASCAR,2025-05-27T21:06:51Z,57615,1586,91,,https://youtube.com/watch?v=Cp3hlT5hMyE,False,False,False,False,False
26,2025 Coke Zero Sugar 400,2025-08-23,fy8eGJ7qzMc,2026 Daytona 500 | NASCAR Cup Series Extended Highlights,NASCAR,2026-02-15T22:58:22Z,687129,9268,756,,https://youtube.com/watch?v=fy8eGJ7qzMc,False,False,False,False,False
26,2025 Coke Zero Sugar 400,2025-08-23,5DH4F0tdewY,CHASTAIN WINNING INTERVIEW + BYRON POST RACE INTERVIEW - 2025 COCACOLA 600 - 2025 NASCAR CUP SERIES,SportsNewsCentral,2025-06-27T18:45:06Z,264,0,0,,https://youtube.com/watch?v=5DH4F0tdewY,False,False,False,False,True
26,2025 Coke Zero Sugar 400,2025-08-23,Q_1O0gYLL4E,NASCAR Cup Series 2025: Coca-Cola 600 | QUALIFYING HIGHLIGHTS | Motorsports on NBC,Motorsports on NBC,2025-05-24T20:35:44Z,51355,374,77,,https://youtube.com/watch?v=Q_1O0gYLL4E,False,False,False,False,False
27,2025 Southern 500,2025-08-31,5D0geUZZBbc,Darlington Delivers Drama in Playoff Opener | 2025 NASCAR Cup Series Extended Highlights,NASCAR,2025-09-01T02:44:18Z,236051,3345,205,,https://youtube.com/watch?v=5D0geUZZBbc,False,False,False,False,False
27,2025 Southern 500,2025-08-31,aI17Zg59kiI,NASCAR Cup Series 2026: Darlington Raceway | EXTENDED HIGHLIGHTS | Motorsports on NBC,Motorsports on NBC,2026-03-22T23:43:47Z,105551,1531,70,,https://youtube.com/watch?v=aI17Zg59kiI,False,False,False,False,False
27,2025 Southern 500,2025-08-31,_z3_q4IZUGM,Drivers rank the best Darlington throwback paint schemes | NASCAR,NASCAR,2023-05-10T23:00:16Z,72287,1407,106,,https://youtube.com/watch?v=_z3_q4IZUGM,False,False,False,False,False
27,2025 Southern 500,2025-08-31,7FHzTw0wSsY,NASCAR Cup Series Cook Out 400 Race Reaction!,GibbsFanDom54,2026-08-16T13:25:33Z,5,0,0,,https://youtube.com/watch?v=7FHzTw0wSsY,False,False,False,False,False
27,2025 Southern 500,2025-08-31,PlbbcqiS8c0,NASCAR 2025 Darlington 2 Cup Finish Reactions,AidenRacer48Nation,2026-03-19T01:11:35Z,46,1,0,,https://youtube.com/watch?v=PlbbcqiS8c0,False,False,False,False,False
27,2025 Southern 500,2025-08-31,lQ4U38_dhQY,NASCAR Radioactive | 2026 Coca-Cola 600,NASCAR,2026-05-26T21:00:06Z,131603,3743,183,,https://youtube.com/watch?v=lQ4U38_dhQY,False,False,False,False,False
27,2025 Southern 500,2025-08-31,ym4IrwlRxgE,2026 NASCAR Spring Darlington Race Preview,Calvin Fuller,2026-03-18T12:01:47Z,143,7,4,,https://youtube.com/watch?v=ym4IrwlRxgE,False,False,False,False,False
27,2025 Southern 500,2025-08-31,DXKSZRHK4EU,All the great moments from good NASCAR on NBC (2015-2025), 💔 Ronald Jones and Alexis Rhodes 💜,2026-07-23T18:42:04Z,29,4,11,,https://youtube.com/watch?v=DXKSZRHK4EU,False,False,False,False,False
27,2025 Southern 500,2025-08-31,nxZ35AjfNZI,2026 Hendrick Motorsports Preview,Daniel Kriete,2025-11-13T13:33:04Z,888,32,12,,https://youtube.com/watch?v=nxZ35AjfNZI,False,False,False,False,False
27,2025 Southern 500,2025-08-31,8QiPYnVVOwI,Predicting The 2022 NASCAR Cup Series Schedule,NBR,2021-07-23T17:30:21Z,2361,50,34,,https://youtube.com/watch?v=8QiPYnVVOwI,False,False,False,False,False
28,2025 Enjoy Illinois 300,2025-09-07,XkNtOxnoHh0,Chicago Street Race: Grant Park 220 Extended Highlights | NASCAR,NASCAR,2023-07-03T01:43:33Z,1537406,21464,2502,,https://youtube.com/watch?v=XkNtOxnoHh0,False,False,False,False,False
28,2025 Enjoy Illinois 300,2025-09-07,TGwcU3ZOAQI,Thanking My Sponsors in True NASCAR Fashion!,Kenny Wallace,2022-01-24T15:00:16Z,6127,392,34,,https://youtube.com/watch?v=TGwcU3ZOAQI,False,False,False,False,False
28,2025 Enjoy Illinois 300,2025-09-07,hhsP9f7CkzI,NASCAR Cup Series: Coca-Cola 600 in Charlotte Highlights | NASCAR on FOX,NASCAR on FOX,2023-05-30T01:53:52Z,86679,1191,101,,https://youtube.com/watch?v=hhsP9f7CkzI,False,False,False,False,False
29,2025 Bass Pro Shops Night Race,2025-09-13,do6R0wk2dKk,My perspective on the Bass Pro Shops NASCAR paint schemes from 2015 to 2026,Fabrizio Binotto,2026-02-18T05:00:06Z,349,10,3,,https://youtube.com/watch?v=do6R0wk2dKk,False,False,False,False,False
29,2025 Bass Pro Shops Night Race,2025-09-13,Yuefm2eTgw8,DRIVER INTROS FOR THE BRISTOL NIGHT RACE - 9-16-23,Chris Weaver,2023-09-17T03:25:57Z,13814,189,47,,https://youtube.com/watch?v=Yuefm2eTgw8,False,False,False,False,False
29,2025 Bass Pro Shops Night Race,2025-09-13,C3VBKgPQpzQ,"BREAKING NEWS: Randall Burnett to join Trackhouse, will crew chief for Connor Zilisch in 2026",Nikolai P. Culp,2025-09-23T14:52:42Z,867,40,11,,https://youtube.com/watch?v=C3VBKgPQpzQ,False,False,False,False,False
29,2025 Bass Pro Shops Night Race,2025-09-13,E77b-K9HQb8,Predicting the 2026 NASCAR Cup Series Schedule,Upper Groove Racing,2021-08-27T23:00:10Z,1648,43,25,,https://youtube.com/watch?v=E77b-K9HQb8,False,False,False,False,False
29,2025 Bass Pro Shops Night Race,2025-09-13,54SiQJEEVMQ,NASCAR Cup: YellaWood 500 | EXTENDED HIGHLIGHTS | 10/2/22 | Motorsports on NBC,Motorsports on NBC,2022-10-03T00:28:02Z,57665,967,68,,https://youtube.com/watch?v=54SiQJEEVMQ,False,False,False,False,False
29,2025 Bass Pro Shops Night Race,2025-09-13,WVJKXECP4_w,Talladega ends in wild photo finish | NASCAR Cup Series Extended Highlights,NASCAR,2023-10-01T21:37:10Z,548826,5662,321,,https://youtube.com/watch?v=WVJKXECP4_w,False,False,False,False,False
29,2025 Bass Pro Shops Night Race,2025-09-13,bkWNpAyL6eU,NASCAR Cup Series 2022 Schedule Realignment and Suggestions: A Modest Proposal,Joshua Boston,2020-10-12T19:30:32Z,1762,20,47,,https://youtube.com/watch?v=bkWNpAyL6eU,False,False,False,False,False
29,2025 Bass Pro Shops Night Race,2025-09-13,g5lehKuTgG4,NASCAR Cup Series EXTENDED HIGHLIGHTS: YellaWood 500 | 10/1/23 | Motorsports on NBC,Motorsports on NBC,2023-10-01T22:24:29Z,131155,1674,144,,https://youtube.com/watch?v=g5lehKuTgG4,False,False,False,False,False
29,2025 Bass Pro Shops Night Race,2025-09-13,hhsP9f7CkzI,NASCAR Cup Series: Coca-Cola 600 in Charlotte Highlights | NASCAR on FOX,NASCAR on FOX,2023-05-30T01:53:52Z,86679,1191,101,,https://youtube.com/watch?v=hhsP9f7CkzI,False,False,False,False,False
30,2025 Mobil 1 301,2025-09-21,XkNtOxnoHh0,Chicago Street Race: Grant Park 220 Extended Highlights | NASCAR,NASCAR,2023-07-03T01:43:33Z,1537406,21464,2502,,https://youtube.com/watch?v=XkNtOxnoHh0,False,False,False,False,False
31,2025 Hollywood Casino 400,2025-09-28,IdLsIHPMcwA,10 Drivers Who Could Drive The 16 Car In 2024,Daniel Kriete,2023-09-16T12:35:47Z,989,24,11,,https://youtube.com/watch?v=IdLsIHPMcwA,False,False,False,False,False
31,2025 Hollywood Casino 400,2025-09-28,54SiQJEEVMQ,NASCAR Cup: YellaWood 500 | EXTENDED HIGHLIGHTS | 10/2/22 | Motorsports on NBC,Motorsports on NBC,2022-10-03T00:28:02Z,57665,967,68,,https://youtube.com/watch?v=54SiQJEEVMQ,False,False,False,False,False
31,2025 Hollywood Casino 400,2025-09-28,Id08ZLYMrNY,2023 AdventHealth 400 Race Picks,Daniel Kriete,2023-05-04T12:48:27Z,326,18,9,,https://youtube.com/watch?v=Id08ZLYMrNY,False,False,False,False,False
31,2025 Hollywood Casino 400,2025-09-28,g5lehKuTgG4,NASCAR Cup Series EXTENDED HIGHLIGHTS: YellaWood 500 | 10/1/23 | Motorsports on NBC,Motorsports on NBC,2023-10-01T22:24:29Z,131155,1674,144,,https://youtube.com/watch?v=g5lehKuTgG4,False,False,False,False,False
31,2025 Hollywood Casino 400,2025-09-28,yn78bl1feLE,2023 Coca-Cola 600 Race Picks,Daniel Kriete,2023-05-25T12:57:13Z,476,12,14,,https://youtube.com/watch?v=yn78bl1feLE,False,False,False,False,False
31,2025 Hollywood Casino 400,2025-09-28,WvabpyErNNY,Most Memorable Fights: Best of NASCAR:,NASCAR,2019-10-25T12:00:08Z,646771,6188,298,,https://youtube.com/watch?v=WvabpyErNNY,False,False,False,False,False
32,2025 Bank of America ROVAL 400,2025-10-05,yKR70UrIwhA,NASCAR Cup Series 2025: Charlotte Roval playoff race | EXTENDED HIGHLIGHTS | Motorsports on NBC,Motorsports on NBC,2025-10-06T00:12:29Z,111016,1961,181,,https://youtube.com/watch?v=yKR70UrIwhA,False,False,False,False,False
32,2025 Bank of America ROVAL 400,2025-10-05,O_rJr98M7TA,RCR&#39;s Kyle Busch talks NASCAR playoffs and returning to Bowman Gray Stadium,WFMY News 2,2025-10-01T20:34:43Z,540,4,0,,https://youtube.com/watch?v=O_rJr98M7TA,False,True,False,False,False
32,2025 Bank of America ROVAL 400,2025-10-05,PNeBcyP3Xws,Shane van Gisbergen Outduels Kyle Larson for Charlotte Roval Win | 2025 NASCAR Cup Series,NASCAR,2025-10-05T23:12:32Z,214595,1588,183,,https://youtube.com/watch?v=PNeBcyP3Xws,False,False,False,False,False
32,2025 Bank of America ROVAL 400,2025-10-05,0MJsl32z2OM,Kyle Busch Ignores Crew Chief &amp; Another Team Suggests He Retires | Joey Logano Calls Out NASCAR,Beating and Banging,2025-10-06T20:49:35Z,32869,755,176,,https://youtube.com/watch?v=0MJsl32z2OM,False,True,False,False,False
32,2025 Bank of America ROVAL 400,2025-10-05,qum436j_p2Y,RIP Kyle Busch,Fabrizio Binotto,2026-05-22T19:00:06Z,168,11,2,,https://youtube.com/watch?v=qum436j_p2Y,False,True,False,False,False
32,2025 Bank of America ROVAL 400,2025-10-05,wJF6QG8M-fw,"NASCAR moves the Clash once again, Brad K under the gun, Racing at the Madhouse and more NASCAR news",Rubbin and Grubbin,2026-02-07T18:48:31Z,24,4,0,,https://youtube.com/watch?v=wJF6QG8M-fw,False,False,False,False,False
32,2025 Bank of America ROVAL 400,2025-10-05,JGLDKaHXg3o,2026 NASCAR Free Agency Update + Major Comeback Win in Xfinity Charlotte Race,Braking Bob,2025-05-25T01:04:55Z,136,10,0,,https://youtube.com/watch?v=JGLDKaHXg3o,False,False,False,False,False
32,2025 Bank of America ROVAL 400,2025-10-05,gF_anfcE6CI,"NASCAR Not Pushing Larson&#39;s Double Attempt, Why Cindric Is Safe + Big Spotter Change for Contender",Braking Bob,2025-05-22T00:32:27Z,1967,26,5,,https://youtube.com/watch?v=gF_anfcE6CI,False,False,False,False,False
32,2025 Bank of America ROVAL 400,2025-10-05,ycEzeRoTkuQ,"Talladega&#39;s Spanish call and more | Relive the wild finish in Spanish, French, Polish &amp; Portuguese",NASCAR,2020-10-06T15:42:04Z,10494,362,53,,https://youtube.com/watch?v=ycEzeRoTkuQ,False,False,False,False,False
32,2025 Bank of America ROVAL 400,2025-10-05,hhsP9f7CkzI,NASCAR Cup Series: Coca-Cola 600 in Charlotte Highlights | NASCAR on FOX,NASCAR on FOX,2023-05-30T01:53:52Z,86679,1191,101,,https://youtube.com/watch?v=hhsP9f7CkzI,False,False,False,False,False
33,2025 South Point 400,2025-10-12,ekE7TqieqjM,A Vegas Finish to Remember | 2025 NASCAR Cup Series Extended Highlights,NASCAR,2025-10-13T01:09:47Z,253280,4054,330,,https://youtube.com/watch?v=ekE7TqieqjM,False,False,False,False,False
33,2025 South Point 400,2025-10-12,7kUplJ69E7M,Final 10 Laps: Chase Elliott Breaks Through in Atlanta | 2025 NASCAR Cup Series at EchoPark Speedway,NASCAR,2025-06-29T12:30:08Z,224108,2213,187,,https://youtube.com/watch?v=7kUplJ69E7M,False,False,False,False,False
33,2025 South Point 400,2025-10-12,7m7Olypyba8,Final Laps: Overtime MADNESS Decides Atlanta | 2026 NASCAR Cup Series,NASCAR,2026-02-23T00:19:15Z,133771,1237,225,,https://youtube.com/watch?v=7m7Olypyba8,False,False,False,False,False
33,2025 South Point 400,2025-10-12,C_1tdKW9bJo,Kyle Larson and Bubba Wallace FIGHT after wreck at Las Vegas | NASCAR ON FOX HIGHLIGHTS,NASCAR on FOX,2022-10-16T22:09:52Z,1068364,5836,4917,,https://youtube.com/watch?v=C_1tdKW9bJo,False,False,False,False,False
33,2025 South Point 400,2025-10-12,hFBjkb_TjVQ,Dramatic Final Laps Decide the Daytona 500 | 2026 NASCAR Cup Series,NASCAR,2026-02-15T23:17:43Z,610869,5286,504,,https://youtube.com/watch?v=hFBjkb_TjVQ,False,False,False,False,False
33,2025 South Point 400,2025-10-12,bNeR2PVgI_w,Dale Earnhardt Jr CALLS OUT NASCAR OVER Kyle Busch DECISION!!!,NASCAR Central,2026-05-08T00:08:35Z,973,33,5,,https://youtube.com/watch?v=bNeR2PVgI_w,False,True,False,False,False
33,2025 South Point 400,2025-10-12,ZjjIDvJythY,Best wins of Kyle Busch&#39;s prolific NASCAR Cup Series career | Motorsports on NBC,Motorsports on NBC,2026-05-22T20:51:58Z,70489,2082,113,,https://youtube.com/watch?v=ZjjIDvJythY,False,True,False,False,False
33,2025 South Point 400,2025-10-12,N1iJyiujh2E,&quot;YOU WILL PAY FOR IT! Dale Jr. Warns NASCAR After Controversial Kyle Busch Ruling!&quot;,NASCAR Pulse,2026-05-13T17:15:02Z,0,0,0,,https://youtube.com/watch?v=N1iJyiujh2E,False,True,False,False,False
33,2025 South Point 400,2025-10-12,PeZIbEVHvZA,Reddick &amp; Michael Jordan React to Kansas Thriller | 2026 NASCAR Cup Series,NASCAR,2026-04-19T21:29:26Z,49856,866,162,,https://youtube.com/watch?v=PeZIbEVHvZA,False,False,False,False,False
33,2025 South Point 400,2025-10-12,pBRnGtWWrmY,NASCAR Cup Series 2026: North Wilkesboro Speedway | Extended Highlights | Motorsports on NBC,Motorsports on NBC,2026-07-20T03:44:25Z,60339,1205,89,,https://youtube.com/watch?v=pBRnGtWWrmY,False,False,False,False,False
34,2025 Yellawood 500,2025-10-19,8A1EFhJMVqU,NASCAR Cup Series 2025: Talladega playoff race | EXTENDED HIGHLIGHTS | Motorsports on NBC,Motorsports on NBC,2025-10-20T00:05:33Z,144863,2354,115,,https://youtube.com/watch?v=8A1EFhJMVqU,False,False,False,False,False
34,2025 Yellawood 500,2025-10-19,G8tj3cM7rvY,Cup Series at Talladega Superspeedway | NASCAR Official Extended Highlights,NASCAR,2025-04-27T23:32:56Z,165338,2128,104,,https://youtube.com/watch?v=G8tj3cM7rvY,False,False,False,False,False
34,2025 Yellawood 500,2025-10-19,nBzh_KRRNsk,Last Laps: Talladega Decides a Championship 4 Spot | 2025 NASCAR Cup Series,NASCAR,2025-10-19T22:21:31Z,133705,655,108,,https://youtube.com/watch?v=nBzh_KRRNsk,False,False,False,False,False
34,2025 Yellawood 500,2025-10-19,Le3B400HbWk,Final Laps: First-Time Winner Crowned at Talladega  | 2026 NASCAR Cup Series,NASCAR,2026-04-26T23:11:44Z,129150,1340,190,,https://youtube.com/watch?v=Le3B400HbWk,False,False,False,False,False
34,2025 Yellawood 500,2025-10-19,cuxZ6BiBzV0,Rough Ride on the High Banks | 2025 NASCAR Radioactive at Talladega,NASCAR,2025-10-21T21:05:00Z,49859,1046,48,,https://youtube.com/watch?v=cuxZ6BiBzV0,False,False,False,False,False
34,2025 Yellawood 500,2025-10-19,epLgbfKSqQ8,Talladega white noise: Seven minutes of uninterrupted sounds from the track,NASCAR,2023-10-02T18:39:46Z,1020066,9968,358,,https://youtube.com/watch?v=epLgbfKSqQ8,False,False,False,False,False
34,2025 Yellawood 500,2025-10-19,Er66JCQlgSY,NASCAR Radioactive | 2026 Talladega Superspeedway,NASCAR,2026-04-28T21:30:01Z,169277,2696,221,,https://youtube.com/watch?v=Er66JCQlgSY,False,False,False,False,False
34,2025 Yellawood 500,2025-10-19,qPXgB8ks330,Talladega Sets Up Critical Round of 8 Finale | 2025 NASCAR Cup Series Extended Highlights,NASCAR,2025-10-19T22:58:03Z,286728,4137,228,,https://youtube.com/watch?v=qPXgB8ks330,False,False,False,False,False
34,2025 Yellawood 500,2025-10-19,Ad3X1h5I5Sw,Tearful Daniel Suárez Honors Kyle Busch in Coca-Cola 600 Win | 2026 NASCAR Cup Series,NASCAR,2026-05-25T04:01:18Z,169405,2940,315,,https://youtube.com/watch?v=Ad3X1h5I5Sw,False,True,False,False,False
34,2025 Yellawood 500,2025-10-19,LQ2cUWuHzcM,ALL Angles of the 26-Car Crash at Talladega Superspeedway | 2026 NASCAR Cup Series,NASCAR,2026-04-26T23:24:11Z,143697,1242,185,,https://youtube.com/watch?v=LQ2cUWuHzcM,False,False,False,False,False
35,2025 Xfinity 500,2025-10-26,pkmIH9Nkoo4,Xfinity Series at Texas Motor Speedway | NASCAR Official Extended Highlights,NASCAR,2025-05-03T22:09:29Z,167486,2223,141,,https://youtube.com/watch?v=pkmIH9Nkoo4,False,False,False,False,False
35,2025 Xfinity 500,2025-10-26,sDqHEH6ATFU,Talladega&#39;s &#39;Big One&#39; Upends Playoff Plans | 2025 NASCAR Xfinity Series Extended Highlights,NASCAR,2025-10-18T23:18:11Z,299493,4451,215,,https://youtube.com/watch?v=sDqHEH6ATFU,False,False,False,False,False
35,2025 Xfinity 500,2025-10-26,Sv5W3R2zYqM,Xfinity Series at Darlington Raceway | NASCAR Official Extended Highlights,NASCAR,2025-04-05T22:09:40Z,142929,2052,110,,https://youtube.com/watch?v=Sv5W3R2zYqM,False,False,False,False,False
35,2025 Xfinity 500,2025-10-26,hdVA9F-WFkg,Xfinity Series at Martinsville Speedway | NASCAR Official Extended Highlights,NASCAR,2025-03-30T00:34:50Z,186486,2066,229,,https://youtube.com/watch?v=hdVA9F-WFkg,False,False,False,False,False
35,2025 Xfinity 500,2025-10-26,n5xC6rojhQo,Names Are Made at Martinsville&#39;s Elimination Showdown | 2025 Xfinity Series Extended Highlights,NASCAR,2025-10-26T03:25:32Z,151283,2780,133,,https://youtube.com/watch?v=n5xC6rojhQo,False,False,False,False,False
35,2025 Xfinity 500,2025-10-26,h1Fer9xXOP8,Xfinity Series at Pocono Raceway | NASCAR Official Extended Highlights,NASCAR,2025-06-21T23:17:46Z,190809,2396,84,,https://youtube.com/watch?v=h1Fer9xXOP8,False,False,False,False,False
35,2025 Xfinity 500,2025-10-26,i5gK1HEV8Kg,Xfinity Series at Talladega Superspeedway | NASCAR Official Extended Highlights,NASCAR,2025-04-26T23:37:36Z,193876,2248,167,,https://youtube.com/watch?v=i5gK1HEV8Kg,False,False,False,False,False
35,2025 Xfinity 500,2025-10-26,uEvRJvMUOZA,Top 20 NASCAR Xfinity Series Crashes of 2025,Upshift Racing,2025-11-22T15:23:00Z,5535,122,6,,https://youtube.com/watch?v=uEvRJvMUOZA,False,False,False,False,False
35,2025 Xfinity 500,2025-10-26,CRZMoLX1E20,Xfinity Series Championship 2025 at Phoenix Raceway - NASCAR Behind the Scenes,Peter Stratta,2025-11-06T05:00:11Z,225,2,0,,https://youtube.com/watch?v=CRZMoLX1E20,False,False,False,False,False
35,2025 Xfinity 500,2025-10-26,a59N1-Tx-cg,Carson Hocevar Replacement CONFIRMED After Daytona 500 LAST LAP “CHEATING” SCANDAL,NASCAR Central,2026-02-20T22:30:00Z,86822,2035,273,,https://youtube.com/watch?v=a59N1-Tx-cg,False,False,False,False,False
36,2025 Cup Series Championship,2025-11-02,P3vUj_OERyQ,An Unbelievable End to the 2025 NASCAR Cup Series Season | Final Laps at Phoenix,NASCAR,2025-11-03T00:22:30Z,195446,1917,580,,https://youtube.com/watch?v=P3vUj_OERyQ,False,False,False,False,False
36,2025 Cup Series Championship,2025-11-02,eHVaouxE1FU,NASCAR Cup Series 2025: Phoenix championship race | EXTENDED HIGHLIGHTS | Motorsports on NBC,Motorsports on NBC,2025-11-03T01:45:31Z,93583,1824,264,,https://youtube.com/watch?v=eHVaouxE1FU,False,False,False,False,False
36,2025 Cup Series Championship,2025-11-02,Gjnmm9GCozs,Kyle Busch Family Demands THIS from NASCAR After Kyle Busch Death!,Nascar Speedzone,2026-05-28T17:53:06Z,8664,109,17,,https://youtube.com/watch?v=Gjnmm9GCozs,False,True,False,False,False
36,2025 Cup Series Championship,2025-11-02,c-iMbgepsBI,Season Finale Dogfight | 2025 NASCAR Radioactive at Phoenix,NASCAR,2025-11-03T23:52:46Z,39056,1159,118,,https://youtube.com/watch?v=c-iMbgepsBI,False,False,False,False,False
36,2025 Cup Series Championship,2025-11-02,QiPbZV4zRpo,NASCAR Cup Series Highlights | 2026 Las Vegas Motor Speedway,NASCAR,2026-03-15T23:11:28Z,197954,3690,252,,https://youtube.com/watch?v=QiPbZV4zRpo,False,False,False,False,False
36,2025 Cup Series Championship,2025-11-02,Ad3X1h5I5Sw,Tearful Daniel Suárez Honors Kyle Busch in Coca-Cola 600 Win | 2026 NASCAR Cup Series,NASCAR,2026-05-25T04:01:18Z,169405,2940,315,,https://youtube.com/watch?v=Ad3X1h5I5Sw,False,True,False,False,False
36,2025 Cup Series Championship,2025-11-02,aI17Zg59kiI,NASCAR Cup Series 2026: Darlington Raceway | EXTENDED HIGHLIGHTS | Motorsports on NBC,Motorsports on NBC,2026-03-22T23:43:47Z,105551,1531,70,,https://youtube.com/watch?v=aI17Zg59kiI,False,False,False,False,False
36,2025 Cup Series Championship,2025-11-02,tXi9PDEiUZM,Kyle Larson&#39;s FULL Championship Speech | 2025 NASCAR Awards,NASCAR,2025-11-05T02:16:42Z,82452,1920,207,,https://youtube.com/watch?v=tXi9PDEiUZM,False,False,False,False,False
36,2025 Cup Series Championship,2025-11-02,QBASxL_LVVc,Kyle Busch EXPOSES Richard Childress Racing after Martinsville NIGHTMARE!,NASCAR Insider Wire,2026-04-05T14:36:30Z,8596,169,12,,https://youtube.com/watch?v=QBASxL_LVVc,False,True,False,False,False
36,2025 Cup Series Championship,2025-11-02,HnQuNGnbn0o,How a Late Caution Changed the 2025 Cup Series Championship Outcome,NASCAR TODAY,2025-11-05T16:15:04Z,47447,362,188,,https://youtube.com/watch?v=HnQuNGnbn0o,False,False,False,False,False
37,2026 Daytona 500,2026-02-15,LKEgYo8AMZE,NASCAR Radioactive | 2026 Daytona 500,NASCAR,2026-02-17T23:07:29Z,119260,3624,165,,https://youtube.com/watch?v=LKEgYo8AMZE,False,False,False,False,False
37,2026 Daytona 500,2026-02-15,fy8eGJ7qzMc,2026 Daytona 500 | NASCAR Cup Series Extended Highlights,NASCAR,2026-02-15T22:58:22Z,687129,9268,756,,https://youtube.com/watch?v=fy8eGJ7qzMc,False,False,False,False,False
37,2026 Daytona 500,2026-02-15,hFBjkb_TjVQ,Dramatic Final Laps Decide the Daytona 500 | 2026 NASCAR Cup Series,NASCAR,2026-02-15T23:17:43Z,610869,5286,504,,https://youtube.com/watch?v=hFBjkb_TjVQ,False,False,False,False,False
37,2026 Daytona 500,2026-02-15,huhqEyfAI8I,Final 10 Laps of Daytona 500 🏁,NASCAR on FOX,2026-02-15T22:59:31Z,425152,3013,336,,https://youtube.com/watch?v=huhqEyfAI8I,False,False,False,False,False
37,2026 Daytona 500,2026-02-15,xUWajD7knVo,NASCAR Cup Series 2026: 68th Daytona 500 | EXTENDED HIGHLIGHTS | 2/15/26 | Motorsports on NBC,Motorsports on NBC,2026-02-16T00:08:46Z,40566,727,38,,https://youtube.com/watch?v=xUWajD7knVo,False,False,False,False,False
37,2026 Daytona 500,2026-02-15,iVHLLhLjt4M,Kyle Busch Health Crisis Changes EVERYTHING for NASCAR in 2026!,NASCAR Insider,2026-05-21T15:57:17Z,82215,914,443,,https://youtube.com/watch?v=iVHLLhLjt4M,False,True,False,False,False
37,2026 Daytona 500,2026-02-15,LIz6482f1A0,HUGE PROBLEMS for NASCAR after Drivers LASH OUT after Daytona 500 FINAL LAP SCANDAL!,NASCAR Insider,2026-02-16T17:08:00Z,119159,1026,303,,https://youtube.com/watch?v=LIz6482f1A0,False,False,False,False,False
37,2026 Daytona 500,2026-02-15,-BxkuZ62LHA,Michael Jordan &amp; Tyler Reddick Celebrate DAYTONA 500 WIN 🏁 NASCAR on FOX,NASCAR on FOX,2026-02-16T00:01:34Z,881554,8687,919,,https://youtube.com/watch?v=-BxkuZ62LHA,False,False,False,False,False
37,2026 Daytona 500,2026-02-15,C_1tdKW9bJo,Kyle Larson and Bubba Wallace FIGHT after wreck at Las Vegas | NASCAR ON FOX HIGHLIGHTS,NASCAR on FOX,2022-10-16T22:09:52Z,1068364,5836,4917,,https://youtube.com/watch?v=C_1tdKW9bJo,False,False,False,False,False
37,2026 Daytona 500,2026-02-15,Rr2OlelYnps,In-Car: Tyler Reddick’s Daytona 500 Winning Laps | NASCAR,NASCAR,2026-02-16T16:59:16Z,63022,1754,136,,https://youtube.com/watch?v=Rr2OlelYnps,False,False,False,False,False
38,2026 Autotrader 400 at EchoPark Speedway,2026-02-22,Jy_N2CZlg8M,"NASCAR Cup Series 2026: Autotrader 400, EchoPark Speedway | EXTENDED HIGHLIGHTS | Motorsports on NBC",Motorsports on NBC,2026-02-23T01:59:19Z,121283,1952,153,,https://youtube.com/watch?v=Jy_N2CZlg8M,False,False,False,False,False
38,2026 Autotrader 400 at EchoPark Speedway,2026-02-22,o--SaPrj1K8,Kyle Busch Wreck - 2026 NASCAR Cup Series Autotrader 400 at EchoPark Speedway,Big Willy at the Track ,2026-02-26T14:01:18Z,793,2,0,,https://youtube.com/watch?v=o--SaPrj1K8,False,True,False,False,False
38,2026 Autotrader 400 at EchoPark Speedway,2026-02-22,7m7Olypyba8,Final Laps: Overtime MADNESS Decides Atlanta | 2026 NASCAR Cup Series,NASCAR,2026-02-23T00:19:15Z,133771,1237,225,,https://youtube.com/watch?v=7m7Olypyba8,False,False,False,False,False
38,2026 Autotrader 400 at EchoPark Speedway,2026-02-22,sNxG7-OQVzY,HUGE PROBLEMS for NASCAR After Drivers LASH OUT At CARSON HOCEVAR | Atlanta 2026 Fallout,NASCAR Central,2026-02-23T16:47:19Z,78049,1418,301,,https://youtube.com/watch?v=sNxG7-OQVzY,False,False,False,False,False
38,2026 Autotrader 400 at EchoPark Speedway,2026-02-22,l3w3hTyiNuo,NASCAR Craftsman Truck Series Highlights | 2026 EchoPark Speedway at Atlanta,NASCAR,2026-02-21T22:24:41Z,86964,2063,153,,https://youtube.com/watch?v=l3w3hTyiNuo,False,False,False,False,False
38,2026 Autotrader 400 at EchoPark Speedway,2026-02-22,ZzXYoW9Ioz0,2026 NASCAR Cup Series Autotrader 400 @ Atlanta Race Reactions,H Gamerboy815,2026-02-24T04:30:20Z,310,10,9,,https://youtube.com/watch?v=ZzXYoW9Ioz0,False,False,False,False,False
38,2026 Autotrader 400 at EchoPark Speedway,2026-02-22,LSpSD2bK3nY,NASCAR in MELTDOWN! Kyle Busch LASHES OUT After His OWN Former Driver WRECKS His Season at Atlanta!,NASCAR Insider Wire,2026-02-24T20:30:08Z,2682,25,9,,https://youtube.com/watch?v=LSpSD2bK3nY,False,True,False,False,False
38,2026 Autotrader 400 at EchoPark Speedway,2026-02-22,iHoKOMxue10,Kyle Busch DESTROYS Critics! NASCAR in BIG TROUBLE after 23XI DOMINANCE Explodes!,NascarDale,2026-04-06T16:01:08Z,3,0,0,,https://youtube.com/watch?v=iHoKOMxue10,False,True,False,False,False
38,2026 Autotrader 400 at EchoPark Speedway,2026-02-22,QY6zwksUAm0,NASCAR in BIG TROUBLE! Kyle Busch LASHES OUT After CHEATING SCANDAL Explodes at Atlanta!,NASCAR Unleashed,2026-02-24T22:59:51Z,633,0,0,,https://youtube.com/watch?v=QY6zwksUAm0,False,True,False,False,False
38,2026 Autotrader 400 at EchoPark Speedway,2026-02-22,xIgRli-gX5U,NASCAR Cup HIGHLIGHTS: AutoTrader EchoPark Automotive 400 qualifying | 9/23/23 | Motorsports on NBC,Motorsports on NBC,2023-09-23T23:35:34Z,38679,455,79,,https://youtube.com/watch?v=xIgRli-gX5U,False,False,False,False,False
39,2026 DuraMax Texas Grand Prix Presented by RelaDyne,2026-03-01,KvXFuJyvHfg,NASCAR Cup Series 2026: Circuit of the Americas | EXTENDED HIGHLIGHTS | Motorsports on NBC,Motorsports on NBC,2026-03-02T00:58:52Z,57328,1024,53,,https://youtube.com/watch?v=KvXFuJyvHfg,False,False,False,False,False
39,2026 DuraMax Texas Grand Prix Presented by RelaDyne,2026-03-01,bLKBtH_7QjI,2026 DuraMax Grand Prix Race Picks,Daniel Kriete,2026-02-26T13:28:52Z,465,29,11,,https://youtube.com/watch?v=bLKBtH_7QjI,False,False,False,False,False
39,2026 DuraMax Texas Grand Prix Presented by RelaDyne,2026-03-01,uXGONkKl9DI,2026 DuraMax Grand Prix Starting Lineup,Daniel Kriete,2026-03-01T13:28:24Z,255,13,4,,https://youtube.com/watch?v=uXGONkKl9DI,False,False,False,False,False
39,2026 DuraMax Texas Grand Prix Presented by RelaDyne,2026-03-01,qGCAeeeh3QU,NASCAR Cup Series 2026 DuraMAX Grand Prix Preview  - Roberts Sports Show,Roberts Sports Show ,2026-03-01T14:13:06Z,96,1,0,,https://youtube.com/watch?v=qGCAeeeh3QU,False,False,False,False,False
39,2026 DuraMax Texas Grand Prix Presented by RelaDyne,2026-03-01,GUaIb0FR43g,"Tyler Reddick, Michael Jordan, SVG &amp; More Post-Race Interviews after COTA 🎤 NASCAR on FOX",NASCAR on FOX,2026-03-02T01:02:24Z,34585,342,49,,https://youtube.com/watch?v=GUaIb0FR43g,False,False,False,False,False
40,2026 Straight Talk Wireless 500,2026-03-08,JaY2IFZ359M,NASCAR Cup Series 2026: Phoenix Raceway | EXTENDED HIGHLIGHTS | Motorsports on NBC,Motorsports on NBC,2026-03-09T00:52:24Z,82185,1314,63,,https://youtube.com/watch?v=JaY2IFZ359M,False,False,False,False,False
40,2026 Straight Talk Wireless 500,2026-03-08,UhusOtxyt4k,NASCAR RaceDay | 2026 Straight Talk Wireless 500 at Phoenix Preview,JettMDK,2026-03-08T15:32:19Z,14419,157,39,,https://youtube.com/watch?v=UhusOtxyt4k,False,False,False,False,False
40,2026 Straight Talk Wireless 500,2026-03-08,_w7fOVmVduc,2026 NASCAR Straight Talk Wireless 500 @ Phoenix Finish Reactions,GC37,2026-03-09T11:43:00Z,107,2,0,,https://youtube.com/watch?v=_w7fOVmVduc,False,False,False,False,False
40,2026 Straight Talk Wireless 500,2026-03-08,FTLlFe4VX_A,Joey Logano LASHES OUT After INSANE Move at Phoenix!,NASCAR NewsLine,2026-03-08T16:56:33Z,3498,17,2,,https://youtube.com/watch?v=FTLlFe4VX_A,False,False,False,False,False
40,2026 Straight Talk Wireless 500,2026-03-08,HvCYqBA-W4s,NASCAR Cup Series 2026 Straight Talk Wireless 500 Preview  - Roberts Sports Show,Roberts Sports Show ,2026-03-08T12:25:10Z,37,0,0,,https://youtube.com/watch?v=HvCYqBA-W4s,False,False,False,False,False
40,2026 Straight Talk Wireless 500,2026-03-08,PZVmuEJB8rI,2026 Straight Talk Wireless 500 Starting Lineup,Daniel Kriete,2026-03-08T12:42:34Z,255,13,7,,https://youtube.com/watch?v=PZVmuEJB8rI,False,False,False,False,False
40,2026 Straight Talk Wireless 500,2026-03-08,61np-qYnwB4,"Ryan Blaney, Christopher Bell &amp; More Post-Race Interviews after Phoenix Raceway 🗣️🎤 NASCAR on FOX",NASCAR on FOX,2026-03-09T00:10:27Z,35675,279,37,,https://youtube.com/watch?v=61np-qYnwB4,False,False,False,False,False
40,2026 Straight Talk Wireless 500,2026-03-08,Kubn4va8LMk,2026 Straight Talk Wireless 500 Race Picks,Daniel Kriete,2026-03-05T13:29:46Z,391,22,13,,https://youtube.com/watch?v=Kubn4va8LMk,False,False,False,False,False
40,2026 Straight Talk Wireless 500,2026-03-08,WDq41gGHZU4,NASCAR Cup Series: Straight Talk Wireless 400 Highlights | NASCAR on FOX,NASCAR on FOX,2025-03-23T22:34:24Z,159350,2927,232,,https://youtube.com/watch?v=WDq41gGHZU4,False,False,False,False,False
40,2026 Straight Talk Wireless 500,2026-03-08,mj_uAmr9ySQ,Joey Logano DONE WITH NASCAR after MASSIVE Phoenix Incident  MUST SEE!!,OvalNation,2026-03-12T15:01:31Z,555,2,4,,https://youtube.com/watch?v=mj_uAmr9ySQ,False,False,False,False,False
41,2026 Pennzoil 400 Presented by Jiffy Lube,2026-03-15,7bUaXbZRDr0,NASCAR Cup Series 2026: Las Vegas Motor Speedway | EXTENDED HIGHLIGHTS | Motorsports on NBC,Motorsports on NBC,2026-03-16T00:12:38Z,76273,1240,59,,https://youtube.com/watch?v=7bUaXbZRDr0,False,False,False,False,False
41,2026 Pennzoil 400 Presented by Jiffy Lube,2026-03-15,g-m2RezlZnM,2026 NASCAR Cup Series Pennzoil 400 @ Las Vegas Race Reactions,H Gamerboy815,2026-03-16T02:40:02Z,126,3,1,,https://youtube.com/watch?v=g-m2RezlZnM,False,False,False,False,False
41,2026 Pennzoil 400 Presented by Jiffy Lube,2026-03-15,QiPbZV4zRpo,NASCAR Cup Series Highlights | 2026 Las Vegas Motor Speedway,NASCAR,2026-03-15T23:11:28Z,197954,3690,252,,https://youtube.com/watch?v=QiPbZV4zRpo,False,False,False,False,False
41,2026 Pennzoil 400 Presented by Jiffy Lube,2026-03-15,0FjX0HoxNSQ,Kyle Busch JUST Declared War on Noah Gragson!,NASCAR Lounge,2026-02-24T18:01:13Z,39,1,0,,https://youtube.com/watch?v=0FjX0HoxNSQ,False,True,False,False,False
41,2026 Pennzoil 400 Presented by Jiffy Lube,2026-03-15,mfOBOHmyFRA,NASCAR at Las Vegas Mar. 2026: Kyle Busch pre-race,Cup Scene ,2026-03-14T19:29:25Z,3354,78,12,,https://youtube.com/watch?v=mfOBOHmyFRA,False,True,False,False,False
41,2026 Pennzoil 400 Presented by Jiffy Lube,2026-03-15,DB9QFY2F-K8,What Drivers Said After Las Vegas | 2026 NASCAR Cup Series,NASCAR,2026-03-15T23:47:09Z,22399,345,52,,https://youtube.com/watch?v=DB9QFY2F-K8,False,False,False,False,False
41,2026 Pennzoil 400 Presented by Jiffy Lube,2026-03-15,N2-1GuHcbtA,NASCAR Radioactive | 2026 Las Vegas Motor Speedway,NASCAR,2026-03-17T20:35:53Z,72957,1717,133,,https://youtube.com/watch?v=N2-1GuHcbtA,False,False,False,False,False
41,2026 Pennzoil 400 Presented by Jiffy Lube,2026-03-15,Ranq4btvp2c,NASCAR RaceDay | 2026 Pennzoil 400 at Las Vegas Preview,JettMDK,2026-03-15T17:31:31Z,20507,149,24,,https://youtube.com/watch?v=Ranq4btvp2c,False,False,False,False,False
41,2026 Pennzoil 400 Presented by Jiffy Lube,2026-03-15,hKsNXFB_8V4,NASCAR Cup Series 2025: Pennzoil 400 | EXTENDED HIGHLIGHTS | 3/16/25 | Motorsports on NBC,Motorsports on NBC,2025-03-16T23:54:59Z,150337,2662,143,,https://youtube.com/watch?v=hKsNXFB_8V4,False,False,False,False,False
41,2026 Pennzoil 400 Presented by Jiffy Lube,2026-03-15,hzjYSpxSuzU,FINAL LAPS: Kyle Larson takes the checkered flag at The LiUNA! at Las Vegas 🏁 NASCAR on FOX,NASCAR on FOX,2026-03-15T00:36:56Z,57119,299,17,,https://youtube.com/watch?v=hzjYSpxSuzU,False,False,False,False,False
42,2026 Goodyear 400,2026-03-22,HdXfZOgTtjY,NASCAR Radioactive | 2026 Darlington Raceway,NASCAR,2026-03-24T21:00:31Z,77939,1636,140,,https://youtube.com/watch?v=HdXfZOgTtjY,False,False,False,False,False
42,2026 Goodyear 400,2026-03-22,aI17Zg59kiI,NASCAR Cup Series 2026: Darlington Raceway | EXTENDED HIGHLIGHTS | Motorsports on NBC,Motorsports on NBC,2026-03-22T23:43:47Z,105551,1531,70,,https://youtube.com/watch?v=aI17Zg59kiI,False,False,False,False,False
42,2026 Goodyear 400,2026-03-22,vUprt6v8TGU,NASCAR RaceDay | 2026 Goodyear 400 at Darlington Preview,JettMDK,2026-03-22T17:13:15Z,9074,122,20,,https://youtube.com/watch?v=vUprt6v8TGU,False,False,False,False,False
42,2026 Goodyear 400,2026-03-22,RFg-vGTTmO8,2026 NASCAR Goodyear 400 Race Reactions,Busch Brothers Fan,2026-03-23T21:45:02Z,44,0,0,,https://youtube.com/watch?v=RFg-vGTTmO8,False,False,False,False,False
42,2026 Goodyear 400,2026-03-22,VCsdd9FZ_Ds,2026 NASCAR Cup Series Goodyear 400 at Darlington Reaction. HE CAN’T STOP WINNING!,FireBall Hamlin,2026-03-23T01:10:26Z,845,37,11,,https://youtube.com/watch?v=VCsdd9FZ_Ds,False,False,False,False,False
42,2026 Goodyear 400,2026-03-22,os3KzRmVYqs,2026 Goodyear 400 Race Picks,Daniel Kriete,2026-03-18T12:28:38Z,452,28,13,,https://youtube.com/watch?v=os3KzRmVYqs,False,False,False,False,False
42,2026 Goodyear 400,2026-03-22,JcxAI6tHO4E,Kyle Larson Just Said 4 Words That Changed EVERYTHING About Kyle Busch,SPORTSWIRE USA,2026-07-05T07:33:18Z,320,8,1,,https://youtube.com/watch?v=JcxAI6tHO4E,False,True,False,False,False
42,2026 Goodyear 400,2026-03-22,iwy0N74-Myk,2026 Goodyear 400 Starting Lineup,Daniel Kriete,2026-03-22T12:29:11Z,229,16,5,,https://youtube.com/watch?v=iwy0N74-Myk,False,False,False,False,False
42,2026 Goodyear 400,2026-03-22,lrshEeutk9M,NASCAR CUP SERIES 2026 DARLINGTON 400 4 OF 11 #MOTORSPORTS #NASCAR ,🏁🏆Randall Harrell Racing RC channel and more,2026-03-23T04:49:34Z,14,0,0,,https://youtube.com/watch?v=lrshEeutk9M,False,False,False,False,False
42,2026 Goodyear 400,2026-03-22,HZ3keYKL3T4,Winners and Losers of the NASCAR Goodyear 400,Motorsport Reports,2026-03-24T17:00:22Z,19,2,0,,https://youtube.com/watch?v=HZ3keYKL3T4,False,False,False,False,False
43,2026 Cook Out 400,2026-03-29,GVHPHsmFsdg,"NASCAR 2026 CUP SERIES | COOK OUT 400 | RACE HIGHLIGHTS (DEDICATED FOR KYLE BUSCH, 1985 - 2026)RIP ",GUS F1 AND NASCAR FAN,2026-05-22T20:19:06Z,24,0,0,,https://youtube.com/watch?v=GVHPHsmFsdg,False,True,False,False,False
43,2026 Cook Out 400,2026-03-29,o--SaPrj1K8,Kyle Busch Wreck - 2026 NASCAR Cup Series Autotrader 400 at EchoPark Speedway,Big Willy at the Track ,2026-02-26T14:01:18Z,793,2,0,,https://youtube.com/watch?v=o--SaPrj1K8,False,True,False,False,False
43,2026 Cook Out 400,2026-03-29,2ywAiF7C0Hw,NASCAR Cook Out 400 Richmond Live Stream |2026 NASCAR Cup Series - Full Race,Real LIve Stream,2026-08-15T23:30:13Z,54,1,0,,https://youtube.com/watch?v=2ywAiF7C0Hw,False,False,False,False,False
43,2026 Cook Out 400,2026-03-29,RP0B9PArQjo,2026 Cook Out 400 Race Picks,Daniel Kriete,2026-08-12T12:25:17Z,341,29,13,,https://youtube.com/watch?v=RP0B9PArQjo,False,False,False,False,False
43,2026 Cook Out 400,2026-03-29,7FHzTw0wSsY,NASCAR Cup Series Cook Out 400 Race Reaction!,GibbsFanDom54,2026-08-16T13:25:33Z,5,0,0,,https://youtube.com/watch?v=7FHzTw0wSsY,False,False,False,False,False
43,2026 Cook Out 400,2026-03-29,0_8ZYVdOyMI,2026 NASCAR Radioactive | Cook Out Clash at Bowman Gray,NASCAR,2026-02-06T22:00:01Z,139002,2638,188,,https://youtube.com/watch?v=0_8ZYVdOyMI,False,False,False,False,False
43,2026 Cook Out 400,2026-03-29,qKFIOmCZqpM,Final Lap of the Last 10 Cook Out 400 at Richmond Raceway,MVRowner,2026-08-14T23:00:20Z,1078,15,2,,https://youtube.com/watch?v=qKFIOmCZqpM,False,False,False,False,False
43,2026 Cook Out 400,2026-03-29,jZTFZ4huiLM,NASCAR Radioactive | 2026 Martinsville Speedway,NASCAR,2026-03-31T21:00:29Z,74075,1733,149,,https://youtube.com/watch?v=jZTFZ4huiLM,False,False,False,False,False
43,2026 Cook Out 400,2026-03-29,BoqPkJkUbKo,2026 Cook Out 400 at MARTINSVILLE | STARTING LINEUP,KEMMO,2026-03-29T00:38:01Z,21355,319,20,,https://youtube.com/watch?v=BoqPkJkUbKo,False,False,False,False,False
43,2026 Cook Out 400,2026-03-29,7ys3G7gg02M,How to Simulate NASCAR 2026 Richmond in NR2003 | Full Setup Tutorial,The Great Mike Jonez,2026-08-14T16:00:09Z,95,6,4,,https://youtube.com/watch?v=7ys3G7gg02M,False,False,False,False,False
44,2026 Food City 500,2026-04-12,Dag1GnVHP0s,Kyle Busch HUMILIATED in Multi Car Wreck!,Nascar Speedzone,2026-04-13T16:00:00Z,3481,31,10,,https://youtube.com/watch?v=Dag1GnVHP0s,False,True,False,False,False
44,2026 Food City 500,2026-04-12,hMullmAO0QE,Kyle Busch ERUPTS After Bristol DISASTER — SHOCKING Audio Leak Leaves RCR STUNNED!, NASCAR Report Today,2026-04-18T17:28:53Z,67,0,0,,https://youtube.com/watch?v=hMullmAO0QE,False,True,False,False,False
44,2026 Food City 500,2026-04-12,XeEoMU07jnk,NASCAR JUST Dropped a SHOCKING Announcement Ahead of Bristol!,Nascar Speedzone,2026-08-14T18:45:38Z,417,5,1,,https://youtube.com/watch?v=XeEoMU07jnk,False,False,False,False,False
44,2026 Food City 500,2026-04-12,mdbb-phc7js,NASCAR Cup Series at Bristol Dirt | NASCAR ON FOX HIGHLIGHTS,NASCAR on FOX,2022-04-18T04:23:10Z,452125,5850,715,,https://youtube.com/watch?v=mdbb-phc7js,False,False,False,False,False
44,2026 Food City 500,2026-04-12,Xg71JYUvXoU,All of Kyle Busch’s Bristol Wins,Just an Average Autistic Fan,2026-07-02T06:32:07Z,101,4,0,,https://youtube.com/watch?v=Xg71JYUvXoU,False,True,False,False,False
44,2026 Food City 500,2026-04-12,nG0fEtCQUm8,Kyle Busch SHOCKS EVERYONE after &#39;STOLEN&#39; Kansas &#39;CHAT&#39;!!,NASCAR Lounge,2026-04-19T16:01:33Z,467,2,1,,https://youtube.com/watch?v=nG0fEtCQUm8,False,True,False,False,False
44,2026 Food City 500,2026-04-12,7YBAN6d6rHQ,NASCAR Radioactive | 2026 Bristol Motor Speedway,NASCAR,2026-04-14T21:01:51Z,64962,1461,83,,https://youtube.com/watch?v=7YBAN6d6rHQ,False,False,False,False,False
44,2026 Food City 500,2026-04-12,WzycAxVZPFs,NASCAR RaceDay | 2026 Food City 500 at Bristol Preview,JettMDK,2026-04-12T17:09:20Z,5779,98,15,,https://youtube.com/watch?v=WzycAxVZPFs,False,False,False,False,False
44,2026 Food City 500,2026-04-12,bqVFkXz20ck,NASCAR Cup Series 2026: Bristol Motor Speedway | EXTENDED HIGHLIGHTS | Motorsports on NBC,Motorsports on NBC,2026-04-12T23:23:30Z,54892,981,57,,https://youtube.com/watch?v=bqVFkXz20ck,False,False,False,False,False
44,2026 Food City 500,2026-04-12,wYPU_Gibip8,What Drivers Said After Bristol | 2026 NASCAR Cup Series,NASCAR,2026-04-12T22:57:37Z,26057,384,44,,https://youtube.com/watch?v=wYPU_Gibip8,False,False,False,False,False
45,2026 AdventHealth 400,2026-04-19,WWBwFXa3kf8,Kyle Busch Causes Late-Race CONTROVERSY with Denny Hamlin at Kansas,NASCAR REPORT,2026-04-21T16:27:03Z,137,0,2,,https://youtube.com/watch?v=WWBwFXa3kf8,True,True,False,False,False
45,2026 AdventHealth 400,2026-04-19,PeZIbEVHvZA,Reddick &amp; Michael Jordan React to Kansas Thriller | 2026 NASCAR Cup Series,NASCAR,2026-04-19T21:29:26Z,49856,866,162,,https://youtube.com/watch?v=PeZIbEVHvZA,False,False,False,False,False
45,2026 AdventHealth 400,2026-04-19,wzbRzXYXPP8,"NASCAR Cup Series 2026: AdventHealth 400, Kansas Speedway | EXTENDED HIGHLIGHTS | Motorsports on NBC",Motorsports on NBC,2026-04-19T22:25:55Z,59839,998,54,,https://youtube.com/watch?v=wzbRzXYXPP8,False,False,False,False,False
45,2026 AdventHealth 400,2026-04-19,4VYE1wr3Hmw,DENNY HAMLIN CRUSHED IN CHAOTIC FINISH — Kyle Busch UNLEASHES on “IDIOT” Decisions!,NASCAR NewsLine,2026-04-20T16:00:00Z,917,7,2,,https://youtube.com/watch?v=4VYE1wr3Hmw,True,True,False,False,False
45,2026 AdventHealth 400,2026-04-19,Jy_N2CZlg8M,"NASCAR Cup Series 2026: Autotrader 400, EchoPark Speedway | EXTENDED HIGHLIGHTS | Motorsports on NBC",Motorsports on NBC,2026-02-23T01:59:19Z,121283,1952,153,,https://youtube.com/watch?v=Jy_N2CZlg8M,False,False,False,False,False
45,2026 AdventHealth 400,2026-04-19,7WrUPzTZVhI,Wildest NASCAR Last-Lap Passes for the Win (Vol. 1),NASCAR,2026-01-06T16:00:19Z,64677,1593,112,,https://youtube.com/watch?v=7WrUPzTZVhI,False,False,False,False,False
45,2026 AdventHealth 400,2026-04-19,oMEnJPV9ntQ,"Kyle Busch: Racing On, Rumors Debunked",WideAngle,2026-05-22T10:47:19Z,47,0,0,,https://youtube.com/watch?v=oMEnJPV9ntQ,False,True,False,False,False
45,2026 AdventHealth 400,2026-04-19,VTBqA77xDE4,Kansas Final Laps ERUPT in Overtime | 2026 NASCAR Cup Series,NASCAR,2026-04-19T21:21:04Z,135646,1398,369,,https://youtube.com/watch?v=VTBqA77xDE4,False,False,False,False,False
45,2026 AdventHealth 400,2026-04-19,WSRUhTgZPQ0,Nose-to-Nose Finish Makes NASCAR History | 2024 Kansas Final Laps,NASCAR,2026-04-16T19:00:24Z,17957,587,50,,https://youtube.com/watch?v=WSRUhTgZPQ0,False,False,False,False,False
45,2026 AdventHealth 400,2026-04-19,bqVFkXz20ck,NASCAR Cup Series 2026: Bristol Motor Speedway | EXTENDED HIGHLIGHTS | Motorsports on NBC,Motorsports on NBC,2026-04-12T23:23:30Z,54887,981,57,,https://youtube.com/watch?v=bqVFkXz20ck,False,False,False,False,False
46,2026 Jack Link's 500,2026-04-26,Er66JCQlgSY,NASCAR Radioactive | 2026 Talladega Superspeedway,NASCAR,2026-04-28T21:30:01Z,169277,2696,221,,https://youtube.com/watch?v=Er66JCQlgSY,False,False,False,False,False
46,2026 Jack Link's 500,2026-04-26,BGLwqxP1jqM,&quot;Kyle Busch LOSES IT at Talladega! 😡 NASCAR&#39;s Controversial Move SHOCKS Fans!&quot;,NASCAR Hub,2026-04-17T10:58:11Z,80,1,0,,https://youtube.com/watch?v=BGLwqxP1jqM,False,True,False,False,False
46,2026 Jack Link's 500,2026-04-26,H6Pi2WqvxM4,FINAL LAPS: Carson Hocevar’s First Career NASCAR Cup Series Win at Jack Link’s 500 🏁 NASCAR on FOX,NASCAR on FOX,2026-04-26T23:16:05Z,88993,1231,123,,https://youtube.com/watch?v=H6Pi2WqvxM4,False,False,False,False,False
46,2026 Jack Link's 500,2026-04-26,LQ2cUWuHzcM,ALL Angles of the 26-Car Crash at Talladega Superspeedway | 2026 NASCAR Cup Series,NASCAR,2026-04-26T23:24:11Z,143697,1242,185,,https://youtube.com/watch?v=LQ2cUWuHzcM,False,False,False,False,False
46,2026 Jack Link's 500,2026-04-26,ksR8ydGheI8,2026 Wienie 500 from my perspective ,Relics of Raptors Recall,2026-05-25T19:51:46Z,81,2,3,,https://youtube.com/watch?v=ksR8ydGheI8,False,False,False,False,False
46,2026 Jack Link's 500,2026-04-26,Le3B400HbWk,Final Laps: First-Time Winner Crowned at Talladega  | 2026 NASCAR Cup Series,NASCAR,2026-04-26T23:11:44Z,129150,1340,190,,https://youtube.com/watch?v=Le3B400HbWk,False,False,False,False,False
46,2026 Jack Link's 500,2026-04-26,8P_Mq_1qLww,Bubba Wallace ERUPTS at Talladega After Kyle Busch Says the Unthinkable, NASCAR Report Today,2026-05-01T19:01:17Z,369,1,1,,https://youtube.com/watch?v=8P_Mq_1qLww,False,True,False,False,False
46,2026 Jack Link's 500,2026-04-26,slKZWYHcyzI,Bubba Wallace EXPLODES After Talladega… | Kyle Busch BREAKS SILENCE,Oval Dispatch ,2026-05-02T15:54:40Z,85,0,1,,https://youtube.com/watch?v=slKZWYHcyzI,False,True,False,False,False
46,2026 Jack Link's 500,2026-04-26,uzZMjgC6O6g,2026 Jack Link&#39;s 500 Starting Lineup,Daniel Kriete,2026-04-26T12:28:44Z,293,12,10,,https://youtube.com/watch?v=uzZMjgC6O6g,False,False,False,False,False
46,2026 Jack Link's 500,2026-04-26,esMJRrlfelc,Carson Hocevar Celebrates First Win with EPIC Burnout | 2026 NASCAR Cup Series,NASCAR,2026-04-26T23:22:19Z,205380,6625,639,,https://youtube.com/watch?v=esMJRrlfelc,False,False,False,False,False
47,2026 Wurth 400 Presented by LIQUI MOLY,2026-05-03,0mufmQhZ-do,Kyle Busch Just Made NASCAR Furious!,NASCAR Lounge,2026-05-05T16:02:00Z,272,1,1,,https://youtube.com/watch?v=0mufmQhZ-do,False,True,False,False,False
47,2026 Wurth 400 Presented by LIQUI MOLY,2026-05-03,GQdVqXqscq8,NASCAR MELTDOWN at Texas! Kyle Busch SNAPS as Chase Elliott TAKES OVER!,NASCAR Unleashed,2026-05-07T16:00:34Z,70,0,0,,https://youtube.com/watch?v=GQdVqXqscq8,False,True,False,False,False
47,2026 Wurth 400 Presented by LIQUI MOLY,2026-05-03,KDRGUVsqKQQ,NASCAR Cup Series 2026: Würth 400 at Texas Motor Speedway | HIGHLIGHTS | Motorsports on NBC,Motorsports on NBC,2026-05-03T23:54:04Z,42788,564,26,,https://youtube.com/watch?v=KDRGUVsqKQQ,False,False,False,False,False
47,2026 Wurth 400 Presented by LIQUI MOLY,2026-05-03,i4nkFa4Iz_I,Kyle Busch Just Got A Serious Warning From NASCAR!,NASCAR TODAY,2026-05-09T18:16:34Z,994,18,1,,https://youtube.com/watch?v=i4nkFa4Iz_I,False,True,False,False,False
47,2026 Wurth 400 Presented by LIQUI MOLY,2026-05-03,YLw_0K-Ubx0,Kyle Busch Returns to Texas — The Track That Broke His Heart &amp; Made Him a Legend,DAILY NASCAR,2026-04-29T19:30:14Z,110,3,0,,https://youtube.com/watch?v=YLw_0K-Ubx0,False,True,False,False,False
47,2026 Wurth 400 Presented by LIQUI MOLY,2026-05-03,hR-xus6DuQY,&quot;It’s Over? Dale Jr.’s Shocking Warning to Kyle Busch That No One Expected!&quot;,NASCAR Hub,2026-05-02T19:00:00Z,658,6,0,,https://youtube.com/watch?v=hR-xus6DuQY,False,True,False,False,False
47,2026 Wurth 400 Presented by LIQUI MOLY,2026-05-03,GwiXXfhoYL8,Did Kyle Busch CROSS THE LINE at Texas?,SPORTSWIRE USA,2026-05-04T09:40:01Z,1834,10,9,,https://youtube.com/watch?v=GwiXXfhoYL8,False,True,False,False,False
47,2026 Wurth 400 Presented by LIQUI MOLY,2026-05-03,awAMyH3fcV0,FINAL LAPS: Chase Elliott outlasts Denny Hamlin to take checkered flag at Würth 400 🏁 NASCAR on FOX,NASCAR on FOX,2026-05-03T22:53:02Z,66406,771,93,,https://youtube.com/watch?v=awAMyH3fcV0,True,False,False,False,False
47,2026 Wurth 400 Presented by LIQUI MOLY,2026-05-03,3T9tjn8_7Ww,"NASCAR CHAOS at Texas! Kyle Busch ERUPTS, Chase Elliott DOMINATES &amp; Garage Tensions EXPLODE",Redline Speed Lab,2026-05-07T16:00:06Z,31,0,0,,https://youtube.com/watch?v=3T9tjn8_7Ww,False,True,False,False,False
47,2026 Wurth 400 Presented by LIQUI MOLY,2026-05-03,zQxNw63y9sk,Kyle Busch&#39;s best highlights and tribute ,Nascar Nathan,2026-08-14T19:38:27Z,23,0,0,,https://youtube.com/watch?v=zQxNw63y9sk,False,True,False,False,False
48,2026 Go Bowling at The Glen,2026-05-10,Gh8-aXEq4Eg,NASCAR Cup Series 2026: Watkins Glen International | EXTENDED HIGHLIGHTS | Motorsports on NBC,Motorsports on NBC,2026-05-10T23:08:36Z,64127,1155,98,,https://youtube.com/watch?v=Gh8-aXEq4Eg,False,False,False,False,False
48,2026 Go Bowling at The Glen,2026-05-10,LacI-1o_muI,KYLE BUSCH Asked for a DOCTOR Mid-Race at Watkins Glen?!,SPORTSWIRE USA,2026-05-11T07:38:59Z,17384,175,35,,https://youtube.com/watch?v=LacI-1o_muI,False,True,False,False,False
48,2026 Go Bowling at The Glen,2026-05-10,ilER8HMVwbM,Kyle Busch&#39;s SHOCKING Medical Emergency STUNS NASCAR Mid Race At Watkins Glen!,NASCAR Racing Report,2026-05-16T14:30:27Z,30429,263,30,,https://youtube.com/watch?v=ilER8HMVwbM,False,True,False,False,False
48,2026 Go Bowling at The Glen,2026-05-10,4FErWb9ttQ8,NASCAR Fans STUNNED After Kyle Busch’s Emergency Radio Call at Watkins Glen!,Nascar Speedzone,2026-05-12T18:12:25Z,11103,71,13,,https://youtube.com/watch?v=4FErWb9ttQ8,False,True,False,False,False
48,2026 Go Bowling at The Glen,2026-05-10,AGatuAj-9es,NASCAR in BIG TROUBLE! Kyle Busch Just Dropped a BOMBSHELL at Watkins Glen — NASCAR is Shaking,NASCAR Insider Wire,2026-05-09T16:24:00Z,4849,38,2,,https://youtube.com/watch?v=AGatuAj-9es,False,True,False,False,False
48,2026 Go Bowling at The Glen,2026-05-10,NUHr_gkAoNU,NASCAR Radioactive | 2026 Watkins Glen,NASCAR,2026-05-12T21:02:20Z,152217,2239,197,,https://youtube.com/watch?v=NUHr_gkAoNU,False,False,False,False,False
48,2026 Go Bowling at The Glen,2026-05-10,zw1n1v_hu0Y,2026 Go Bowling At The Glen Starting Lineup,Daniel Kriete,2026-05-10T12:30:05Z,203,15,3,,https://youtube.com/watch?v=zw1n1v_hu0Y,False,False,False,False,False
48,2026 Go Bowling at The Glen,2026-05-10,ZInjrHwGIBU,2026 Go Bowling At The Glen Race Picks,Daniel Kriete,2026-05-06T12:28:06Z,407,29,15,,https://youtube.com/watch?v=ZInjrHwGIBU,False,False,False,False,False
48,2026 Go Bowling at The Glen,2026-05-10,HuAPYDZ53Wg,FINAL STAGE 8 OF 10 CUP SERIES GO BOWLING AT THE GLEN #MOTORSPORTS #NASCAR ,🏁🏆Randall Harrell Racing RC channel and more,2026-05-11T12:22:25Z,5,0,0,,https://youtube.com/watch?v=HuAPYDZ53Wg,False,False,False,False,False
48,2026 Go Bowling at The Glen,2026-05-10,q377U71_M14,PART 6 OF 10 NASCAR CUP SERIES GO BOWLING AT THE GLEN #MOTORSPORTS #NASCAR ,🏁🏆Randall Harrell Racing RC channel and more,2026-05-11T04:08:29Z,0,0,0,,https://youtube.com/watch?v=q377U71_M14,False,False,False,False,False
49,2026 Coca-Cola 600,2026-05-24,dEiDeYNtdrs,Kyle Busch receives heartfelt tribute from NASCAR before start of Coca-Cola 600 | NewsNation Prime,NewsNation,2026-05-25T00:46:46Z,11684,112,11,,https://youtube.com/watch?v=dEiDeYNtdrs,False,True,False,False,False
49,2026 Coca-Cola 600,2026-05-24,Ad3X1h5I5Sw,Tearful Daniel Suárez Honors Kyle Busch in Coca-Cola 600 Win | 2026 NASCAR Cup Series,NASCAR,2026-05-25T04:01:18Z,169405,2940,315,,https://youtube.com/watch?v=Ad3X1h5I5Sw,False,True,False,False,False
49,2026 Coca-Cola 600,2026-05-24,lQ4U38_dhQY,NASCAR Radioactive | 2026 Coca-Cola 600,NASCAR,2026-05-26T21:00:06Z,131603,3743,183,,https://youtube.com/watch?v=lQ4U38_dhQY,False,False,False,False,False
49,2026 Coca-Cola 600,2026-05-24,zPIEqgnrjpQ,NASCAR DRIVERS PAY TRIBUTE TO KYLE BUSCH IN COCA-COLA 600 DRIVER INTRODUCTIONS AT CHARLOTTE,Chris Weaver,2026-05-25T19:05:35Z,3988,69,2,,https://youtube.com/watch?v=zPIEqgnrjpQ,False,True,False,False,False
49,2026 Coca-Cola 600,2026-05-24,iVHLLhLjt4M,Kyle Busch Health Crisis Changes EVERYTHING for NASCAR in 2026!,NASCAR Insider,2026-05-21T15:57:17Z,82215,914,443,,https://youtube.com/watch?v=iVHLLhLjt4M,False,True,False,False,False
49,2026 Coca-Cola 600,2026-05-24,2t5wkeEoKlA,NASCAR&#39;s Tribute to Kyle Busch and Family at Coca Cola 600 | Charlotte Motor Speedway,Leuel48Fan,2026-05-24T23:47:27Z,196237,2461,326,,https://youtube.com/watch?v=2t5wkeEoKlA,False,True,False,False,False
49,2026 Coca-Cola 600,2026-05-24,ybtIBoP80Mw,Remembering Kyle Busch | Full Pre-Race Tribute,NASCAR,2026-05-24T23:00:58Z,807054,14532,1293,,https://youtube.com/watch?v=ybtIBoP80Mw,False,True,False,False,False
49,2026 Coca-Cola 600,2026-05-24,jV_Vi2OWz6I,What NASCAR PROMISED the Busch Family at Charlotte!,SPORTSWIRE USA,2026-05-25T05:31:21Z,3363,61,4,,https://youtube.com/watch?v=jV_Vi2OWz6I,False,False,False,False,False
49,2026 Coca-Cola 600,2026-05-24,kpLrSEH6BE4,2026 NASCAR Coca Cola 600 Race Start + Kyle Busch Tribute,Nicholas Sheppard,2026-05-25T16:00:27Z,867,22,1,,https://youtube.com/watch?v=kpLrSEH6BE4,False,True,False,False,False
49,2026 Coca-Cola 600,2026-05-24,w7xPlvbsEvg,Fans remember Kyle Busch ahead of Coca-Cola 600,Queen City News,2026-05-22T13:01:19Z,10662,108,15,,https://youtube.com/watch?v=w7xPlvbsEvg,False,True,False,False,False
50,2026 Cracker Barrel 400,2026-05-31,y2m-hzVVGfs,NASCAR 2026 - Nashville Cracker Barrel 400,Kamil Sz (DZANU86),2026-06-01T16:32:34Z,152,1,0,,https://youtube.com/watch?v=y2m-hzVVGfs,False,False,False,False,False
50,2026 Cracker Barrel 400,2026-05-31,HDNaGjUgn0w,NASCAR 2026: Cracker Barrel 400 Reactions,GodzillaGaming111,2026-06-02T01:15:00Z,1035,71,3,,https://youtube.com/watch?v=HDNaGjUgn0w,False,False,False,False,False
50,2026 Cracker Barrel 400,2026-05-31,jHsO_aOvwpI,Nashville Just Proved NASCAR Will NEVER Be The Same!,SPORTSWIRE USA,2026-06-02T08:48:49Z,441,6,1,,https://youtube.com/watch?v=jHsO_aOvwpI,False,False,False,False,False
50,2026 Cracker Barrel 400,2026-05-31,R5S86Tz6qUI,NASCAR Cup Series Nashville 2026 full race @NASCAR ,nascar bastion,2026-06-05T20:06:06Z,95,0,0,,https://youtube.com/watch?v=R5S86Tz6qUI,False,False,False,False,False
50,2026 Cracker Barrel 400,2026-05-31,mH4yB9ySCFE,FINAL LAPS: Denny Hamlin holds off Christopher Bell to win the Cracker Barrel 400 🏁 NASCAR on FOX,NASCAR on FOX,2026-06-01T04:41:10Z,16688,190,20,,https://youtube.com/watch?v=mH4yB9ySCFE,True,False,False,False,False
50,2026 Cracker Barrel 400,2026-05-31,1bVGakmsEN8,Dale Jr. JUST REVEALED What Nashville Means to Him!,Nascar Speedzone,2026-06-02T18:00:16Z,180,3,0,,https://youtube.com/watch?v=1bVGakmsEN8,False,False,False,False,False
50,2026 Cracker Barrel 400,2026-05-31,NzTn-awoRN0,"Austin Dillon addresses how RCR moves forward after shocking, sudden passing of Kyle Busch",Steven Taranto,2026-05-31T07:44:35Z,167,3,0,,https://youtube.com/watch?v=NzTn-awoRN0,False,True,False,False,False
50,2026 Cracker Barrel 400,2026-05-31,gt8wW6KmLaY,NASCAR SHATTERED Kyle Busch&#39;s HEARTBREAKING Final Goodbye,NASCAR Nation News,2026-06-01T12:09:39Z,103,4,0,,https://youtube.com/watch?v=gt8wW6KmLaY,False,True,False,False,False
50,2026 Cracker Barrel 400,2026-05-31,UweBQE2uKT4,"Denny Hamlin, Christopher Bell &amp; more post-race interviews from Cracker Barrel 400 🎤 NASCAR on FOX",NASCAR on FOX,2026-06-01T05:13:27Z,27206,411,45,,https://youtube.com/watch?v=UweBQE2uKT4,True,False,False,False,False
50,2026 Cracker Barrel 400,2026-05-31,NLg6xMu7RS4,Prime Best Camera Angles (2026 only),NoobDaRoracer,2026-08-08T19:00:06Z,30,5,4,,https://youtube.com/watch?v=NLg6xMu7RS4,False,False,False,False,False
51,2026 Firekeepers Casino 400,2026-06-07,ZYKUAIt9_zA,FINAL LAPS KYLE BUSCH TRIBUTE-2026 NASCAR CUP SERIES FIREKEEPERS CASINO 400 AT MICHIGAN ,Driftking,2026-06-07T23:11:51Z,20,1,2,,https://youtube.com/watch?v=ZYKUAIt9_zA,False,True,False,False,False
51,2026 Firekeepers Casino 400,2026-06-07,b82MYJ5Ray4,NASCAR Cup Series| 2026 Michigan International Speedway,NASCAR HUB,2026-06-08T13:30:05Z,85,0,0,,https://youtube.com/watch?v=b82MYJ5Ray4,False,False,False,False,False
51,2026 Firekeepers Casino 400,2026-06-07,pdZrG8V2LGA,Denny Hamlin&#39;s Incredible Kyle Busch Tribute After Michigan Win | 2026 NASCAR Cup Series,NASCAR,2026-06-07T23:26:41Z,77832,1807,183,,https://youtube.com/watch?v=pdZrG8V2LGA,True,True,False,False,False
51,2026 Firekeepers Casino 400,2026-06-07,uTwZ7gVIhts,Denny Hamlin ties Kyle Busch at 63 Career Race Wins! 2026 NASCAR Michigan Race Analysis | Dirty Air,Alex Lambert,2026-06-08T02:00:38Z,241,7,4,,https://youtube.com/watch?v=uTwZ7gVIhts,True,True,False,False,False
51,2026 Firekeepers Casino 400,2026-06-07,9WxeedL-hBg,MICHIGAN NASCAR Cup Series 2026 Season Race 25 Firekeepers Casino 400 (NR2003),Upper Groove Gaming,2021-06-09T00:15:43Z,45,2,0,,https://youtube.com/watch?v=9WxeedL-hBg,False,False,False,False,False
51,2026 Firekeepers Casino 400,2026-06-07,_q_nQnSFeMI,Hamlin STUNS Michigan With Emotional Win For Kyle Busch,NASCAR Nation News,2026-06-08T06:43:21Z,1076,16,1,,https://youtube.com/watch?v=_q_nQnSFeMI,True,True,False,False,False
51,2026 Firekeepers Casino 400,2026-06-07,PmKX4LElFLo,Richard Childress Reveals a Big Secret About Kyle Busch!,NASCAR NewsLine,2026-06-07T18:20:55Z,895,17,1,,https://youtube.com/watch?v=PmKX4LElFLo,False,True,False,False,False
51,2026 Firekeepers Casino 400,2026-06-07,Zbcmr3xlesY,2026 NASCAR Cup Series FireKeepers Casino 400 at Michigan Finish Reaction,ChaseFan No. 9,2026-06-13T19:00:00Z,64,2,0,,https://youtube.com/watch?v=Zbcmr3xlesY,False,False,False,False,False
51,2026 Firekeepers Casino 400,2026-06-07,DVmPCmkmyMA,2026 FireKeepers Casino 400 Starting Lineup!,Tylerdigger2026 Productions,2026-06-07T16:41:33Z,21,0,1,,https://youtube.com/watch?v=DVmPCmkmyMA,False,False,False,False,False
51,2026 Firekeepers Casino 400,2026-06-07,PmZTfjRYRDY,Kyle Busch Tribute | Purple Rain ,The Motorsport General,2026-07-24T15:42:18Z,18,3,2,,https://youtube.com/watch?v=PmZTfjRYRDY,False,True,False,False,False
52,2026 Great American Getaway 400,2026-06-14,T-at2-VgGuY,2026 Great American Getaway 400 NASCAR Cup Series Race Action!,Trevon Haywood And Taylor Haven Productions Inc.,2026-06-14T17:35:48Z,11,0,0,,https://youtube.com/watch?v=T-at2-VgGuY,False,False,False,False,False
52,2026 Great American Getaway 400,2026-06-14,VDs-QlygLd0,2026 The Great American Getaway 400 Race Picks,Daniel Kriete,2026-06-11T12:32:48Z,408,29,15,,https://youtube.com/watch?v=VDs-QlygLd0,False,False,False,False,False
52,2026 Great American Getaway 400,2026-06-14,5rahnkZvXwQ,MINIONS ASSEMBLE! 2026 Great American Getaway 400 Thoughts &amp; Opinions ,automan224,2026-06-16T19:33:56Z,56,3,3,,https://youtube.com/watch?v=5rahnkZvXwQ,False,False,False,False,False
52,2026 Great American Getaway 400,2026-06-14,c2yp6EocmJo,2026 NASCAR Cup Series Great American Getaway 400 at Pocono Finish Reaction,ChaseFan No. 9,2026-06-19T19:00:00Z,68,2,0,,https://youtube.com/watch?v=c2yp6EocmJo,False,False,False,False,False
52,2026 Great American Getaway 400,2026-06-14,wLeD8XdJi0k,Great American Getaway 400 | Pocono Raceway recap,FOX56 WOLF TV,2026-06-16T16:46:34Z,27,0,0,,https://youtube.com/watch?v=wLeD8XdJi0k,False,False,False,False,False
52,2026 Great American Getaway 400,2026-06-14,XAXNOY_w8fM,NASCAR Cup Series 2026: Pocono Raceway | EXTENDED HIGHLIGHTS | Motorsports on NBC,Motorsports on NBC,2026-06-14T22:05:22Z,33265,599,40,,https://youtube.com/watch?v=XAXNOY_w8fM,False,False,False,False,False
52,2026 Great American Getaway 400,2026-06-14,HS6iNZdQRMM,Kyle Larson EXPOSED After NASCAR&#39;s SHOCKING Inspection Penalty!,NASCAR Insider Wire,2026-06-18T14:12:10Z,12711,123,7,,https://youtube.com/watch?v=HS6iNZdQRMM,False,False,False,False,False
52,2026 Great American Getaway 400,2026-06-14,uNR7bMhCWTs,NASCAR Cup Series The Great American Getaway 400 Race Reaction!,GibbsFanDom54,2026-06-14T21:59:52Z,39,0,0,,https://youtube.com/watch?v=uNR7bMhCWTs,False,False,False,False,False
52,2026 Great American Getaway 400,2026-06-14,Pq6UDQTrLP4,Kyle Larson SHOCKED By NASCAR&#39;s BRUTAL Pre-Race Penalty 🚨 MUST WATCH!!,NASCAR Race News,2026-06-16T17:30:34Z,38,1,0,,https://youtube.com/watch?v=Pq6UDQTrLP4,False,False,False,False,False
52,2026 Great American Getaway 400,2026-06-14,MM2Cx_Kejoc,Final Lap of the last 10 The Great American Getaway 400 finishes at Pocono Raceway,MVRowner,2026-06-14T04:20:15Z,649,12,0,,https://youtube.com/watch?v=MM2Cx_Kejoc,False,False,False,False,False
53,2026 Anduril 250,2026-06-21,dYXyRevURE4,2026 Anduril 250 Race Picks,Daniel Kriete,2026-06-18T12:29:09Z,423,26,12,,https://youtube.com/watch?v=dYXyRevURE4,False,False,False,False,False
53,2026 Anduril 250,2026-06-21,Mcm-icbmyUw,2026 Anduril 250 Reviews [Cup Race Review],RacerKnight99 The Second,2026-06-22T00:59:54Z,52,5,1,,https://youtube.com/watch?v=Mcm-icbmyUw,False,False,False,False,False
53,2026 Anduril 250,2026-06-21,Q3v2DYtPYlw,NASCAR To San Diego In 2026,Daniel Kriete,2025-07-17T13:41:01Z,752,32,20,,https://youtube.com/watch?v=Q3v2DYtPYlw,False,False,False,False,False
53,2026 Anduril 250,2026-06-21,lO-AIjMkEAk,NASCAR To San Diego In 2026,Daniel Kriete,2025-07-23T15:27:25Z,570,36,10,,https://youtube.com/watch?v=lO-AIjMkEAk,False,False,False,False,False
53,2026 Anduril 250,2026-06-21,SfcE9zHEKj8,RCR WINS AGAIN! Austin Hill&#39;s EMOTIONAL Tribute to Kyle Busch SHOCKS NASCAR,NASCAR Nation News,2026-06-22T08:45:58Z,228,8,0,,https://youtube.com/watch?v=SfcE9zHEKj8,False,True,False,False,False
53,2026 Anduril 250,2026-06-21,r96fmcq040A,"Ryan Blaney on Naval Base Coronado, Kyle Busch Impact on NASCAR, Racing Against F16 Jets &amp; Dad Life!",Up & Adams Show with Kay Adams,2026-06-17T18:19:53Z,7555,227,8,,https://youtube.com/watch?v=r96fmcq040A,False,True,False,False,False
53,2026 Anduril 250,2026-06-21,bxqefSLLX-0,Richard Childress Revealed The Devastating Truth About Kyle Busch&#39;s Final Phone Call!,NASCAR Insider,2026-06-22T17:33:47Z,670,10,2,,https://youtube.com/watch?v=bxqefSLLX-0,False,True,False,False,False
53,2026 Anduril 250,2026-06-21,7SZE-_S0BZc,JUST CONFIRMED: Christopher Bell Replacement SHOCK and Connor Zilisch OUT for San Diego! MUST SEE!,NASCAR Breakdown,2026-06-20T13:19:12Z,5602,14,0,,https://youtube.com/watch?v=7SZE-_S0BZc,False,False,False,False,False
53,2026 Anduril 250,2026-06-21,YqBFlahHeUM,NASCAR IN FULL CHAOS! The 23-Car San Diego WRECKS Were NOT an Accident —  Data Proves Austin Knew,NASCAR Garage Insider,2026-06-30T15:16:43Z,512,3,0,,https://youtube.com/watch?v=YqBFlahHeUM,False,False,False,False,False
53,2026 Anduril 250,2026-06-21,XRKh3l8-Yg4,Kyle Busch &amp; Family Honored in San Diego Win by Austin Hill,Peter Stratta,2026-06-22T01:46:59Z,118,1,0,,https://youtube.com/watch?v=XRKh3l8-Yg4,False,True,False,False,False
