race_number,race_name,race_date,video_id,video_title,channel,publish_date,view_count,like_count,comment_count,duration,url
1,,2025-02-16,v-kwi-xD40w,Todd Gilliland Clips For Edits All Years By smithdoit,NSCP by smithdoit  (ScenePacks),2025-11-01T21:49:13Z,188,11,2,PT5M50S,https://youtube.com/watch?v=v-kwi-xD40w
1,,2025-02-16,jwrAEeikBt0,How Do NASCAR Drivers Pee? | Todd Gilliland Reveals All,Rated Red,2025-02-12T20:08:32Z,3904,130,12,PT9M13S,https://youtube.com/watch?v=jwrAEeikBt0
1,,2025-02-16,rKBDulrtVGQ,Countdown to Daytona: Todd Gilliland,FOX8 WGHP,2025-02-12T19:42:23Z,182,2,0,PT8M37S,https://youtube.com/watch?v=rKBDulrtVGQ
1,,2025-02-16,1VkIwkAEqPg,Ryan Preece on Having the Best Car at the End; Todd Gilliland &amp; Josh Berry Have Great Runs,Frontstretch,2025-10-26T23:00:00Z,3318,54,3,PT4M39S,https://youtube.com/watch?v=1VkIwkAEqPg
1,,2025-02-16,BgTJtLE_M-M,"Todd Gilliland on qualifying at Darlington, being a leader at Front Row and his Ray Fox throwback",Nikolai P. Culp,2025-04-05T19:08:56Z,99,7,0,PT4M21S,https://youtube.com/watch?v=BgTJtLE_M-M
1,,2025-02-16,-FiLN6JeJDw,Todd Gilliland 2025 Loves Diecast Review ,Halo Radiance,2025-12-17T13:04:17Z,43,1,0,PT4M45S,https://youtube.com/watch?v=-FiLN6JeJDw
1,,2025-02-16,Fa2FiWKiiBc,"Todd Gilliland Talks Changes at Front Row, McDowell&#39;s Departure, New Teammates, and More!",Eric Estepp,2025-05-22T16:27:59Z,17254,1085,46,PT8M43S,https://youtube.com/watch?v=Fa2FiWKiiBc
1,,2025-02-16,ZVQo5SYURG0,2025 TODD GILLILAND LOVE&#39;S FORD MUSTANG DIECASTBUFFET NASCAR DIECAST REVIEW 1/64,Diecastbuffet,2026-01-20T21:03:33Z,218,13,8,PT8M30S,https://youtube.com/watch?v=ZVQo5SYURG0
1,,2025-02-16,Q2clHIifaNk,NASCAR 25 - #34 Todd Gilliland (Ford) - Gameplay (PS5 UHD) [4K60FPS],Throneful,2025-10-30T19:00:29Z,648,18,0,PT17M38S,https://youtube.com/watch?v=Q2clHIifaNk
1,,2025-02-16,YRqNFLkuh9Q,Todd Gilliland Crew Chief Chris Lawson on motivating a team in a tough season and what&#39;s next,Sky View Sports Roy J. Akers,2025-07-26T18:42:07Z,68,0,0,PT5M38S,https://youtube.com/watch?v=YRqNFLkuh9Q
1,,2025-02-16,Hgz5ZskUe68,Austin Hill &amp; Richard Childress Remember Kyle Busch After San Diego Win | NASCAR,NASCAR,2026-06-21T02:56:52Z,35090,668,65,PT5M45S,https://youtube.com/watch?v=Hgz5ZskUe68
1,,2025-02-16,-ZSfV1hsFEk,Every Austin Hill win in 2025,Nascar24,2025-12-06T21:00:00Z,193,7,0,PT7M35S,https://youtube.com/watch?v=-ZSfV1hsFEk
1,,2025-02-16,X7qxa43I8Bc,The Austin Hill Experience | Why Fans Are Fed Up,The Iceberg,2025-08-11T19:34:01Z,44839,1454,572,PT9M9S,https://youtube.com/watch?v=X7qxa43I8Bc
1,,2025-02-16,hOJko4r9OLc,Austin Hill Triggers Another Huge Crash | Zilisch Clashes With SVG | REACTION,Eric Estepp,2025-08-10T00:48:45Z,98737,3955,1193,PT16M26S,https://youtube.com/watch?v=hOJko4r9OLc
1,,2025-02-16,21ERvrZOsIE,Austin Hill Wins Stage 1 - 2025 NASCAR Xfinity Series United Rentals 250 at Talladega ,Big Willy at the Track ,2025-12-22T14:00:04Z,27,0,0,PT4M36S,https://youtube.com/watch?v=21ERvrZOsIE
1,,2025-02-16,szQF_RtjpI8,RCR Keeps Embarrassing Themselves | Austin Hill Wrecks Aric Almirola REACTION,Eric Estepp,2025-07-27T06:25:16Z,114500,4466,998,PT13M,https://youtube.com/watch?v=szQF_RtjpI8
1,,2025-02-16,PiOELqviAzU,This. Is. Embarrassing. - Part 2 - Austin Hill Edition,Jesse King,2025-07-29T15:52:02Z,23835,708,204,PT7M32S,https://youtube.com/watch?v=PiOELqviAzU
1,,2025-02-16,5yuTjIT2Fuk,Dale Earnhardt Jr. Just Said the UNTHINKABLE About Austin Hill!,NASCAR TODAY,2025-10-24T16:00:13Z,1290,10,3,PT9M41S,https://youtube.com/watch?v=5yuTjIT2Fuk
1,,2025-02-16,tZHbVBdv1bM,NASCAR in PANIC! Shane van Gisbergen LASHES OUT at Austin Hill After BIG ONE Involving 11 Cars,NASCAR Nation Report,2026-06-22T01:10:05Z,4788,129,21,PT9M59S,https://youtube.com/watch?v=tZHbVBdv1bM
1,,2025-02-16,qUK_F0SHBhQ,&#39;Daytona has been so good to me&#39; – Austin Hill on his fourth win in five years 😮‍💨 NASCAR on FOX,NASCAR on FOX,2026-02-15T02:10:57Z,6110,94,11,PT7M42S,https://youtube.com/watch?v=qUK_F0SHBhQ
1,,2025-02-16,-wS-Co9IJ4A,Last Laps: A Heavyweight Fight in Vegas | 2025 NASCAR Cup Series,NASCAR,2025-10-13T00:50:29Z,80381,675,67,PT7M49S,https://youtube.com/watch?v=-wS-Co9IJ4A
1,,2025-02-16,P3vUj_OERyQ,An Unbelievable End to the 2025 NASCAR Cup Series Season | Final Laps at Phoenix,NASCAR,2025-11-03T00:22:30Z,193452,1899,582,PT6M27S,https://youtube.com/watch?v=P3vUj_OERyQ
1,,2025-02-16,HomWvKNSSRA,So Close Again: Denny Hamlin Reacts to Another Championship Miss | 2025 NASCAR Cup Series,NASCAR,2025-11-03T01:08:56Z,53500,657,282,PT5M28S,https://youtube.com/watch?v=HomWvKNSSRA
1,,2025-02-16,wYcSuMaHC-k,Missing Rings: Denny Hamlin 2025,The Iceberg,2025-11-05T23:21:21Z,18343,798,296,PT11M,https://youtube.com/watch?v=wYcSuMaHC-k
1,,2025-02-16,5b5Qt3VAZrU,2025 NASCAR Cup Series Championship Reaction. THE HEARTBREAK OF ALL-TIME,FireBall Hamlin,2025-11-03T01:11:21Z,12226,275,315,PT17M44S,https://youtube.com/watch?v=5b5Qt3VAZrU
1,,2025-02-16,xL5wsAdIWyo,The Final Battle: Hamlin vs. Larson for the Championship | NASCAR,NASCAR,2025-11-03T19:46:49Z,43879,940,104,PT5M46S,https://youtube.com/watch?v=xL5wsAdIWyo
1,,2025-02-16,3LE2_qaU5kg,Denny Hamlin&#39;s Emotional Reaction to 60th Career Win | 2025 NASCAR Cup Series at Las Vegas,NASCAR,2025-10-13T01:20:00Z,56334,1080,145,PT6M45S,https://youtube.com/watch?v=3LE2_qaU5kg
1,,2025-02-16,LPyxcH8aTgs,Hard Feelings in the Heartland | 2025 NASCAR Radioactive from Kansas,NASCAR,2025-09-30T21:46:58Z,74130,1479,89,PT6M33S,https://youtube.com/watch?v=LPyxcH8aTgs
1,,2025-02-16,kykqdL18-OU,Every Denny Hamlin win in 2025,Nascar24,2025-11-16T21:00:52Z,585,13,0,PT7M,https://youtube.com/watch?v=kykqdL18-OU
1,,2025-02-16,I6eNsDcjol8,2025 NASCAR Cup Series South Point 400 at Las Vegas Recation. DENNY HITS THE JACKPOT!,FireBall Hamlin,2025-10-13T02:05:27Z,2460,110,47,PT10M28S,https://youtube.com/watch?v=I6eNsDcjol8
1,,2025-02-16,1fYXEvm3to0,Playoff Heartbreak at the Finish | 2025 NASCAR Radioactive from Charlotte,NASCAR,2025-10-07T22:00:04Z,33496,744,51,PT6M2S,https://youtube.com/watch?v=1fYXEvm3to0
1,,2025-02-16,TipP_iG0c74,Ross Chastain Answers the Internet | NASCAR,NASCAR,2025-12-30T21:00:41Z,26260,1310,74,PT5M21S,https://youtube.com/watch?v=TipP_iG0c74
1,,2025-02-16,5DH4F0tdewY,CHASTAIN WINNING INTERVIEW + BYRON POST RACE INTERVIEW - 2025 COCACOLA 600 - 2025 NASCAR CUP SERIES,SportsNewsCentral,2025-06-27T18:45:06Z,238,0,0,PT5M49S,https://youtube.com/watch?v=5DH4F0tdewY
1,,2025-02-16,b49PzC9kVtY,BACKWARD FINISH Decides Final Playoff Spot | 2025 NASCAR Cup Series at Charlotte,NASCAR,2025-10-05T23:13:10Z,54550,332,48,PT8M17S,https://youtube.com/watch?v=b49PzC9kVtY
1,,2025-02-16,1hUYa4asnOs,Dale Earnhardt Jr. Just DESTROYED Ross Chastain on Live TV!,NASCAR TODAY,2025-07-09T20:00:02Z,30755,146,30,PT13M13S,https://youtube.com/watch?v=1hUYa4asnOs
1,,2025-02-16,TqYY4tZXfIE,Why Ross Chastain’s Approach Could Influence the Next Generation,NASCAR TODAY,2025-11-10T18:15:05Z,2081,22,0,PT8M4S,https://youtube.com/watch?v=TqYY4tZXfIE
1,,2025-02-16,HI2XOFCFWIA,From the Back to Victory Lane: Ross Chastain’s Wild Drive | 2025 NASCAR Coca-Cola 600,NASCAR,2025-05-26T04:55:59Z,44478,706,72,PT8M41S,https://youtube.com/watch?v=HI2XOFCFWIA
1,,2025-02-16,BV4PsJmXu-Y,Ross Chastain Destroyed by NASCAR After Texas Finish — What the HELL Just Happened?!,NASCAR Insider,2025-05-06T16:00:28Z,4906,46,6,PT6M43S,https://youtube.com/watch?v=BV4PsJmXu-Y
1,,2025-02-16,NrKCX_9gNYw,Daniel Suárez GOES OFF on Ross Chastain After WILD Vegas Finish!,NASCAR Insider,2026-03-17T16:46:12Z,515,11,7,PT9M52S,https://youtube.com/watch?v=NrKCX_9gNYw
1,,2025-02-16,Yl08L6Y0y3Y,2025 Coca-Cola 600 | NASCAR Official Extended Highlights,NASCAR,2025-05-26T03:36:47Z,460195,5589,360,PT15M41S,https://youtube.com/watch?v=Yl08L6Y0y3Y
1,,2025-02-16,YISsxP9tCUM,Reddit Asks Brad Keselowski WILD Questions | NASCAR,NASCAR,2025-08-21T21:00:30Z,79125,3961,168,PT7M16S,https://youtube.com/watch?v=YISsxP9tCUM
1,,2025-02-16,78NwQZmqxz0,Final Laps: A WILD Bristol Finish | 2025 NASCAR Cup Series,NASCAR,2025-09-14T03:58:50Z,222659,975,130,PT5M12S,https://youtube.com/watch?v=78NwQZmqxz0
1,,2025-02-16,Hq1V6sDUnGs,Extended Highlights | 2025 NASCAR Cup Series from Iowa,NASCAR,2025-08-04T01:34:16Z,175870,2111,137,PT19M55S,https://youtube.com/watch?v=Hq1V6sDUnGs
1,,2025-02-16,hKsNXFB_8V4,NASCAR Cup Series 2025: Pennzoil 400 | EXTENDED HIGHLIGHTS | 3/16/25 | Motorsports on NBC,Motorsports on NBC,2025-03-16T23:54:59Z,150191,2662,143,PT16M46S,https://youtube.com/watch?v=hKsNXFB_8V4
1,,2025-02-16,peOrAd5ipF4,NASCAR Cup Series 2025: EchoPark Automotive GP | EXTENDED HIGHLIGHTS | 3/2/25 | Motorsports on NBC,Motorsports on NBC,2025-03-03T01:01:52Z,109346,1811,140,PT17M15S,https://youtube.com/watch?v=peOrAd5ipF4
1,,2025-02-16,6xDyB0-uLpY,NASCAR Cup Series 2025: Cook Out 400 | EXTENDED HIGHLIGHTS | 3/30/25 | Motorsports on NBC,Motorsports on NBC,2025-03-30T23:01:09Z,110539,1968,115,PT16M27S,https://youtube.com/watch?v=6xDyB0-uLpY
1,,2025-02-16,50X_h1q0LXI,Gateway Turns Up the Playoff Heat | 2025 NASCAR Cup Series Extended Highlights,NASCAR,2025-09-07T23:02:36Z,243284,3618,240,PT18M,https://youtube.com/watch?v=50X_h1q0LXI
1,,2025-02-16,83kRqoa7uHY,Brad Keselowski Injury | Jimmie Johnson Seeking Daytona History | Top 50 Drivers of 2025 Reaction,Eric Estepp,2025-12-22T15:40:01Z,52846,2821,267,PT13M6S,https://youtube.com/watch?v=83kRqoa7uHY
1,,2025-02-16,JpRqXvWF63I,NASCAR Cup Series 2025: All-Star Race | EXTENDED HIGHLIGHTS | 5/18/25 | Motorsports on NBC,Motorsports on NBC,2025-05-19T02:48:07Z,107467,1826,148,PT16M22S,https://youtube.com/watch?v=JpRqXvWF63I
1,,2025-02-16,Le_y1ap2Ct8,&#39;The car drives like s**t&#39; | NASCAR RADIOACTIVE from the 2025 All-Star Race,NASCAR,2025-05-20T21:43:50Z,35032,816,64,PT6M6S,https://youtube.com/watch?v=Le_y1ap2Ct8
20,,2025-02-23,v-kwi-xD40w,Todd Gilliland Clips For Edits All Years By smithdoit,NSCP by smithdoit  (ScenePacks),2025-11-01T21:49:13Z,188,11,2,PT5M50S,https://youtube.com/watch?v=v-kwi-xD40w
20,,2025-02-23,rKBDulrtVGQ,Countdown to Daytona: Todd Gilliland,FOX8 WGHP,2025-02-12T19:42:23Z,182,2,0,PT8M37S,https://youtube.com/watch?v=rKBDulrtVGQ
20,,2025-02-23,jwrAEeikBt0,How Do NASCAR Drivers Pee? | Todd Gilliland Reveals All,Rated Red,2025-02-12T20:08:32Z,3904,130,12,PT9M13S,https://youtube.com/watch?v=jwrAEeikBt0
20,,2025-02-23,1VkIwkAEqPg,Ryan Preece on Having the Best Car at the End; Todd Gilliland &amp; Josh Berry Have Great Runs,Frontstretch,2025-10-26T23:00:00Z,3318,54,3,PT4M39S,https://youtube.com/watch?v=1VkIwkAEqPg
20,,2025-02-23,BgTJtLE_M-M,"Todd Gilliland on qualifying at Darlington, being a leader at Front Row and his Ray Fox throwback",Nikolai P. Culp,2025-04-05T19:08:56Z,99,7,0,PT4M21S,https://youtube.com/watch?v=BgTJtLE_M-M
20,,2025-02-23,-FiLN6JeJDw,Todd Gilliland 2025 Loves Diecast Review ,Halo Radiance,2025-12-17T13:04:17Z,43,1,0,PT4M45S,https://youtube.com/watch?v=-FiLN6JeJDw
20,,2025-02-23,Fa2FiWKiiBc,"Todd Gilliland Talks Changes at Front Row, McDowell&#39;s Departure, New Teammates, and More!",Eric Estepp,2025-05-22T16:27:59Z,17254,1085,46,PT8M43S,https://youtube.com/watch?v=Fa2FiWKiiBc
20,,2025-02-23,ZVQo5SYURG0,2025 TODD GILLILAND LOVE&#39;S FORD MUSTANG DIECASTBUFFET NASCAR DIECAST REVIEW 1/64,Diecastbuffet,2026-01-20T21:03:33Z,218,13,8,PT8M30S,https://youtube.com/watch?v=ZVQo5SYURG0
20,,2025-02-23,Q2clHIifaNk,NASCAR 25 - #34 Todd Gilliland (Ford) - Gameplay (PS5 UHD) [4K60FPS],Throneful,2025-10-30T19:00:29Z,648,18,0,PT17M38S,https://youtube.com/watch?v=Q2clHIifaNk
20,,2025-02-23,YRqNFLkuh9Q,Todd Gilliland Crew Chief Chris Lawson on motivating a team in a tough season and what&#39;s next,Sky View Sports Roy J. Akers,2025-07-26T18:42:07Z,68,0,0,PT5M38S,https://youtube.com/watch?v=YRqNFLkuh9Q
20,,2025-02-23,Hgz5ZskUe68,Austin Hill &amp; Richard Childress Remember Kyle Busch After San Diego Win | NASCAR,NASCAR,2026-06-21T02:56:52Z,35090,668,65,PT5M45S,https://youtube.com/watch?v=Hgz5ZskUe68
20,,2025-02-23,-ZSfV1hsFEk,Every Austin Hill win in 2025,Nascar24,2025-12-06T21:00:00Z,193,7,0,PT7M35S,https://youtube.com/watch?v=-ZSfV1hsFEk
20,,2025-02-23,X7qxa43I8Bc,The Austin Hill Experience | Why Fans Are Fed Up,The Iceberg,2025-08-11T19:34:01Z,44839,1454,572,PT9M9S,https://youtube.com/watch?v=X7qxa43I8Bc
20,,2025-02-23,szQF_RtjpI8,RCR Keeps Embarrassing Themselves | Austin Hill Wrecks Aric Almirola REACTION,Eric Estepp,2025-07-27T06:25:16Z,114500,4466,998,PT13M,https://youtube.com/watch?v=szQF_RtjpI8
20,,2025-02-23,qUK_F0SHBhQ,&#39;Daytona has been so good to me&#39; – Austin Hill on his fourth win in five years 😮‍💨 NASCAR on FOX,NASCAR on FOX,2026-02-15T02:10:57Z,6110,94,11,PT7M42S,https://youtube.com/watch?v=qUK_F0SHBhQ
20,,2025-02-23,5yuTjIT2Fuk,Dale Earnhardt Jr. Just Said the UNTHINKABLE About Austin Hill!,NASCAR TODAY,2025-10-24T16:00:13Z,1290,10,3,PT9M41S,https://youtube.com/watch?v=5yuTjIT2Fuk
20,,2025-02-23,HAZbzV-TYhM,Austin Hill &amp; Jeb Burton post-race interviews from Talladega Superspeedway | NASCAR on FOX,NASCAR on FOX,2025-04-26T23:26:05Z,6621,75,26,PT4M41S,https://youtube.com/watch?v=HAZbzV-TYhM
20,,2025-02-23,tZHbVBdv1bM,NASCAR in PANIC! Shane van Gisbergen LASHES OUT at Austin Hill After BIG ONE Involving 11 Cars,NASCAR Nation Report,2026-06-22T01:10:05Z,4788,129,21,PT9M59S,https://youtube.com/watch?v=tZHbVBdv1bM
20,,2025-02-23,hOJko4r9OLc,Austin Hill Triggers Another Huge Crash | Zilisch Clashes With SVG | REACTION,Eric Estepp,2025-08-10T00:48:45Z,98737,3955,1193,PT16M26S,https://youtube.com/watch?v=hOJko4r9OLc
20,,2025-02-23,PiOELqviAzU,This. Is. Embarrassing. - Part 2 - Austin Hill Edition,Jesse King,2025-07-29T15:52:02Z,23835,708,204,PT7M32S,https://youtube.com/watch?v=PiOELqviAzU
20,,2025-02-23,-wS-Co9IJ4A,Last Laps: A Heavyweight Fight in Vegas | 2025 NASCAR Cup Series,NASCAR,2025-10-13T00:50:29Z,80381,675,67,PT7M49S,https://youtube.com/watch?v=-wS-Co9IJ4A
20,,2025-02-23,P3vUj_OERyQ,An Unbelievable End to the 2025 NASCAR Cup Series Season | Final Laps at Phoenix,NASCAR,2025-11-03T00:22:30Z,193451,1899,582,PT6M27S,https://youtube.com/watch?v=P3vUj_OERyQ
20,,2025-02-23,HomWvKNSSRA,So Close Again: Denny Hamlin Reacts to Another Championship Miss | 2025 NASCAR Cup Series,NASCAR,2025-11-03T01:08:56Z,53500,657,282,PT5M28S,https://youtube.com/watch?v=HomWvKNSSRA
20,,2025-02-23,xL5wsAdIWyo,The Final Battle: Hamlin vs. Larson for the Championship | NASCAR,NASCAR,2025-11-03T19:46:49Z,43880,940,104,PT5M46S,https://youtube.com/watch?v=xL5wsAdIWyo
20,,2025-02-23,3LE2_qaU5kg,Denny Hamlin&#39;s Emotional Reaction to 60th Career Win | 2025 NASCAR Cup Series at Las Vegas,NASCAR,2025-10-13T01:20:00Z,56335,1080,145,PT6M45S,https://youtube.com/watch?v=3LE2_qaU5kg
20,,2025-02-23,wYcSuMaHC-k,Missing Rings: Denny Hamlin 2025,The Iceberg,2025-11-05T23:21:21Z,18343,798,296,PT11M,https://youtube.com/watch?v=wYcSuMaHC-k
20,,2025-02-23,PVUfltDPjtY,Hamlin vs. Gibbs: Recap and Reaction from New Hampshire | 2025 NASCAR Cup Series,NASCAR,2025-09-21T22:08:03Z,58298,302,122,PT7M40S,https://youtube.com/watch?v=PVUfltDPjtY
20,,2025-02-23,l3i3W8QKTsU,WATCH: Denny Hamlin Outduels William Byron at Michigan | 2025 NASCAR FireKeepers Casino 400,NASCAR,2025-06-08T22:19:10Z,16097,224,16,PT8M37S,https://youtube.com/watch?v=l3i3W8QKTsU
20,,2025-02-23,5b5Qt3VAZrU,2025 NASCAR Cup Series Championship Reaction. THE HEARTBREAK OF ALL-TIME,FireBall Hamlin,2025-11-03T01:11:21Z,12225,275,315,PT17M44S,https://youtube.com/watch?v=5b5Qt3VAZrU
20,,2025-02-23,kykqdL18-OU,Every Denny Hamlin win in 2025,Nascar24,2025-11-16T21:00:52Z,585,13,0,PT7M,https://youtube.com/watch?v=kykqdL18-OU
20,,2025-02-23,1fYXEvm3to0,Playoff Heartbreak at the Finish | 2025 NASCAR Radioactive from Charlotte,NASCAR,2025-10-07T22:00:04Z,33496,744,51,PT6M2S,https://youtube.com/watch?v=1fYXEvm3to0
20,,2025-02-23,TipP_iG0c74,Ross Chastain Answers the Internet | NASCAR,NASCAR,2025-12-30T21:00:41Z,26260,1310,74,PT5M21S,https://youtube.com/watch?v=TipP_iG0c74
20,,2025-02-23,5DH4F0tdewY,CHASTAIN WINNING INTERVIEW + BYRON POST RACE INTERVIEW - 2025 COCACOLA 600 - 2025 NASCAR CUP SERIES,SportsNewsCentral,2025-06-27T18:45:06Z,238,0,0,PT5M49S,https://youtube.com/watch?v=5DH4F0tdewY
20,,2025-02-23,b49PzC9kVtY,BACKWARD FINISH Decides Final Playoff Spot | 2025 NASCAR Cup Series at Charlotte,NASCAR,2025-10-05T23:13:10Z,54550,332,48,PT8M17S,https://youtube.com/watch?v=b49PzC9kVtY
20,,2025-02-23,1hUYa4asnOs,Dale Earnhardt Jr. Just DESTROYED Ross Chastain on Live TV!,NASCAR TODAY,2025-07-09T20:00:02Z,30755,146,30,PT13M13S,https://youtube.com/watch?v=1hUYa4asnOs
20,,2025-02-23,TqYY4tZXfIE,Why Ross Chastain’s Approach Could Influence the Next Generation,NASCAR TODAY,2025-11-10T18:15:05Z,2081,22,0,PT8M4S,https://youtube.com/watch?v=TqYY4tZXfIE
20,,2025-02-23,HI2XOFCFWIA,From the Back to Victory Lane: Ross Chastain’s Wild Drive | 2025 NASCAR Coca-Cola 600,NASCAR,2025-05-26T04:55:59Z,44478,706,72,PT8M41S,https://youtube.com/watch?v=HI2XOFCFWIA
20,,2025-02-23,BV4PsJmXu-Y,Ross Chastain Destroyed by NASCAR After Texas Finish — What the HELL Just Happened?!,NASCAR Insider,2025-05-06T16:00:28Z,4906,46,6,PT6M43S,https://youtube.com/watch?v=BV4PsJmXu-Y
20,,2025-02-23,NrKCX_9gNYw,Daniel Suárez GOES OFF on Ross Chastain After WILD Vegas Finish!,NASCAR Insider,2026-03-17T16:46:12Z,515,11,7,PT9M52S,https://youtube.com/watch?v=NrKCX_9gNYw
20,,2025-02-23,Yl08L6Y0y3Y,2025 Coca-Cola 600 | NASCAR Official Extended Highlights,NASCAR,2025-05-26T03:36:47Z,460195,5589,360,PT15M41S,https://youtube.com/watch?v=Yl08L6Y0y3Y
20,,2025-02-23,YISsxP9tCUM,Reddit Asks Brad Keselowski WILD Questions | NASCAR,NASCAR,2025-08-21T21:00:30Z,79125,3961,168,PT7M16S,https://youtube.com/watch?v=YISsxP9tCUM
20,,2025-02-23,78NwQZmqxz0,Final Laps: A WILD Bristol Finish | 2025 NASCAR Cup Series,NASCAR,2025-09-14T03:58:50Z,222659,975,130,PT5M12S,https://youtube.com/watch?v=78NwQZmqxz0
20,,2025-02-23,Hq1V6sDUnGs,Extended Highlights | 2025 NASCAR Cup Series from Iowa,NASCAR,2025-08-04T01:34:16Z,175871,2111,137,PT19M55S,https://youtube.com/watch?v=Hq1V6sDUnGs
20,,2025-02-23,peOrAd5ipF4,NASCAR Cup Series 2025: EchoPark Automotive GP | EXTENDED HIGHLIGHTS | 3/2/25 | Motorsports on NBC,Motorsports on NBC,2025-03-03T01:01:52Z,109346,1811,140,PT17M15S,https://youtube.com/watch?v=peOrAd5ipF4
20,,2025-02-23,6xDyB0-uLpY,NASCAR Cup Series 2025: Cook Out 400 | EXTENDED HIGHLIGHTS | 3/30/25 | Motorsports on NBC,Motorsports on NBC,2025-03-30T23:01:09Z,110539,1968,115,PT16M27S,https://youtube.com/watch?v=6xDyB0-uLpY
20,,2025-02-23,50X_h1q0LXI,Gateway Turns Up the Playoff Heat | 2025 NASCAR Cup Series Extended Highlights,NASCAR,2025-09-07T23:02:36Z,243284,3618,240,PT18M,https://youtube.com/watch?v=50X_h1q0LXI
20,,2025-02-23,83kRqoa7uHY,Brad Keselowski Injury | Jimmie Johnson Seeking Daytona History | Top 50 Drivers of 2025 Reaction,Eric Estepp,2025-12-22T15:40:01Z,52846,2821,267,PT13M6S,https://youtube.com/watch?v=83kRqoa7uHY
20,,2025-02-23,JpRqXvWF63I,NASCAR Cup Series 2025: All-Star Race | EXTENDED HIGHLIGHTS | 5/18/25 | Motorsports on NBC,Motorsports on NBC,2025-05-19T02:48:07Z,107467,1826,148,PT16M22S,https://youtube.com/watch?v=JpRqXvWF63I
20,,2025-02-23,Le_y1ap2Ct8,&#39;The car drives like s**t&#39; | NASCAR RADIOACTIVE from the 2025 All-Star Race,NASCAR,2025-05-20T21:43:50Z,35032,816,64,PT6M6S,https://youtube.com/watch?v=Le_y1ap2Ct8
20,,2025-02-23,_COkWlsCzFs,NASCAR Cup Series 2025: Coke Zero Sugar 400 | EXTENDED HIGHLIGHTS | Motorsports on NBC,Motorsports on NBC,2025-08-24T04:26:09Z,178859,2393,159,PT15M15S,https://youtube.com/watch?v=_COkWlsCzFs
21,,2025-03-02,v-kwi-xD40w,Todd Gilliland Clips For Edits All Years By smithdoit,NSCP by smithdoit  (ScenePacks),2025-11-01T21:49:13Z,188,11,2,PT5M50S,https://youtube.com/watch?v=v-kwi-xD40w
21,,2025-03-02,jwrAEeikBt0,How Do NASCAR Drivers Pee? | Todd Gilliland Reveals All,Rated Red,2025-02-12T20:08:32Z,3904,130,12,PT9M13S,https://youtube.com/watch?v=jwrAEeikBt0
21,,2025-03-02,YRqNFLkuh9Q,Todd Gilliland Crew Chief Chris Lawson on motivating a team in a tough season and what&#39;s next,Sky View Sports Roy J. Akers,2025-07-26T18:42:07Z,68,0,0,PT5M38S,https://youtube.com/watch?v=YRqNFLkuh9Q
21,,2025-03-02,Nk8LdNd_XtM,2025 TODD GILLILAND GRILLO&#39;S FORD MUSTANG DIECASTBUFFET NASCAR DIECAST REVIEW 1/64,Diecastbuffet,2026-05-29T01:42:45Z,188,12,3,PT10M7S,https://youtube.com/watch?v=Nk8LdNd_XtM
21,,2025-03-02,rKBDulrtVGQ,Countdown to Daytona: Todd Gilliland,FOX8 WGHP,2025-02-12T19:42:23Z,182,2,0,PT8M37S,https://youtube.com/watch?v=rKBDulrtVGQ
21,,2025-03-02,1VkIwkAEqPg,Ryan Preece on Having the Best Car at the End; Todd Gilliland &amp; Josh Berry Have Great Runs,Frontstretch,2025-10-26T23:00:00Z,3318,54,3,PT4M39S,https://youtube.com/watch?v=1VkIwkAEqPg
21,,2025-03-02,BgTJtLE_M-M,"Todd Gilliland on qualifying at Darlington, being a leader at Front Row and his Ray Fox throwback",Nikolai P. Culp,2025-04-05T19:08:56Z,99,7,0,PT4M21S,https://youtube.com/watch?v=BgTJtLE_M-M
21,,2025-03-02,Fa2FiWKiiBc,"Todd Gilliland Talks Changes at Front Row, McDowell&#39;s Departure, New Teammates, and More!",Eric Estepp,2025-05-22T16:27:59Z,17254,1085,46,PT8M43S,https://youtube.com/watch?v=Fa2FiWKiiBc
21,,2025-03-02,-FiLN6JeJDw,Todd Gilliland 2025 Loves Diecast Review ,Halo Radiance,2025-12-17T13:04:17Z,43,1,0,PT4M45S,https://youtube.com/watch?v=-FiLN6JeJDw
21,,2025-03-02,ZVQo5SYURG0,2025 TODD GILLILAND LOVE&#39;S FORD MUSTANG DIECASTBUFFET NASCAR DIECAST REVIEW 1/64,Diecastbuffet,2026-01-20T21:03:33Z,218,13,8,PT8M30S,https://youtube.com/watch?v=ZVQo5SYURG0
21,,2025-03-02,Hgz5ZskUe68,Austin Hill &amp; Richard Childress Remember Kyle Busch After San Diego Win | NASCAR,NASCAR,2026-06-21T02:56:52Z,35090,668,65,PT5M45S,https://youtube.com/watch?v=Hgz5ZskUe68
21,,2025-03-02,X7qxa43I8Bc,The Austin Hill Experience | Why Fans Are Fed Up,The Iceberg,2025-08-11T19:34:01Z,44839,1454,572,PT9M9S,https://youtube.com/watch?v=X7qxa43I8Bc
21,,2025-03-02,-ZSfV1hsFEk,Every Austin Hill win in 2025,Nascar24,2025-12-06T21:00:00Z,193,7,0,PT7M35S,https://youtube.com/watch?v=-ZSfV1hsFEk
21,,2025-03-02,qUK_F0SHBhQ,&#39;Daytona has been so good to me&#39; – Austin Hill on his fourth win in five years 😮‍💨 NASCAR on FOX,NASCAR on FOX,2026-02-15T02:10:57Z,6110,94,11,PT7M42S,https://youtube.com/watch?v=qUK_F0SHBhQ
21,,2025-03-02,szQF_RtjpI8,RCR Keeps Embarrassing Themselves | Austin Hill Wrecks Aric Almirola REACTION,Eric Estepp,2025-07-27T06:25:16Z,114500,4466,998,PT13M,https://youtube.com/watch?v=szQF_RtjpI8
21,,2025-03-02,5yuTjIT2Fuk,Dale Earnhardt Jr. Just Said the UNTHINKABLE About Austin Hill!,NASCAR TODAY,2025-10-24T16:00:13Z,1290,10,3,PT9M41S,https://youtube.com/watch?v=5yuTjIT2Fuk
21,,2025-03-02,HAZbzV-TYhM,Austin Hill &amp; Jeb Burton post-race interviews from Talladega Superspeedway | NASCAR on FOX,NASCAR on FOX,2025-04-26T23:26:05Z,6621,75,26,PT4M41S,https://youtube.com/watch?v=HAZbzV-TYhM
21,,2025-03-02,hOJko4r9OLc,Austin Hill Triggers Another Huge Crash | Zilisch Clashes With SVG | REACTION,Eric Estepp,2025-08-10T00:48:45Z,98737,3955,1193,PT16M26S,https://youtube.com/watch?v=hOJko4r9OLc
21,,2025-03-02,PiOELqviAzU,This. Is. Embarrassing. - Part 2 - Austin Hill Edition,Jesse King,2025-07-29T15:52:02Z,23835,708,204,PT7M32S,https://youtube.com/watch?v=PiOELqviAzU
21,,2025-03-02,X8Vr-alosZQ,Richard Childress BREAKS DOWN While Remembering Kyle Busch after Austin Hill Victory!,NASCAR Central,2026-06-21T18:00:09Z,495,16,0,PT10M15S,https://youtube.com/watch?v=X8Vr-alosZQ
21,,2025-03-02,-wS-Co9IJ4A,Last Laps: A Heavyweight Fight in Vegas | 2025 NASCAR Cup Series,NASCAR,2025-10-13T00:50:29Z,80381,675,67,PT7M49S,https://youtube.com/watch?v=-wS-Co9IJ4A
21,,2025-03-02,HomWvKNSSRA,So Close Again: Denny Hamlin Reacts to Another Championship Miss | 2025 NASCAR Cup Series,NASCAR,2025-11-03T01:08:56Z,53500,657,282,PT5M28S,https://youtube.com/watch?v=HomWvKNSSRA
21,,2025-03-02,P3vUj_OERyQ,An Unbelievable End to the 2025 NASCAR Cup Series Season | Final Laps at Phoenix,NASCAR,2025-11-03T00:22:30Z,193452,1899,582,PT6M27S,https://youtube.com/watch?v=P3vUj_OERyQ
21,,2025-03-02,xL5wsAdIWyo,The Final Battle: Hamlin vs. Larson for the Championship | NASCAR,NASCAR,2025-11-03T19:46:49Z,43879,940,104,PT5M46S,https://youtube.com/watch?v=xL5wsAdIWyo
21,,2025-03-02,PVUfltDPjtY,Hamlin vs. Gibbs: Recap and Reaction from New Hampshire | 2025 NASCAR Cup Series,NASCAR,2025-09-21T22:08:03Z,58298,302,122,PT7M40S,https://youtube.com/watch?v=PVUfltDPjtY
21,,2025-03-02,3LE2_qaU5kg,Denny Hamlin&#39;s Emotional Reaction to 60th Career Win | 2025 NASCAR Cup Series at Las Vegas,NASCAR,2025-10-13T01:20:00Z,56334,1080,145,PT6M45S,https://youtube.com/watch?v=3LE2_qaU5kg
21,,2025-03-02,wYcSuMaHC-k,Missing Rings: Denny Hamlin 2025,The Iceberg,2025-11-05T23:21:21Z,18343,798,296,PT11M,https://youtube.com/watch?v=wYcSuMaHC-k
21,,2025-03-02,5b5Qt3VAZrU,2025 NASCAR Cup Series Championship Reaction. THE HEARTBREAK OF ALL-TIME,FireBall Hamlin,2025-11-03T01:11:21Z,12226,275,315,PT17M44S,https://youtube.com/watch?v=5b5Qt3VAZrU
21,,2025-03-02,kykqdL18-OU,Every Denny Hamlin win in 2025,Nascar24,2025-11-16T21:00:52Z,585,13,0,PT7M,https://youtube.com/watch?v=kykqdL18-OU
21,,2025-03-02,l3i3W8QKTsU,WATCH: Denny Hamlin Outduels William Byron at Michigan | 2025 NASCAR FireKeepers Casino 400,NASCAR,2025-06-08T22:19:10Z,16097,224,16,PT8M37S,https://youtube.com/watch?v=l3i3W8QKTsU
21,,2025-03-02,1fYXEvm3to0,Playoff Heartbreak at the Finish | 2025 NASCAR Radioactive from Charlotte,NASCAR,2025-10-07T22:00:04Z,33497,744,51,PT6M2S,https://youtube.com/watch?v=1fYXEvm3to0
21,,2025-03-02,TipP_iG0c74,Ross Chastain Answers the Internet | NASCAR,NASCAR,2025-12-30T21:00:41Z,26259,1310,74,PT5M21S,https://youtube.com/watch?v=TipP_iG0c74
21,,2025-03-02,5DH4F0tdewY,CHASTAIN WINNING INTERVIEW + BYRON POST RACE INTERVIEW - 2025 COCACOLA 600 - 2025 NASCAR CUP SERIES,SportsNewsCentral,2025-06-27T18:45:06Z,238,0,0,PT5M49S,https://youtube.com/watch?v=5DH4F0tdewY
21,,2025-03-02,1hUYa4asnOs,Dale Earnhardt Jr. Just DESTROYED Ross Chastain on Live TV!,NASCAR TODAY,2025-07-09T20:00:02Z,30755,146,30,PT13M13S,https://youtube.com/watch?v=1hUYa4asnOs
21,,2025-03-02,NrKCX_9gNYw,Daniel Suárez GOES OFF on Ross Chastain After WILD Vegas Finish!,NASCAR Insider,2026-03-17T16:46:12Z,515,11,7,PT9M52S,https://youtube.com/watch?v=NrKCX_9gNYw
21,,2025-03-02,TqYY4tZXfIE,Why Ross Chastain’s Approach Could Influence the Next Generation,NASCAR TODAY,2025-11-10T18:15:05Z,2081,22,0,PT8M4S,https://youtube.com/watch?v=TqYY4tZXfIE
21,,2025-03-02,b49PzC9kVtY,BACKWARD FINISH Decides Final Playoff Spot | 2025 NASCAR Cup Series at Charlotte,NASCAR,2025-10-05T23:13:10Z,54548,332,48,PT8M17S,https://youtube.com/watch?v=b49PzC9kVtY
21,,2025-03-02,BV4PsJmXu-Y,Ross Chastain Destroyed by NASCAR After Texas Finish — What the HELL Just Happened?!,NASCAR Insider,2025-05-06T16:00:28Z,4906,46,6,PT6M43S,https://youtube.com/watch?v=BV4PsJmXu-Y
21,,2025-03-02,DogYuyhg1F8,NASCAR at Charlotte Motor Speedway May 2025: Ross Chastain post-race,Cup Scene ,2025-05-26T13:07:18Z,1532,47,4,PT12M16S,https://youtube.com/watch?v=DogYuyhg1F8
21,,2025-03-02,VD-F7NgOAPM,Ross Chastain After His Incredible Comeback Win at Charlotte | NASCAR on Prime | Prime Video,Sports On Prime,2025-05-26T17:20:35Z,60324,1177,181,PT13M3S,https://youtube.com/watch?v=VD-F7NgOAPM
21,,2025-03-02,YISsxP9tCUM,Reddit Asks Brad Keselowski WILD Questions | NASCAR,NASCAR,2025-08-21T21:00:30Z,79125,3961,168,PT7M16S,https://youtube.com/watch?v=YISsxP9tCUM
21,,2025-03-02,78NwQZmqxz0,Final Laps: A WILD Bristol Finish | 2025 NASCAR Cup Series,NASCAR,2025-09-14T03:58:50Z,222659,975,130,PT5M12S,https://youtube.com/watch?v=78NwQZmqxz0
21,,2025-03-02,Hq1V6sDUnGs,Extended Highlights | 2025 NASCAR Cup Series from Iowa,NASCAR,2025-08-04T01:34:16Z,175870,2111,137,PT19M55S,https://youtube.com/watch?v=Hq1V6sDUnGs
21,,2025-03-02,hKsNXFB_8V4,NASCAR Cup Series 2025: Pennzoil 400 | EXTENDED HIGHLIGHTS | 3/16/25 | Motorsports on NBC,Motorsports on NBC,2025-03-16T23:54:59Z,150191,2662,143,PT16M46S,https://youtube.com/watch?v=hKsNXFB_8V4
21,,2025-03-02,peOrAd5ipF4,NASCAR Cup Series 2025: EchoPark Automotive GP | EXTENDED HIGHLIGHTS | 3/2/25 | Motorsports on NBC,Motorsports on NBC,2025-03-03T01:01:52Z,109346,1811,140,PT17M15S,https://youtube.com/watch?v=peOrAd5ipF4
21,,2025-03-02,6xDyB0-uLpY,NASCAR Cup Series 2025: Cook Out 400 | EXTENDED HIGHLIGHTS | 3/30/25 | Motorsports on NBC,Motorsports on NBC,2025-03-30T23:01:09Z,110539,1968,115,PT16M27S,https://youtube.com/watch?v=6xDyB0-uLpY
21,,2025-03-02,50X_h1q0LXI,Gateway Turns Up the Playoff Heat | 2025 NASCAR Cup Series Extended Highlights,NASCAR,2025-09-07T23:02:36Z,243284,3618,240,PT18M,https://youtube.com/watch?v=50X_h1q0LXI
21,,2025-03-02,83kRqoa7uHY,Brad Keselowski Injury | Jimmie Johnson Seeking Daytona History | Top 50 Drivers of 2025 Reaction,Eric Estepp,2025-12-22T15:40:01Z,52846,2821,267,PT13M6S,https://youtube.com/watch?v=83kRqoa7uHY
21,,2025-03-02,JpRqXvWF63I,NASCAR Cup Series 2025: All-Star Race | EXTENDED HIGHLIGHTS | 5/18/25 | Motorsports on NBC,Motorsports on NBC,2025-05-19T02:48:07Z,107467,1826,148,PT16M22S,https://youtube.com/watch?v=JpRqXvWF63I
21,,2025-03-02,Le_y1ap2Ct8,&#39;The car drives like s**t&#39; | NASCAR RADIOACTIVE from the 2025 All-Star Race,NASCAR,2025-05-20T21:43:50Z,35032,816,64,PT6M6S,https://youtube.com/watch?v=Le_y1ap2Ct8
22,,2025-03-09,v-kwi-xD40w,Todd Gilliland Clips For Edits All Years By smithdoit,NSCP by smithdoit  (ScenePacks),2025-11-01T21:49:13Z,188,11,2,PT5M50S,https://youtube.com/watch?v=v-kwi-xD40w
22,,2025-03-09,jwrAEeikBt0,How Do NASCAR Drivers Pee? | Todd Gilliland Reveals All,Rated Red,2025-02-12T20:08:32Z,3904,130,12,PT9M13S,https://youtube.com/watch?v=jwrAEeikBt0
22,,2025-03-09,rKBDulrtVGQ,Countdown to Daytona: Todd Gilliland,FOX8 WGHP,2025-02-12T19:42:23Z,182,2,0,PT8M37S,https://youtube.com/watch?v=rKBDulrtVGQ
22,,2025-03-09,1VkIwkAEqPg,Ryan Preece on Having the Best Car at the End; Todd Gilliland &amp; Josh Berry Have Great Runs,Frontstretch,2025-10-26T23:00:00Z,3318,54,3,PT4M39S,https://youtube.com/watch?v=1VkIwkAEqPg
22,,2025-03-09,BgTJtLE_M-M,"Todd Gilliland on qualifying at Darlington, being a leader at Front Row and his Ray Fox throwback",Nikolai P. Culp,2025-04-05T19:08:56Z,99,7,0,PT4M21S,https://youtube.com/watch?v=BgTJtLE_M-M
22,,2025-03-09,-FiLN6JeJDw,Todd Gilliland 2025 Loves Diecast Review ,Halo Radiance,2025-12-17T13:04:17Z,43,1,0,PT4M45S,https://youtube.com/watch?v=-FiLN6JeJDw
22,,2025-03-09,Fa2FiWKiiBc,"Todd Gilliland Talks Changes at Front Row, McDowell&#39;s Departure, New Teammates, and More!",Eric Estepp,2025-05-22T16:27:59Z,17254,1085,46,PT8M43S,https://youtube.com/watch?v=Fa2FiWKiiBc
22,,2025-03-09,ZVQo5SYURG0,2025 TODD GILLILAND LOVE&#39;S FORD MUSTANG DIECASTBUFFET NASCAR DIECAST REVIEW 1/64,Diecastbuffet,2026-01-20T21:03:33Z,218,13,8,PT8M30S,https://youtube.com/watch?v=ZVQo5SYURG0
22,,2025-03-09,Q2clHIifaNk,NASCAR 25 - #34 Todd Gilliland (Ford) - Gameplay (PS5 UHD) [4K60FPS],Throneful,2025-10-30T19:00:29Z,648,18,0,PT17M38S,https://youtube.com/watch?v=Q2clHIifaNk
22,,2025-03-09,YRqNFLkuh9Q,Todd Gilliland Crew Chief Chris Lawson on motivating a team in a tough season and what&#39;s next,Sky View Sports Roy J. Akers,2025-07-26T18:42:07Z,68,0,0,PT5M38S,https://youtube.com/watch?v=YRqNFLkuh9Q
22,,2025-03-09,Hgz5ZskUe68,Austin Hill &amp; Richard Childress Remember Kyle Busch After San Diego Win | NASCAR,NASCAR,2026-06-21T02:56:52Z,35090,668,65,PT5M45S,https://youtube.com/watch?v=Hgz5ZskUe68
22,,2025-03-09,X7qxa43I8Bc,The Austin Hill Experience | Why Fans Are Fed Up,The Iceberg,2025-08-11T19:34:01Z,44839,1454,572,PT9M9S,https://youtube.com/watch?v=X7qxa43I8Bc
22,,2025-03-09,-ZSfV1hsFEk,Every Austin Hill win in 2025,Nascar24,2025-12-06T21:00:00Z,193,7,0,PT7M35S,https://youtube.com/watch?v=-ZSfV1hsFEk
22,,2025-03-09,qUK_F0SHBhQ,&#39;Daytona has been so good to me&#39; – Austin Hill on his fourth win in five years 😮‍💨 NASCAR on FOX,NASCAR on FOX,2026-02-15T02:10:57Z,6110,94,11,PT7M42S,https://youtube.com/watch?v=qUK_F0SHBhQ
22,,2025-03-09,szQF_RtjpI8,RCR Keeps Embarrassing Themselves | Austin Hill Wrecks Aric Almirola REACTION,Eric Estepp,2025-07-27T06:25:16Z,114500,4466,998,PT13M,https://youtube.com/watch?v=szQF_RtjpI8
22,,2025-03-09,5yuTjIT2Fuk,Dale Earnhardt Jr. Just Said the UNTHINKABLE About Austin Hill!,NASCAR TODAY,2025-10-24T16:00:13Z,1290,10,3,PT9M41S,https://youtube.com/watch?v=5yuTjIT2Fuk
22,,2025-03-09,HAZbzV-TYhM,Austin Hill &amp; Jeb Burton post-race interviews from Talladega Superspeedway | NASCAR on FOX,NASCAR on FOX,2025-04-26T23:26:05Z,6621,75,26,PT4M41S,https://youtube.com/watch?v=HAZbzV-TYhM
22,,2025-03-09,hOJko4r9OLc,Austin Hill Triggers Another Huge Crash | Zilisch Clashes With SVG | REACTION,Eric Estepp,2025-08-10T00:48:45Z,98737,3955,1193,PT16M26S,https://youtube.com/watch?v=hOJko4r9OLc
22,,2025-03-09,PiOELqviAzU,This. Is. Embarrassing. - Part 2 - Austin Hill Edition,Jesse King,2025-07-29T15:52:02Z,23835,708,204,PT7M32S,https://youtube.com/watch?v=PiOELqviAzU
22,,2025-03-09,X8Vr-alosZQ,Richard Childress BREAKS DOWN While Remembering Kyle Busch after Austin Hill Victory!,NASCAR Central,2026-06-21T18:00:09Z,495,16,0,PT10M15S,https://youtube.com/watch?v=X8Vr-alosZQ
22,,2025-03-09,-wS-Co9IJ4A,Last Laps: A Heavyweight Fight in Vegas | 2025 NASCAR Cup Series,NASCAR,2025-10-13T00:50:29Z,80381,675,67,PT7M49S,https://youtube.com/watch?v=-wS-Co9IJ4A
22,,2025-03-09,P3vUj_OERyQ,An Unbelievable End to the 2025 NASCAR Cup Series Season | Final Laps at Phoenix,NASCAR,2025-11-03T00:22:30Z,193452,1899,582,PT6M27S,https://youtube.com/watch?v=P3vUj_OERyQ
22,,2025-03-09,HomWvKNSSRA,So Close Again: Denny Hamlin Reacts to Another Championship Miss | 2025 NASCAR Cup Series,NASCAR,2025-11-03T01:08:56Z,53500,657,282,PT5M28S,https://youtube.com/watch?v=HomWvKNSSRA
22,,2025-03-09,xL5wsAdIWyo,The Final Battle: Hamlin vs. Larson for the Championship | NASCAR,NASCAR,2025-11-03T19:46:49Z,43879,940,104,PT5M46S,https://youtube.com/watch?v=xL5wsAdIWyo
22,,2025-03-09,3LE2_qaU5kg,Denny Hamlin&#39;s Emotional Reaction to 60th Career Win | 2025 NASCAR Cup Series at Las Vegas,NASCAR,2025-10-13T01:20:00Z,56334,1080,145,PT6M45S,https://youtube.com/watch?v=3LE2_qaU5kg
22,,2025-03-09,PVUfltDPjtY,Hamlin vs. Gibbs: Recap and Reaction from New Hampshire | 2025 NASCAR Cup Series,NASCAR,2025-09-21T22:08:03Z,58298,302,122,PT7M40S,https://youtube.com/watch?v=PVUfltDPjtY
22,,2025-03-09,wYcSuMaHC-k,Missing Rings: Denny Hamlin 2025,The Iceberg,2025-11-05T23:21:21Z,18343,798,296,PT11M,https://youtube.com/watch?v=wYcSuMaHC-k
22,,2025-03-09,l3i3W8QKTsU,WATCH: Denny Hamlin Outduels William Byron at Michigan | 2025 NASCAR FireKeepers Casino 400,NASCAR,2025-06-08T22:19:10Z,16097,224,16,PT8M37S,https://youtube.com/watch?v=l3i3W8QKTsU
22,,2025-03-09,5b5Qt3VAZrU,2025 NASCAR Cup Series Championship Reaction. THE HEARTBREAK OF ALL-TIME,FireBall Hamlin,2025-11-03T01:11:21Z,12226,275,315,PT17M44S,https://youtube.com/watch?v=5b5Qt3VAZrU
22,,2025-03-09,kykqdL18-OU,Every Denny Hamlin win in 2025,Nascar24,2025-11-16T21:00:52Z,585,13,0,PT7M,https://youtube.com/watch?v=kykqdL18-OU
22,,2025-03-09,1fYXEvm3to0,Playoff Heartbreak at the Finish | 2025 NASCAR Radioactive from Charlotte,NASCAR,2025-10-07T22:00:04Z,33499,744,51,PT6M2S,https://youtube.com/watch?v=1fYXEvm3to0
22,,2025-03-09,TipP_iG0c74,Ross Chastain Answers the Internet | NASCAR,NASCAR,2025-12-30T21:00:41Z,26259,1310,74,PT5M21S,https://youtube.com/watch?v=TipP_iG0c74
22,,2025-03-09,5DH4F0tdewY,CHASTAIN WINNING INTERVIEW + BYRON POST RACE INTERVIEW - 2025 COCACOLA 600 - 2025 NASCAR CUP SERIES,SportsNewsCentral,2025-06-27T18:45:06Z,238,0,0,PT5M49S,https://youtube.com/watch?v=5DH4F0tdewY
22,,2025-03-09,b49PzC9kVtY,BACKWARD FINISH Decides Final Playoff Spot | 2025 NASCAR Cup Series at Charlotte,NASCAR,2025-10-05T23:13:10Z,54550,332,48,PT8M17S,https://youtube.com/watch?v=b49PzC9kVtY
22,,2025-03-09,1hUYa4asnOs,Dale Earnhardt Jr. Just DESTROYED Ross Chastain on Live TV!,NASCAR TODAY,2025-07-09T20:00:02Z,30755,146,30,PT13M13S,https://youtube.com/watch?v=1hUYa4asnOs
22,,2025-03-09,TqYY4tZXfIE,Why Ross Chastain’s Approach Could Influence the Next Generation,NASCAR TODAY,2025-11-10T18:15:05Z,2081,22,0,PT8M4S,https://youtube.com/watch?v=TqYY4tZXfIE
22,,2025-03-09,HI2XOFCFWIA,From the Back to Victory Lane: Ross Chastain’s Wild Drive | 2025 NASCAR Coca-Cola 600,NASCAR,2025-05-26T04:55:59Z,44478,706,72,PT8M41S,https://youtube.com/watch?v=HI2XOFCFWIA
22,,2025-03-09,BV4PsJmXu-Y,Ross Chastain Destroyed by NASCAR After Texas Finish — What the HELL Just Happened?!,NASCAR Insider,2025-05-06T16:00:28Z,4906,46,6,PT6M43S,https://youtube.com/watch?v=BV4PsJmXu-Y
22,,2025-03-09,NrKCX_9gNYw,Daniel Suárez GOES OFF on Ross Chastain After WILD Vegas Finish!,NASCAR Insider,2026-03-17T16:46:12Z,515,11,7,PT9M52S,https://youtube.com/watch?v=NrKCX_9gNYw
22,,2025-03-09,Yl08L6Y0y3Y,2025 Coca-Cola 600 | NASCAR Official Extended Highlights,NASCAR,2025-05-26T03:36:47Z,460195,5589,360,PT15M41S,https://youtube.com/watch?v=Yl08L6Y0y3Y
22,,2025-03-09,YISsxP9tCUM,Reddit Asks Brad Keselowski WILD Questions | NASCAR,NASCAR,2025-08-21T21:00:30Z,79125,3961,168,PT7M16S,https://youtube.com/watch?v=YISsxP9tCUM
22,,2025-03-09,78NwQZmqxz0,Final Laps: A WILD Bristol Finish | 2025 NASCAR Cup Series,NASCAR,2025-09-14T03:58:50Z,222659,975,130,PT5M12S,https://youtube.com/watch?v=78NwQZmqxz0
22,,2025-03-09,Hq1V6sDUnGs,Extended Highlights | 2025 NASCAR Cup Series from Iowa,NASCAR,2025-08-04T01:34:16Z,175870,2111,137,PT19M55S,https://youtube.com/watch?v=Hq1V6sDUnGs
22,,2025-03-09,hKsNXFB_8V4,NASCAR Cup Series 2025: Pennzoil 400 | EXTENDED HIGHLIGHTS | 3/16/25 | Motorsports on NBC,Motorsports on NBC,2025-03-16T23:54:59Z,150191,2662,143,PT16M46S,https://youtube.com/watch?v=hKsNXFB_8V4
22,,2025-03-09,peOrAd5ipF4,NASCAR Cup Series 2025: EchoPark Automotive GP | EXTENDED HIGHLIGHTS | 3/2/25 | Motorsports on NBC,Motorsports on NBC,2025-03-03T01:01:52Z,109346,1811,140,PT17M15S,https://youtube.com/watch?v=peOrAd5ipF4
22,,2025-03-09,6xDyB0-uLpY,NASCAR Cup Series 2025: Cook Out 400 | EXTENDED HIGHLIGHTS | 3/30/25 | Motorsports on NBC,Motorsports on NBC,2025-03-30T23:01:09Z,110539,1968,115,PT16M27S,https://youtube.com/watch?v=6xDyB0-uLpY
22,,2025-03-09,50X_h1q0LXI,Gateway Turns Up the Playoff Heat | 2025 NASCAR Cup Series Extended Highlights,NASCAR,2025-09-07T23:02:36Z,243284,3618,240,PT18M,https://youtube.com/watch?v=50X_h1q0LXI
22,,2025-03-09,83kRqoa7uHY,Brad Keselowski Injury | Jimmie Johnson Seeking Daytona History | Top 50 Drivers of 2025 Reaction,Eric Estepp,2025-12-22T15:40:01Z,52846,2821,267,PT13M6S,https://youtube.com/watch?v=83kRqoa7uHY
22,,2025-03-09,JpRqXvWF63I,NASCAR Cup Series 2025: All-Star Race | EXTENDED HIGHLIGHTS | 5/18/25 | Motorsports on NBC,Motorsports on NBC,2025-05-19T02:48:07Z,107467,1826,148,PT16M22S,https://youtube.com/watch?v=JpRqXvWF63I
22,,2025-03-09,Le_y1ap2Ct8,&#39;The car drives like s**t&#39; | NASCAR RADIOACTIVE from the 2025 All-Star Race,NASCAR,2025-05-20T21:43:50Z,35032,816,64,PT6M6S,https://youtube.com/watch?v=Le_y1ap2Ct8
23,,2025-03-16,rKBDulrtVGQ,Countdown to Daytona: Todd Gilliland,FOX8 WGHP,2025-02-12T19:42:23Z,182,2,0,PT8M37S,https://youtube.com/watch?v=rKBDulrtVGQ
23,,2025-03-16,v-kwi-xD40w,Todd Gilliland Clips For Edits All Years By smithdoit,NSCP by smithdoit  (ScenePacks),2025-11-01T21:49:13Z,188,11,2,PT5M50S,https://youtube.com/watch?v=v-kwi-xD40w
23,,2025-03-16,jwrAEeikBt0,How Do NASCAR Drivers Pee? | Todd Gilliland Reveals All,Rated Red,2025-02-12T20:08:32Z,3904,130,12,PT9M13S,https://youtube.com/watch?v=jwrAEeikBt0
23,,2025-03-16,YRqNFLkuh9Q,Todd Gilliland Crew Chief Chris Lawson on motivating a team in a tough season and what&#39;s next,Sky View Sports Roy J. Akers,2025-07-26T18:42:07Z,68,0,0,PT5M38S,https://youtube.com/watch?v=YRqNFLkuh9Q
23,,2025-03-16,1VkIwkAEqPg,Ryan Preece on Having the Best Car at the End; Todd Gilliland &amp; Josh Berry Have Great Runs,Frontstretch,2025-10-26T23:00:00Z,3318,54,3,PT4M39S,https://youtube.com/watch?v=1VkIwkAEqPg
23,,2025-03-16,Nk8LdNd_XtM,2025 TODD GILLILAND GRILLO&#39;S FORD MUSTANG DIECASTBUFFET NASCAR DIECAST REVIEW 1/64,Diecastbuffet,2026-05-29T01:42:45Z,188,12,3,PT10M7S,https://youtube.com/watch?v=Nk8LdNd_XtM
23,,2025-03-16,Fa2FiWKiiBc,"Todd Gilliland Talks Changes at Front Row, McDowell&#39;s Departure, New Teammates, and More!",Eric Estepp,2025-05-22T16:27:59Z,17254,1085,46,PT8M43S,https://youtube.com/watch?v=Fa2FiWKiiBc
23,,2025-03-16,BgTJtLE_M-M,"Todd Gilliland on qualifying at Darlington, being a leader at Front Row and his Ray Fox throwback",Nikolai P. Culp,2025-04-05T19:08:56Z,99,7,0,PT4M21S,https://youtube.com/watch?v=BgTJtLE_M-M
23,,2025-03-16,bbaZ1Nei-DY,Todd Gilliland &amp; Zane Smith Remain Focused On Racing In Midst of FRM Losing Injunction Lawsuit,Frontstretch,2025-06-07T16:10:37Z,457,14,0,PT5M10S,https://youtube.com/watch?v=bbaZ1Nei-DY
23,,2025-03-16,-FiLN6JeJDw,Todd Gilliland 2025 Loves Diecast Review ,Halo Radiance,2025-12-17T13:04:17Z,43,1,0,PT4M45S,https://youtube.com/watch?v=-FiLN6JeJDw
23,,2025-03-16,Hgz5ZskUe68,Austin Hill &amp; Richard Childress Remember Kyle Busch After San Diego Win | NASCAR,NASCAR,2026-06-21T02:56:52Z,35090,668,65,PT5M45S,https://youtube.com/watch?v=Hgz5ZskUe68
23,,2025-03-16,-ZSfV1hsFEk,Every Austin Hill win in 2025,Nascar24,2025-12-06T21:00:00Z,193,7,0,PT7M35S,https://youtube.com/watch?v=-ZSfV1hsFEk
23,,2025-03-16,X7qxa43I8Bc,The Austin Hill Experience | Why Fans Are Fed Up,The Iceberg,2025-08-11T19:34:01Z,44839,1454,572,PT9M9S,https://youtube.com/watch?v=X7qxa43I8Bc
23,,2025-03-16,szQF_RtjpI8,RCR Keeps Embarrassing Themselves | Austin Hill Wrecks Aric Almirola REACTION,Eric Estepp,2025-07-27T06:25:16Z,114500,4466,998,PT13M,https://youtube.com/watch?v=szQF_RtjpI8
23,,2025-03-16,qUK_F0SHBhQ,&#39;Daytona has been so good to me&#39; – Austin Hill on his fourth win in five years 😮‍💨 NASCAR on FOX,NASCAR on FOX,2026-02-15T02:10:57Z,6110,94,11,PT7M42S,https://youtube.com/watch?v=qUK_F0SHBhQ
23,,2025-03-16,5yuTjIT2Fuk,Dale Earnhardt Jr. Just Said the UNTHINKABLE About Austin Hill!,NASCAR TODAY,2025-10-24T16:00:13Z,1290,10,3,PT9M41S,https://youtube.com/watch?v=5yuTjIT2Fuk
23,,2025-03-16,HAZbzV-TYhM,Austin Hill &amp; Jeb Burton post-race interviews from Talladega Superspeedway | NASCAR on FOX,NASCAR on FOX,2025-04-26T23:26:05Z,6621,75,26,PT4M41S,https://youtube.com/watch?v=HAZbzV-TYhM
23,,2025-03-16,tZHbVBdv1bM,NASCAR in PANIC! Shane van Gisbergen LASHES OUT at Austin Hill After BIG ONE Involving 11 Cars,NASCAR Nation Report,2026-06-22T01:10:05Z,4788,129,21,PT9M59S,https://youtube.com/watch?v=tZHbVBdv1bM
23,,2025-03-16,hOJko4r9OLc,Austin Hill Triggers Another Huge Crash | Zilisch Clashes With SVG | REACTION,Eric Estepp,2025-08-10T00:48:45Z,98737,3955,1193,PT16M26S,https://youtube.com/watch?v=hOJko4r9OLc
23,,2025-03-16,PiOELqviAzU,This. Is. Embarrassing. - Part 2 - Austin Hill Edition,Jesse King,2025-07-29T15:52:02Z,23835,708,204,PT7M32S,https://youtube.com/watch?v=PiOELqviAzU
23,,2025-03-16,-wS-Co9IJ4A,Last Laps: A Heavyweight Fight in Vegas | 2025 NASCAR Cup Series,NASCAR,2025-10-13T00:50:29Z,80381,675,67,PT7M49S,https://youtube.com/watch?v=-wS-Co9IJ4A
23,,2025-03-16,P3vUj_OERyQ,An Unbelievable End to the 2025 NASCAR Cup Series Season | Final Laps at Phoenix,NASCAR,2025-11-03T00:22:30Z,193451,1899,582,PT6M27S,https://youtube.com/watch?v=P3vUj_OERyQ
23,,2025-03-16,HomWvKNSSRA,So Close Again: Denny Hamlin Reacts to Another Championship Miss | 2025 NASCAR Cup Series,NASCAR,2025-11-03T01:08:56Z,53500,657,282,PT5M28S,https://youtube.com/watch?v=HomWvKNSSRA
23,,2025-03-16,xL5wsAdIWyo,The Final Battle: Hamlin vs. Larson for the Championship | NASCAR,NASCAR,2025-11-03T19:46:49Z,43880,940,104,PT5M46S,https://youtube.com/watch?v=xL5wsAdIWyo
23,,2025-03-16,3LE2_qaU5kg,Denny Hamlin&#39;s Emotional Reaction to 60th Career Win | 2025 NASCAR Cup Series at Las Vegas,NASCAR,2025-10-13T01:20:00Z,56335,1080,145,PT6M45S,https://youtube.com/watch?v=3LE2_qaU5kg
23,,2025-03-16,wYcSuMaHC-k,Missing Rings: Denny Hamlin 2025,The Iceberg,2025-11-05T23:21:21Z,18343,798,296,PT11M,https://youtube.com/watch?v=wYcSuMaHC-k
23,,2025-03-16,PVUfltDPjtY,Hamlin vs. Gibbs: Recap and Reaction from New Hampshire | 2025 NASCAR Cup Series,NASCAR,2025-09-21T22:08:03Z,58298,302,122,PT7M40S,https://youtube.com/watch?v=PVUfltDPjtY
23,,2025-03-16,l3i3W8QKTsU,WATCH: Denny Hamlin Outduels William Byron at Michigan | 2025 NASCAR FireKeepers Casino 400,NASCAR,2025-06-08T22:19:10Z,16097,224,16,PT8M37S,https://youtube.com/watch?v=l3i3W8QKTsU
23,,2025-03-16,5b5Qt3VAZrU,2025 NASCAR Cup Series Championship Reaction. THE HEARTBREAK OF ALL-TIME,FireBall Hamlin,2025-11-03T01:11:21Z,12225,275,315,PT17M44S,https://youtube.com/watch?v=5b5Qt3VAZrU
23,,2025-03-16,kykqdL18-OU,Every Denny Hamlin win in 2025,Nascar24,2025-11-16T21:00:52Z,585,13,0,PT7M,https://youtube.com/watch?v=kykqdL18-OU
23,,2025-03-16,1fYXEvm3to0,Playoff Heartbreak at the Finish | 2025 NASCAR Radioactive from Charlotte,NASCAR,2025-10-07T22:00:04Z,33497,744,51,PT6M2S,https://youtube.com/watch?v=1fYXEvm3to0
23,,2025-03-16,TipP_iG0c74,Ross Chastain Answers the Internet | NASCAR,NASCAR,2025-12-30T21:00:41Z,26259,1310,74,PT5M21S,https://youtube.com/watch?v=TipP_iG0c74
23,,2025-03-16,5DH4F0tdewY,CHASTAIN WINNING INTERVIEW + BYRON POST RACE INTERVIEW - 2025 COCACOLA 600 - 2025 NASCAR CUP SERIES,SportsNewsCentral,2025-06-27T18:45:06Z,238,0,0,PT5M49S,https://youtube.com/watch?v=5DH4F0tdewY
23,,2025-03-16,b49PzC9kVtY,BACKWARD FINISH Decides Final Playoff Spot | 2025 NASCAR Cup Series at Charlotte,NASCAR,2025-10-05T23:13:10Z,54548,332,48,PT8M17S,https://youtube.com/watch?v=b49PzC9kVtY
23,,2025-03-16,1hUYa4asnOs,Dale Earnhardt Jr. Just DESTROYED Ross Chastain on Live TV!,NASCAR TODAY,2025-07-09T20:00:02Z,30755,146,30,PT13M13S,https://youtube.com/watch?v=1hUYa4asnOs
23,,2025-03-16,TqYY4tZXfIE,Why Ross Chastain’s Approach Could Influence the Next Generation,NASCAR TODAY,2025-11-10T18:15:05Z,2081,22,0,PT8M4S,https://youtube.com/watch?v=TqYY4tZXfIE
23,,2025-03-16,HI2XOFCFWIA,From the Back to Victory Lane: Ross Chastain’s Wild Drive | 2025 NASCAR Coca-Cola 600,NASCAR,2025-05-26T04:55:59Z,44478,706,72,PT8M41S,https://youtube.com/watch?v=HI2XOFCFWIA
23,,2025-03-16,BV4PsJmXu-Y,Ross Chastain Destroyed by NASCAR After Texas Finish — What the HELL Just Happened?!,NASCAR Insider,2025-05-06T16:00:28Z,4906,46,6,PT6M43S,https://youtube.com/watch?v=BV4PsJmXu-Y
23,,2025-03-16,NrKCX_9gNYw,Daniel Suárez GOES OFF on Ross Chastain After WILD Vegas Finish!,NASCAR Insider,2026-03-17T16:46:12Z,515,11,7,PT9M52S,https://youtube.com/watch?v=NrKCX_9gNYw
23,,2025-03-16,Yl08L6Y0y3Y,2025 Coca-Cola 600 | NASCAR Official Extended Highlights,NASCAR,2025-05-26T03:36:47Z,460194,5589,360,PT15M41S,https://youtube.com/watch?v=Yl08L6Y0y3Y
23,,2025-03-16,YISsxP9tCUM,Reddit Asks Brad Keselowski WILD Questions | NASCAR,NASCAR,2025-08-21T21:00:30Z,79125,3961,168,PT7M16S,https://youtube.com/watch?v=YISsxP9tCUM
23,,2025-03-16,78NwQZmqxz0,Final Laps: A WILD Bristol Finish | 2025 NASCAR Cup Series,NASCAR,2025-09-14T03:58:50Z,222659,975,130,PT5M12S,https://youtube.com/watch?v=78NwQZmqxz0
23,,2025-03-16,Hq1V6sDUnGs,Extended Highlights | 2025 NASCAR Cup Series from Iowa,NASCAR,2025-08-04T01:34:16Z,175870,2111,137,PT19M55S,https://youtube.com/watch?v=Hq1V6sDUnGs
23,,2025-03-16,hKsNXFB_8V4,NASCAR Cup Series 2025: Pennzoil 400 | EXTENDED HIGHLIGHTS | 3/16/25 | Motorsports on NBC,Motorsports on NBC,2025-03-16T23:54:59Z,150191,2662,143,PT16M46S,https://youtube.com/watch?v=hKsNXFB_8V4
23,,2025-03-16,peOrAd5ipF4,NASCAR Cup Series 2025: EchoPark Automotive GP | EXTENDED HIGHLIGHTS | 3/2/25 | Motorsports on NBC,Motorsports on NBC,2025-03-03T01:01:52Z,109346,1811,140,PT17M15S,https://youtube.com/watch?v=peOrAd5ipF4
23,,2025-03-16,6xDyB0-uLpY,NASCAR Cup Series 2025: Cook Out 400 | EXTENDED HIGHLIGHTS | 3/30/25 | Motorsports on NBC,Motorsports on NBC,2025-03-30T23:01:09Z,110539,1968,115,PT16M27S,https://youtube.com/watch?v=6xDyB0-uLpY
23,,2025-03-16,50X_h1q0LXI,Gateway Turns Up the Playoff Heat | 2025 NASCAR Cup Series Extended Highlights,NASCAR,2025-09-07T23:02:36Z,243284,3618,240,PT18M,https://youtube.com/watch?v=50X_h1q0LXI
23,,2025-03-16,83kRqoa7uHY,Brad Keselowski Injury | Jimmie Johnson Seeking Daytona History | Top 50 Drivers of 2025 Reaction,Eric Estepp,2025-12-22T15:40:01Z,52846,2821,267,PT13M6S,https://youtube.com/watch?v=83kRqoa7uHY
23,,2025-03-16,JpRqXvWF63I,NASCAR Cup Series 2025: All-Star Race | EXTENDED HIGHLIGHTS | 5/18/25 | Motorsports on NBC,Motorsports on NBC,2025-05-19T02:48:07Z,107467,1826,148,PT16M22S,https://youtube.com/watch?v=JpRqXvWF63I
23,,2025-03-16,Le_y1ap2Ct8,&#39;The car drives like s**t&#39; | NASCAR RADIOACTIVE from the 2025 All-Star Race,NASCAR,2025-05-20T21:43:50Z,35032,816,64,PT6M6S,https://youtube.com/watch?v=Le_y1ap2Ct8
24,,2025-03-23,v-kwi-xD40w,Todd Gilliland Clips For Edits All Years By smithdoit,NSCP by smithdoit  (ScenePacks),2025-11-01T21:49:13Z,188,11,2,PT5M50S,https://youtube.com/watch?v=v-kwi-xD40w
24,,2025-03-23,jwrAEeikBt0,How Do NASCAR Drivers Pee? | Todd Gilliland Reveals All,Rated Red,2025-02-12T20:08:32Z,3904,130,12,PT9M13S,https://youtube.com/watch?v=jwrAEeikBt0
24,,2025-03-23,rKBDulrtVGQ,Countdown to Daytona: Todd Gilliland,FOX8 WGHP,2025-02-12T19:42:23Z,182,2,0,PT8M37S,https://youtube.com/watch?v=rKBDulrtVGQ
24,,2025-03-23,1VkIwkAEqPg,Ryan Preece on Having the Best Car at the End; Todd Gilliland &amp; Josh Berry Have Great Runs,Frontstretch,2025-10-26T23:00:00Z,3318,54,3,PT4M39S,https://youtube.com/watch?v=1VkIwkAEqPg
24,,2025-03-23,BgTJtLE_M-M,"Todd Gilliland on qualifying at Darlington, being a leader at Front Row and his Ray Fox throwback",Nikolai P. Culp,2025-04-05T19:08:56Z,99,7,0,PT4M21S,https://youtube.com/watch?v=BgTJtLE_M-M
24,,2025-03-23,-FiLN6JeJDw,Todd Gilliland 2025 Loves Diecast Review ,Halo Radiance,2025-12-17T13:04:17Z,43,1,0,PT4M45S,https://youtube.com/watch?v=-FiLN6JeJDw
24,,2025-03-23,Fa2FiWKiiBc,"Todd Gilliland Talks Changes at Front Row, McDowell&#39;s Departure, New Teammates, and More!",Eric Estepp,2025-05-22T16:27:59Z,17254,1085,46,PT8M43S,https://youtube.com/watch?v=Fa2FiWKiiBc
24,,2025-03-23,ZVQo5SYURG0,2025 TODD GILLILAND LOVE&#39;S FORD MUSTANG DIECASTBUFFET NASCAR DIECAST REVIEW 1/64,Diecastbuffet,2026-01-20T21:03:33Z,218,13,8,PT8M30S,https://youtube.com/watch?v=ZVQo5SYURG0
24,,2025-03-23,Q2clHIifaNk,NASCAR 25 - #34 Todd Gilliland (Ford) - Gameplay (PS5 UHD) [4K60FPS],Throneful,2025-10-30T19:00:29Z,648,18,0,PT17M38S,https://youtube.com/watch?v=Q2clHIifaNk
24,,2025-03-23,YRqNFLkuh9Q,Todd Gilliland Crew Chief Chris Lawson on motivating a team in a tough season and what&#39;s next,Sky View Sports Roy J. Akers,2025-07-26T18:42:07Z,68,0,0,PT5M38S,https://youtube.com/watch?v=YRqNFLkuh9Q
24,,2025-03-23,Hgz5ZskUe68,Austin Hill &amp; Richard Childress Remember Kyle Busch After San Diego Win | NASCAR,NASCAR,2026-06-21T02:56:52Z,35090,668,65,PT5M45S,https://youtube.com/watch?v=Hgz5ZskUe68
24,,2025-03-23,X7qxa43I8Bc,The Austin Hill Experience | Why Fans Are Fed Up,The Iceberg,2025-08-11T19:34:01Z,44839,1454,572,PT9M9S,https://youtube.com/watch?v=X7qxa43I8Bc
24,,2025-03-23,-ZSfV1hsFEk,Every Austin Hill win in 2025,Nascar24,2025-12-06T21:00:00Z,193,7,0,PT7M35S,https://youtube.com/watch?v=-ZSfV1hsFEk
24,,2025-03-23,szQF_RtjpI8,RCR Keeps Embarrassing Themselves | Austin Hill Wrecks Aric Almirola REACTION,Eric Estepp,2025-07-27T06:25:16Z,114500,4466,998,PT13M,https://youtube.com/watch?v=szQF_RtjpI8
24,,2025-03-23,qUK_F0SHBhQ,&#39;Daytona has been so good to me&#39; – Austin Hill on his fourth win in five years 😮‍💨 NASCAR on FOX,NASCAR on FOX,2026-02-15T02:10:57Z,6110,94,11,PT7M42S,https://youtube.com/watch?v=qUK_F0SHBhQ
24,,2025-03-23,5yuTjIT2Fuk,Dale Earnhardt Jr. Just Said the UNTHINKABLE About Austin Hill!,NASCAR TODAY,2025-10-24T16:00:13Z,1290,10,3,PT9M41S,https://youtube.com/watch?v=5yuTjIT2Fuk
24,,2025-03-23,tZHbVBdv1bM,NASCAR in PANIC! Shane van Gisbergen LASHES OUT at Austin Hill After BIG ONE Involving 11 Cars,NASCAR Nation Report,2026-06-22T01:10:05Z,4788,129,21,PT9M59S,https://youtube.com/watch?v=tZHbVBdv1bM
24,,2025-03-23,hOJko4r9OLc,Austin Hill Triggers Another Huge Crash | Zilisch Clashes With SVG | REACTION,Eric Estepp,2025-08-10T00:48:45Z,98737,3955,1193,PT16M26S,https://youtube.com/watch?v=hOJko4r9OLc
24,,2025-03-23,PiOELqviAzU,This. Is. Embarrassing. - Part 2 - Austin Hill Edition,Jesse King,2025-07-29T15:52:02Z,23835,708,204,PT7M32S,https://youtube.com/watch?v=PiOELqviAzU
24,,2025-03-23,X8Vr-alosZQ,Richard Childress BREAKS DOWN While Remembering Kyle Busch after Austin Hill Victory!,NASCAR Central,2026-06-21T18:00:09Z,495,16,0,PT10M15S,https://youtube.com/watch?v=X8Vr-alosZQ
24,,2025-03-23,-wS-Co9IJ4A,Last Laps: A Heavyweight Fight in Vegas | 2025 NASCAR Cup Series,NASCAR,2025-10-13T00:50:29Z,80382,675,67,PT7M49S,https://youtube.com/watch?v=-wS-Co9IJ4A
24,,2025-03-23,HomWvKNSSRA,So Close Again: Denny Hamlin Reacts to Another Championship Miss | 2025 NASCAR Cup Series,NASCAR,2025-11-03T01:08:56Z,53500,657,282,PT5M28S,https://youtube.com/watch?v=HomWvKNSSRA
24,,2025-03-23,P3vUj_OERyQ,An Unbelievable End to the 2025 NASCAR Cup Series Season | Final Laps at Phoenix,NASCAR,2025-11-03T00:22:30Z,193455,1899,582,PT6M27S,https://youtube.com/watch?v=P3vUj_OERyQ
24,,2025-03-23,xL5wsAdIWyo,The Final Battle: Hamlin vs. Larson for the Championship | NASCAR,NASCAR,2025-11-03T19:46:49Z,43879,940,104,PT5M46S,https://youtube.com/watch?v=xL5wsAdIWyo
24,,2025-03-23,3LE2_qaU5kg,Denny Hamlin&#39;s Emotional Reaction to 60th Career Win | 2025 NASCAR Cup Series at Las Vegas,NASCAR,2025-10-13T01:20:00Z,56332,1080,145,PT6M45S,https://youtube.com/watch?v=3LE2_qaU5kg
24,,2025-03-23,PVUfltDPjtY,Hamlin vs. Gibbs: Recap and Reaction from New Hampshire | 2025 NASCAR Cup Series,NASCAR,2025-09-21T22:08:03Z,58298,302,122,PT7M40S,https://youtube.com/watch?v=PVUfltDPjtY
24,,2025-03-23,wYcSuMaHC-k,Missing Rings: Denny Hamlin 2025,The Iceberg,2025-11-05T23:21:21Z,18343,798,296,PT11M,https://youtube.com/watch?v=wYcSuMaHC-k
24,,2025-03-23,5b5Qt3VAZrU,2025 NASCAR Cup Series Championship Reaction. THE HEARTBREAK OF ALL-TIME,FireBall Hamlin,2025-11-03T01:11:21Z,12225,275,315,PT17M44S,https://youtube.com/watch?v=5b5Qt3VAZrU
24,,2025-03-23,kykqdL18-OU,Every Denny Hamlin win in 2025,Nascar24,2025-11-16T21:00:52Z,585,13,0,PT7M,https://youtube.com/watch?v=kykqdL18-OU
24,,2025-03-23,l3i3W8QKTsU,WATCH: Denny Hamlin Outduels William Byron at Michigan | 2025 NASCAR FireKeepers Casino 400,NASCAR,2025-06-08T22:19:10Z,16097,224,16,PT8M37S,https://youtube.com/watch?v=l3i3W8QKTsU
24,,2025-03-23,1fYXEvm3to0,Playoff Heartbreak at the Finish | 2025 NASCAR Radioactive from Charlotte,NASCAR,2025-10-07T22:00:04Z,33499,744,51,PT6M2S,https://youtube.com/watch?v=1fYXEvm3to0
24,,2025-03-23,TipP_iG0c74,Ross Chastain Answers the Internet | NASCAR,NASCAR,2025-12-30T21:00:41Z,26259,1310,74,PT5M21S,https://youtube.com/watch?v=TipP_iG0c74
24,,2025-03-23,5DH4F0tdewY,CHASTAIN WINNING INTERVIEW + BYRON POST RACE INTERVIEW - 2025 COCACOLA 600 - 2025 NASCAR CUP SERIES,SportsNewsCentral,2025-06-27T18:45:06Z,238,0,0,PT5M49S,https://youtube.com/watch?v=5DH4F0tdewY
24,,2025-03-23,b49PzC9kVtY,BACKWARD FINISH Decides Final Playoff Spot | 2025 NASCAR Cup Series at Charlotte,NASCAR,2025-10-05T23:13:10Z,54550,332,48,PT8M17S,https://youtube.com/watch?v=b49PzC9kVtY
24,,2025-03-23,1hUYa4asnOs,Dale Earnhardt Jr. Just DESTROYED Ross Chastain on Live TV!,NASCAR TODAY,2025-07-09T20:00:02Z,30755,146,30,PT13M13S,https://youtube.com/watch?v=1hUYa4asnOs
24,,2025-03-23,HI2XOFCFWIA,From the Back to Victory Lane: Ross Chastain’s Wild Drive | 2025 NASCAR Coca-Cola 600,NASCAR,2025-05-26T04:55:59Z,44478,706,72,PT8M41S,https://youtube.com/watch?v=HI2XOFCFWIA
24,,2025-03-23,BV4PsJmXu-Y,Ross Chastain Destroyed by NASCAR After Texas Finish — What the HELL Just Happened?!,NASCAR Insider,2025-05-06T16:00:28Z,4906,46,6,PT6M43S,https://youtube.com/watch?v=BV4PsJmXu-Y
24,,2025-03-23,Yl08L6Y0y3Y,2025 Coca-Cola 600 | NASCAR Official Extended Highlights,NASCAR,2025-05-26T03:36:47Z,460195,5589,360,PT15M41S,https://youtube.com/watch?v=Yl08L6Y0y3Y
24,,2025-03-23,DogYuyhg1F8,NASCAR at Charlotte Motor Speedway May 2025: Ross Chastain post-race,Cup Scene ,2025-05-26T13:07:18Z,1532,47,4,PT12M16S,https://youtube.com/watch?v=DogYuyhg1F8
24,,2025-03-23,VD-F7NgOAPM,Ross Chastain After His Incredible Comeback Win at Charlotte | NASCAR on Prime | Prime Video,Sports On Prime,2025-05-26T17:20:35Z,60324,1177,181,PT13M3S,https://youtube.com/watch?v=VD-F7NgOAPM
24,,2025-03-23,YISsxP9tCUM,Reddit Asks Brad Keselowski WILD Questions | NASCAR,NASCAR,2025-08-21T21:00:30Z,79125,3961,168,PT7M16S,https://youtube.com/watch?v=YISsxP9tCUM
24,,2025-03-23,78NwQZmqxz0,Final Laps: A WILD Bristol Finish | 2025 NASCAR Cup Series,NASCAR,2025-09-14T03:58:50Z,222659,975,130,PT5M12S,https://youtube.com/watch?v=78NwQZmqxz0
24,,2025-03-23,Hq1V6sDUnGs,Extended Highlights | 2025 NASCAR Cup Series from Iowa,NASCAR,2025-08-04T01:34:16Z,175870,2111,137,PT19M55S,https://youtube.com/watch?v=Hq1V6sDUnGs
24,,2025-03-23,hKsNXFB_8V4,NASCAR Cup Series 2025: Pennzoil 400 | EXTENDED HIGHLIGHTS | 3/16/25 | Motorsports on NBC,Motorsports on NBC,2025-03-16T23:54:59Z,150191,2662,143,PT16M46S,https://youtube.com/watch?v=hKsNXFB_8V4
24,,2025-03-23,peOrAd5ipF4,NASCAR Cup Series 2025: EchoPark Automotive GP | EXTENDED HIGHLIGHTS | 3/2/25 | Motorsports on NBC,Motorsports on NBC,2025-03-03T01:01:52Z,109346,1811,140,PT17M15S,https://youtube.com/watch?v=peOrAd5ipF4
24,,2025-03-23,6xDyB0-uLpY,NASCAR Cup Series 2025: Cook Out 400 | EXTENDED HIGHLIGHTS | 3/30/25 | Motorsports on NBC,Motorsports on NBC,2025-03-30T23:01:09Z,110539,1968,115,PT16M27S,https://youtube.com/watch?v=6xDyB0-uLpY
24,,2025-03-23,50X_h1q0LXI,Gateway Turns Up the Playoff Heat | 2025 NASCAR Cup Series Extended Highlights,NASCAR,2025-09-07T23:02:36Z,243284,3618,240,PT18M,https://youtube.com/watch?v=50X_h1q0LXI
24,,2025-03-23,83kRqoa7uHY,Brad Keselowski Injury | Jimmie Johnson Seeking Daytona History | Top 50 Drivers of 2025 Reaction,Eric Estepp,2025-12-22T15:40:01Z,52846,2821,267,PT13M6S,https://youtube.com/watch?v=83kRqoa7uHY
24,,2025-03-23,JpRqXvWF63I,NASCAR Cup Series 2025: All-Star Race | EXTENDED HIGHLIGHTS | 5/18/25 | Motorsports on NBC,Motorsports on NBC,2025-05-19T02:48:07Z,107467,1826,148,PT16M22S,https://youtube.com/watch?v=JpRqXvWF63I
24,,2025-03-23,Le_y1ap2Ct8,&#39;The car drives like s**t&#39; | NASCAR RADIOACTIVE from the 2025 All-Star Race,NASCAR,2025-05-20T21:43:50Z,35032,816,64,PT6M6S,https://youtube.com/watch?v=Le_y1ap2Ct8
25,,2025-03-30,v-kwi-xD40w,Todd Gilliland Clips For Edits All Years By smithdoit,NSCP by smithdoit  (ScenePacks),2025-11-01T21:49:13Z,188,11,2,PT5M50S,https://youtube.com/watch?v=v-kwi-xD40w
25,,2025-03-30,jwrAEeikBt0,How Do NASCAR Drivers Pee? | Todd Gilliland Reveals All,Rated Red,2025-02-12T20:08:32Z,3904,130,12,PT9M13S,https://youtube.com/watch?v=jwrAEeikBt0
25,,2025-03-30,rKBDulrtVGQ,Countdown to Daytona: Todd Gilliland,FOX8 WGHP,2025-02-12T19:42:23Z,182,2,0,PT8M37S,https://youtube.com/watch?v=rKBDulrtVGQ
25,,2025-03-30,1VkIwkAEqPg,Ryan Preece on Having the Best Car at the End; Todd Gilliland &amp; Josh Berry Have Great Runs,Frontstretch,2025-10-26T23:00:00Z,3318,54,3,PT4M39S,https://youtube.com/watch?v=1VkIwkAEqPg
25,,2025-03-30,BgTJtLE_M-M,"Todd Gilliland on qualifying at Darlington, being a leader at Front Row and his Ray Fox throwback",Nikolai P. Culp,2025-04-05T19:08:56Z,99,7,0,PT4M21S,https://youtube.com/watch?v=BgTJtLE_M-M
25,,2025-03-30,-FiLN6JeJDw,Todd Gilliland 2025 Loves Diecast Review ,Halo Radiance,2025-12-17T13:04:17Z,43,1,0,PT4M45S,https://youtube.com/watch?v=-FiLN6JeJDw
25,,2025-03-30,Fa2FiWKiiBc,"Todd Gilliland Talks Changes at Front Row, McDowell&#39;s Departure, New Teammates, and More!",Eric Estepp,2025-05-22T16:27:59Z,17254,1085,46,PT8M43S,https://youtube.com/watch?v=Fa2FiWKiiBc
25,,2025-03-30,ZVQo5SYURG0,2025 TODD GILLILAND LOVE&#39;S FORD MUSTANG DIECASTBUFFET NASCAR DIECAST REVIEW 1/64,Diecastbuffet,2026-01-20T21:03:33Z,218,13,8,PT8M30S,https://youtube.com/watch?v=ZVQo5SYURG0
25,,2025-03-30,Q2clHIifaNk,NASCAR 25 - #34 Todd Gilliland (Ford) - Gameplay (PS5 UHD) [4K60FPS],Throneful,2025-10-30T19:00:29Z,648,18,0,PT17M38S,https://youtube.com/watch?v=Q2clHIifaNk
25,,2025-03-30,YRqNFLkuh9Q,Todd Gilliland Crew Chief Chris Lawson on motivating a team in a tough season and what&#39;s next,Sky View Sports Roy J. Akers,2025-07-26T18:42:07Z,68,0,0,PT5M38S,https://youtube.com/watch?v=YRqNFLkuh9Q
25,,2025-03-30,Hgz5ZskUe68,Austin Hill &amp; Richard Childress Remember Kyle Busch After San Diego Win | NASCAR,NASCAR,2026-06-21T02:56:52Z,35090,668,65,PT5M45S,https://youtube.com/watch?v=Hgz5ZskUe68
25,,2025-03-30,-ZSfV1hsFEk,Every Austin Hill win in 2025,Nascar24,2025-12-06T21:00:00Z,193,7,0,PT7M35S,https://youtube.com/watch?v=-ZSfV1hsFEk
25,,2025-03-30,X7qxa43I8Bc,The Austin Hill Experience | Why Fans Are Fed Up,The Iceberg,2025-08-11T19:34:01Z,44839,1454,572,PT9M9S,https://youtube.com/watch?v=X7qxa43I8Bc
25,,2025-03-30,szQF_RtjpI8,RCR Keeps Embarrassing Themselves | Austin Hill Wrecks Aric Almirola REACTION,Eric Estepp,2025-07-27T06:25:16Z,114500,4466,998,PT13M,https://youtube.com/watch?v=szQF_RtjpI8
25,,2025-03-30,qUK_F0SHBhQ,&#39;Daytona has been so good to me&#39; – Austin Hill on his fourth win in five years 😮‍💨 NASCAR on FOX,NASCAR on FOX,2026-02-15T02:10:57Z,6110,94,11,PT7M42S,https://youtube.com/watch?v=qUK_F0SHBhQ
25,,2025-03-30,5yuTjIT2Fuk,Dale Earnhardt Jr. Just Said the UNTHINKABLE About Austin Hill!,NASCAR TODAY,2025-10-24T16:00:13Z,1290,10,3,PT9M41S,https://youtube.com/watch?v=5yuTjIT2Fuk
25,,2025-03-30,HAZbzV-TYhM,Austin Hill &amp; Jeb Burton post-race interviews from Talladega Superspeedway | NASCAR on FOX,NASCAR on FOX,2025-04-26T23:26:05Z,6621,75,26,PT4M41S,https://youtube.com/watch?v=HAZbzV-TYhM
25,,2025-03-30,hOJko4r9OLc,Austin Hill Triggers Another Huge Crash | Zilisch Clashes With SVG | REACTION,Eric Estepp,2025-08-10T00:48:45Z,98737,3955,1193,PT16M26S,https://youtube.com/watch?v=hOJko4r9OLc
25,,2025-03-30,tZHbVBdv1bM,NASCAR in PANIC! Shane van Gisbergen LASHES OUT at Austin Hill After BIG ONE Involving 11 Cars,NASCAR Nation Report,2026-06-22T01:10:05Z,4788,129,21,PT9M59S,https://youtube.com/watch?v=tZHbVBdv1bM
25,,2025-03-30,PiOELqviAzU,This. Is. Embarrassing. - Part 2 - Austin Hill Edition,Jesse King,2025-07-29T15:52:02Z,23835,708,204,PT7M32S,https://youtube.com/watch?v=PiOELqviAzU
25,,2025-03-30,-wS-Co9IJ4A,Last Laps: A Heavyweight Fight in Vegas | 2025 NASCAR Cup Series,NASCAR,2025-10-13T00:50:29Z,80381,675,67,PT7M49S,https://youtube.com/watch?v=-wS-Co9IJ4A
25,,2025-03-30,P3vUj_OERyQ,An Unbelievable End to the 2025 NASCAR Cup Series Season | Final Laps at Phoenix,NASCAR,2025-11-03T00:22:30Z,193452,1899,582,PT6M27S,https://youtube.com/watch?v=P3vUj_OERyQ
25,,2025-03-30,HomWvKNSSRA,So Close Again: Denny Hamlin Reacts to Another Championship Miss | 2025 NASCAR Cup Series,NASCAR,2025-11-03T01:08:56Z,53500,657,282,PT5M28S,https://youtube.com/watch?v=HomWvKNSSRA
25,,2025-03-30,xL5wsAdIWyo,The Final Battle: Hamlin vs. Larson for the Championship | NASCAR,NASCAR,2025-11-03T19:46:49Z,43879,940,104,PT5M46S,https://youtube.com/watch?v=xL5wsAdIWyo
25,,2025-03-30,3LE2_qaU5kg,Denny Hamlin&#39;s Emotional Reaction to 60th Career Win | 2025 NASCAR Cup Series at Las Vegas,NASCAR,2025-10-13T01:20:00Z,56334,1080,145,PT6M45S,https://youtube.com/watch?v=3LE2_qaU5kg
25,,2025-03-30,wYcSuMaHC-k,Missing Rings: Denny Hamlin 2025,The Iceberg,2025-11-05T23:21:21Z,18343,798,296,PT11M,https://youtube.com/watch?v=wYcSuMaHC-k
25,,2025-03-30,PVUfltDPjtY,Hamlin vs. Gibbs: Recap and Reaction from New Hampshire | 2025 NASCAR Cup Series,NASCAR,2025-09-21T22:08:03Z,58298,302,122,PT7M40S,https://youtube.com/watch?v=PVUfltDPjtY
25,,2025-03-30,l3i3W8QKTsU,WATCH: Denny Hamlin Outduels William Byron at Michigan | 2025 NASCAR FireKeepers Casino 400,NASCAR,2025-06-08T22:19:10Z,16097,224,16,PT8M37S,https://youtube.com/watch?v=l3i3W8QKTsU
25,,2025-03-30,5b5Qt3VAZrU,2025 NASCAR Cup Series Championship Reaction. THE HEARTBREAK OF ALL-TIME,FireBall Hamlin,2025-11-03T01:11:21Z,12226,275,315,PT17M44S,https://youtube.com/watch?v=5b5Qt3VAZrU
25,,2025-03-30,kykqdL18-OU,Every Denny Hamlin win in 2025,Nascar24,2025-11-16T21:00:52Z,585,13,0,PT7M,https://youtube.com/watch?v=kykqdL18-OU
25,,2025-03-30,1fYXEvm3to0,Playoff Heartbreak at the Finish | 2025 NASCAR Radioactive from Charlotte,NASCAR,2025-10-07T22:00:04Z,33496,744,51,PT6M2S,https://youtube.com/watch?v=1fYXEvm3to0
25,,2025-03-30,TipP_iG0c74,Ross Chastain Answers the Internet | NASCAR,NASCAR,2025-12-30T21:00:41Z,26260,1310,74,PT5M21S,https://youtube.com/watch?v=TipP_iG0c74
25,,2025-03-30,5DH4F0tdewY,CHASTAIN WINNING INTERVIEW + BYRON POST RACE INTERVIEW - 2025 COCACOLA 600 - 2025 NASCAR CUP SERIES,SportsNewsCentral,2025-06-27T18:45:06Z,238,0,0,PT5M49S,https://youtube.com/watch?v=5DH4F0tdewY
25,,2025-03-30,b49PzC9kVtY,BACKWARD FINISH Decides Final Playoff Spot | 2025 NASCAR Cup Series at Charlotte,NASCAR,2025-10-05T23:13:10Z,54550,332,48,PT8M17S,https://youtube.com/watch?v=b49PzC9kVtY
25,,2025-03-30,1hUYa4asnOs,Dale Earnhardt Jr. Just DESTROYED Ross Chastain on Live TV!,NASCAR TODAY,2025-07-09T20:00:02Z,30755,146,30,PT13M13S,https://youtube.com/watch?v=1hUYa4asnOs
25,,2025-03-30,HI2XOFCFWIA,From the Back to Victory Lane: Ross Chastain’s Wild Drive | 2025 NASCAR Coca-Cola 600,NASCAR,2025-05-26T04:55:59Z,44478,706,72,PT8M41S,https://youtube.com/watch?v=HI2XOFCFWIA
25,,2025-03-30,BV4PsJmXu-Y,Ross Chastain Destroyed by NASCAR After Texas Finish — What the HELL Just Happened?!,NASCAR Insider,2025-05-06T16:00:28Z,4906,46,6,PT6M43S,https://youtube.com/watch?v=BV4PsJmXu-Y
25,,2025-03-30,Yl08L6Y0y3Y,2025 Coca-Cola 600 | NASCAR Official Extended Highlights,NASCAR,2025-05-26T03:36:47Z,460195,5589,360,PT15M41S,https://youtube.com/watch?v=Yl08L6Y0y3Y
25,,2025-03-30,DogYuyhg1F8,NASCAR at Charlotte Motor Speedway May 2025: Ross Chastain post-race,Cup Scene ,2025-05-26T13:07:18Z,1532,47,4,PT12M16S,https://youtube.com/watch?v=DogYuyhg1F8
25,,2025-03-30,Cp3hlT5hMyE,&#39;He&#39;s a rocket ship&#39; | NASCAR&#39;s RADIOACTIVE from the Coca-Cola 600,NASCAR,2025-05-27T21:06:51Z,57268,1583,91,PT6M36S,https://youtube.com/watch?v=Cp3hlT5hMyE
25,,2025-03-30,YISsxP9tCUM,Reddit Asks Brad Keselowski WILD Questions | NASCAR,NASCAR,2025-08-21T21:00:30Z,79125,3961,168,PT7M16S,https://youtube.com/watch?v=YISsxP9tCUM
25,,2025-03-30,78NwQZmqxz0,Final Laps: A WILD Bristol Finish | 2025 NASCAR Cup Series,NASCAR,2025-09-14T03:58:50Z,222659,975,130,PT5M12S,https://youtube.com/watch?v=78NwQZmqxz0
25,,2025-03-30,Hq1V6sDUnGs,Extended Highlights | 2025 NASCAR Cup Series from Iowa,NASCAR,2025-08-04T01:34:16Z,175871,2111,137,PT19M55S,https://youtube.com/watch?v=Hq1V6sDUnGs
25,,2025-03-30,hKsNXFB_8V4,NASCAR Cup Series 2025: Pennzoil 400 | EXTENDED HIGHLIGHTS | 3/16/25 | Motorsports on NBC,Motorsports on NBC,2025-03-16T23:54:59Z,150191,2662,143,PT16M46S,https://youtube.com/watch?v=hKsNXFB_8V4
25,,2025-03-30,peOrAd5ipF4,NASCAR Cup Series 2025: EchoPark Automotive GP | EXTENDED HIGHLIGHTS | 3/2/25 | Motorsports on NBC,Motorsports on NBC,2025-03-03T01:01:52Z,109346,1811,140,PT17M15S,https://youtube.com/watch?v=peOrAd5ipF4
25,,2025-03-30,6xDyB0-uLpY,NASCAR Cup Series 2025: Cook Out 400 | EXTENDED HIGHLIGHTS | 3/30/25 | Motorsports on NBC,Motorsports on NBC,2025-03-30T23:01:09Z,110539,1968,115,PT16M27S,https://youtube.com/watch?v=6xDyB0-uLpY
25,,2025-03-30,83kRqoa7uHY,Brad Keselowski Injury | Jimmie Johnson Seeking Daytona History | Top 50 Drivers of 2025 Reaction,Eric Estepp,2025-12-22T15:40:01Z,52846,2821,267,PT13M6S,https://youtube.com/watch?v=83kRqoa7uHY
25,,2025-03-30,50X_h1q0LXI,Gateway Turns Up the Playoff Heat | 2025 NASCAR Cup Series Extended Highlights,NASCAR,2025-09-07T23:02:36Z,243284,3618,240,PT18M,https://youtube.com/watch?v=50X_h1q0LXI
25,,2025-03-30,s7AR_q6OqLg,"Tyler Reddick, Michael Jordan, Brad Keselowski &amp; more Post-Race Interviews after Goodyear 400 🏁",NASCAR on FOX,2026-03-22T23:39:19Z,62489,707,92,PT9M10S,https://youtube.com/watch?v=s7AR_q6OqLg
25,,2025-03-30,66xRjFGOZJM,Brad Keselowski BREAKS SILENCE on RFK!,Nascar Speedzone,2026-03-19T16:00:00Z,5918,29,1,PT8M15S,https://youtube.com/watch?v=66xRjFGOZJM
26,,2025-04-06,v-kwi-xD40w,Todd Gilliland Clips For Edits All Years By smithdoit,NSCP by smithdoit  (ScenePacks),2025-11-01T21:49:13Z,188,11,2,PT5M50S,https://youtube.com/watch?v=v-kwi-xD40w
26,,2025-04-06,jwrAEeikBt0,How Do NASCAR Drivers Pee? | Todd Gilliland Reveals All,Rated Red,2025-02-12T20:08:32Z,3904,130,12,PT9M13S,https://youtube.com/watch?v=jwrAEeikBt0
26,,2025-04-06,rKBDulrtVGQ,Countdown to Daytona: Todd Gilliland,FOX8 WGHP,2025-02-12T19:42:23Z,182,2,0,PT8M37S,https://youtube.com/watch?v=rKBDulrtVGQ
26,,2025-04-06,1VkIwkAEqPg,Ryan Preece on Having the Best Car at the End; Todd Gilliland &amp; Josh Berry Have Great Runs,Frontstretch,2025-10-26T23:00:00Z,3318,54,3,PT4M39S,https://youtube.com/watch?v=1VkIwkAEqPg
26,,2025-04-06,BgTJtLE_M-M,"Todd Gilliland on qualifying at Darlington, being a leader at Front Row and his Ray Fox throwback",Nikolai P. Culp,2025-04-05T19:08:56Z,99,7,0,PT4M21S,https://youtube.com/watch?v=BgTJtLE_M-M
26,,2025-04-06,-FiLN6JeJDw,Todd Gilliland 2025 Loves Diecast Review ,Halo Radiance,2025-12-17T13:04:17Z,43,1,0,PT4M45S,https://youtube.com/watch?v=-FiLN6JeJDw
26,,2025-04-06,Fa2FiWKiiBc,"Todd Gilliland Talks Changes at Front Row, McDowell&#39;s Departure, New Teammates, and More!",Eric Estepp,2025-05-22T16:27:59Z,17254,1085,46,PT8M43S,https://youtube.com/watch?v=Fa2FiWKiiBc
26,,2025-04-06,ZVQo5SYURG0,2025 TODD GILLILAND LOVE&#39;S FORD MUSTANG DIECASTBUFFET NASCAR DIECAST REVIEW 1/64,Diecastbuffet,2026-01-20T21:03:33Z,218,13,8,PT8M30S,https://youtube.com/watch?v=ZVQo5SYURG0
26,,2025-04-06,Q2clHIifaNk,NASCAR 25 - #34 Todd Gilliland (Ford) - Gameplay (PS5 UHD) [4K60FPS],Throneful,2025-10-30T19:00:29Z,648,18,0,PT17M38S,https://youtube.com/watch?v=Q2clHIifaNk
26,,2025-04-06,YRqNFLkuh9Q,Todd Gilliland Crew Chief Chris Lawson on motivating a team in a tough season and what&#39;s next,Sky View Sports Roy J. Akers,2025-07-26T18:42:07Z,68,0,0,PT5M38S,https://youtube.com/watch?v=YRqNFLkuh9Q
26,,2025-04-06,Hgz5ZskUe68,Austin Hill &amp; Richard Childress Remember Kyle Busch After San Diego Win | NASCAR,NASCAR,2026-06-21T02:56:52Z,35090,668,65,PT5M45S,https://youtube.com/watch?v=Hgz5ZskUe68
26,,2025-04-06,-ZSfV1hsFEk,Every Austin Hill win in 2025,Nascar24,2025-12-06T21:00:00Z,193,7,0,PT7M35S,https://youtube.com/watch?v=-ZSfV1hsFEk
26,,2025-04-06,X7qxa43I8Bc,The Austin Hill Experience | Why Fans Are Fed Up,The Iceberg,2025-08-11T19:34:01Z,44839,1454,572,PT9M9S,https://youtube.com/watch?v=X7qxa43I8Bc
26,,2025-04-06,szQF_RtjpI8,RCR Keeps Embarrassing Themselves | Austin Hill Wrecks Aric Almirola REACTION,Eric Estepp,2025-07-27T06:25:16Z,114500,4466,998,PT13M,https://youtube.com/watch?v=szQF_RtjpI8
26,,2025-04-06,qUK_F0SHBhQ,&#39;Daytona has been so good to me&#39; – Austin Hill on his fourth win in five years 😮‍💨 NASCAR on FOX,NASCAR on FOX,2026-02-15T02:10:57Z,6110,94,11,PT7M42S,https://youtube.com/watch?v=qUK_F0SHBhQ
26,,2025-04-06,5yuTjIT2Fuk,Dale Earnhardt Jr. Just Said the UNTHINKABLE About Austin Hill!,NASCAR TODAY,2025-10-24T16:00:13Z,1290,10,3,PT9M41S,https://youtube.com/watch?v=5yuTjIT2Fuk
26,,2025-04-06,HAZbzV-TYhM,Austin Hill &amp; Jeb Burton post-race interviews from Talladega Superspeedway | NASCAR on FOX,NASCAR on FOX,2025-04-26T23:26:05Z,6621,75,26,PT4M41S,https://youtube.com/watch?v=HAZbzV-TYhM
26,,2025-04-06,tZHbVBdv1bM,NASCAR in PANIC! Shane van Gisbergen LASHES OUT at Austin Hill After BIG ONE Involving 11 Cars,NASCAR Nation Report,2026-06-22T01:10:05Z,4788,129,21,PT9M59S,https://youtube.com/watch?v=tZHbVBdv1bM
26,,2025-04-06,hOJko4r9OLc,Austin Hill Triggers Another Huge Crash | Zilisch Clashes With SVG | REACTION,Eric Estepp,2025-08-10T00:48:45Z,98737,3955,1193,PT16M26S,https://youtube.com/watch?v=hOJko4r9OLc
26,,2025-04-06,PiOELqviAzU,This. Is. Embarrassing. - Part 2 - Austin Hill Edition,Jesse King,2025-07-29T15:52:02Z,23835,708,204,PT7M32S,https://youtube.com/watch?v=PiOELqviAzU
26,,2025-04-06,P3vUj_OERyQ,An Unbelievable End to the 2025 NASCAR Cup Series Season | Final Laps at Phoenix,NASCAR,2025-11-03T00:22:30Z,193451,1899,582,PT6M27S,https://youtube.com/watch?v=P3vUj_OERyQ
26,,2025-04-06,-wS-Co9IJ4A,Last Laps: A Heavyweight Fight in Vegas | 2025 NASCAR Cup Series,NASCAR,2025-10-13T00:50:29Z,80381,675,67,PT7M49S,https://youtube.com/watch?v=-wS-Co9IJ4A
26,,2025-04-06,3LE2_qaU5kg,Denny Hamlin&#39;s Emotional Reaction to 60th Career Win | 2025 NASCAR Cup Series at Las Vegas,NASCAR,2025-10-13T01:20:00Z,56335,1080,145,PT6M45S,https://youtube.com/watch?v=3LE2_qaU5kg
26,,2025-04-06,HomWvKNSSRA,So Close Again: Denny Hamlin Reacts to Another Championship Miss | 2025 NASCAR Cup Series,NASCAR,2025-11-03T01:08:56Z,53500,657,282,PT5M28S,https://youtube.com/watch?v=HomWvKNSSRA
26,,2025-04-06,xL5wsAdIWyo,The Final Battle: Hamlin vs. Larson for the Championship | NASCAR,NASCAR,2025-11-03T19:46:49Z,43880,940,104,PT5M46S,https://youtube.com/watch?v=xL5wsAdIWyo
26,,2025-04-06,I6eNsDcjol8,2025 NASCAR Cup Series South Point 400 at Las Vegas Recation. DENNY HITS THE JACKPOT!,FireBall Hamlin,2025-10-13T02:05:27Z,2460,110,47,PT10M28S,https://youtube.com/watch?v=I6eNsDcjol8
26,,2025-04-06,l3i3W8QKTsU,WATCH: Denny Hamlin Outduels William Byron at Michigan | 2025 NASCAR FireKeepers Casino 400,NASCAR,2025-06-08T22:19:10Z,16097,224,16,PT8M37S,https://youtube.com/watch?v=l3i3W8QKTsU
26,,2025-04-06,PVUfltDPjtY,Hamlin vs. Gibbs: Recap and Reaction from New Hampshire | 2025 NASCAR Cup Series,NASCAR,2025-09-21T22:08:03Z,58298,302,122,PT7M40S,https://youtube.com/watch?v=PVUfltDPjtY
26,,2025-04-06,5b5Qt3VAZrU,2025 NASCAR Cup Series Championship Reaction. THE HEARTBREAK OF ALL-TIME,FireBall Hamlin,2025-11-03T01:11:21Z,12225,275,315,PT17M44S,https://youtube.com/watch?v=5b5Qt3VAZrU
26,,2025-04-06,wYcSuMaHC-k,Missing Rings: Denny Hamlin 2025,The Iceberg,2025-11-05T23:21:21Z,18343,798,296,PT11M,https://youtube.com/watch?v=wYcSuMaHC-k
26,,2025-04-06,1fYXEvm3to0,Playoff Heartbreak at the Finish | 2025 NASCAR Radioactive from Charlotte,NASCAR,2025-10-07T22:00:04Z,33496,744,51,PT6M2S,https://youtube.com/watch?v=1fYXEvm3to0
26,,2025-04-06,TipP_iG0c74,Ross Chastain Answers the Internet | NASCAR,NASCAR,2025-12-30T21:00:41Z,26260,1310,74,PT5M21S,https://youtube.com/watch?v=TipP_iG0c74
26,,2025-04-06,5DH4F0tdewY,CHASTAIN WINNING INTERVIEW + BYRON POST RACE INTERVIEW - 2025 COCACOLA 600 - 2025 NASCAR CUP SERIES,SportsNewsCentral,2025-06-27T18:45:06Z,238,0,0,PT5M49S,https://youtube.com/watch?v=5DH4F0tdewY
26,,2025-04-06,b49PzC9kVtY,BACKWARD FINISH Decides Final Playoff Spot | 2025 NASCAR Cup Series at Charlotte,NASCAR,2025-10-05T23:13:10Z,54550,332,48,PT8M17S,https://youtube.com/watch?v=b49PzC9kVtY
26,,2025-04-06,1hUYa4asnOs,Dale Earnhardt Jr. Just DESTROYED Ross Chastain on Live TV!,NASCAR TODAY,2025-07-09T20:00:02Z,30755,146,30,PT13M13S,https://youtube.com/watch?v=1hUYa4asnOs
26,,2025-04-06,HI2XOFCFWIA,From the Back to Victory Lane: Ross Chastain’s Wild Drive | 2025 NASCAR Coca-Cola 600,NASCAR,2025-05-26T04:55:59Z,44478,706,72,PT8M41S,https://youtube.com/watch?v=HI2XOFCFWIA
26,,2025-04-06,BV4PsJmXu-Y,Ross Chastain Destroyed by NASCAR After Texas Finish — What the HELL Just Happened?!,NASCAR Insider,2025-05-06T16:00:28Z,4906,46,6,PT6M43S,https://youtube.com/watch?v=BV4PsJmXu-Y
26,,2025-04-06,Yl08L6Y0y3Y,2025 Coca-Cola 600 | NASCAR Official Extended Highlights,NASCAR,2025-05-26T03:36:47Z,460195,5589,360,PT15M41S,https://youtube.com/watch?v=Yl08L6Y0y3Y
26,,2025-04-06,VD-F7NgOAPM,Ross Chastain After His Incredible Comeback Win at Charlotte | NASCAR on Prime | Prime Video,Sports On Prime,2025-05-26T17:20:35Z,60324,1177,181,PT13M3S,https://youtube.com/watch?v=VD-F7NgOAPM
26,,2025-04-06,DogYuyhg1F8,NASCAR at Charlotte Motor Speedway May 2025: Ross Chastain post-race,Cup Scene ,2025-05-26T13:07:18Z,1532,47,4,PT12M16S,https://youtube.com/watch?v=DogYuyhg1F8
26,,2025-04-06,YISsxP9tCUM,Reddit Asks Brad Keselowski WILD Questions | NASCAR,NASCAR,2025-08-21T21:00:30Z,79125,3961,168,PT7M16S,https://youtube.com/watch?v=YISsxP9tCUM
26,,2025-04-06,78NwQZmqxz0,Final Laps: A WILD Bristol Finish | 2025 NASCAR Cup Series,NASCAR,2025-09-14T03:58:50Z,222659,975,130,PT5M12S,https://youtube.com/watch?v=78NwQZmqxz0
26,,2025-04-06,Hq1V6sDUnGs,Extended Highlights | 2025 NASCAR Cup Series from Iowa,NASCAR,2025-08-04T01:34:16Z,175870,2111,137,PT19M55S,https://youtube.com/watch?v=Hq1V6sDUnGs
26,,2025-04-06,hKsNXFB_8V4,NASCAR Cup Series 2025: Pennzoil 400 | EXTENDED HIGHLIGHTS | 3/16/25 | Motorsports on NBC,Motorsports on NBC,2025-03-16T23:54:59Z,150191,2662,143,PT16M46S,https://youtube.com/watch?v=hKsNXFB_8V4
26,,2025-04-06,peOrAd5ipF4,NASCAR Cup Series 2025: EchoPark Automotive GP | EXTENDED HIGHLIGHTS | 3/2/25 | Motorsports on NBC,Motorsports on NBC,2025-03-03T01:01:52Z,109346,1811,140,PT17M15S,https://youtube.com/watch?v=peOrAd5ipF4
26,,2025-04-06,6xDyB0-uLpY,NASCAR Cup Series 2025: Cook Out 400 | EXTENDED HIGHLIGHTS | 3/30/25 | Motorsports on NBC,Motorsports on NBC,2025-03-30T23:01:09Z,110539,1968,115,PT16M27S,https://youtube.com/watch?v=6xDyB0-uLpY
26,,2025-04-06,50X_h1q0LXI,Gateway Turns Up the Playoff Heat | 2025 NASCAR Cup Series Extended Highlights,NASCAR,2025-09-07T23:02:36Z,243284,3618,240,PT18M,https://youtube.com/watch?v=50X_h1q0LXI
26,,2025-04-06,83kRqoa7uHY,Brad Keselowski Injury | Jimmie Johnson Seeking Daytona History | Top 50 Drivers of 2025 Reaction,Eric Estepp,2025-12-22T15:40:01Z,52846,2821,267,PT13M6S,https://youtube.com/watch?v=83kRqoa7uHY
26,,2025-04-06,JpRqXvWF63I,NASCAR Cup Series 2025: All-Star Race | EXTENDED HIGHLIGHTS | 5/18/25 | Motorsports on NBC,Motorsports on NBC,2025-05-19T02:48:07Z,107467,1826,148,PT16M22S,https://youtube.com/watch?v=JpRqXvWF63I
26,,2025-04-06,Le_y1ap2Ct8,&#39;The car drives like s**t&#39; | NASCAR RADIOACTIVE from the 2025 All-Star Race,NASCAR,2025-05-20T21:43:50Z,35032,816,64,PT6M6S,https://youtube.com/watch?v=Le_y1ap2Ct8
27,,2025-04-13,YRqNFLkuh9Q,Todd Gilliland Crew Chief Chris Lawson on motivating a team in a tough season and what&#39;s next,Sky View Sports Roy J. Akers,2025-07-26T18:42:07Z,68,0,0,PT5M38S,https://youtube.com/watch?v=YRqNFLkuh9Q
27,,2025-04-13,pdJ8j2I7NeM,"NASCAR Cup Series drivers reflect on 2025 season, look ahead to 2026 [Motorsports Today]",Motorsports Today,2025-11-07T17:01:34Z,140,5,0,PT13M17S,https://youtube.com/watch?v=pdJ8j2I7NeM
27,,2025-04-13,ZVQo5SYURG0,2025 TODD GILLILAND LOVE&#39;S FORD MUSTANG DIECASTBUFFET NASCAR DIECAST REVIEW 1/64,Diecastbuffet,2026-01-20T21:03:33Z,218,13,8,PT8M30S,https://youtube.com/watch?v=ZVQo5SYURG0
27,,2025-04-13,-FiLN6JeJDw,Todd Gilliland 2025 Loves Diecast Review ,Halo Radiance,2025-12-17T13:04:17Z,43,1,0,PT4M45S,https://youtube.com/watch?v=-FiLN6JeJDw
27,,2025-04-13,rKBDulrtVGQ,Countdown to Daytona: Todd Gilliland,FOX8 WGHP,2025-02-12T19:42:23Z,182,2,0,PT8M37S,https://youtube.com/watch?v=rKBDulrtVGQ
27,,2025-04-13,Fa2FiWKiiBc,"Todd Gilliland Talks Changes at Front Row, McDowell&#39;s Departure, New Teammates, and More!",Eric Estepp,2025-05-22T16:27:59Z,17254,1085,46,PT8M43S,https://youtube.com/watch?v=Fa2FiWKiiBc
27,,2025-04-13,o8g4P690MV0,Front Row Motorsports Struggles in 2025 NASCAR Season - Why Did It Go Wrong?,boytoymichelle,2025-10-14T04:08:16Z,2,0,0,PT6M6S,https://youtube.com/watch?v=o8g4P690MV0
27,,2025-04-13,VjsnnSaIS_c,Todd Gilliland Returning To Front Row Motorsports In 2025,Daniel Kriete,2024-06-05T13:36:02Z,410,26,6,PT8M7S,https://youtube.com/watch?v=VjsnnSaIS_c
27,,2025-04-13,v-kwi-xD40w,Todd Gilliland Clips For Edits All Years By smithdoit,NSCP by smithdoit  (ScenePacks),2025-11-01T21:49:13Z,188,11,2,PT5M50S,https://youtube.com/watch?v=v-kwi-xD40w
27,,2025-04-13,1VkIwkAEqPg,Ryan Preece on Having the Best Car at the End; Todd Gilliland &amp; Josh Berry Have Great Runs,Frontstretch,2025-10-26T23:00:00Z,3318,54,3,PT4M39S,https://youtube.com/watch?v=1VkIwkAEqPg
27,,2025-04-13,Hgz5ZskUe68,Austin Hill &amp; Richard Childress Remember Kyle Busch After San Diego Win | NASCAR,NASCAR,2026-06-21T02:56:52Z,35090,668,65,PT5M45S,https://youtube.com/watch?v=Hgz5ZskUe68
27,,2025-04-13,X7qxa43I8Bc,The Austin Hill Experience | Why Fans Are Fed Up,The Iceberg,2025-08-11T19:34:01Z,44839,1454,572,PT9M9S,https://youtube.com/watch?v=X7qxa43I8Bc
27,,2025-04-13,-ZSfV1hsFEk,Every Austin Hill win in 2025,Nascar24,2025-12-06T21:00:00Z,193,7,0,PT7M35S,https://youtube.com/watch?v=-ZSfV1hsFEk
27,,2025-04-13,szQF_RtjpI8,RCR Keeps Embarrassing Themselves | Austin Hill Wrecks Aric Almirola REACTION,Eric Estepp,2025-07-27T06:25:16Z,114500,4466,998,PT13M,https://youtube.com/watch?v=szQF_RtjpI8
27,,2025-04-13,qUK_F0SHBhQ,&#39;Daytona has been so good to me&#39; – Austin Hill on his fourth win in five years 😮‍💨 NASCAR on FOX,NASCAR on FOX,2026-02-15T02:10:57Z,6110,94,11,PT7M42S,https://youtube.com/watch?v=qUK_F0SHBhQ
27,,2025-04-13,5yuTjIT2Fuk,Dale Earnhardt Jr. Just Said the UNTHINKABLE About Austin Hill!,NASCAR TODAY,2025-10-24T16:00:13Z,1290,10,3,PT9M41S,https://youtube.com/watch?v=5yuTjIT2Fuk
27,,2025-04-13,tZHbVBdv1bM,NASCAR in PANIC! Shane van Gisbergen LASHES OUT at Austin Hill After BIG ONE Involving 11 Cars,NASCAR Nation Report,2026-06-22T01:10:05Z,4788,129,21,PT9M59S,https://youtube.com/watch?v=tZHbVBdv1bM
27,,2025-04-13,hOJko4r9OLc,Austin Hill Triggers Another Huge Crash | Zilisch Clashes With SVG | REACTION,Eric Estepp,2025-08-10T00:48:45Z,98737,3955,1193,PT16M26S,https://youtube.com/watch?v=hOJko4r9OLc
27,,2025-04-13,PiOELqviAzU,This. Is. Embarrassing. - Part 2 - Austin Hill Edition,Jesse King,2025-07-29T15:52:02Z,23835,708,204,PT7M32S,https://youtube.com/watch?v=PiOELqviAzU
27,,2025-04-13,X8Vr-alosZQ,Richard Childress BREAKS DOWN While Remembering Kyle Busch after Austin Hill Victory!,NASCAR Central,2026-06-21T18:00:09Z,495,16,0,PT10M15S,https://youtube.com/watch?v=X8Vr-alosZQ
27,,2025-04-13,-wS-Co9IJ4A,Last Laps: A Heavyweight Fight in Vegas | 2025 NASCAR Cup Series,NASCAR,2025-10-13T00:50:29Z,80381,675,67,PT7M49S,https://youtube.com/watch?v=-wS-Co9IJ4A
27,,2025-04-13,P3vUj_OERyQ,An Unbelievable End to the 2025 NASCAR Cup Series Season | Final Laps at Phoenix,NASCAR,2025-11-03T00:22:30Z,193452,1899,582,PT6M27S,https://youtube.com/watch?v=P3vUj_OERyQ
27,,2025-04-13,HomWvKNSSRA,So Close Again: Denny Hamlin Reacts to Another Championship Miss | 2025 NASCAR Cup Series,NASCAR,2025-11-03T01:08:56Z,53500,657,282,PT5M28S,https://youtube.com/watch?v=HomWvKNSSRA
27,,2025-04-13,xL5wsAdIWyo,The Final Battle: Hamlin vs. Larson for the Championship | NASCAR,NASCAR,2025-11-03T19:46:49Z,43879,940,104,PT5M46S,https://youtube.com/watch?v=xL5wsAdIWyo
27,,2025-04-13,3LE2_qaU5kg,Denny Hamlin&#39;s Emotional Reaction to 60th Career Win | 2025 NASCAR Cup Series at Las Vegas,NASCAR,2025-10-13T01:20:00Z,56334,1080,145,PT6M45S,https://youtube.com/watch?v=3LE2_qaU5kg
27,,2025-04-13,wYcSuMaHC-k,Missing Rings: Denny Hamlin 2025,The Iceberg,2025-11-05T23:21:21Z,18343,798,296,PT11M,https://youtube.com/watch?v=wYcSuMaHC-k
27,,2025-04-13,PVUfltDPjtY,Hamlin vs. Gibbs: Recap and Reaction from New Hampshire | 2025 NASCAR Cup Series,NASCAR,2025-09-21T22:08:03Z,58298,302,122,PT7M40S,https://youtube.com/watch?v=PVUfltDPjtY
27,,2025-04-13,l3i3W8QKTsU,WATCH: Denny Hamlin Outduels William Byron at Michigan | 2025 NASCAR FireKeepers Casino 400,NASCAR,2025-06-08T22:19:10Z,16097,224,16,PT8M37S,https://youtube.com/watch?v=l3i3W8QKTsU
27,,2025-04-13,5b5Qt3VAZrU,2025 NASCAR Cup Series Championship Reaction. THE HEARTBREAK OF ALL-TIME,FireBall Hamlin,2025-11-03T01:11:21Z,12226,275,315,PT17M44S,https://youtube.com/watch?v=5b5Qt3VAZrU
27,,2025-04-13,kykqdL18-OU,Every Denny Hamlin win in 2025,Nascar24,2025-11-16T21:00:52Z,585,13,0,PT7M,https://youtube.com/watch?v=kykqdL18-OU
27,,2025-04-13,1fYXEvm3to0,Playoff Heartbreak at the Finish | 2025 NASCAR Radioactive from Charlotte,NASCAR,2025-10-07T22:00:04Z,33499,744,51,PT6M2S,https://youtube.com/watch?v=1fYXEvm3to0
27,,2025-04-13,TipP_iG0c74,Ross Chastain Answers the Internet | NASCAR,NASCAR,2025-12-30T21:00:41Z,26259,1310,74,PT5M21S,https://youtube.com/watch?v=TipP_iG0c74
27,,2025-04-13,5DH4F0tdewY,CHASTAIN WINNING INTERVIEW + BYRON POST RACE INTERVIEW - 2025 COCACOLA 600 - 2025 NASCAR CUP SERIES,SportsNewsCentral,2025-06-27T18:45:06Z,238,0,0,PT5M49S,https://youtube.com/watch?v=5DH4F0tdewY
27,,2025-04-13,1hUYa4asnOs,Dale Earnhardt Jr. Just DESTROYED Ross Chastain on Live TV!,NASCAR TODAY,2025-07-09T20:00:02Z,30755,146,30,PT13M13S,https://youtube.com/watch?v=1hUYa4asnOs
27,,2025-04-13,NrKCX_9gNYw,Daniel Suárez GOES OFF on Ross Chastain After WILD Vegas Finish!,NASCAR Insider,2026-03-17T16:46:12Z,515,11,7,PT9M52S,https://youtube.com/watch?v=NrKCX_9gNYw
27,,2025-04-13,TqYY4tZXfIE,Why Ross Chastain’s Approach Could Influence the Next Generation,NASCAR TODAY,2025-11-10T18:15:05Z,2081,22,0,PT8M4S,https://youtube.com/watch?v=TqYY4tZXfIE
27,,2025-04-13,b49PzC9kVtY,BACKWARD FINISH Decides Final Playoff Spot | 2025 NASCAR Cup Series at Charlotte,NASCAR,2025-10-05T23:13:10Z,54550,332,48,PT8M17S,https://youtube.com/watch?v=b49PzC9kVtY
27,,2025-04-13,BV4PsJmXu-Y,Ross Chastain Destroyed by NASCAR After Texas Finish — What the HELL Just Happened?!,NASCAR Insider,2025-05-06T16:00:28Z,4906,46,6,PT6M43S,https://youtube.com/watch?v=BV4PsJmXu-Y
27,,2025-04-13,DogYuyhg1F8,NASCAR at Charlotte Motor Speedway May 2025: Ross Chastain post-race,Cup Scene ,2025-05-26T13:07:18Z,1532,47,4,PT12M16S,https://youtube.com/watch?v=DogYuyhg1F8
27,,2025-04-13,VD-F7NgOAPM,Ross Chastain After His Incredible Comeback Win at Charlotte | NASCAR on Prime | Prime Video,Sports On Prime,2025-05-26T17:20:35Z,60324,1177,181,PT13M3S,https://youtube.com/watch?v=VD-F7NgOAPM
27,,2025-04-13,YISsxP9tCUM,Reddit Asks Brad Keselowski WILD Questions | NASCAR,NASCAR,2025-08-21T21:00:30Z,79125,3961,168,PT7M16S,https://youtube.com/watch?v=YISsxP9tCUM
27,,2025-04-13,78NwQZmqxz0,Final Laps: A WILD Bristol Finish | 2025 NASCAR Cup Series,NASCAR,2025-09-14T03:58:50Z,222659,975,130,PT5M12S,https://youtube.com/watch?v=78NwQZmqxz0
27,,2025-04-13,Hq1V6sDUnGs,Extended Highlights | 2025 NASCAR Cup Series from Iowa,NASCAR,2025-08-04T01:34:16Z,175870,2111,137,PT19M55S,https://youtube.com/watch?v=Hq1V6sDUnGs
27,,2025-04-13,hKsNXFB_8V4,NASCAR Cup Series 2025: Pennzoil 400 | EXTENDED HIGHLIGHTS | 3/16/25 | Motorsports on NBC,Motorsports on NBC,2025-03-16T23:54:59Z,150191,2662,143,PT16M46S,https://youtube.com/watch?v=hKsNXFB_8V4
27,,2025-04-13,peOrAd5ipF4,NASCAR Cup Series 2025: EchoPark Automotive GP | EXTENDED HIGHLIGHTS | 3/2/25 | Motorsports on NBC,Motorsports on NBC,2025-03-03T01:01:52Z,109346,1811,140,PT17M15S,https://youtube.com/watch?v=peOrAd5ipF4
27,,2025-04-13,6xDyB0-uLpY,NASCAR Cup Series 2025: Cook Out 400 | EXTENDED HIGHLIGHTS | 3/30/25 | Motorsports on NBC,Motorsports on NBC,2025-03-30T23:01:09Z,110539,1968,115,PT16M27S,https://youtube.com/watch?v=6xDyB0-uLpY
27,,2025-04-13,50X_h1q0LXI,Gateway Turns Up the Playoff Heat | 2025 NASCAR Cup Series Extended Highlights,NASCAR,2025-09-07T23:02:36Z,243284,3618,240,PT18M,https://youtube.com/watch?v=50X_h1q0LXI
27,,2025-04-13,83kRqoa7uHY,Brad Keselowski Injury | Jimmie Johnson Seeking Daytona History | Top 50 Drivers of 2025 Reaction,Eric Estepp,2025-12-22T15:40:01Z,52846,2821,267,PT13M6S,https://youtube.com/watch?v=83kRqoa7uHY
27,,2025-04-13,JpRqXvWF63I,NASCAR Cup Series 2025: All-Star Race | EXTENDED HIGHLIGHTS | 5/18/25 | Motorsports on NBC,Motorsports on NBC,2025-05-19T02:48:07Z,107467,1826,148,PT16M22S,https://youtube.com/watch?v=JpRqXvWF63I
27,,2025-04-13,Le_y1ap2Ct8,&#39;The car drives like s**t&#39; | NASCAR RADIOACTIVE from the 2025 All-Star Race,NASCAR,2025-05-20T21:43:50Z,35032,816,64,PT6M6S,https://youtube.com/watch?v=Le_y1ap2Ct8
28,,2025-04-27,YRqNFLkuh9Q,Todd Gilliland Crew Chief Chris Lawson on motivating a team in a tough season and what&#39;s next,Sky View Sports Roy J. Akers,2025-07-26T18:42:07Z,68,0,0,PT5M38S,https://youtube.com/watch?v=YRqNFLkuh9Q
28,,2025-04-27,1VkIwkAEqPg,Ryan Preece on Having the Best Car at the End; Todd Gilliland &amp; Josh Berry Have Great Runs,Frontstretch,2025-10-26T23:00:00Z,3318,54,3,PT4M39S,https://youtube.com/watch?v=1VkIwkAEqPg
28,,2025-04-27,Ce3gfON46Zk,NASCAR 25 | North Wilkesboro | Ford Mustang Dark Horse R | Front Row Motorsports | Todd Gilliland,PureGameplay Motorsport,2025-12-25T14:00:19Z,501,25,2,PT11M27S,https://youtube.com/watch?v=Ce3gfON46Zk
28,,2025-04-27,Fa2FiWKiiBc,"Todd Gilliland Talks Changes at Front Row, McDowell&#39;s Departure, New Teammates, and More!",Eric Estepp,2025-05-22T16:27:59Z,17254,1085,46,PT8M43S,https://youtube.com/watch?v=Fa2FiWKiiBc
28,,2025-04-27,Q2clHIifaNk,NASCAR 25 - #34 Todd Gilliland (Ford) - Gameplay (PS5 UHD) [4K60FPS],Throneful,2025-10-30T19:00:29Z,648,18,0,PT17M38S,https://youtube.com/watch?v=Q2clHIifaNk
28,,2025-04-27,rKBDulrtVGQ,Countdown to Daytona: Todd Gilliland,FOX8 WGHP,2025-02-12T19:42:23Z,182,2,0,PT8M37S,https://youtube.com/watch?v=rKBDulrtVGQ
28,,2025-04-27,v-kwi-xD40w,Todd Gilliland Clips For Edits All Years By smithdoit,NSCP by smithdoit  (ScenePacks),2025-11-01T21:49:13Z,188,11,2,PT5M50S,https://youtube.com/watch?v=v-kwi-xD40w
28,,2025-04-27,sqN561bgrWg,"High Cup Fury- Bubba Wallace, Who Do You Love /NASCAR drivers Todd Gilliland Crew Chief Chris Lawson",Sky View Sports Roy J. Akers,2025-08-07T09:44:05Z,10,0,0,PT11M2S,https://youtube.com/watch?v=sqN561bgrWg
28,,2025-04-27,BgTJtLE_M-M,"Todd Gilliland on qualifying at Darlington, being a leader at Front Row and his Ray Fox throwback",Nikolai P. Culp,2025-04-05T19:08:56Z,99,7,0,PT4M21S,https://youtube.com/watch?v=BgTJtLE_M-M
28,,2025-04-27,jwrAEeikBt0,How Do NASCAR Drivers Pee? | Todd Gilliland Reveals All,Rated Red,2025-02-12T20:08:32Z,3904,130,12,PT9M13S,https://youtube.com/watch?v=jwrAEeikBt0
28,,2025-04-27,Hgz5ZskUe68,Austin Hill &amp; Richard Childress Remember Kyle Busch After San Diego Win | NASCAR,NASCAR,2026-06-21T02:56:52Z,35090,668,65,PT5M45S,https://youtube.com/watch?v=Hgz5ZskUe68
28,,2025-04-27,-ZSfV1hsFEk,Every Austin Hill win in 2025,Nascar24,2025-12-06T21:00:00Z,193,7,0,PT7M35S,https://youtube.com/watch?v=-ZSfV1hsFEk
28,,2025-04-27,X7qxa43I8Bc,The Austin Hill Experience | Why Fans Are Fed Up,The Iceberg,2025-08-11T19:34:01Z,44839,1454,572,PT9M9S,https://youtube.com/watch?v=X7qxa43I8Bc
28,,2025-04-27,szQF_RtjpI8,RCR Keeps Embarrassing Themselves | Austin Hill Wrecks Aric Almirola REACTION,Eric Estepp,2025-07-27T06:25:16Z,114500,4466,998,PT13M,https://youtube.com/watch?v=szQF_RtjpI8
28,,2025-04-27,qUK_F0SHBhQ,&#39;Daytona has been so good to me&#39; – Austin Hill on his fourth win in five years 😮‍💨 NASCAR on FOX,NASCAR on FOX,2026-02-15T02:10:57Z,6110,94,11,PT7M42S,https://youtube.com/watch?v=qUK_F0SHBhQ
28,,2025-04-27,5yuTjIT2Fuk,Dale Earnhardt Jr. Just Said the UNTHINKABLE About Austin Hill!,NASCAR TODAY,2025-10-24T16:00:13Z,1290,10,3,PT9M41S,https://youtube.com/watch?v=5yuTjIT2Fuk
28,,2025-04-27,HAZbzV-TYhM,Austin Hill &amp; Jeb Burton post-race interviews from Talladega Superspeedway | NASCAR on FOX,NASCAR on FOX,2025-04-26T23:26:05Z,6621,75,26,PT4M41S,https://youtube.com/watch?v=HAZbzV-TYhM
28,,2025-04-27,tZHbVBdv1bM,NASCAR in PANIC! Shane van Gisbergen LASHES OUT at Austin Hill After BIG ONE Involving 11 Cars,NASCAR Nation Report,2026-06-22T01:10:05Z,4788,129,21,PT9M59S,https://youtube.com/watch?v=tZHbVBdv1bM
28,,2025-04-27,hOJko4r9OLc,Austin Hill Triggers Another Huge Crash | Zilisch Clashes With SVG | REACTION,Eric Estepp,2025-08-10T00:48:45Z,98737,3955,1193,PT16M26S,https://youtube.com/watch?v=hOJko4r9OLc
28,,2025-04-27,PiOELqviAzU,This. Is. Embarrassing. - Part 2 - Austin Hill Edition,Jesse King,2025-07-29T15:52:02Z,23835,708,204,PT7M32S,https://youtube.com/watch?v=PiOELqviAzU
28,,2025-04-27,-wS-Co9IJ4A,Last Laps: A Heavyweight Fight in Vegas | 2025 NASCAR Cup Series,NASCAR,2025-10-13T00:50:29Z,80381,675,67,PT7M49S,https://youtube.com/watch?v=-wS-Co9IJ4A
28,,2025-04-27,P3vUj_OERyQ,An Unbelievable End to the 2025 NASCAR Cup Series Season | Final Laps at Phoenix,NASCAR,2025-11-03T00:22:30Z,193452,1899,582,PT6M27S,https://youtube.com/watch?v=P3vUj_OERyQ
28,,2025-04-27,HomWvKNSSRA,So Close Again: Denny Hamlin Reacts to Another Championship Miss | 2025 NASCAR Cup Series,NASCAR,2025-11-03T01:08:56Z,53500,657,282,PT5M28S,https://youtube.com/watch?v=HomWvKNSSRA
28,,2025-04-27,xL5wsAdIWyo,The Final Battle: Hamlin vs. Larson for the Championship | NASCAR,NASCAR,2025-11-03T19:46:49Z,43879,940,104,PT5M46S,https://youtube.com/watch?v=xL5wsAdIWyo
28,,2025-04-27,3LE2_qaU5kg,Denny Hamlin&#39;s Emotional Reaction to 60th Career Win | 2025 NASCAR Cup Series at Las Vegas,NASCAR,2025-10-13T01:20:00Z,56334,1080,145,PT6M45S,https://youtube.com/watch?v=3LE2_qaU5kg
28,,2025-04-27,wYcSuMaHC-k,Missing Rings: Denny Hamlin 2025,The Iceberg,2025-11-05T23:21:21Z,18343,798,296,PT11M,https://youtube.com/watch?v=wYcSuMaHC-k
28,,2025-04-27,PVUfltDPjtY,Hamlin vs. Gibbs: Recap and Reaction from New Hampshire | 2025 NASCAR Cup Series,NASCAR,2025-09-21T22:08:03Z,58298,302,122,PT7M40S,https://youtube.com/watch?v=PVUfltDPjtY
28,,2025-04-27,l3i3W8QKTsU,WATCH: Denny Hamlin Outduels William Byron at Michigan | 2025 NASCAR FireKeepers Casino 400,NASCAR,2025-06-08T22:19:10Z,16097,224,16,PT8M37S,https://youtube.com/watch?v=l3i3W8QKTsU
28,,2025-04-27,5b5Qt3VAZrU,2025 NASCAR Cup Series Championship Reaction. THE HEARTBREAK OF ALL-TIME,FireBall Hamlin,2025-11-03T01:11:21Z,12226,275,315,PT17M44S,https://youtube.com/watch?v=5b5Qt3VAZrU
28,,2025-04-27,kykqdL18-OU,Every Denny Hamlin win in 2025,Nascar24,2025-11-16T21:00:52Z,585,13,0,PT7M,https://youtube.com/watch?v=kykqdL18-OU
28,,2025-04-27,1fYXEvm3to0,Playoff Heartbreak at the Finish | 2025 NASCAR Radioactive from Charlotte,NASCAR,2025-10-07T22:00:04Z,33497,744,51,PT6M2S,https://youtube.com/watch?v=1fYXEvm3to0
28,,2025-04-27,TipP_iG0c74,Ross Chastain Answers the Internet | NASCAR,NASCAR,2025-12-30T21:00:41Z,26259,1310,74,PT5M21S,https://youtube.com/watch?v=TipP_iG0c74
28,,2025-04-27,5DH4F0tdewY,CHASTAIN WINNING INTERVIEW + BYRON POST RACE INTERVIEW - 2025 COCACOLA 600 - 2025 NASCAR CUP SERIES,SportsNewsCentral,2025-06-27T18:45:06Z,238,0,0,PT5M49S,https://youtube.com/watch?v=5DH4F0tdewY
28,,2025-04-27,b49PzC9kVtY,BACKWARD FINISH Decides Final Playoff Spot | 2025 NASCAR Cup Series at Charlotte,NASCAR,2025-10-05T23:13:10Z,54550,332,48,PT8M17S,https://youtube.com/watch?v=b49PzC9kVtY
28,,2025-04-27,1hUYa4asnOs,Dale Earnhardt Jr. Just DESTROYED Ross Chastain on Live TV!,NASCAR TODAY,2025-07-09T20:00:02Z,30755,146,30,PT13M13S,https://youtube.com/watch?v=1hUYa4asnOs
28,,2025-04-27,TqYY4tZXfIE,Why Ross Chastain’s Approach Could Influence the Next Generation,NASCAR TODAY,2025-11-10T18:15:05Z,2081,22,0,PT8M4S,https://youtube.com/watch?v=TqYY4tZXfIE
28,,2025-04-27,HI2XOFCFWIA,From the Back to Victory Lane: Ross Chastain’s Wild Drive | 2025 NASCAR Coca-Cola 600,NASCAR,2025-05-26T04:55:59Z,44478,706,72,PT8M41S,https://youtube.com/watch?v=HI2XOFCFWIA
28,,2025-04-27,BV4PsJmXu-Y,Ross Chastain Destroyed by NASCAR After Texas Finish — What the HELL Just Happened?!,NASCAR Insider,2025-05-06T16:00:28Z,4906,46,6,PT6M43S,https://youtube.com/watch?v=BV4PsJmXu-Y
28,,2025-04-27,NrKCX_9gNYw,Daniel Suárez GOES OFF on Ross Chastain After WILD Vegas Finish!,NASCAR Insider,2026-03-17T16:46:12Z,515,11,7,PT9M52S,https://youtube.com/watch?v=NrKCX_9gNYw
28,,2025-04-27,Yl08L6Y0y3Y,2025 Coca-Cola 600 | NASCAR Official Extended Highlights,NASCAR,2025-05-26T03:36:47Z,460194,5589,360,PT15M41S,https://youtube.com/watch?v=Yl08L6Y0y3Y
28,,2025-04-27,YISsxP9tCUM,Reddit Asks Brad Keselowski WILD Questions | NASCAR,NASCAR,2025-08-21T21:00:30Z,79125,3961,168,PT7M16S,https://youtube.com/watch?v=YISsxP9tCUM
28,,2025-04-27,78NwQZmqxz0,Final Laps: A WILD Bristol Finish | 2025 NASCAR Cup Series,NASCAR,2025-09-14T03:58:50Z,222659,975,130,PT5M12S,https://youtube.com/watch?v=78NwQZmqxz0
28,,2025-04-27,Hq1V6sDUnGs,Extended Highlights | 2025 NASCAR Cup Series from Iowa,NASCAR,2025-08-04T01:34:16Z,175870,2111,137,PT19M55S,https://youtube.com/watch?v=Hq1V6sDUnGs
28,,2025-04-27,hKsNXFB_8V4,NASCAR Cup Series 2025: Pennzoil 400 | EXTENDED HIGHLIGHTS | 3/16/25 | Motorsports on NBC,Motorsports on NBC,2025-03-16T23:54:59Z,150191,2662,143,PT16M46S,https://youtube.com/watch?v=hKsNXFB_8V4
28,,2025-04-27,peOrAd5ipF4,NASCAR Cup Series 2025: EchoPark Automotive GP | EXTENDED HIGHLIGHTS | 3/2/25 | Motorsports on NBC,Motorsports on NBC,2025-03-03T01:01:52Z,109346,1811,140,PT17M15S,https://youtube.com/watch?v=peOrAd5ipF4
28,,2025-04-27,6xDyB0-uLpY,NASCAR Cup Series 2025: Cook Out 400 | EXTENDED HIGHLIGHTS | 3/30/25 | Motorsports on NBC,Motorsports on NBC,2025-03-30T23:01:09Z,110539,1968,115,PT16M27S,https://youtube.com/watch?v=6xDyB0-uLpY
28,,2025-04-27,50X_h1q0LXI,Gateway Turns Up the Playoff Heat | 2025 NASCAR Cup Series Extended Highlights,NASCAR,2025-09-07T23:02:36Z,243284,3618,240,PT18M,https://youtube.com/watch?v=50X_h1q0LXI
28,,2025-04-27,83kRqoa7uHY,Brad Keselowski Injury | Jimmie Johnson Seeking Daytona History | Top 50 Drivers of 2025 Reaction,Eric Estepp,2025-12-22T15:40:01Z,52846,2821,267,PT13M6S,https://youtube.com/watch?v=83kRqoa7uHY
28,,2025-04-27,JpRqXvWF63I,NASCAR Cup Series 2025: All-Star Race | EXTENDED HIGHLIGHTS | 5/18/25 | Motorsports on NBC,Motorsports on NBC,2025-05-19T02:48:07Z,107467,1826,148,PT16M22S,https://youtube.com/watch?v=JpRqXvWF63I
28,,2025-04-27,Le_y1ap2Ct8,&#39;The car drives like s**t&#39; | NASCAR RADIOACTIVE from the 2025 All-Star Race,NASCAR,2025-05-20T21:43:50Z,35032,816,64,PT6M6S,https://youtube.com/watch?v=Le_y1ap2Ct8
29,,2025-05-04,v-kwi-xD40w,Todd Gilliland Clips For Edits All Years By smithdoit,NSCP by smithdoit  (ScenePacks),2025-11-01T21:49:13Z,188,11,2,PT5M50S,https://youtube.com/watch?v=v-kwi-xD40w
29,,2025-05-04,jwrAEeikBt0,How Do NASCAR Drivers Pee? | Todd Gilliland Reveals All,Rated Red,2025-02-12T20:08:32Z,3904,130,12,PT9M13S,https://youtube.com/watch?v=jwrAEeikBt0
29,,2025-05-04,rKBDulrtVGQ,Countdown to Daytona: Todd Gilliland,FOX8 WGHP,2025-02-12T19:42:23Z,182,2,0,PT8M37S,https://youtube.com/watch?v=rKBDulrtVGQ
29,,2025-05-04,1VkIwkAEqPg,Ryan Preece on Having the Best Car at the End; Todd Gilliland &amp; Josh Berry Have Great Runs,Frontstretch,2025-10-26T23:00:00Z,3318,54,3,PT4M39S,https://youtube.com/watch?v=1VkIwkAEqPg
29,,2025-05-04,BgTJtLE_M-M,"Todd Gilliland on qualifying at Darlington, being a leader at Front Row and his Ray Fox throwback",Nikolai P. Culp,2025-04-05T19:08:56Z,99,7,0,PT4M21S,https://youtube.com/watch?v=BgTJtLE_M-M
29,,2025-05-04,-FiLN6JeJDw,Todd Gilliland 2025 Loves Diecast Review ,Halo Radiance,2025-12-17T13:04:17Z,43,1,0,PT4M45S,https://youtube.com/watch?v=-FiLN6JeJDw
29,,2025-05-04,Fa2FiWKiiBc,"Todd Gilliland Talks Changes at Front Row, McDowell&#39;s Departure, New Teammates, and More!",Eric Estepp,2025-05-22T16:27:59Z,17254,1085,46,PT8M43S,https://youtube.com/watch?v=Fa2FiWKiiBc
29,,2025-05-04,ZVQo5SYURG0,2025 TODD GILLILAND LOVE&#39;S FORD MUSTANG DIECASTBUFFET NASCAR DIECAST REVIEW 1/64,Diecastbuffet,2026-01-20T21:03:33Z,218,13,8,PT8M30S,https://youtube.com/watch?v=ZVQo5SYURG0
29,,2025-05-04,Q2clHIifaNk,NASCAR 25 - #34 Todd Gilliland (Ford) - Gameplay (PS5 UHD) [4K60FPS],Throneful,2025-10-30T19:00:29Z,648,18,0,PT17M38S,https://youtube.com/watch?v=Q2clHIifaNk
29,,2025-05-04,YRqNFLkuh9Q,Todd Gilliland Crew Chief Chris Lawson on motivating a team in a tough season and what&#39;s next,Sky View Sports Roy J. Akers,2025-07-26T18:42:07Z,68,0,0,PT5M38S,https://youtube.com/watch?v=YRqNFLkuh9Q
29,,2025-05-04,Hgz5ZskUe68,Austin Hill &amp; Richard Childress Remember Kyle Busch After San Diego Win | NASCAR,NASCAR,2026-06-21T02:56:52Z,35090,668,65,PT5M45S,https://youtube.com/watch?v=Hgz5ZskUe68
29,,2025-05-04,-ZSfV1hsFEk,Every Austin Hill win in 2025,Nascar24,2025-12-06T21:00:00Z,193,7,0,PT7M35S,https://youtube.com/watch?v=-ZSfV1hsFEk
29,,2025-05-04,X7qxa43I8Bc,The Austin Hill Experience | Why Fans Are Fed Up,The Iceberg,2025-08-11T19:34:01Z,44839,1454,572,PT9M9S,https://youtube.com/watch?v=X7qxa43I8Bc
29,,2025-05-04,szQF_RtjpI8,RCR Keeps Embarrassing Themselves | Austin Hill Wrecks Aric Almirola REACTION,Eric Estepp,2025-07-27T06:25:16Z,114500,4466,998,PT13M,https://youtube.com/watch?v=szQF_RtjpI8
29,,2025-05-04,qUK_F0SHBhQ,&#39;Daytona has been so good to me&#39; – Austin Hill on his fourth win in five years 😮‍💨 NASCAR on FOX,NASCAR on FOX,2026-02-15T02:10:57Z,6110,94,11,PT7M42S,https://youtube.com/watch?v=qUK_F0SHBhQ
29,,2025-05-04,5yuTjIT2Fuk,Dale Earnhardt Jr. Just Said the UNTHINKABLE About Austin Hill!,NASCAR TODAY,2025-10-24T16:00:13Z,1290,10,3,PT9M41S,https://youtube.com/watch?v=5yuTjIT2Fuk
29,,2025-05-04,HAZbzV-TYhM,Austin Hill &amp; Jeb Burton post-race interviews from Talladega Superspeedway | NASCAR on FOX,NASCAR on FOX,2025-04-26T23:26:05Z,6621,75,26,PT4M41S,https://youtube.com/watch?v=HAZbzV-TYhM
29,,2025-05-04,tZHbVBdv1bM,NASCAR in PANIC! Shane van Gisbergen LASHES OUT at Austin Hill After BIG ONE Involving 11 Cars,NASCAR Nation Report,2026-06-22T01:10:05Z,4788,129,21,PT9M59S,https://youtube.com/watch?v=tZHbVBdv1bM
29,,2025-05-04,hOJko4r9OLc,Austin Hill Triggers Another Huge Crash | Zilisch Clashes With SVG | REACTION,Eric Estepp,2025-08-10T00:48:45Z,98737,3955,1193,PT16M26S,https://youtube.com/watch?v=hOJko4r9OLc
29,,2025-05-04,PiOELqviAzU,This. Is. Embarrassing. - Part 2 - Austin Hill Edition,Jesse King,2025-07-29T15:52:02Z,23835,708,204,PT7M32S,https://youtube.com/watch?v=PiOELqviAzU
29,,2025-05-04,-wS-Co9IJ4A,Last Laps: A Heavyweight Fight in Vegas | 2025 NASCAR Cup Series,NASCAR,2025-10-13T00:50:29Z,80381,675,67,PT7M49S,https://youtube.com/watch?v=-wS-Co9IJ4A
29,,2025-05-04,P3vUj_OERyQ,An Unbelievable End to the 2025 NASCAR Cup Series Season | Final Laps at Phoenix,NASCAR,2025-11-03T00:22:30Z,193451,1899,582,PT6M27S,https://youtube.com/watch?v=P3vUj_OERyQ
29,,2025-05-04,HomWvKNSSRA,So Close Again: Denny Hamlin Reacts to Another Championship Miss | 2025 NASCAR Cup Series,NASCAR,2025-11-03T01:08:56Z,53500,657,282,PT5M28S,https://youtube.com/watch?v=HomWvKNSSRA
29,,2025-05-04,wYcSuMaHC-k,Missing Rings: Denny Hamlin 2025,The Iceberg,2025-11-05T23:21:21Z,18343,798,296,PT11M,https://youtube.com/watch?v=wYcSuMaHC-k
29,,2025-05-04,5b5Qt3VAZrU,2025 NASCAR Cup Series Championship Reaction. THE HEARTBREAK OF ALL-TIME,FireBall Hamlin,2025-11-03T01:11:21Z,12225,275,315,PT17M44S,https://youtube.com/watch?v=5b5Qt3VAZrU
29,,2025-05-04,xL5wsAdIWyo,The Final Battle: Hamlin vs. Larson for the Championship | NASCAR,NASCAR,2025-11-03T19:46:49Z,43880,940,104,PT5M46S,https://youtube.com/watch?v=xL5wsAdIWyo
29,,2025-05-04,3LE2_qaU5kg,Denny Hamlin&#39;s Emotional Reaction to 60th Career Win | 2025 NASCAR Cup Series at Las Vegas,NASCAR,2025-10-13T01:20:00Z,56335,1080,145,PT6M45S,https://youtube.com/watch?v=3LE2_qaU5kg
29,,2025-05-04,I6eNsDcjol8,2025 NASCAR Cup Series South Point 400 at Las Vegas Recation. DENNY HITS THE JACKPOT!,FireBall Hamlin,2025-10-13T02:05:27Z,2460,110,47,PT10M28S,https://youtube.com/watch?v=I6eNsDcjol8
29,,2025-05-04,LPyxcH8aTgs,Hard Feelings in the Heartland | 2025 NASCAR Radioactive from Kansas,NASCAR,2025-09-30T21:46:58Z,74130,1479,89,PT6M33S,https://youtube.com/watch?v=LPyxcH8aTgs
29,,2025-05-04,kykqdL18-OU,Every Denny Hamlin win in 2025,Nascar24,2025-11-16T21:00:52Z,585,13,0,PT7M,https://youtube.com/watch?v=kykqdL18-OU
29,,2025-05-04,1fYXEvm3to0,Playoff Heartbreak at the Finish | 2025 NASCAR Radioactive from Charlotte,NASCAR,2025-10-07T22:00:04Z,33497,744,51,PT6M2S,https://youtube.com/watch?v=1fYXEvm3to0
29,,2025-05-04,TipP_iG0c74,Ross Chastain Answers the Internet | NASCAR,NASCAR,2025-12-30T21:00:41Z,26259,1310,74,PT5M21S,https://youtube.com/watch?v=TipP_iG0c74
29,,2025-05-04,5DH4F0tdewY,CHASTAIN WINNING INTERVIEW + BYRON POST RACE INTERVIEW - 2025 COCACOLA 600 - 2025 NASCAR CUP SERIES,SportsNewsCentral,2025-06-27T18:45:06Z,238,0,0,PT5M49S,https://youtube.com/watch?v=5DH4F0tdewY
29,,2025-05-04,b49PzC9kVtY,BACKWARD FINISH Decides Final Playoff Spot | 2025 NASCAR Cup Series at Charlotte,NASCAR,2025-10-05T23:13:10Z,54550,332,48,PT8M17S,https://youtube.com/watch?v=b49PzC9kVtY
29,,2025-05-04,1hUYa4asnOs,Dale Earnhardt Jr. Just DESTROYED Ross Chastain on Live TV!,NASCAR TODAY,2025-07-09T20:00:02Z,30755,146,30,PT13M13S,https://youtube.com/watch?v=1hUYa4asnOs
29,,2025-05-04,TqYY4tZXfIE,Why Ross Chastain’s Approach Could Influence the Next Generation,NASCAR TODAY,2025-11-10T18:15:05Z,2081,22,0,PT8M4S,https://youtube.com/watch?v=TqYY4tZXfIE
29,,2025-05-04,HI2XOFCFWIA,From the Back to Victory Lane: Ross Chastain’s Wild Drive | 2025 NASCAR Coca-Cola 600,NASCAR,2025-05-26T04:55:59Z,44478,706,72,PT8M41S,https://youtube.com/watch?v=HI2XOFCFWIA
29,,2025-05-04,BV4PsJmXu-Y,Ross Chastain Destroyed by NASCAR After Texas Finish — What the HELL Just Happened?!,NASCAR Insider,2025-05-06T16:00:28Z,4906,46,6,PT6M43S,https://youtube.com/watch?v=BV4PsJmXu-Y
29,,2025-05-04,NrKCX_9gNYw,Daniel Suárez GOES OFF on Ross Chastain After WILD Vegas Finish!,NASCAR Insider,2026-03-17T16:46:12Z,515,11,7,PT9M52S,https://youtube.com/watch?v=NrKCX_9gNYw
29,,2025-05-04,Yl08L6Y0y3Y,2025 Coca-Cola 600 | NASCAR Official Extended Highlights,NASCAR,2025-05-26T03:36:47Z,460194,5589,360,PT15M41S,https://youtube.com/watch?v=Yl08L6Y0y3Y
29,,2025-05-04,YISsxP9tCUM,Reddit Asks Brad Keselowski WILD Questions | NASCAR,NASCAR,2025-08-21T21:00:30Z,79125,3961,168,PT7M16S,https://youtube.com/watch?v=YISsxP9tCUM
29,,2025-05-04,78NwQZmqxz0,Final Laps: A WILD Bristol Finish | 2025 NASCAR Cup Series,NASCAR,2025-09-14T03:58:50Z,222659,975,130,PT5M12S,https://youtube.com/watch?v=78NwQZmqxz0
29,,2025-05-04,Hq1V6sDUnGs,Extended Highlights | 2025 NASCAR Cup Series from Iowa,NASCAR,2025-08-04T01:34:16Z,175870,2111,137,PT19M55S,https://youtube.com/watch?v=Hq1V6sDUnGs
29,,2025-05-04,hKsNXFB_8V4,NASCAR Cup Series 2025: Pennzoil 400 | EXTENDED HIGHLIGHTS | 3/16/25 | Motorsports on NBC,Motorsports on NBC,2025-03-16T23:54:59Z,150191,2662,143,PT16M46S,https://youtube.com/watch?v=hKsNXFB_8V4
29,,2025-05-04,peOrAd5ipF4,NASCAR Cup Series 2025: EchoPark Automotive GP | EXTENDED HIGHLIGHTS | 3/2/25 | Motorsports on NBC,Motorsports on NBC,2025-03-03T01:01:52Z,109346,1811,140,PT17M15S,https://youtube.com/watch?v=peOrAd5ipF4
29,,2025-05-04,6xDyB0-uLpY,NASCAR Cup Series 2025: Cook Out 400 | EXTENDED HIGHLIGHTS | 3/30/25 | Motorsports on NBC,Motorsports on NBC,2025-03-30T23:01:09Z,110539,1968,115,PT16M27S,https://youtube.com/watch?v=6xDyB0-uLpY
29,,2025-05-04,50X_h1q0LXI,Gateway Turns Up the Playoff Heat | 2025 NASCAR Cup Series Extended Highlights,NASCAR,2025-09-07T23:02:36Z,243284,3618,240,PT18M,https://youtube.com/watch?v=50X_h1q0LXI
29,,2025-05-04,83kRqoa7uHY,Brad Keselowski Injury | Jimmie Johnson Seeking Daytona History | Top 50 Drivers of 2025 Reaction,Eric Estepp,2025-12-22T15:40:01Z,52846,2821,267,PT13M6S,https://youtube.com/watch?v=83kRqoa7uHY
29,,2025-05-04,JpRqXvWF63I,NASCAR Cup Series 2025: All-Star Race | EXTENDED HIGHLIGHTS | 5/18/25 | Motorsports on NBC,Motorsports on NBC,2025-05-19T02:48:07Z,107467,1826,148,PT16M22S,https://youtube.com/watch?v=JpRqXvWF63I
29,,2025-05-04,Le_y1ap2Ct8,&#39;The car drives like s**t&#39; | NASCAR RADIOACTIVE from the 2025 All-Star Race,NASCAR,2025-05-20T21:43:50Z,35032,816,64,PT6M6S,https://youtube.com/watch?v=Le_y1ap2Ct8
30,,2025-05-11,v-kwi-xD40w,Todd Gilliland Clips For Edits All Years By smithdoit,NSCP by smithdoit  (ScenePacks),2025-11-01T21:49:13Z,188,11,2,PT5M50S,https://youtube.com/watch?v=v-kwi-xD40w
30,,2025-05-11,jwrAEeikBt0,How Do NASCAR Drivers Pee? | Todd Gilliland Reveals All,Rated Red,2025-02-12T20:08:32Z,3904,130,12,PT9M13S,https://youtube.com/watch?v=jwrAEeikBt0
30,,2025-05-11,rKBDulrtVGQ,Countdown to Daytona: Todd Gilliland,FOX8 WGHP,2025-02-12T19:42:23Z,182,2,0,PT8M37S,https://youtube.com/watch?v=rKBDulrtVGQ
30,,2025-05-11,1VkIwkAEqPg,Ryan Preece on Having the Best Car at the End; Todd Gilliland &amp; Josh Berry Have Great Runs,Frontstretch,2025-10-26T23:00:00Z,3318,54,3,PT4M39S,https://youtube.com/watch?v=1VkIwkAEqPg
30,,2025-05-11,BgTJtLE_M-M,"Todd Gilliland on qualifying at Darlington, being a leader at Front Row and his Ray Fox throwback",Nikolai P. Culp,2025-04-05T19:08:56Z,99,7,0,PT4M21S,https://youtube.com/watch?v=BgTJtLE_M-M
30,,2025-05-11,-FiLN6JeJDw,Todd Gilliland 2025 Loves Diecast Review ,Halo Radiance,2025-12-17T13:04:17Z,43,1,0,PT4M45S,https://youtube.com/watch?v=-FiLN6JeJDw
30,,2025-05-11,Fa2FiWKiiBc,"Todd Gilliland Talks Changes at Front Row, McDowell&#39;s Departure, New Teammates, and More!",Eric Estepp,2025-05-22T16:27:59Z,17254,1085,46,PT8M43S,https://youtube.com/watch?v=Fa2FiWKiiBc
30,,2025-05-11,ZVQo5SYURG0,2025 TODD GILLILAND LOVE&#39;S FORD MUSTANG DIECASTBUFFET NASCAR DIECAST REVIEW 1/64,Diecastbuffet,2026-01-20T21:03:33Z,218,13,8,PT8M30S,https://youtube.com/watch?v=ZVQo5SYURG0
30,,2025-05-11,Q2clHIifaNk,NASCAR 25 - #34 Todd Gilliland (Ford) - Gameplay (PS5 UHD) [4K60FPS],Throneful,2025-10-30T19:00:29Z,648,18,0,PT17M38S,https://youtube.com/watch?v=Q2clHIifaNk
30,,2025-05-11,YRqNFLkuh9Q,Todd Gilliland Crew Chief Chris Lawson on motivating a team in a tough season and what&#39;s next,Sky View Sports Roy J. Akers,2025-07-26T18:42:07Z,68,0,0,PT5M38S,https://youtube.com/watch?v=YRqNFLkuh9Q
30,,2025-05-11,Hgz5ZskUe68,Austin Hill &amp; Richard Childress Remember Kyle Busch After San Diego Win | NASCAR,NASCAR,2026-06-21T02:56:52Z,35090,668,65,PT5M45S,https://youtube.com/watch?v=Hgz5ZskUe68
30,,2025-05-11,X7qxa43I8Bc,The Austin Hill Experience | Why Fans Are Fed Up,The Iceberg,2025-08-11T19:34:01Z,44839,1454,572,PT9M9S,https://youtube.com/watch?v=X7qxa43I8Bc
30,,2025-05-11,-ZSfV1hsFEk,Every Austin Hill win in 2025,Nascar24,2025-12-06T21:00:00Z,193,7,0,PT7M35S,https://youtube.com/watch?v=-ZSfV1hsFEk
30,,2025-05-11,szQF_RtjpI8,RCR Keeps Embarrassing Themselves | Austin Hill Wrecks Aric Almirola REACTION,Eric Estepp,2025-07-27T06:25:16Z,114500,4466,998,PT13M,https://youtube.com/watch?v=szQF_RtjpI8
30,,2025-05-11,tMQ73hmRziQ,NASCAR at the Autodromo Hermanos Rodriguez June 2025: Austin Hill pre-race,Cup Scene ,2025-06-13T17:24:55Z,140,6,0,PT10M7S,https://youtube.com/watch?v=tMQ73hmRziQ
30,,2025-05-11,qUK_F0SHBhQ,&#39;Daytona has been so good to me&#39; – Austin Hill on his fourth win in five years 😮‍💨 NASCAR on FOX,NASCAR on FOX,2026-02-15T02:10:57Z,6110,94,11,PT7M42S,https://youtube.com/watch?v=qUK_F0SHBhQ
30,,2025-05-11,AIS2ZGR3YUA,Austin Hill is Inevitable at Talladega - NASCAR Xfinity Series Behind the Scenes,Peter Stratta,2025-10-22T02:00:10Z,99,1,1,PT5M48S,https://youtube.com/watch?v=AIS2ZGR3YUA
30,,2025-05-11,2ajG8FX_hUI,Austin Hill Talladega October 2025 Win Full Press Conference,Peter Stratta,2025-10-21T01:16:42Z,173,1,0,PT9M59S,https://youtube.com/watch?v=2ajG8FX_hUI
30,,2025-05-11,z9xuWRsHpyc,Austin Hill FULL Martinsville Post-Race Press Conference,Peter Stratta,2025-03-31T02:19:23Z,205,7,2,PT15M44S,https://youtube.com/watch?v=z9xuWRsHpyc
30,,2025-05-11,-ExtN-eIN70,NASCAR at EchoPark Speedway June 2025: Austin Hill pre-race,Cup Scene ,2025-06-27T19:51:24Z,239,4,1,PT13M8S,https://youtube.com/watch?v=-ExtN-eIN70
30,,2025-05-11,-wS-Co9IJ4A,Last Laps: A Heavyweight Fight in Vegas | 2025 NASCAR Cup Series,NASCAR,2025-10-13T00:50:29Z,80382,675,67,PT7M49S,https://youtube.com/watch?v=-wS-Co9IJ4A
30,,2025-05-11,P3vUj_OERyQ,An Unbelievable End to the 2025 NASCAR Cup Series Season | Final Laps at Phoenix,NASCAR,2025-11-03T00:22:30Z,193455,1899,582,PT6M27S,https://youtube.com/watch?v=P3vUj_OERyQ
30,,2025-05-11,HomWvKNSSRA,So Close Again: Denny Hamlin Reacts to Another Championship Miss | 2025 NASCAR Cup Series,NASCAR,2025-11-03T01:08:56Z,53500,657,282,PT5M28S,https://youtube.com/watch?v=HomWvKNSSRA
30,,2025-05-11,xL5wsAdIWyo,The Final Battle: Hamlin vs. Larson for the Championship | NASCAR,NASCAR,2025-11-03T19:46:49Z,43882,940,104,PT5M46S,https://youtube.com/watch?v=xL5wsAdIWyo
30,,2025-05-11,3LE2_qaU5kg,Denny Hamlin&#39;s Emotional Reaction to 60th Career Win | 2025 NASCAR Cup Series at Las Vegas,NASCAR,2025-10-13T01:20:00Z,56332,1080,145,PT6M45S,https://youtube.com/watch?v=3LE2_qaU5kg
30,,2025-05-11,wYcSuMaHC-k,Missing Rings: Denny Hamlin 2025,The Iceberg,2025-11-05T23:21:21Z,18343,798,296,PT11M,https://youtube.com/watch?v=wYcSuMaHC-k
30,,2025-05-11,PVUfltDPjtY,Hamlin vs. Gibbs: Recap and Reaction from New Hampshire | 2025 NASCAR Cup Series,NASCAR,2025-09-21T22:08:03Z,58298,302,122,PT7M40S,https://youtube.com/watch?v=PVUfltDPjtY
30,,2025-05-11,l3i3W8QKTsU,WATCH: Denny Hamlin Outduels William Byron at Michigan | 2025 NASCAR FireKeepers Casino 400,NASCAR,2025-06-08T22:19:10Z,16097,224,16,PT8M37S,https://youtube.com/watch?v=l3i3W8QKTsU
30,,2025-05-11,5b5Qt3VAZrU,2025 NASCAR Cup Series Championship Reaction. THE HEARTBREAK OF ALL-TIME,FireBall Hamlin,2025-11-03T01:11:21Z,12225,275,315,PT17M44S,https://youtube.com/watch?v=5b5Qt3VAZrU
30,,2025-05-11,kykqdL18-OU,Every Denny Hamlin win in 2025,Nascar24,2025-11-16T21:00:52Z,585,13,0,PT7M,https://youtube.com/watch?v=kykqdL18-OU
30,,2025-05-11,1fYXEvm3to0,Playoff Heartbreak at the Finish | 2025 NASCAR Radioactive from Charlotte,NASCAR,2025-10-07T22:00:04Z,33499,744,51,PT6M2S,https://youtube.com/watch?v=1fYXEvm3to0
30,,2025-05-11,TipP_iG0c74,Ross Chastain Answers the Internet | NASCAR,NASCAR,2025-12-30T21:00:41Z,26259,1310,74,PT5M21S,https://youtube.com/watch?v=TipP_iG0c74
30,,2025-05-11,5DH4F0tdewY,CHASTAIN WINNING INTERVIEW + BYRON POST RACE INTERVIEW - 2025 COCACOLA 600 - 2025 NASCAR CUP SERIES,SportsNewsCentral,2025-06-27T18:45:06Z,238,0,0,PT5M49S,https://youtube.com/watch?v=5DH4F0tdewY
30,,2025-05-11,b49PzC9kVtY,BACKWARD FINISH Decides Final Playoff Spot | 2025 NASCAR Cup Series at Charlotte,NASCAR,2025-10-05T23:13:10Z,54550,332,48,PT8M17S,https://youtube.com/watch?v=b49PzC9kVtY
30,,2025-05-11,TqYY4tZXfIE,Why Ross Chastain’s Approach Could Influence the Next Generation,NASCAR TODAY,2025-11-10T18:15:05Z,2081,22,0,PT8M4S,https://youtube.com/watch?v=TqYY4tZXfIE
30,,2025-05-11,1hUYa4asnOs,Dale Earnhardt Jr. Just DESTROYED Ross Chastain on Live TV!,NASCAR TODAY,2025-07-09T20:00:02Z,30755,146,30,PT13M13S,https://youtube.com/watch?v=1hUYa4asnOs
30,,2025-05-11,BV4PsJmXu-Y,Ross Chastain Destroyed by NASCAR After Texas Finish — What the HELL Just Happened?!,NASCAR Insider,2025-05-06T16:00:28Z,4906,46,6,PT6M43S,https://youtube.com/watch?v=BV4PsJmXu-Y
30,,2025-05-11,NrKCX_9gNYw,Daniel Suárez GOES OFF on Ross Chastain After WILD Vegas Finish!,NASCAR Insider,2026-03-17T16:46:12Z,515,11,7,PT9M52S,https://youtube.com/watch?v=NrKCX_9gNYw
30,,2025-05-11,DogYuyhg1F8,NASCAR at Charlotte Motor Speedway May 2025: Ross Chastain post-race,Cup Scene ,2025-05-26T13:07:18Z,1532,47,4,PT12M16S,https://youtube.com/watch?v=DogYuyhg1F8
30,,2025-05-11,Yl08L6Y0y3Y,2025 Coca-Cola 600 | NASCAR Official Extended Highlights,NASCAR,2025-05-26T03:36:47Z,460195,5589,360,PT15M41S,https://youtube.com/watch?v=Yl08L6Y0y3Y
30,,2025-05-11,YISsxP9tCUM,Reddit Asks Brad Keselowski WILD Questions | NASCAR,NASCAR,2025-08-21T21:00:30Z,79127,3961,168,PT7M16S,https://youtube.com/watch?v=YISsxP9tCUM
30,,2025-05-11,78NwQZmqxz0,Final Laps: A WILD Bristol Finish | 2025 NASCAR Cup Series,NASCAR,2025-09-14T03:58:50Z,222659,975,130,PT5M12S,https://youtube.com/watch?v=78NwQZmqxz0
30,,2025-05-11,Hq1V6sDUnGs,Extended Highlights | 2025 NASCAR Cup Series from Iowa,NASCAR,2025-08-04T01:34:16Z,175870,2111,137,PT19M55S,https://youtube.com/watch?v=Hq1V6sDUnGs
30,,2025-05-11,hKsNXFB_8V4,NASCAR Cup Series 2025: Pennzoil 400 | EXTENDED HIGHLIGHTS | 3/16/25 | Motorsports on NBC,Motorsports on NBC,2025-03-16T23:54:59Z,150191,2662,143,PT16M46S,https://youtube.com/watch?v=hKsNXFB_8V4
30,,2025-05-11,peOrAd5ipF4,NASCAR Cup Series 2025: EchoPark Automotive GP | EXTENDED HIGHLIGHTS | 3/2/25 | Motorsports on NBC,Motorsports on NBC,2025-03-03T01:01:52Z,109346,1811,140,PT17M15S,https://youtube.com/watch?v=peOrAd5ipF4
30,,2025-05-11,6xDyB0-uLpY,NASCAR Cup Series 2025: Cook Out 400 | EXTENDED HIGHLIGHTS | 3/30/25 | Motorsports on NBC,Motorsports on NBC,2025-03-30T23:01:09Z,110539,1968,115,PT16M27S,https://youtube.com/watch?v=6xDyB0-uLpY
30,,2025-05-11,50X_h1q0LXI,Gateway Turns Up the Playoff Heat | 2025 NASCAR Cup Series Extended Highlights,NASCAR,2025-09-07T23:02:36Z,243284,3618,240,PT18M,https://youtube.com/watch?v=50X_h1q0LXI
30,,2025-05-11,83kRqoa7uHY,Brad Keselowski Injury | Jimmie Johnson Seeking Daytona History | Top 50 Drivers of 2025 Reaction,Eric Estepp,2025-12-22T15:40:01Z,52846,2821,267,PT13M6S,https://youtube.com/watch?v=83kRqoa7uHY
30,,2025-05-11,JpRqXvWF63I,NASCAR Cup Series 2025: All-Star Race | EXTENDED HIGHLIGHTS | 5/18/25 | Motorsports on NBC,Motorsports on NBC,2025-05-19T02:48:07Z,107467,1826,148,PT16M22S,https://youtube.com/watch?v=JpRqXvWF63I
30,,2025-05-11,Le_y1ap2Ct8,&#39;The car drives like s**t&#39; | NASCAR RADIOACTIVE from the 2025 All-Star Race,NASCAR,2025-05-20T21:43:50Z,35032,816,64,PT6M6S,https://youtube.com/watch?v=Le_y1ap2Ct8
31,,2025-05-25,v-kwi-xD40w,Todd Gilliland Clips For Edits All Years By smithdoit,NSCP by smithdoit  (ScenePacks),2025-11-01T21:49:13Z,188,11,2,PT5M50S,https://youtube.com/watch?v=v-kwi-xD40w
31,,2025-05-25,jwrAEeikBt0,How Do NASCAR Drivers Pee? | Todd Gilliland Reveals All,Rated Red,2025-02-12T20:08:32Z,3904,130,12,PT9M13S,https://youtube.com/watch?v=jwrAEeikBt0
31,,2025-05-25,rKBDulrtVGQ,Countdown to Daytona: Todd Gilliland,FOX8 WGHP,2025-02-12T19:42:23Z,182,2,0,PT8M37S,https://youtube.com/watch?v=rKBDulrtVGQ
31,,2025-05-25,1VkIwkAEqPg,Ryan Preece on Having the Best Car at the End; Todd Gilliland &amp; Josh Berry Have Great Runs,Frontstretch,2025-10-26T23:00:00Z,3318,54,3,PT4M39S,https://youtube.com/watch?v=1VkIwkAEqPg
31,,2025-05-25,BgTJtLE_M-M,"Todd Gilliland on qualifying at Darlington, being a leader at Front Row and his Ray Fox throwback",Nikolai P. Culp,2025-04-05T19:08:56Z,99,7,0,PT4M21S,https://youtube.com/watch?v=BgTJtLE_M-M
31,,2025-05-25,Fa2FiWKiiBc,"Todd Gilliland Talks Changes at Front Row, McDowell&#39;s Departure, New Teammates, and More!",Eric Estepp,2025-05-22T16:27:59Z,17254,1085,46,PT8M43S,https://youtube.com/watch?v=Fa2FiWKiiBc
31,,2025-05-25,-FiLN6JeJDw,Todd Gilliland 2025 Loves Diecast Review ,Halo Radiance,2025-12-17T13:04:17Z,43,1,0,PT4M45S,https://youtube.com/watch?v=-FiLN6JeJDw
31,,2025-05-25,ZVQo5SYURG0,2025 TODD GILLILAND LOVE&#39;S FORD MUSTANG DIECASTBUFFET NASCAR DIECAST REVIEW 1/64,Diecastbuffet,2026-01-20T21:03:33Z,218,13,8,PT8M30S,https://youtube.com/watch?v=ZVQo5SYURG0
31,,2025-05-25,Q2clHIifaNk,NASCAR 25 - #34 Todd Gilliland (Ford) - Gameplay (PS5 UHD) [4K60FPS],Throneful,2025-10-30T19:00:29Z,648,18,0,PT17M38S,https://youtube.com/watch?v=Q2clHIifaNk
31,,2025-05-25,YRqNFLkuh9Q,Todd Gilliland Crew Chief Chris Lawson on motivating a team in a tough season and what&#39;s next,Sky View Sports Roy J. Akers,2025-07-26T18:42:07Z,68,0,0,PT5M38S,https://youtube.com/watch?v=YRqNFLkuh9Q
31,,2025-05-25,-ZSfV1hsFEk,Every Austin Hill win in 2025,Nascar24,2025-12-06T21:00:00Z,193,7,0,PT7M35S,https://youtube.com/watch?v=-ZSfV1hsFEk
31,,2025-05-25,X7qxa43I8Bc,The Austin Hill Experience | Why Fans Are Fed Up,The Iceberg,2025-08-11T19:34:01Z,44839,1454,572,PT9M9S,https://youtube.com/watch?v=X7qxa43I8Bc
31,,2025-05-25,qUK_F0SHBhQ,&#39;Daytona has been so good to me&#39; – Austin Hill on his fourth win in five years 😮‍💨 NASCAR on FOX,NASCAR on FOX,2026-02-15T02:10:57Z,6110,94,11,PT7M42S,https://youtube.com/watch?v=qUK_F0SHBhQ
31,,2025-05-25,szQF_RtjpI8,RCR Keeps Embarrassing Themselves | Austin Hill Wrecks Aric Almirola REACTION,Eric Estepp,2025-07-27T06:25:16Z,114500,4466,998,PT13M,https://youtube.com/watch?v=szQF_RtjpI8
31,,2025-05-25,5yuTjIT2Fuk,Dale Earnhardt Jr. Just Said the UNTHINKABLE About Austin Hill!,NASCAR TODAY,2025-10-24T16:00:13Z,1290,10,3,PT9M41S,https://youtube.com/watch?v=5yuTjIT2Fuk
31,,2025-05-25,HAZbzV-TYhM,Austin Hill &amp; Jeb Burton post-race interviews from Talladega Superspeedway | NASCAR on FOX,NASCAR on FOX,2025-04-26T23:26:05Z,6621,75,26,PT4M41S,https://youtube.com/watch?v=HAZbzV-TYhM
31,,2025-05-25,hOJko4r9OLc,Austin Hill Triggers Another Huge Crash | Zilisch Clashes With SVG | REACTION,Eric Estepp,2025-08-10T00:48:45Z,98737,3955,1193,PT16M26S,https://youtube.com/watch?v=hOJko4r9OLc
31,,2025-05-25,PiOELqviAzU,This. Is. Embarrassing. - Part 2 - Austin Hill Edition,Jesse King,2025-07-29T15:52:02Z,23835,708,204,PT7M32S,https://youtube.com/watch?v=PiOELqviAzU
31,,2025-05-25,21ERvrZOsIE,Austin Hill Wins Stage 1 - 2025 NASCAR Xfinity Series United Rentals 250 at Talladega ,Big Willy at the Track ,2025-12-22T14:00:04Z,27,0,0,PT4M36S,https://youtube.com/watch?v=21ERvrZOsIE
31,,2025-05-25,y_Z2K57gCnM,"NASCAR&#39;s biggest and wildest crashes of Cup, Xfinity, Truck Series 2025 seasons | Motorsports on NBC",Motorsports on NBC,2025-11-12T21:19:07Z,41954,693,61,PT16M55S,https://youtube.com/watch?v=y_Z2K57gCnM
31,,2025-05-25,P3vUj_OERyQ,An Unbelievable End to the 2025 NASCAR Cup Series Season | Final Laps at Phoenix,NASCAR,2025-11-03T00:22:30Z,193455,1899,582,PT6M27S,https://youtube.com/watch?v=P3vUj_OERyQ
31,,2025-05-25,-wS-Co9IJ4A,Last Laps: A Heavyweight Fight in Vegas | 2025 NASCAR Cup Series,NASCAR,2025-10-13T00:50:29Z,80382,675,67,PT7M49S,https://youtube.com/watch?v=-wS-Co9IJ4A
31,,2025-05-25,HomWvKNSSRA,So Close Again: Denny Hamlin Reacts to Another Championship Miss | 2025 NASCAR Cup Series,NASCAR,2025-11-03T01:08:56Z,53500,657,282,PT5M28S,https://youtube.com/watch?v=HomWvKNSSRA
31,,2025-05-25,3LE2_qaU5kg,Denny Hamlin&#39;s Emotional Reaction to 60th Career Win | 2025 NASCAR Cup Series at Las Vegas,NASCAR,2025-10-13T01:20:00Z,56332,1080,145,PT6M45S,https://youtube.com/watch?v=3LE2_qaU5kg
31,,2025-05-25,xL5wsAdIWyo,The Final Battle: Hamlin vs. Larson for the Championship | NASCAR,NASCAR,2025-11-03T19:46:49Z,43882,940,104,PT5M46S,https://youtube.com/watch?v=xL5wsAdIWyo
31,,2025-05-25,l3i3W8QKTsU,WATCH: Denny Hamlin Outduels William Byron at Michigan | 2025 NASCAR FireKeepers Casino 400,NASCAR,2025-06-08T22:19:10Z,16097,224,16,PT8M37S,https://youtube.com/watch?v=l3i3W8QKTsU
31,,2025-05-25,wYcSuMaHC-k,Missing Rings: Denny Hamlin 2025,The Iceberg,2025-11-05T23:21:21Z,18343,798,296,PT11M,https://youtube.com/watch?v=wYcSuMaHC-k
31,,2025-05-25,sfGJZXlHkm8,"NASCAR at Phoenix Nov. 2025: Denny Hamlin, William Byron, Chase Briscoe post race",Cup Scene ,2025-11-03T02:31:39Z,27604,388,166,PT16M46S,https://youtube.com/watch?v=sfGJZXlHkm8
31,,2025-05-25,8QGHyIYqeKE,Denny Hamlin Reacts to Taming the Monster Mile | 2025 NASCAR Cup Series at Dover,NASCAR,2025-07-20T23:16:05Z,16511,215,35,PT5M51S,https://youtube.com/watch?v=8QGHyIYqeKE
31,,2025-05-25,7TetAUpAaqc,Denny Hamlin Wants ALL THE BOOS after 59th Win | 2025 NASCAR Cup Series at Gateway,NASCAR,2025-09-07T23:06:53Z,38579,269,64,PT6M54S,https://youtube.com/watch?v=7TetAUpAaqc
31,,2025-05-25,1fYXEvm3to0,Playoff Heartbreak at the Finish | 2025 NASCAR Radioactive from Charlotte,NASCAR,2025-10-07T22:00:04Z,33496,744,51,PT6M2S,https://youtube.com/watch?v=1fYXEvm3to0
31,,2025-05-25,TipP_iG0c74,Ross Chastain Answers the Internet | NASCAR,NASCAR,2025-12-30T21:00:41Z,26260,1310,74,PT5M21S,https://youtube.com/watch?v=TipP_iG0c74
31,,2025-05-25,5DH4F0tdewY,CHASTAIN WINNING INTERVIEW + BYRON POST RACE INTERVIEW - 2025 COCACOLA 600 - 2025 NASCAR CUP SERIES,SportsNewsCentral,2025-06-27T18:45:06Z,238,0,0,PT5M49S,https://youtube.com/watch?v=5DH4F0tdewY
31,,2025-05-25,b49PzC9kVtY,BACKWARD FINISH Decides Final Playoff Spot | 2025 NASCAR Cup Series at Charlotte,NASCAR,2025-10-05T23:13:10Z,54550,332,48,PT8M17S,https://youtube.com/watch?v=b49PzC9kVtY
31,,2025-05-25,1hUYa4asnOs,Dale Earnhardt Jr. Just DESTROYED Ross Chastain on Live TV!,NASCAR TODAY,2025-07-09T20:00:02Z,30755,146,30,PT13M13S,https://youtube.com/watch?v=1hUYa4asnOs
31,,2025-05-25,TqYY4tZXfIE,Why Ross Chastain’s Approach Could Influence the Next Generation,NASCAR TODAY,2025-11-10T18:15:05Z,2081,22,0,PT8M4S,https://youtube.com/watch?v=TqYY4tZXfIE
31,,2025-05-25,HI2XOFCFWIA,From the Back to Victory Lane: Ross Chastain’s Wild Drive | 2025 NASCAR Coca-Cola 600,NASCAR,2025-05-26T04:55:59Z,44478,706,72,PT8M41S,https://youtube.com/watch?v=HI2XOFCFWIA
31,,2025-05-25,BV4PsJmXu-Y,Ross Chastain Destroyed by NASCAR After Texas Finish — What the HELL Just Happened?!,NASCAR Insider,2025-05-06T16:00:28Z,4906,46,6,PT6M43S,https://youtube.com/watch?v=BV4PsJmXu-Y
31,,2025-05-25,NrKCX_9gNYw,Daniel Suárez GOES OFF on Ross Chastain After WILD Vegas Finish!,NASCAR Insider,2026-03-17T16:46:12Z,515,11,7,PT9M52S,https://youtube.com/watch?v=NrKCX_9gNYw
31,,2025-05-25,Yl08L6Y0y3Y,2025 Coca-Cola 600 | NASCAR Official Extended Highlights,NASCAR,2025-05-26T03:36:47Z,460195,5589,360,PT15M41S,https://youtube.com/watch?v=Yl08L6Y0y3Y
31,,2025-05-25,YISsxP9tCUM,Reddit Asks Brad Keselowski WILD Questions | NASCAR,NASCAR,2025-08-21T21:00:30Z,79127,3961,168,PT7M16S,https://youtube.com/watch?v=YISsxP9tCUM
31,,2025-05-25,78NwQZmqxz0,Final Laps: A WILD Bristol Finish | 2025 NASCAR Cup Series,NASCAR,2025-09-14T03:58:50Z,222659,975,130,PT5M12S,https://youtube.com/watch?v=78NwQZmqxz0
31,,2025-05-25,Hq1V6sDUnGs,Extended Highlights | 2025 NASCAR Cup Series from Iowa,NASCAR,2025-08-04T01:34:16Z,175870,2111,137,PT19M55S,https://youtube.com/watch?v=Hq1V6sDUnGs
31,,2025-05-25,hKsNXFB_8V4,NASCAR Cup Series 2025: Pennzoil 400 | EXTENDED HIGHLIGHTS | 3/16/25 | Motorsports on NBC,Motorsports on NBC,2025-03-16T23:54:59Z,150191,2662,143,PT16M46S,https://youtube.com/watch?v=hKsNXFB_8V4
31,,2025-05-25,peOrAd5ipF4,NASCAR Cup Series 2025: EchoPark Automotive GP | EXTENDED HIGHLIGHTS | 3/2/25 | Motorsports on NBC,Motorsports on NBC,2025-03-03T01:01:52Z,109346,1811,140,PT17M15S,https://youtube.com/watch?v=peOrAd5ipF4
31,,2025-05-25,6xDyB0-uLpY,NASCAR Cup Series 2025: Cook Out 400 | EXTENDED HIGHLIGHTS | 3/30/25 | Motorsports on NBC,Motorsports on NBC,2025-03-30T23:01:09Z,110539,1968,115,PT16M27S,https://youtube.com/watch?v=6xDyB0-uLpY
31,,2025-05-25,50X_h1q0LXI,Gateway Turns Up the Playoff Heat | 2025 NASCAR Cup Series Extended Highlights,NASCAR,2025-09-07T23:02:36Z,243284,3618,240,PT18M,https://youtube.com/watch?v=50X_h1q0LXI
31,,2025-05-25,83kRqoa7uHY,Brad Keselowski Injury | Jimmie Johnson Seeking Daytona History | Top 50 Drivers of 2025 Reaction,Eric Estepp,2025-12-22T15:40:01Z,52846,2821,267,PT13M6S,https://youtube.com/watch?v=83kRqoa7uHY
31,,2025-05-25,JpRqXvWF63I,NASCAR Cup Series 2025: All-Star Race | EXTENDED HIGHLIGHTS | 5/18/25 | Motorsports on NBC,Motorsports on NBC,2025-05-19T02:48:07Z,107467,1826,148,PT16M22S,https://youtube.com/watch?v=JpRqXvWF63I
31,,2025-05-25,Le_y1ap2Ct8,&#39;The car drives like s**t&#39; | NASCAR RADIOACTIVE from the 2025 All-Star Race,NASCAR,2025-05-20T21:43:50Z,35032,816,64,PT6M6S,https://youtube.com/watch?v=Le_y1ap2Ct8
32,,2025-06-01,v-kwi-xD40w,Todd Gilliland Clips For Edits All Years By smithdoit,NSCP by smithdoit  (ScenePacks),2025-11-01T21:49:13Z,188,11,2,PT5M50S,https://youtube.com/watch?v=v-kwi-xD40w
32,,2025-06-01,jwrAEeikBt0,How Do NASCAR Drivers Pee? | Todd Gilliland Reveals All,Rated Red,2025-02-12T20:08:32Z,3904,130,12,PT9M13S,https://youtube.com/watch?v=jwrAEeikBt0
32,,2025-06-01,rKBDulrtVGQ,Countdown to Daytona: Todd Gilliland,FOX8 WGHP,2025-02-12T19:42:23Z,182,2,0,PT8M37S,https://youtube.com/watch?v=rKBDulrtVGQ
32,,2025-06-01,1VkIwkAEqPg,Ryan Preece on Having the Best Car at the End; Todd Gilliland &amp; Josh Berry Have Great Runs,Frontstretch,2025-10-26T23:00:00Z,3318,54,3,PT4M39S,https://youtube.com/watch?v=1VkIwkAEqPg
32,,2025-06-01,BgTJtLE_M-M,"Todd Gilliland on qualifying at Darlington, being a leader at Front Row and his Ray Fox throwback",Nikolai P. Culp,2025-04-05T19:08:56Z,99,7,0,PT4M21S,https://youtube.com/watch?v=BgTJtLE_M-M
32,,2025-06-01,-FiLN6JeJDw,Todd Gilliland 2025 Loves Diecast Review ,Halo Radiance,2025-12-17T13:04:17Z,43,1,0,PT4M45S,https://youtube.com/watch?v=-FiLN6JeJDw
32,,2025-06-01,Fa2FiWKiiBc,"Todd Gilliland Talks Changes at Front Row, McDowell&#39;s Departure, New Teammates, and More!",Eric Estepp,2025-05-22T16:27:59Z,17254,1085,46,PT8M43S,https://youtube.com/watch?v=Fa2FiWKiiBc
32,,2025-06-01,ZVQo5SYURG0,2025 TODD GILLILAND LOVE&#39;S FORD MUSTANG DIECASTBUFFET NASCAR DIECAST REVIEW 1/64,Diecastbuffet,2026-01-20T21:03:33Z,218,13,8,PT8M30S,https://youtube.com/watch?v=ZVQo5SYURG0
32,,2025-06-01,Q2clHIifaNk,NASCAR 25 - #34 Todd Gilliland (Ford) - Gameplay (PS5 UHD) [4K60FPS],Throneful,2025-10-30T19:00:29Z,648,18,0,PT17M38S,https://youtube.com/watch?v=Q2clHIifaNk
32,,2025-06-01,YRqNFLkuh9Q,Todd Gilliland Crew Chief Chris Lawson on motivating a team in a tough season and what&#39;s next,Sky View Sports Roy J. Akers,2025-07-26T18:42:07Z,68,0,0,PT5M38S,https://youtube.com/watch?v=YRqNFLkuh9Q
32,,2025-06-01,Hgz5ZskUe68,Austin Hill &amp; Richard Childress Remember Kyle Busch After San Diego Win | NASCAR,NASCAR,2026-06-21T02:56:52Z,35090,668,65,PT5M45S,https://youtube.com/watch?v=Hgz5ZskUe68
32,,2025-06-01,-ZSfV1hsFEk,Every Austin Hill win in 2025,Nascar24,2025-12-06T21:00:00Z,193,7,0,PT7M35S,https://youtube.com/watch?v=-ZSfV1hsFEk
32,,2025-06-01,X7qxa43I8Bc,The Austin Hill Experience | Why Fans Are Fed Up,The Iceberg,2025-08-11T19:34:01Z,44839,1454,572,PT9M9S,https://youtube.com/watch?v=X7qxa43I8Bc
32,,2025-06-01,szQF_RtjpI8,RCR Keeps Embarrassing Themselves | Austin Hill Wrecks Aric Almirola REACTION,Eric Estepp,2025-07-27T06:25:16Z,114500,4466,998,PT13M,https://youtube.com/watch?v=szQF_RtjpI8
32,,2025-06-01,qUK_F0SHBhQ,&#39;Daytona has been so good to me&#39; – Austin Hill on his fourth win in five years 😮‍💨 NASCAR on FOX,NASCAR on FOX,2026-02-15T02:10:57Z,6110,94,11,PT7M42S,https://youtube.com/watch?v=qUK_F0SHBhQ
32,,2025-06-01,5yuTjIT2Fuk,Dale Earnhardt Jr. Just Said the UNTHINKABLE About Austin Hill!,NASCAR TODAY,2025-10-24T16:00:13Z,1290,10,3,PT9M41S,https://youtube.com/watch?v=5yuTjIT2Fuk
32,,2025-06-01,HAZbzV-TYhM,Austin Hill &amp; Jeb Burton post-race interviews from Talladega Superspeedway | NASCAR on FOX,NASCAR on FOX,2025-04-26T23:26:05Z,6621,75,26,PT4M41S,https://youtube.com/watch?v=HAZbzV-TYhM
32,,2025-06-01,tZHbVBdv1bM,NASCAR in PANIC! Shane van Gisbergen LASHES OUT at Austin Hill After BIG ONE Involving 11 Cars,NASCAR Nation Report,2026-06-22T01:10:05Z,4788,129,21,PT9M59S,https://youtube.com/watch?v=tZHbVBdv1bM
32,,2025-06-01,hOJko4r9OLc,Austin Hill Triggers Another Huge Crash | Zilisch Clashes With SVG | REACTION,Eric Estepp,2025-08-10T00:48:45Z,98737,3955,1193,PT16M26S,https://youtube.com/watch?v=hOJko4r9OLc
32,,2025-06-01,PiOELqviAzU,This. Is. Embarrassing. - Part 2 - Austin Hill Edition,Jesse King,2025-07-29T15:52:02Z,23835,708,204,PT7M32S,https://youtube.com/watch?v=PiOELqviAzU
32,,2025-06-01,-wS-Co9IJ4A,Last Laps: A Heavyweight Fight in Vegas | 2025 NASCAR Cup Series,NASCAR,2025-10-13T00:50:29Z,80381,675,67,PT7M49S,https://youtube.com/watch?v=-wS-Co9IJ4A
32,,2025-06-01,P3vUj_OERyQ,An Unbelievable End to the 2025 NASCAR Cup Series Season | Final Laps at Phoenix,NASCAR,2025-11-03T00:22:30Z,193451,1899,582,PT6M27S,https://youtube.com/watch?v=P3vUj_OERyQ
32,,2025-06-01,HomWvKNSSRA,So Close Again: Denny Hamlin Reacts to Another Championship Miss | 2025 NASCAR Cup Series,NASCAR,2025-11-03T01:08:56Z,53500,657,282,PT5M28S,https://youtube.com/watch?v=HomWvKNSSRA
32,,2025-06-01,xL5wsAdIWyo,The Final Battle: Hamlin vs. Larson for the Championship | NASCAR,NASCAR,2025-11-03T19:46:49Z,43880,940,104,PT5M46S,https://youtube.com/watch?v=xL5wsAdIWyo
32,,2025-06-01,3LE2_qaU5kg,Denny Hamlin&#39;s Emotional Reaction to 60th Career Win | 2025 NASCAR Cup Series at Las Vegas,NASCAR,2025-10-13T01:20:00Z,56335,1080,145,PT6M45S,https://youtube.com/watch?v=3LE2_qaU5kg
32,,2025-06-01,PVUfltDPjtY,Hamlin vs. Gibbs: Recap and Reaction from New Hampshire | 2025 NASCAR Cup Series,NASCAR,2025-09-21T22:08:03Z,58298,302,122,PT7M40S,https://youtube.com/watch?v=PVUfltDPjtY
32,,2025-06-01,wYcSuMaHC-k,Missing Rings: Denny Hamlin 2025,The Iceberg,2025-11-05T23:21:21Z,18343,798,296,PT11M,https://youtube.com/watch?v=wYcSuMaHC-k
32,,2025-06-01,l3i3W8QKTsU,WATCH: Denny Hamlin Outduels William Byron at Michigan | 2025 NASCAR FireKeepers Casino 400,NASCAR,2025-06-08T22:19:10Z,16097,224,16,PT8M37S,https://youtube.com/watch?v=l3i3W8QKTsU
32,,2025-06-01,5b5Qt3VAZrU,2025 NASCAR Cup Series Championship Reaction. THE HEARTBREAK OF ALL-TIME,FireBall Hamlin,2025-11-03T01:11:21Z,12225,275,315,PT17M44S,https://youtube.com/watch?v=5b5Qt3VAZrU
32,,2025-06-01,kykqdL18-OU,Every Denny Hamlin win in 2025,Nascar24,2025-11-16T21:00:52Z,585,13,0,PT7M,https://youtube.com/watch?v=kykqdL18-OU
32,,2025-06-01,1fYXEvm3to0,Playoff Heartbreak at the Finish | 2025 NASCAR Radioactive from Charlotte,NASCAR,2025-10-07T22:00:04Z,33496,744,51,PT6M2S,https://youtube.com/watch?v=1fYXEvm3to0
32,,2025-06-01,TipP_iG0c74,Ross Chastain Answers the Internet | NASCAR,NASCAR,2025-12-30T21:00:41Z,26260,1310,74,PT5M21S,https://youtube.com/watch?v=TipP_iG0c74
32,,2025-06-01,5DH4F0tdewY,CHASTAIN WINNING INTERVIEW + BYRON POST RACE INTERVIEW - 2025 COCACOLA 600 - 2025 NASCAR CUP SERIES,SportsNewsCentral,2025-06-27T18:45:06Z,238,0,0,PT5M49S,https://youtube.com/watch?v=5DH4F0tdewY
32,,2025-06-01,b49PzC9kVtY,BACKWARD FINISH Decides Final Playoff Spot | 2025 NASCAR Cup Series at Charlotte,NASCAR,2025-10-05T23:13:10Z,54550,332,48,PT8M17S,https://youtube.com/watch?v=b49PzC9kVtY
32,,2025-06-01,1hUYa4asnOs,Dale Earnhardt Jr. Just DESTROYED Ross Chastain on Live TV!,NASCAR TODAY,2025-07-09T20:00:02Z,30755,146,30,PT13M13S,https://youtube.com/watch?v=1hUYa4asnOs
32,,2025-06-01,TqYY4tZXfIE,Why Ross Chastain’s Approach Could Influence the Next Generation,NASCAR TODAY,2025-11-10T18:15:05Z,2081,22,0,PT8M4S,https://youtube.com/watch?v=TqYY4tZXfIE
32,,2025-06-01,HI2XOFCFWIA,From the Back to Victory Lane: Ross Chastain’s Wild Drive | 2025 NASCAR Coca-Cola 600,NASCAR,2025-05-26T04:55:59Z,44478,706,72,PT8M41S,https://youtube.com/watch?v=HI2XOFCFWIA
32,,2025-06-01,BV4PsJmXu-Y,Ross Chastain Destroyed by NASCAR After Texas Finish — What the HELL Just Happened?!,NASCAR Insider,2025-05-06T16:00:28Z,4906,46,6,PT6M43S,https://youtube.com/watch?v=BV4PsJmXu-Y
32,,2025-06-01,NrKCX_9gNYw,Daniel Suárez GOES OFF on Ross Chastain After WILD Vegas Finish!,NASCAR Insider,2026-03-17T16:46:12Z,515,11,7,PT9M52S,https://youtube.com/watch?v=NrKCX_9gNYw
32,,2025-06-01,Yl08L6Y0y3Y,2025 Coca-Cola 600 | NASCAR Official Extended Highlights,NASCAR,2025-05-26T03:36:47Z,460195,5589,360,PT15M41S,https://youtube.com/watch?v=Yl08L6Y0y3Y
32,,2025-06-01,YISsxP9tCUM,Reddit Asks Brad Keselowski WILD Questions | NASCAR,NASCAR,2025-08-21T21:00:30Z,79125,3961,168,PT7M16S,https://youtube.com/watch?v=YISsxP9tCUM
32,,2025-06-01,78NwQZmqxz0,Final Laps: A WILD Bristol Finish | 2025 NASCAR Cup Series,NASCAR,2025-09-14T03:58:50Z,222659,975,130,PT5M12S,https://youtube.com/watch?v=78NwQZmqxz0
32,,2025-06-01,Hq1V6sDUnGs,Extended Highlights | 2025 NASCAR Cup Series from Iowa,NASCAR,2025-08-04T01:34:16Z,175870,2111,137,PT19M55S,https://youtube.com/watch?v=Hq1V6sDUnGs
32,,2025-06-01,hKsNXFB_8V4,NASCAR Cup Series 2025: Pennzoil 400 | EXTENDED HIGHLIGHTS | 3/16/25 | Motorsports on NBC,Motorsports on NBC,2025-03-16T23:54:59Z,150191,2662,143,PT16M46S,https://youtube.com/watch?v=hKsNXFB_8V4
32,,2025-06-01,peOrAd5ipF4,NASCAR Cup Series 2025: EchoPark Automotive GP | EXTENDED HIGHLIGHTS | 3/2/25 | Motorsports on NBC,Motorsports on NBC,2025-03-03T01:01:52Z,109346,1811,140,PT17M15S,https://youtube.com/watch?v=peOrAd5ipF4
32,,2025-06-01,6xDyB0-uLpY,NASCAR Cup Series 2025: Cook Out 400 | EXTENDED HIGHLIGHTS | 3/30/25 | Motorsports on NBC,Motorsports on NBC,2025-03-30T23:01:09Z,110539,1968,115,PT16M27S,https://youtube.com/watch?v=6xDyB0-uLpY
32,,2025-06-01,50X_h1q0LXI,Gateway Turns Up the Playoff Heat | 2025 NASCAR Cup Series Extended Highlights,NASCAR,2025-09-07T23:02:36Z,243284,3618,240,PT18M,https://youtube.com/watch?v=50X_h1q0LXI
32,,2025-06-01,83kRqoa7uHY,Brad Keselowski Injury | Jimmie Johnson Seeking Daytona History | Top 50 Drivers of 2025 Reaction,Eric Estepp,2025-12-22T15:40:01Z,52846,2821,267,PT13M6S,https://youtube.com/watch?v=83kRqoa7uHY
32,,2025-06-01,JpRqXvWF63I,NASCAR Cup Series 2025: All-Star Race | EXTENDED HIGHLIGHTS | 5/18/25 | Motorsports on NBC,Motorsports on NBC,2025-05-19T02:48:07Z,107467,1826,148,PT16M22S,https://youtube.com/watch?v=JpRqXvWF63I
32,,2025-06-01,Le_y1ap2Ct8,&#39;The car drives like s**t&#39; | NASCAR RADIOACTIVE from the 2025 All-Star Race,NASCAR,2025-05-20T21:43:50Z,35032,816,64,PT6M6S,https://youtube.com/watch?v=Le_y1ap2Ct8
33,,2025-06-08,v-kwi-xD40w,Todd Gilliland Clips For Edits All Years By smithdoit,NSCP by smithdoit  (ScenePacks),2025-11-01T21:49:13Z,188,11,2,PT5M50S,https://youtube.com/watch?v=v-kwi-xD40w
33,,2025-06-08,jwrAEeikBt0,How Do NASCAR Drivers Pee? | Todd Gilliland Reveals All,Rated Red,2025-02-12T20:08:32Z,3904,130,12,PT9M13S,https://youtube.com/watch?v=jwrAEeikBt0
33,,2025-06-08,rKBDulrtVGQ,Countdown to Daytona: Todd Gilliland,FOX8 WGHP,2025-02-12T19:42:23Z,182,2,0,PT8M37S,https://youtube.com/watch?v=rKBDulrtVGQ
33,,2025-06-08,1VkIwkAEqPg,Ryan Preece on Having the Best Car at the End; Todd Gilliland &amp; Josh Berry Have Great Runs,Frontstretch,2025-10-26T23:00:00Z,3318,54,3,PT4M39S,https://youtube.com/watch?v=1VkIwkAEqPg
33,,2025-06-08,BgTJtLE_M-M,"Todd Gilliland on qualifying at Darlington, being a leader at Front Row and his Ray Fox throwback",Nikolai P. Culp,2025-04-05T19:08:56Z,99,7,0,PT4M21S,https://youtube.com/watch?v=BgTJtLE_M-M
33,,2025-06-08,-FiLN6JeJDw,Todd Gilliland 2025 Loves Diecast Review ,Halo Radiance,2025-12-17T13:04:17Z,43,1,0,PT4M45S,https://youtube.com/watch?v=-FiLN6JeJDw
33,,2025-06-08,Fa2FiWKiiBc,"Todd Gilliland Talks Changes at Front Row, McDowell&#39;s Departure, New Teammates, and More!",Eric Estepp,2025-05-22T16:27:59Z,17254,1085,46,PT8M43S,https://youtube.com/watch?v=Fa2FiWKiiBc
33,,2025-06-08,ZVQo5SYURG0,2025 TODD GILLILAND LOVE&#39;S FORD MUSTANG DIECASTBUFFET NASCAR DIECAST REVIEW 1/64,Diecastbuffet,2026-01-20T21:03:33Z,218,13,8,PT8M30S,https://youtube.com/watch?v=ZVQo5SYURG0
33,,2025-06-08,Q2clHIifaNk,NASCAR 25 - #34 Todd Gilliland (Ford) - Gameplay (PS5 UHD) [4K60FPS],Throneful,2025-10-30T19:00:29Z,648,18,0,PT17M38S,https://youtube.com/watch?v=Q2clHIifaNk
33,,2025-06-08,YRqNFLkuh9Q,Todd Gilliland Crew Chief Chris Lawson on motivating a team in a tough season and what&#39;s next,Sky View Sports Roy J. Akers,2025-07-26T18:42:07Z,68,0,0,PT5M38S,https://youtube.com/watch?v=YRqNFLkuh9Q
33,,2025-06-08,Hgz5ZskUe68,Austin Hill &amp; Richard Childress Remember Kyle Busch After San Diego Win | NASCAR,NASCAR,2026-06-21T02:56:52Z,35090,668,65,PT5M45S,https://youtube.com/watch?v=Hgz5ZskUe68
33,,2025-06-08,-ZSfV1hsFEk,Every Austin Hill win in 2025,Nascar24,2025-12-06T21:00:00Z,193,7,0,PT7M35S,https://youtube.com/watch?v=-ZSfV1hsFEk
33,,2025-06-08,X7qxa43I8Bc,The Austin Hill Experience | Why Fans Are Fed Up,The Iceberg,2025-08-11T19:34:01Z,44839,1454,572,PT9M9S,https://youtube.com/watch?v=X7qxa43I8Bc
33,,2025-06-08,szQF_RtjpI8,RCR Keeps Embarrassing Themselves | Austin Hill Wrecks Aric Almirola REACTION,Eric Estepp,2025-07-27T06:25:16Z,114500,4466,998,PT13M,https://youtube.com/watch?v=szQF_RtjpI8
33,,2025-06-08,qUK_F0SHBhQ,&#39;Daytona has been so good to me&#39; – Austin Hill on his fourth win in five years 😮‍💨 NASCAR on FOX,NASCAR on FOX,2026-02-15T02:10:57Z,6110,94,11,PT7M42S,https://youtube.com/watch?v=qUK_F0SHBhQ
33,,2025-06-08,5yuTjIT2Fuk,Dale Earnhardt Jr. Just Said the UNTHINKABLE About Austin Hill!,NASCAR TODAY,2025-10-24T16:00:13Z,1290,10,3,PT9M41S,https://youtube.com/watch?v=5yuTjIT2Fuk
33,,2025-06-08,HAZbzV-TYhM,Austin Hill &amp; Jeb Burton post-race interviews from Talladega Superspeedway | NASCAR on FOX,NASCAR on FOX,2025-04-26T23:26:05Z,6621,75,26,PT4M41S,https://youtube.com/watch?v=HAZbzV-TYhM
33,,2025-06-08,tZHbVBdv1bM,NASCAR in PANIC! Shane van Gisbergen LASHES OUT at Austin Hill After BIG ONE Involving 11 Cars,NASCAR Nation Report,2026-06-22T01:10:05Z,4788,129,21,PT9M59S,https://youtube.com/watch?v=tZHbVBdv1bM
33,,2025-06-08,hOJko4r9OLc,Austin Hill Triggers Another Huge Crash | Zilisch Clashes With SVG | REACTION,Eric Estepp,2025-08-10T00:48:45Z,98737,3955,1193,PT16M26S,https://youtube.com/watch?v=hOJko4r9OLc
33,,2025-06-08,PiOELqviAzU,This. Is. Embarrassing. - Part 2 - Austin Hill Edition,Jesse King,2025-07-29T15:52:02Z,23835,708,204,PT7M32S,https://youtube.com/watch?v=PiOELqviAzU
33,,2025-06-08,-wS-Co9IJ4A,Last Laps: A Heavyweight Fight in Vegas | 2025 NASCAR Cup Series,NASCAR,2025-10-13T00:50:29Z,80381,675,67,PT7M49S,https://youtube.com/watch?v=-wS-Co9IJ4A
33,,2025-06-08,P3vUj_OERyQ,An Unbelievable End to the 2025 NASCAR Cup Series Season | Final Laps at Phoenix,NASCAR,2025-11-03T00:22:30Z,193452,1899,582,PT6M27S,https://youtube.com/watch?v=P3vUj_OERyQ
33,,2025-06-08,HomWvKNSSRA,So Close Again: Denny Hamlin Reacts to Another Championship Miss | 2025 NASCAR Cup Series,NASCAR,2025-11-03T01:08:56Z,53500,657,282,PT5M28S,https://youtube.com/watch?v=HomWvKNSSRA
33,,2025-06-08,xL5wsAdIWyo,The Final Battle: Hamlin vs. Larson for the Championship | NASCAR,NASCAR,2025-11-03T19:46:49Z,43879,940,104,PT5M46S,https://youtube.com/watch?v=xL5wsAdIWyo
33,,2025-06-08,3LE2_qaU5kg,Denny Hamlin&#39;s Emotional Reaction to 60th Career Win | 2025 NASCAR Cup Series at Las Vegas,NASCAR,2025-10-13T01:20:00Z,56334,1080,145,PT6M45S,https://youtube.com/watch?v=3LE2_qaU5kg
33,,2025-06-08,wYcSuMaHC-k,Missing Rings: Denny Hamlin 2025,The Iceberg,2025-11-05T23:21:21Z,18343,798,296,PT11M,https://youtube.com/watch?v=wYcSuMaHC-k
33,,2025-06-08,PVUfltDPjtY,Hamlin vs. Gibbs: Recap and Reaction from New Hampshire | 2025 NASCAR Cup Series,NASCAR,2025-09-21T22:08:03Z,58298,302,122,PT7M40S,https://youtube.com/watch?v=PVUfltDPjtY
33,,2025-06-08,l3i3W8QKTsU,WATCH: Denny Hamlin Outduels William Byron at Michigan | 2025 NASCAR FireKeepers Casino 400,NASCAR,2025-06-08T22:19:10Z,16097,224,16,PT8M37S,https://youtube.com/watch?v=l3i3W8QKTsU
33,,2025-06-08,5b5Qt3VAZrU,2025 NASCAR Cup Series Championship Reaction. THE HEARTBREAK OF ALL-TIME,FireBall Hamlin,2025-11-03T01:11:21Z,12226,275,315,PT17M44S,https://youtube.com/watch?v=5b5Qt3VAZrU
33,,2025-06-08,kykqdL18-OU,Every Denny Hamlin win in 2025,Nascar24,2025-11-16T21:00:52Z,585,13,0,PT7M,https://youtube.com/watch?v=kykqdL18-OU
33,,2025-06-08,1fYXEvm3to0,Playoff Heartbreak at the Finish | 2025 NASCAR Radioactive from Charlotte,NASCAR,2025-10-07T22:00:04Z,33499,744,51,PT6M2S,https://youtube.com/watch?v=1fYXEvm3to0
33,,2025-06-08,TipP_iG0c74,Ross Chastain Answers the Internet | NASCAR,NASCAR,2025-12-30T21:00:41Z,26259,1310,74,PT5M21S,https://youtube.com/watch?v=TipP_iG0c74
33,,2025-06-08,5DH4F0tdewY,CHASTAIN WINNING INTERVIEW + BYRON POST RACE INTERVIEW - 2025 COCACOLA 600 - 2025 NASCAR CUP SERIES,SportsNewsCentral,2025-06-27T18:45:06Z,238,0,0,PT5M49S,https://youtube.com/watch?v=5DH4F0tdewY
33,,2025-06-08,b49PzC9kVtY,BACKWARD FINISH Decides Final Playoff Spot | 2025 NASCAR Cup Series at Charlotte,NASCAR,2025-10-05T23:13:10Z,54550,332,48,PT8M17S,https://youtube.com/watch?v=b49PzC9kVtY
33,,2025-06-08,1hUYa4asnOs,Dale Earnhardt Jr. Just DESTROYED Ross Chastain on Live TV!,NASCAR TODAY,2025-07-09T20:00:02Z,30755,146,30,PT13M13S,https://youtube.com/watch?v=1hUYa4asnOs
33,,2025-06-08,TqYY4tZXfIE,Why Ross Chastain’s Approach Could Influence the Next Generation,NASCAR TODAY,2025-11-10T18:15:05Z,2081,22,0,PT8M4S,https://youtube.com/watch?v=TqYY4tZXfIE
33,,2025-06-08,BV4PsJmXu-Y,Ross Chastain Destroyed by NASCAR After Texas Finish — What the HELL Just Happened?!,NASCAR Insider,2025-05-06T16:00:28Z,4906,46,6,PT6M43S,https://youtube.com/watch?v=BV4PsJmXu-Y
33,,2025-06-08,HI2XOFCFWIA,From the Back to Victory Lane: Ross Chastain’s Wild Drive | 2025 NASCAR Coca-Cola 600,NASCAR,2025-05-26T04:55:59Z,44478,706,72,PT8M41S,https://youtube.com/watch?v=HI2XOFCFWIA
33,,2025-06-08,NrKCX_9gNYw,Daniel Suárez GOES OFF on Ross Chastain After WILD Vegas Finish!,NASCAR Insider,2026-03-17T16:46:12Z,515,11,7,PT9M52S,https://youtube.com/watch?v=NrKCX_9gNYw
33,,2025-06-08,Yl08L6Y0y3Y,2025 Coca-Cola 600 | NASCAR Official Extended Highlights,NASCAR,2025-05-26T03:36:47Z,460195,5589,360,PT15M41S,https://youtube.com/watch?v=Yl08L6Y0y3Y
33,,2025-06-08,YISsxP9tCUM,Reddit Asks Brad Keselowski WILD Questions | NASCAR,NASCAR,2025-08-21T21:00:30Z,79125,3961,168,PT7M16S,https://youtube.com/watch?v=YISsxP9tCUM
33,,2025-06-08,78NwQZmqxz0,Final Laps: A WILD Bristol Finish | 2025 NASCAR Cup Series,NASCAR,2025-09-14T03:58:50Z,222659,975,130,PT5M12S,https://youtube.com/watch?v=78NwQZmqxz0
33,,2025-06-08,Hq1V6sDUnGs,Extended Highlights | 2025 NASCAR Cup Series from Iowa,NASCAR,2025-08-04T01:34:16Z,175870,2111,137,PT19M55S,https://youtube.com/watch?v=Hq1V6sDUnGs
33,,2025-06-08,50X_h1q0LXI,Gateway Turns Up the Playoff Heat | 2025 NASCAR Cup Series Extended Highlights,NASCAR,2025-09-07T23:02:36Z,243284,3618,240,PT18M,https://youtube.com/watch?v=50X_h1q0LXI
33,,2025-06-08,hKsNXFB_8V4,NASCAR Cup Series 2025: Pennzoil 400 | EXTENDED HIGHLIGHTS | 3/16/25 | Motorsports on NBC,Motorsports on NBC,2025-03-16T23:54:59Z,150191,2662,143,PT16M46S,https://youtube.com/watch?v=hKsNXFB_8V4
33,,2025-06-08,peOrAd5ipF4,NASCAR Cup Series 2025: EchoPark Automotive GP | EXTENDED HIGHLIGHTS | 3/2/25 | Motorsports on NBC,Motorsports on NBC,2025-03-03T01:01:52Z,109346,1811,140,PT17M15S,https://youtube.com/watch?v=peOrAd5ipF4
33,,2025-06-08,6xDyB0-uLpY,NASCAR Cup Series 2025: Cook Out 400 | EXTENDED HIGHLIGHTS | 3/30/25 | Motorsports on NBC,Motorsports on NBC,2025-03-30T23:01:09Z,110539,1968,115,PT16M27S,https://youtube.com/watch?v=6xDyB0-uLpY
33,,2025-06-08,JpRqXvWF63I,NASCAR Cup Series 2025: All-Star Race | EXTENDED HIGHLIGHTS | 5/18/25 | Motorsports on NBC,Motorsports on NBC,2025-05-19T02:48:07Z,107467,1826,148,PT16M22S,https://youtube.com/watch?v=JpRqXvWF63I
33,,2025-06-08,83kRqoa7uHY,Brad Keselowski Injury | Jimmie Johnson Seeking Daytona History | Top 50 Drivers of 2025 Reaction,Eric Estepp,2025-12-22T15:40:01Z,52846,2821,267,PT13M6S,https://youtube.com/watch?v=83kRqoa7uHY
33,,2025-06-08,Le_y1ap2Ct8,&#39;The car drives like s**t&#39; | NASCAR RADIOACTIVE from the 2025 All-Star Race,NASCAR,2025-05-20T21:43:50Z,35032,816,64,PT6M6S,https://youtube.com/watch?v=Le_y1ap2Ct8
34,,2025-06-15,v-kwi-xD40w,Todd Gilliland Clips For Edits All Years By smithdoit,NSCP by smithdoit  (ScenePacks),2025-11-01T21:49:13Z,188,11,2,PT5M50S,https://youtube.com/watch?v=v-kwi-xD40w
34,,2025-06-15,jwrAEeikBt0,How Do NASCAR Drivers Pee? | Todd Gilliland Reveals All,Rated Red,2025-02-12T20:08:32Z,3904,130,12,PT9M13S,https://youtube.com/watch?v=jwrAEeikBt0
34,,2025-06-15,rKBDulrtVGQ,Countdown to Daytona: Todd Gilliland,FOX8 WGHP,2025-02-12T19:42:23Z,182,2,0,PT8M37S,https://youtube.com/watch?v=rKBDulrtVGQ
34,,2025-06-15,1VkIwkAEqPg,Ryan Preece on Having the Best Car at the End; Todd Gilliland &amp; Josh Berry Have Great Runs,Frontstretch,2025-10-26T23:00:00Z,3318,54,3,PT4M39S,https://youtube.com/watch?v=1VkIwkAEqPg
34,,2025-06-15,BgTJtLE_M-M,"Todd Gilliland on qualifying at Darlington, being a leader at Front Row and his Ray Fox throwback",Nikolai P. Culp,2025-04-05T19:08:56Z,99,7,0,PT4M21S,https://youtube.com/watch?v=BgTJtLE_M-M
34,,2025-06-15,-FiLN6JeJDw,Todd Gilliland 2025 Loves Diecast Review ,Halo Radiance,2025-12-17T13:04:17Z,43,1,0,PT4M45S,https://youtube.com/watch?v=-FiLN6JeJDw
34,,2025-06-15,Fa2FiWKiiBc,"Todd Gilliland Talks Changes at Front Row, McDowell&#39;s Departure, New Teammates, and More!",Eric Estepp,2025-05-22T16:27:59Z,17254,1085,46,PT8M43S,https://youtube.com/watch?v=Fa2FiWKiiBc
34,,2025-06-15,ZVQo5SYURG0,2025 TODD GILLILAND LOVE&#39;S FORD MUSTANG DIECASTBUFFET NASCAR DIECAST REVIEW 1/64,Diecastbuffet,2026-01-20T21:03:33Z,218,13,8,PT8M30S,https://youtube.com/watch?v=ZVQo5SYURG0
34,,2025-06-15,Q2clHIifaNk,NASCAR 25 - #34 Todd Gilliland (Ford) - Gameplay (PS5 UHD) [4K60FPS],Throneful,2025-10-30T19:00:29Z,648,18,0,PT17M38S,https://youtube.com/watch?v=Q2clHIifaNk
34,,2025-06-15,YRqNFLkuh9Q,Todd Gilliland Crew Chief Chris Lawson on motivating a team in a tough season and what&#39;s next,Sky View Sports Roy J. Akers,2025-07-26T18:42:07Z,68,0,0,PT5M38S,https://youtube.com/watch?v=YRqNFLkuh9Q
34,,2025-06-15,Hgz5ZskUe68,Austin Hill &amp; Richard Childress Remember Kyle Busch After San Diego Win | NASCAR,NASCAR,2026-06-21T02:56:52Z,35090,668,65,PT5M45S,https://youtube.com/watch?v=Hgz5ZskUe68
34,,2025-06-15,-ZSfV1hsFEk,Every Austin Hill win in 2025,Nascar24,2025-12-06T21:00:00Z,193,7,0,PT7M35S,https://youtube.com/watch?v=-ZSfV1hsFEk
34,,2025-06-15,X7qxa43I8Bc,The Austin Hill Experience | Why Fans Are Fed Up,The Iceberg,2025-08-11T19:34:01Z,44839,1454,572,PT9M9S,https://youtube.com/watch?v=X7qxa43I8Bc
34,,2025-06-15,szQF_RtjpI8,RCR Keeps Embarrassing Themselves | Austin Hill Wrecks Aric Almirola REACTION,Eric Estepp,2025-07-27T06:25:16Z,114500,4466,998,PT13M,https://youtube.com/watch?v=szQF_RtjpI8
34,,2025-06-15,qUK_F0SHBhQ,&#39;Daytona has been so good to me&#39; – Austin Hill on his fourth win in five years 😮‍💨 NASCAR on FOX,NASCAR on FOX,2026-02-15T02:10:57Z,6110,94,11,PT7M42S,https://youtube.com/watch?v=qUK_F0SHBhQ
34,,2025-06-15,5yuTjIT2Fuk,Dale Earnhardt Jr. Just Said the UNTHINKABLE About Austin Hill!,NASCAR TODAY,2025-10-24T16:00:13Z,1290,10,3,PT9M41S,https://youtube.com/watch?v=5yuTjIT2Fuk
34,,2025-06-15,HAZbzV-TYhM,Austin Hill &amp; Jeb Burton post-race interviews from Talladega Superspeedway | NASCAR on FOX,NASCAR on FOX,2025-04-26T23:26:05Z,6621,75,26,PT4M41S,https://youtube.com/watch?v=HAZbzV-TYhM
34,,2025-06-15,tZHbVBdv1bM,NASCAR in PANIC! Shane van Gisbergen LASHES OUT at Austin Hill After BIG ONE Involving 11 Cars,NASCAR Nation Report,2026-06-22T01:10:05Z,4788,129,21,PT9M59S,https://youtube.com/watch?v=tZHbVBdv1bM
34,,2025-06-15,hOJko4r9OLc,Austin Hill Triggers Another Huge Crash | Zilisch Clashes With SVG | REACTION,Eric Estepp,2025-08-10T00:48:45Z,98737,3955,1193,PT16M26S,https://youtube.com/watch?v=hOJko4r9OLc
34,,2025-06-15,PiOELqviAzU,This. Is. Embarrassing. - Part 2 - Austin Hill Edition,Jesse King,2025-07-29T15:52:02Z,23835,708,204,PT7M32S,https://youtube.com/watch?v=PiOELqviAzU
34,,2025-06-15,-wS-Co9IJ4A,Last Laps: A Heavyweight Fight in Vegas | 2025 NASCAR Cup Series,NASCAR,2025-10-13T00:50:29Z,80385,675,67,PT7M49S,https://youtube.com/watch?v=-wS-Co9IJ4A
34,,2025-06-15,P3vUj_OERyQ,An Unbelievable End to the 2025 NASCAR Cup Series Season | Final Laps at Phoenix,NASCAR,2025-11-03T00:22:30Z,193458,1899,582,PT6M27S,https://youtube.com/watch?v=P3vUj_OERyQ
34,,2025-06-15,HomWvKNSSRA,So Close Again: Denny Hamlin Reacts to Another Championship Miss | 2025 NASCAR Cup Series,NASCAR,2025-11-03T01:08:56Z,53500,657,282,PT5M28S,https://youtube.com/watch?v=HomWvKNSSRA
34,,2025-06-15,xL5wsAdIWyo,The Final Battle: Hamlin vs. Larson for the Championship | NASCAR,NASCAR,2025-11-03T19:46:49Z,43880,940,104,PT5M46S,https://youtube.com/watch?v=xL5wsAdIWyo
34,,2025-06-15,3LE2_qaU5kg,Denny Hamlin&#39;s Emotional Reaction to 60th Career Win | 2025 NASCAR Cup Series at Las Vegas,NASCAR,2025-10-13T01:20:00Z,56335,1080,145,PT6M45S,https://youtube.com/watch?v=3LE2_qaU5kg
34,,2025-06-15,wYcSuMaHC-k,Missing Rings: Denny Hamlin 2025,The Iceberg,2025-11-05T23:21:21Z,18343,798,296,PT11M,https://youtube.com/watch?v=wYcSuMaHC-k
34,,2025-06-15,PVUfltDPjtY,Hamlin vs. Gibbs: Recap and Reaction from New Hampshire | 2025 NASCAR Cup Series,NASCAR,2025-09-21T22:08:03Z,58298,302,122,PT7M40S,https://youtube.com/watch?v=PVUfltDPjtY
34,,2025-06-15,l3i3W8QKTsU,WATCH: Denny Hamlin Outduels William Byron at Michigan | 2025 NASCAR FireKeepers Casino 400,NASCAR,2025-06-08T22:19:10Z,16097,224,16,PT8M37S,https://youtube.com/watch?v=l3i3W8QKTsU
34,,2025-06-15,5b5Qt3VAZrU,2025 NASCAR Cup Series Championship Reaction. THE HEARTBREAK OF ALL-TIME,FireBall Hamlin,2025-11-03T01:11:21Z,12226,275,315,PT17M44S,https://youtube.com/watch?v=5b5Qt3VAZrU
34,,2025-06-15,kykqdL18-OU,Every Denny Hamlin win in 2025,Nascar24,2025-11-16T21:00:52Z,585,13,0,PT7M,https://youtube.com/watch?v=kykqdL18-OU
34,,2025-06-15,TipP_iG0c74,Ross Chastain Answers the Internet | NASCAR,NASCAR,2025-12-30T21:00:41Z,26260,1310,74,PT5M21S,https://youtube.com/watch?v=TipP_iG0c74
34,,2025-06-15,1fYXEvm3to0,Playoff Heartbreak at the Finish | 2025 NASCAR Radioactive from Charlotte,NASCAR,2025-10-07T22:00:04Z,33496,744,51,PT6M2S,https://youtube.com/watch?v=1fYXEvm3to0
34,,2025-06-15,5DH4F0tdewY,CHASTAIN WINNING INTERVIEW + BYRON POST RACE INTERVIEW - 2025 COCACOLA 600 - 2025 NASCAR CUP SERIES,SportsNewsCentral,2025-06-27T18:45:06Z,238,0,0,PT5M49S,https://youtube.com/watch?v=5DH4F0tdewY
34,,2025-06-15,NrKCX_9gNYw,Daniel Suárez GOES OFF on Ross Chastain After WILD Vegas Finish!,NASCAR Insider,2026-03-17T16:46:12Z,515,11,7,PT9M52S,https://youtube.com/watch?v=NrKCX_9gNYw
34,,2025-06-15,1hUYa4asnOs,Dale Earnhardt Jr. Just DESTROYED Ross Chastain on Live TV!,NASCAR TODAY,2025-07-09T20:00:02Z,30755,146,30,PT13M13S,https://youtube.com/watch?v=1hUYa4asnOs
34,,2025-06-15,TqYY4tZXfIE,Why Ross Chastain’s Approach Could Influence the Next Generation,NASCAR TODAY,2025-11-10T18:15:05Z,2081,22,0,PT8M4S,https://youtube.com/watch?v=TqYY4tZXfIE
34,,2025-06-15,BV4PsJmXu-Y,Ross Chastain Destroyed by NASCAR After Texas Finish — What the HELL Just Happened?!,NASCAR Insider,2025-05-06T16:00:28Z,4906,46,6,PT6M43S,https://youtube.com/watch?v=BV4PsJmXu-Y
34,,2025-06-15,b49PzC9kVtY,BACKWARD FINISH Decides Final Playoff Spot | 2025 NASCAR Cup Series at Charlotte,NASCAR,2025-10-05T23:13:10Z,54550,332,48,PT8M17S,https://youtube.com/watch?v=b49PzC9kVtY
34,,2025-06-15,HI2XOFCFWIA,From the Back to Victory Lane: Ross Chastain’s Wild Drive | 2025 NASCAR Coca-Cola 600,NASCAR,2025-05-26T04:55:59Z,44478,706,72,PT8M41S,https://youtube.com/watch?v=HI2XOFCFWIA
34,,2025-06-15,VD-F7NgOAPM,Ross Chastain After His Incredible Comeback Win at Charlotte | NASCAR on Prime | Prime Video,Sports On Prime,2025-05-26T17:20:35Z,60324,1177,181,PT13M3S,https://youtube.com/watch?v=VD-F7NgOAPM
34,,2025-06-15,YISsxP9tCUM,Reddit Asks Brad Keselowski WILD Questions | NASCAR,NASCAR,2025-08-21T21:00:30Z,79125,3961,168,PT7M16S,https://youtube.com/watch?v=YISsxP9tCUM
34,,2025-06-15,78NwQZmqxz0,Final Laps: A WILD Bristol Finish | 2025 NASCAR Cup Series,NASCAR,2025-09-14T03:58:50Z,222659,975,130,PT5M12S,https://youtube.com/watch?v=78NwQZmqxz0
34,,2025-06-15,Hq1V6sDUnGs,Extended Highlights | 2025 NASCAR Cup Series from Iowa,NASCAR,2025-08-04T01:34:16Z,175870,2111,137,PT19M55S,https://youtube.com/watch?v=Hq1V6sDUnGs
34,,2025-06-15,hKsNXFB_8V4,NASCAR Cup Series 2025: Pennzoil 400 | EXTENDED HIGHLIGHTS | 3/16/25 | Motorsports on NBC,Motorsports on NBC,2025-03-16T23:54:59Z,150191,2662,143,PT16M46S,https://youtube.com/watch?v=hKsNXFB_8V4
34,,2025-06-15,peOrAd5ipF4,NASCAR Cup Series 2025: EchoPark Automotive GP | EXTENDED HIGHLIGHTS | 3/2/25 | Motorsports on NBC,Motorsports on NBC,2025-03-03T01:01:52Z,109346,1811,140,PT17M15S,https://youtube.com/watch?v=peOrAd5ipF4
34,,2025-06-15,6xDyB0-uLpY,NASCAR Cup Series 2025: Cook Out 400 | EXTENDED HIGHLIGHTS | 3/30/25 | Motorsports on NBC,Motorsports on NBC,2025-03-30T23:01:09Z,110539,1968,115,PT16M27S,https://youtube.com/watch?v=6xDyB0-uLpY
34,,2025-06-15,50X_h1q0LXI,Gateway Turns Up the Playoff Heat | 2025 NASCAR Cup Series Extended Highlights,NASCAR,2025-09-07T23:02:36Z,243284,3618,240,PT18M,https://youtube.com/watch?v=50X_h1q0LXI
34,,2025-06-15,JpRqXvWF63I,NASCAR Cup Series 2025: All-Star Race | EXTENDED HIGHLIGHTS | 5/18/25 | Motorsports on NBC,Motorsports on NBC,2025-05-19T02:48:07Z,107467,1826,148,PT16M22S,https://youtube.com/watch?v=JpRqXvWF63I
34,,2025-06-15,83kRqoa7uHY,Brad Keselowski Injury | Jimmie Johnson Seeking Daytona History | Top 50 Drivers of 2025 Reaction,Eric Estepp,2025-12-22T15:40:01Z,52846,2821,267,PT13M6S,https://youtube.com/watch?v=83kRqoa7uHY
34,,2025-06-15,Le_y1ap2Ct8,&#39;The car drives like s**t&#39; | NASCAR RADIOACTIVE from the 2025 All-Star Race,NASCAR,2025-05-20T21:43:50Z,35032,816,64,PT6M6S,https://youtube.com/watch?v=Le_y1ap2Ct8
19,,2025-06-22,jwrAEeikBt0,How Do NASCAR Drivers Pee? | Todd Gilliland Reveals All,Rated Red,2025-02-12T20:08:32Z,3904,130,12,PT9M13S,https://youtube.com/watch?v=jwrAEeikBt0
19,,2025-06-22,v-kwi-xD40w,Todd Gilliland Clips For Edits All Years By smithdoit,NSCP by smithdoit  (ScenePacks),2025-11-01T21:49:13Z,188,11,2,PT5M50S,https://youtube.com/watch?v=v-kwi-xD40w
19,,2025-06-22,YRqNFLkuh9Q,Todd Gilliland Crew Chief Chris Lawson on motivating a team in a tough season and what&#39;s next,Sky View Sports Roy J. Akers,2025-07-26T18:42:07Z,68,0,0,PT5M38S,https://youtube.com/watch?v=YRqNFLkuh9Q
19,,2025-06-22,VjsnnSaIS_c,Todd Gilliland Returning To Front Row Motorsports In 2025,Daniel Kriete,2024-06-05T13:36:02Z,410,26,6,PT8M7S,https://youtube.com/watch?v=VjsnnSaIS_c
19,,2025-06-22,rKBDulrtVGQ,Countdown to Daytona: Todd Gilliland,FOX8 WGHP,2025-02-12T19:42:23Z,182,2,0,PT8M37S,https://youtube.com/watch?v=rKBDulrtVGQ
19,,2025-06-22,1VkIwkAEqPg,Ryan Preece on Having the Best Car at the End; Todd Gilliland &amp; Josh Berry Have Great Runs,Frontstretch,2025-10-26T23:00:00Z,3318,54,3,PT4M39S,https://youtube.com/watch?v=1VkIwkAEqPg
19,,2025-06-22,BgTJtLE_M-M,"Todd Gilliland on qualifying at Darlington, being a leader at Front Row and his Ray Fox throwback",Nikolai P. Culp,2025-04-05T19:08:56Z,99,7,0,PT4M21S,https://youtube.com/watch?v=BgTJtLE_M-M
19,,2025-06-22,Fa2FiWKiiBc,"Todd Gilliland Talks Changes at Front Row, McDowell&#39;s Departure, New Teammates, and More!",Eric Estepp,2025-05-22T16:27:59Z,17254,1085,46,PT8M43S,https://youtube.com/watch?v=Fa2FiWKiiBc
19,,2025-06-22,-FiLN6JeJDw,Todd Gilliland 2025 Loves Diecast Review ,Halo Radiance,2025-12-17T13:04:17Z,43,1,0,PT4M45S,https://youtube.com/watch?v=-FiLN6JeJDw
19,,2025-06-22,ZVQo5SYURG0,2025 TODD GILLILAND LOVE&#39;S FORD MUSTANG DIECASTBUFFET NASCAR DIECAST REVIEW 1/64,Diecastbuffet,2026-01-20T21:03:33Z,218,13,8,PT8M30S,https://youtube.com/watch?v=ZVQo5SYURG0
19,,2025-06-22,Hgz5ZskUe68,Austin Hill &amp; Richard Childress Remember Kyle Busch After San Diego Win | NASCAR,NASCAR,2026-06-21T02:56:52Z,35090,668,65,PT5M45S,https://youtube.com/watch?v=Hgz5ZskUe68
19,,2025-06-22,X7qxa43I8Bc,The Austin Hill Experience | Why Fans Are Fed Up,The Iceberg,2025-08-11T19:34:01Z,44839,1454,572,PT9M9S,https://youtube.com/watch?v=X7qxa43I8Bc
19,,2025-06-22,-ZSfV1hsFEk,Every Austin Hill win in 2025,Nascar24,2025-12-06T21:00:00Z,193,7,0,PT7M35S,https://youtube.com/watch?v=-ZSfV1hsFEk
19,,2025-06-22,szQF_RtjpI8,RCR Keeps Embarrassing Themselves | Austin Hill Wrecks Aric Almirola REACTION,Eric Estepp,2025-07-27T06:25:16Z,114500,4466,998,PT13M,https://youtube.com/watch?v=szQF_RtjpI8
19,,2025-06-22,qUK_F0SHBhQ,&#39;Daytona has been so good to me&#39; – Austin Hill on his fourth win in five years 😮‍💨 NASCAR on FOX,NASCAR on FOX,2026-02-15T02:10:57Z,6110,94,11,PT7M42S,https://youtube.com/watch?v=qUK_F0SHBhQ
19,,2025-06-22,5yuTjIT2Fuk,Dale Earnhardt Jr. Just Said the UNTHINKABLE About Austin Hill!,NASCAR TODAY,2025-10-24T16:00:13Z,1290,10,3,PT9M41S,https://youtube.com/watch?v=5yuTjIT2Fuk
19,,2025-06-22,tZHbVBdv1bM,NASCAR in PANIC! Shane van Gisbergen LASHES OUT at Austin Hill After BIG ONE Involving 11 Cars,NASCAR Nation Report,2026-06-22T01:10:05Z,4788,129,21,PT9M59S,https://youtube.com/watch?v=tZHbVBdv1bM
19,,2025-06-22,hOJko4r9OLc,Austin Hill Triggers Another Huge Crash | Zilisch Clashes With SVG | REACTION,Eric Estepp,2025-08-10T00:48:45Z,98737,3955,1193,PT16M26S,https://youtube.com/watch?v=hOJko4r9OLc
19,,2025-06-22,PiOELqviAzU,This. Is. Embarrassing. - Part 2 - Austin Hill Edition,Jesse King,2025-07-29T15:52:02Z,23835,708,204,PT7M32S,https://youtube.com/watch?v=PiOELqviAzU
19,,2025-06-22,X8Vr-alosZQ,Richard Childress BREAKS DOWN While Remembering Kyle Busch after Austin Hill Victory!,NASCAR Central,2026-06-21T18:00:09Z,495,16,0,PT10M15S,https://youtube.com/watch?v=X8Vr-alosZQ
19,,2025-06-22,-wS-Co9IJ4A,Last Laps: A Heavyweight Fight in Vegas | 2025 NASCAR Cup Series,NASCAR,2025-10-13T00:50:29Z,80381,675,67,PT7M49S,https://youtube.com/watch?v=-wS-Co9IJ4A
19,,2025-06-22,P3vUj_OERyQ,An Unbelievable End to the 2025 NASCAR Cup Series Season | Final Laps at Phoenix,NASCAR,2025-11-03T00:22:30Z,193452,1899,582,PT6M27S,https://youtube.com/watch?v=P3vUj_OERyQ
19,,2025-06-22,HomWvKNSSRA,So Close Again: Denny Hamlin Reacts to Another Championship Miss | 2025 NASCAR Cup Series,NASCAR,2025-11-03T01:08:56Z,53500,657,282,PT5M28S,https://youtube.com/watch?v=HomWvKNSSRA
19,,2025-06-22,xL5wsAdIWyo,The Final Battle: Hamlin vs. Larson for the Championship | NASCAR,NASCAR,2025-11-03T19:46:49Z,43879,940,104,PT5M46S,https://youtube.com/watch?v=xL5wsAdIWyo
19,,2025-06-22,3LE2_qaU5kg,Denny Hamlin&#39;s Emotional Reaction to 60th Career Win | 2025 NASCAR Cup Series at Las Vegas,NASCAR,2025-10-13T01:20:00Z,56334,1080,145,PT6M45S,https://youtube.com/watch?v=3LE2_qaU5kg
19,,2025-06-22,wYcSuMaHC-k,Missing Rings: Denny Hamlin 2025,The Iceberg,2025-11-05T23:21:21Z,18343,798,296,PT11M,https://youtube.com/watch?v=wYcSuMaHC-k
19,,2025-06-22,PVUfltDPjtY,Hamlin vs. Gibbs: Recap and Reaction from New Hampshire | 2025 NASCAR Cup Series,NASCAR,2025-09-21T22:08:03Z,58298,302,122,PT7M40S,https://youtube.com/watch?v=PVUfltDPjtY
19,,2025-06-22,l3i3W8QKTsU,WATCH: Denny Hamlin Outduels William Byron at Michigan | 2025 NASCAR FireKeepers Casino 400,NASCAR,2025-06-08T22:19:10Z,16097,224,16,PT8M37S,https://youtube.com/watch?v=l3i3W8QKTsU
19,,2025-06-22,5b5Qt3VAZrU,2025 NASCAR Cup Series Championship Reaction. THE HEARTBREAK OF ALL-TIME,FireBall Hamlin,2025-11-03T01:11:21Z,12226,275,315,PT17M44S,https://youtube.com/watch?v=5b5Qt3VAZrU
19,,2025-06-22,kykqdL18-OU,Every Denny Hamlin win in 2025,Nascar24,2025-11-16T21:00:52Z,585,13,0,PT7M,https://youtube.com/watch?v=kykqdL18-OU
19,,2025-06-22,1fYXEvm3to0,Playoff Heartbreak at the Finish | 2025 NASCAR Radioactive from Charlotte,NASCAR,2025-10-07T22:00:04Z,33497,744,51,PT6M2S,https://youtube.com/watch?v=1fYXEvm3to0
19,,2025-06-22,TipP_iG0c74,Ross Chastain Answers the Internet | NASCAR,NASCAR,2025-12-30T21:00:41Z,26259,1310,74,PT5M21S,https://youtube.com/watch?v=TipP_iG0c74
19,,2025-06-22,5DH4F0tdewY,CHASTAIN WINNING INTERVIEW + BYRON POST RACE INTERVIEW - 2025 COCACOLA 600 - 2025 NASCAR CUP SERIES,SportsNewsCentral,2025-06-27T18:45:06Z,238,0,0,PT5M49S,https://youtube.com/watch?v=5DH4F0tdewY
19,,2025-06-22,b49PzC9kVtY,BACKWARD FINISH Decides Final Playoff Spot | 2025 NASCAR Cup Series at Charlotte,NASCAR,2025-10-05T23:13:10Z,54550,332,48,PT8M17S,https://youtube.com/watch?v=b49PzC9kVtY
19,,2025-06-22,1hUYa4asnOs,Dale Earnhardt Jr. Just DESTROYED Ross Chastain on Live TV!,NASCAR TODAY,2025-07-09T20:00:02Z,30755,146,30,PT13M13S,https://youtube.com/watch?v=1hUYa4asnOs
19,,2025-06-22,TqYY4tZXfIE,Why Ross Chastain’s Approach Could Influence the Next Generation,NASCAR TODAY,2025-11-10T18:15:05Z,2081,22,0,PT8M4S,https://youtube.com/watch?v=TqYY4tZXfIE
19,,2025-06-22,HI2XOFCFWIA,From the Back to Victory Lane: Ross Chastain’s Wild Drive | 2025 NASCAR Coca-Cola 600,NASCAR,2025-05-26T04:55:59Z,44478,706,72,PT8M41S,https://youtube.com/watch?v=HI2XOFCFWIA
19,,2025-06-22,BV4PsJmXu-Y,Ross Chastain Destroyed by NASCAR After Texas Finish — What the HELL Just Happened?!,NASCAR Insider,2025-05-06T16:00:28Z,4906,46,6,PT6M43S,https://youtube.com/watch?v=BV4PsJmXu-Y
19,,2025-06-22,NrKCX_9gNYw,Daniel Suárez GOES OFF on Ross Chastain After WILD Vegas Finish!,NASCAR Insider,2026-03-17T16:46:12Z,515,11,7,PT9M52S,https://youtube.com/watch?v=NrKCX_9gNYw
19,,2025-06-22,Yl08L6Y0y3Y,2025 Coca-Cola 600 | NASCAR Official Extended Highlights,NASCAR,2025-05-26T03:36:47Z,460194,5589,360,PT15M41S,https://youtube.com/watch?v=Yl08L6Y0y3Y
19,,2025-06-22,YISsxP9tCUM,Reddit Asks Brad Keselowski WILD Questions | NASCAR,NASCAR,2025-08-21T21:00:30Z,79125,3961,168,PT7M16S,https://youtube.com/watch?v=YISsxP9tCUM
19,,2025-06-22,78NwQZmqxz0,Final Laps: A WILD Bristol Finish | 2025 NASCAR Cup Series,NASCAR,2025-09-14T03:58:50Z,222659,975,130,PT5M12S,https://youtube.com/watch?v=78NwQZmqxz0
19,,2025-06-22,Hq1V6sDUnGs,Extended Highlights | 2025 NASCAR Cup Series from Iowa,NASCAR,2025-08-04T01:34:16Z,175870,2111,137,PT19M55S,https://youtube.com/watch?v=Hq1V6sDUnGs
19,,2025-06-22,peOrAd5ipF4,NASCAR Cup Series 2025: EchoPark Automotive GP | EXTENDED HIGHLIGHTS | 3/2/25 | Motorsports on NBC,Motorsports on NBC,2025-03-03T01:01:52Z,109346,1811,140,PT17M15S,https://youtube.com/watch?v=peOrAd5ipF4
19,,2025-06-22,hKsNXFB_8V4,NASCAR Cup Series 2025: Pennzoil 400 | EXTENDED HIGHLIGHTS | 3/16/25 | Motorsports on NBC,Motorsports on NBC,2025-03-16T23:54:59Z,150191,2662,143,PT16M46S,https://youtube.com/watch?v=hKsNXFB_8V4
19,,2025-06-22,6xDyB0-uLpY,NASCAR Cup Series 2025: Cook Out 400 | EXTENDED HIGHLIGHTS | 3/30/25 | Motorsports on NBC,Motorsports on NBC,2025-03-30T23:01:09Z,110539,1968,115,PT16M27S,https://youtube.com/watch?v=6xDyB0-uLpY
19,,2025-06-22,50X_h1q0LXI,Gateway Turns Up the Playoff Heat | 2025 NASCAR Cup Series Extended Highlights,NASCAR,2025-09-07T23:02:36Z,243284,3618,240,PT18M,https://youtube.com/watch?v=50X_h1q0LXI
19,,2025-06-22,JpRqXvWF63I,NASCAR Cup Series 2025: All-Star Race | EXTENDED HIGHLIGHTS | 5/18/25 | Motorsports on NBC,Motorsports on NBC,2025-05-19T02:48:07Z,107467,1826,148,PT16M22S,https://youtube.com/watch?v=JpRqXvWF63I
19,,2025-06-22,83kRqoa7uHY,Brad Keselowski Injury | Jimmie Johnson Seeking Daytona History | Top 50 Drivers of 2025 Reaction,Eric Estepp,2025-12-22T15:40:01Z,52846,2821,267,PT13M6S,https://youtube.com/watch?v=83kRqoa7uHY
19,,2025-06-22,Le_y1ap2Ct8,&#39;The car drives like s**t&#39; | NASCAR RADIOACTIVE from the 2025 All-Star Race,NASCAR,2025-05-20T21:43:50Z,35032,816,64,PT6M6S,https://youtube.com/watch?v=Le_y1ap2Ct8
18,,2025-06-28,jwrAEeikBt0,How Do NASCAR Drivers Pee? | Todd Gilliland Reveals All,Rated Red,2025-02-12T20:08:32Z,3904,130,12,PT9M13S,https://youtube.com/watch?v=jwrAEeikBt0
18,,2025-06-28,Fa2FiWKiiBc,"Todd Gilliland Talks Changes at Front Row, McDowell&#39;s Departure, New Teammates, and More!",Eric Estepp,2025-05-22T16:27:59Z,17254,1085,46,PT8M43S,https://youtube.com/watch?v=Fa2FiWKiiBc
18,,2025-06-28,Nk8LdNd_XtM,2025 TODD GILLILAND GRILLO&#39;S FORD MUSTANG DIECASTBUFFET NASCAR DIECAST REVIEW 1/64,Diecastbuffet,2026-05-29T01:42:45Z,188,12,3,PT10M7S,https://youtube.com/watch?v=Nk8LdNd_XtM
18,,2025-06-28,v-kwi-xD40w,Todd Gilliland Clips For Edits All Years By smithdoit,NSCP by smithdoit  (ScenePacks),2025-11-01T21:49:13Z,188,11,2,PT5M50S,https://youtube.com/watch?v=v-kwi-xD40w
18,,2025-06-28,rKBDulrtVGQ,Countdown to Daytona: Todd Gilliland,FOX8 WGHP,2025-02-12T19:42:23Z,182,2,0,PT8M37S,https://youtube.com/watch?v=rKBDulrtVGQ
18,,2025-06-28,bbaZ1Nei-DY,Todd Gilliland &amp; Zane Smith Remain Focused On Racing In Midst of FRM Losing Injunction Lawsuit,Frontstretch,2025-06-07T16:10:37Z,457,14,0,PT5M10S,https://youtube.com/watch?v=bbaZ1Nei-DY
18,,2025-06-28,BgTJtLE_M-M,"Todd Gilliland on qualifying at Darlington, being a leader at Front Row and his Ray Fox throwback",Nikolai P. Culp,2025-04-05T19:08:56Z,99,7,0,PT4M21S,https://youtube.com/watch?v=BgTJtLE_M-M
18,,2025-06-28,Q2clHIifaNk,NASCAR 25 - #34 Todd Gilliland (Ford) - Gameplay (PS5 UHD) [4K60FPS],Throneful,2025-10-30T19:00:29Z,648,18,0,PT17M38S,https://youtube.com/watch?v=Q2clHIifaNk
18,,2025-06-28,VjsnnSaIS_c,Todd Gilliland Returning To Front Row Motorsports In 2025,Daniel Kriete,2024-06-05T13:36:02Z,410,26,6,PT8M7S,https://youtube.com/watch?v=VjsnnSaIS_c
18,,2025-06-28,FbntZWZjwMg,The Inside Lane | Episode 96: Todd Gilliland from the Daytona 500,Sports360AZ,2025-02-24T22:29:01Z,74,0,0,PT4M57S,https://youtube.com/watch?v=FbntZWZjwMg
18,,2025-06-28,Hgz5ZskUe68,Austin Hill &amp; Richard Childress Remember Kyle Busch After San Diego Win | NASCAR,NASCAR,2026-06-21T02:56:52Z,35090,668,65,PT5M45S,https://youtube.com/watch?v=Hgz5ZskUe68
18,,2025-06-28,-ZSfV1hsFEk,Every Austin Hill win in 2025,Nascar24,2025-12-06T21:00:00Z,193,7,0,PT7M35S,https://youtube.com/watch?v=-ZSfV1hsFEk
18,,2025-06-28,X7qxa43I8Bc,The Austin Hill Experience | Why Fans Are Fed Up,The Iceberg,2025-08-11T19:34:01Z,44839,1454,572,PT9M9S,https://youtube.com/watch?v=X7qxa43I8Bc
18,,2025-06-28,szQF_RtjpI8,RCR Keeps Embarrassing Themselves | Austin Hill Wrecks Aric Almirola REACTION,Eric Estepp,2025-07-27T06:25:16Z,114500,4466,998,PT13M,https://youtube.com/watch?v=szQF_RtjpI8
18,,2025-06-28,qUK_F0SHBhQ,&#39;Daytona has been so good to me&#39; – Austin Hill on his fourth win in five years 😮‍💨 NASCAR on FOX,NASCAR on FOX,2026-02-15T02:10:57Z,6110,94,11,PT7M42S,https://youtube.com/watch?v=qUK_F0SHBhQ
18,,2025-06-28,5yuTjIT2Fuk,Dale Earnhardt Jr. Just Said the UNTHINKABLE About Austin Hill!,NASCAR TODAY,2025-10-24T16:00:13Z,1290,10,3,PT9M41S,https://youtube.com/watch?v=5yuTjIT2Fuk
18,,2025-06-28,HAZbzV-TYhM,Austin Hill &amp; Jeb Burton post-race interviews from Talladega Superspeedway | NASCAR on FOX,NASCAR on FOX,2025-04-26T23:26:05Z,6621,75,26,PT4M41S,https://youtube.com/watch?v=HAZbzV-TYhM
18,,2025-06-28,tZHbVBdv1bM,NASCAR in PANIC! Shane van Gisbergen LASHES OUT at Austin Hill After BIG ONE Involving 11 Cars,NASCAR Nation Report,2026-06-22T01:10:05Z,4788,129,21,PT9M59S,https://youtube.com/watch?v=tZHbVBdv1bM
18,,2025-06-28,hOJko4r9OLc,Austin Hill Triggers Another Huge Crash | Zilisch Clashes With SVG | REACTION,Eric Estepp,2025-08-10T00:48:45Z,98737,3955,1193,PT16M26S,https://youtube.com/watch?v=hOJko4r9OLc
18,,2025-06-28,PiOELqviAzU,This. Is. Embarrassing. - Part 2 - Austin Hill Edition,Jesse King,2025-07-29T15:52:02Z,23835,708,204,PT7M32S,https://youtube.com/watch?v=PiOELqviAzU
18,,2025-06-28,-wS-Co9IJ4A,Last Laps: A Heavyweight Fight in Vegas | 2025 NASCAR Cup Series,NASCAR,2025-10-13T00:50:29Z,80381,675,67,PT7M49S,https://youtube.com/watch?v=-wS-Co9IJ4A
18,,2025-06-28,HomWvKNSSRA,So Close Again: Denny Hamlin Reacts to Another Championship Miss | 2025 NASCAR Cup Series,NASCAR,2025-11-03T01:08:56Z,53500,657,282,PT5M28S,https://youtube.com/watch?v=HomWvKNSSRA
18,,2025-06-28,P3vUj_OERyQ,An Unbelievable End to the 2025 NASCAR Cup Series Season | Final Laps at Phoenix,NASCAR,2025-11-03T00:22:30Z,193451,1899,582,PT6M27S,https://youtube.com/watch?v=P3vUj_OERyQ
18,,2025-06-28,wYcSuMaHC-k,Missing Rings: Denny Hamlin 2025,The Iceberg,2025-11-05T23:21:21Z,18343,798,296,PT11M,https://youtube.com/watch?v=wYcSuMaHC-k
18,,2025-06-28,3LE2_qaU5kg,Denny Hamlin&#39;s Emotional Reaction to 60th Career Win | 2025 NASCAR Cup Series at Las Vegas,NASCAR,2025-10-13T01:20:00Z,56335,1080,145,PT6M45S,https://youtube.com/watch?v=3LE2_qaU5kg
18,,2025-06-28,5b5Qt3VAZrU,2025 NASCAR Cup Series Championship Reaction. THE HEARTBREAK OF ALL-TIME,FireBall Hamlin,2025-11-03T01:11:21Z,12225,275,315,PT17M44S,https://youtube.com/watch?v=5b5Qt3VAZrU
18,,2025-06-28,xL5wsAdIWyo,The Final Battle: Hamlin vs. Larson for the Championship | NASCAR,NASCAR,2025-11-03T19:46:49Z,43880,940,104,PT5M46S,https://youtube.com/watch?v=xL5wsAdIWyo
18,,2025-06-28,kykqdL18-OU,Every Denny Hamlin win in 2025,Nascar24,2025-11-16T21:00:52Z,585,13,0,PT7M,https://youtube.com/watch?v=kykqdL18-OU
18,,2025-06-28,PVUfltDPjtY,Hamlin vs. Gibbs: Recap and Reaction from New Hampshire | 2025 NASCAR Cup Series,NASCAR,2025-09-21T22:08:03Z,58298,302,122,PT7M40S,https://youtube.com/watch?v=PVUfltDPjtY
18,,2025-06-28,l3i3W8QKTsU,WATCH: Denny Hamlin Outduels William Byron at Michigan | 2025 NASCAR FireKeepers Casino 400,NASCAR,2025-06-08T22:19:10Z,16097,224,16,PT8M37S,https://youtube.com/watch?v=l3i3W8QKTsU
18,,2025-06-28,1fYXEvm3to0,Playoff Heartbreak at the Finish | 2025 NASCAR Radioactive from Charlotte,NASCAR,2025-10-07T22:00:04Z,33499,744,51,PT6M2S,https://youtube.com/watch?v=1fYXEvm3to0
18,,2025-06-28,TipP_iG0c74,Ross Chastain Answers the Internet | NASCAR,NASCAR,2025-12-30T21:00:41Z,26259,1310,74,PT5M21S,https://youtube.com/watch?v=TipP_iG0c74
18,,2025-06-28,5DH4F0tdewY,CHASTAIN WINNING INTERVIEW + BYRON POST RACE INTERVIEW - 2025 COCACOLA 600 - 2025 NASCAR CUP SERIES,SportsNewsCentral,2025-06-27T18:45:06Z,238,0,0,PT5M49S,https://youtube.com/watch?v=5DH4F0tdewY
18,,2025-06-28,b49PzC9kVtY,BACKWARD FINISH Decides Final Playoff Spot | 2025 NASCAR Cup Series at Charlotte,NASCAR,2025-10-05T23:13:10Z,54550,332,48,PT8M17S,https://youtube.com/watch?v=b49PzC9kVtY
18,,2025-06-28,1hUYa4asnOs,Dale Earnhardt Jr. Just DESTROYED Ross Chastain on Live TV!,NASCAR TODAY,2025-07-09T20:00:02Z,30755,146,30,PT13M13S,https://youtube.com/watch?v=1hUYa4asnOs
18,,2025-06-28,TqYY4tZXfIE,Why Ross Chastain’s Approach Could Influence the Next Generation,NASCAR TODAY,2025-11-10T18:15:05Z,2081,22,0,PT8M4S,https://youtube.com/watch?v=TqYY4tZXfIE
18,,2025-06-28,BV4PsJmXu-Y,Ross Chastain Destroyed by NASCAR After Texas Finish — What the HELL Just Happened?!,NASCAR Insider,2025-05-06T16:00:28Z,4906,46,6,PT6M43S,https://youtube.com/watch?v=BV4PsJmXu-Y
18,,2025-06-28,NrKCX_9gNYw,Daniel Suárez GOES OFF on Ross Chastain After WILD Vegas Finish!,NASCAR Insider,2026-03-17T16:46:12Z,515,11,7,PT9M52S,https://youtube.com/watch?v=NrKCX_9gNYw
18,,2025-06-28,Yl08L6Y0y3Y,2025 Coca-Cola 600 | NASCAR Official Extended Highlights,NASCAR,2025-05-26T03:36:47Z,460195,5589,360,PT15M41S,https://youtube.com/watch?v=Yl08L6Y0y3Y
18,,2025-06-28,DogYuyhg1F8,NASCAR at Charlotte Motor Speedway May 2025: Ross Chastain post-race,Cup Scene ,2025-05-26T13:07:18Z,1532,47,4,PT12M16S,https://youtube.com/watch?v=DogYuyhg1F8
18,,2025-06-28,YISsxP9tCUM,Reddit Asks Brad Keselowski WILD Questions | NASCAR,NASCAR,2025-08-21T21:00:30Z,79125,3961,168,PT7M16S,https://youtube.com/watch?v=YISsxP9tCUM
18,,2025-06-28,78NwQZmqxz0,Final Laps: A WILD Bristol Finish | 2025 NASCAR Cup Series,NASCAR,2025-09-14T03:58:50Z,222659,975,130,PT5M12S,https://youtube.com/watch?v=78NwQZmqxz0
18,,2025-06-28,Hq1V6sDUnGs,Extended Highlights | 2025 NASCAR Cup Series from Iowa,NASCAR,2025-08-04T01:34:16Z,175871,2111,137,PT19M55S,https://youtube.com/watch?v=Hq1V6sDUnGs
18,,2025-06-28,hKsNXFB_8V4,NASCAR Cup Series 2025: Pennzoil 400 | EXTENDED HIGHLIGHTS | 3/16/25 | Motorsports on NBC,Motorsports on NBC,2025-03-16T23:54:59Z,150191,2662,143,PT16M46S,https://youtube.com/watch?v=hKsNXFB_8V4
18,,2025-06-28,peOrAd5ipF4,NASCAR Cup Series 2025: EchoPark Automotive GP | EXTENDED HIGHLIGHTS | 3/2/25 | Motorsports on NBC,Motorsports on NBC,2025-03-03T01:01:52Z,109346,1811,140,PT17M15S,https://youtube.com/watch?v=peOrAd5ipF4
18,,2025-06-28,6xDyB0-uLpY,NASCAR Cup Series 2025: Cook Out 400 | EXTENDED HIGHLIGHTS | 3/30/25 | Motorsports on NBC,Motorsports on NBC,2025-03-30T23:01:09Z,110539,1968,115,PT16M27S,https://youtube.com/watch?v=6xDyB0-uLpY
18,,2025-06-28,50X_h1q0LXI,Gateway Turns Up the Playoff Heat | 2025 NASCAR Cup Series Extended Highlights,NASCAR,2025-09-07T23:02:36Z,243284,3618,240,PT18M,https://youtube.com/watch?v=50X_h1q0LXI
18,,2025-06-28,83kRqoa7uHY,Brad Keselowski Injury | Jimmie Johnson Seeking Daytona History | Top 50 Drivers of 2025 Reaction,Eric Estepp,2025-12-22T15:40:01Z,52846,2821,267,PT13M6S,https://youtube.com/watch?v=83kRqoa7uHY
18,,2025-06-28,JpRqXvWF63I,NASCAR Cup Series 2025: All-Star Race | EXTENDED HIGHLIGHTS | 5/18/25 | Motorsports on NBC,Motorsports on NBC,2025-05-19T02:48:07Z,107467,1826,148,PT16M22S,https://youtube.com/watch?v=JpRqXvWF63I
18,,2025-06-28,Le_y1ap2Ct8,&#39;The car drives like s**t&#39; | NASCAR RADIOACTIVE from the 2025 All-Star Race,NASCAR,2025-05-20T21:43:50Z,35032,816,64,PT6M6S,https://youtube.com/watch?v=Le_y1ap2Ct8
17,,2025-07-06,v-kwi-xD40w,Todd Gilliland Clips For Edits All Years By smithdoit,NSCP by smithdoit  (ScenePacks),2025-11-01T21:49:13Z,188,11,2,PT5M50S,https://youtube.com/watch?v=v-kwi-xD40w
17,,2025-07-06,jwrAEeikBt0,How Do NASCAR Drivers Pee? | Todd Gilliland Reveals All,Rated Red,2025-02-12T20:08:32Z,3904,130,12,PT9M13S,https://youtube.com/watch?v=jwrAEeikBt0
17,,2025-07-06,Nk8LdNd_XtM,2025 TODD GILLILAND GRILLO&#39;S FORD MUSTANG DIECASTBUFFET NASCAR DIECAST REVIEW 1/64,Diecastbuffet,2026-05-29T01:42:45Z,188,12,3,PT10M7S,https://youtube.com/watch?v=Nk8LdNd_XtM
17,,2025-07-06,rKBDulrtVGQ,Countdown to Daytona: Todd Gilliland,FOX8 WGHP,2025-02-12T19:42:23Z,182,2,0,PT8M37S,https://youtube.com/watch?v=rKBDulrtVGQ
17,,2025-07-06,1VkIwkAEqPg,Ryan Preece on Having the Best Car at the End; Todd Gilliland &amp; Josh Berry Have Great Runs,Frontstretch,2025-10-26T23:00:00Z,3318,54,3,PT4M39S,https://youtube.com/watch?v=1VkIwkAEqPg
17,,2025-07-06,BgTJtLE_M-M,"Todd Gilliland on qualifying at Darlington, being a leader at Front Row and his Ray Fox throwback",Nikolai P. Culp,2025-04-05T19:08:56Z,99,7,0,PT4M21S,https://youtube.com/watch?v=BgTJtLE_M-M
17,,2025-07-06,VjsnnSaIS_c,Todd Gilliland Returning To Front Row Motorsports In 2025,Daniel Kriete,2024-06-05T13:36:02Z,410,26,6,PT8M7S,https://youtube.com/watch?v=VjsnnSaIS_c
17,,2025-07-06,-FiLN6JeJDw,Todd Gilliland 2025 Loves Diecast Review ,Halo Radiance,2025-12-17T13:04:17Z,43,1,0,PT4M45S,https://youtube.com/watch?v=-FiLN6JeJDw
17,,2025-07-06,Fa2FiWKiiBc,"Todd Gilliland Talks Changes at Front Row, McDowell&#39;s Departure, New Teammates, and More!",Eric Estepp,2025-05-22T16:27:59Z,17254,1085,46,PT8M43S,https://youtube.com/watch?v=Fa2FiWKiiBc
17,,2025-07-06,ZVQo5SYURG0,2025 TODD GILLILAND LOVE&#39;S FORD MUSTANG DIECASTBUFFET NASCAR DIECAST REVIEW 1/64,Diecastbuffet,2026-01-20T21:03:33Z,218,13,8,PT8M30S,https://youtube.com/watch?v=ZVQo5SYURG0
17,,2025-07-06,Hgz5ZskUe68,Austin Hill &amp; Richard Childress Remember Kyle Busch After San Diego Win | NASCAR,NASCAR,2026-06-21T02:56:52Z,35090,668,65,PT5M45S,https://youtube.com/watch?v=Hgz5ZskUe68
17,,2025-07-06,-ZSfV1hsFEk,Every Austin Hill win in 2025,Nascar24,2025-12-06T21:00:00Z,193,7,0,PT7M35S,https://youtube.com/watch?v=-ZSfV1hsFEk
17,,2025-07-06,X7qxa43I8Bc,The Austin Hill Experience | Why Fans Are Fed Up,The Iceberg,2025-08-11T19:34:01Z,44839,1454,572,PT9M9S,https://youtube.com/watch?v=X7qxa43I8Bc
17,,2025-07-06,szQF_RtjpI8,RCR Keeps Embarrassing Themselves | Austin Hill Wrecks Aric Almirola REACTION,Eric Estepp,2025-07-27T06:25:16Z,114500,4466,998,PT13M,https://youtube.com/watch?v=szQF_RtjpI8
17,,2025-07-06,qUK_F0SHBhQ,&#39;Daytona has been so good to me&#39; – Austin Hill on his fourth win in five years 😮‍💨 NASCAR on FOX,NASCAR on FOX,2026-02-15T02:10:57Z,6110,94,11,PT7M42S,https://youtube.com/watch?v=qUK_F0SHBhQ
17,,2025-07-06,5yuTjIT2Fuk,Dale Earnhardt Jr. Just Said the UNTHINKABLE About Austin Hill!,NASCAR TODAY,2025-10-24T16:00:13Z,1290,10,3,PT9M41S,https://youtube.com/watch?v=5yuTjIT2Fuk
17,,2025-07-06,HAZbzV-TYhM,Austin Hill &amp; Jeb Burton post-race interviews from Talladega Superspeedway | NASCAR on FOX,NASCAR on FOX,2025-04-26T23:26:05Z,6621,75,26,PT4M41S,https://youtube.com/watch?v=HAZbzV-TYhM
17,,2025-07-06,tZHbVBdv1bM,NASCAR in PANIC! Shane van Gisbergen LASHES OUT at Austin Hill After BIG ONE Involving 11 Cars,NASCAR Nation Report,2026-06-22T01:10:05Z,4788,129,21,PT9M59S,https://youtube.com/watch?v=tZHbVBdv1bM
17,,2025-07-06,hOJko4r9OLc,Austin Hill Triggers Another Huge Crash | Zilisch Clashes With SVG | REACTION,Eric Estepp,2025-08-10T00:48:45Z,98737,3955,1193,PT16M26S,https://youtube.com/watch?v=hOJko4r9OLc
17,,2025-07-06,PiOELqviAzU,This. Is. Embarrassing. - Part 2 - Austin Hill Edition,Jesse King,2025-07-29T15:52:02Z,23835,708,204,PT7M32S,https://youtube.com/watch?v=PiOELqviAzU
17,,2025-07-06,-wS-Co9IJ4A,Last Laps: A Heavyweight Fight in Vegas | 2025 NASCAR Cup Series,NASCAR,2025-10-13T00:50:29Z,80382,675,67,PT7M49S,https://youtube.com/watch?v=-wS-Co9IJ4A
17,,2025-07-06,P3vUj_OERyQ,An Unbelievable End to the 2025 NASCAR Cup Series Season | Final Laps at Phoenix,NASCAR,2025-11-03T00:22:30Z,193455,1899,582,PT6M27S,https://youtube.com/watch?v=P3vUj_OERyQ
17,,2025-07-06,HomWvKNSSRA,So Close Again: Denny Hamlin Reacts to Another Championship Miss | 2025 NASCAR Cup Series,NASCAR,2025-11-03T01:08:56Z,53500,657,282,PT5M28S,https://youtube.com/watch?v=HomWvKNSSRA
17,,2025-07-06,xL5wsAdIWyo,The Final Battle: Hamlin vs. Larson for the Championship | NASCAR,NASCAR,2025-11-03T19:46:49Z,43882,940,104,PT5M46S,https://youtube.com/watch?v=xL5wsAdIWyo
17,,2025-07-06,3LE2_qaU5kg,Denny Hamlin&#39;s Emotional Reaction to 60th Career Win | 2025 NASCAR Cup Series at Las Vegas,NASCAR,2025-10-13T01:20:00Z,56332,1080,145,PT6M45S,https://youtube.com/watch?v=3LE2_qaU5kg
17,,2025-07-06,PVUfltDPjtY,Hamlin vs. Gibbs: Recap and Reaction from New Hampshire | 2025 NASCAR Cup Series,NASCAR,2025-09-21T22:08:03Z,58298,302,122,PT7M40S,https://youtube.com/watch?v=PVUfltDPjtY
17,,2025-07-06,wYcSuMaHC-k,Missing Rings: Denny Hamlin 2025,The Iceberg,2025-11-05T23:21:21Z,18343,798,296,PT11M,https://youtube.com/watch?v=wYcSuMaHC-k
17,,2025-07-06,l3i3W8QKTsU,WATCH: Denny Hamlin Outduels William Byron at Michigan | 2025 NASCAR FireKeepers Casino 400,NASCAR,2025-06-08T22:19:10Z,16097,224,16,PT8M37S,https://youtube.com/watch?v=l3i3W8QKTsU
17,,2025-07-06,5b5Qt3VAZrU,2025 NASCAR Cup Series Championship Reaction. THE HEARTBREAK OF ALL-TIME,FireBall Hamlin,2025-11-03T01:11:21Z,12225,275,315,PT17M44S,https://youtube.com/watch?v=5b5Qt3VAZrU
17,,2025-07-06,kykqdL18-OU,Every Denny Hamlin win in 2025,Nascar24,2025-11-16T21:00:52Z,585,13,0,PT7M,https://youtube.com/watch?v=kykqdL18-OU
17,,2025-07-06,1fYXEvm3to0,Playoff Heartbreak at the Finish | 2025 NASCAR Radioactive from Charlotte,NASCAR,2025-10-07T22:00:04Z,33496,744,51,PT6M2S,https://youtube.com/watch?v=1fYXEvm3to0
17,,2025-07-06,5DH4F0tdewY,CHASTAIN WINNING INTERVIEW + BYRON POST RACE INTERVIEW - 2025 COCACOLA 600 - 2025 NASCAR CUP SERIES,SportsNewsCentral,2025-06-27T18:45:06Z,238,0,0,PT5M49S,https://youtube.com/watch?v=5DH4F0tdewY
17,,2025-07-06,TipP_iG0c74,Ross Chastain Answers the Internet | NASCAR,NASCAR,2025-12-30T21:00:41Z,26260,1310,74,PT5M21S,https://youtube.com/watch?v=TipP_iG0c74
17,,2025-07-06,b49PzC9kVtY,BACKWARD FINISH Decides Final Playoff Spot | 2025 NASCAR Cup Series at Charlotte,NASCAR,2025-10-05T23:13:10Z,54550,332,48,PT8M17S,https://youtube.com/watch?v=b49PzC9kVtY
17,,2025-07-06,1hUYa4asnOs,Dale Earnhardt Jr. Just DESTROYED Ross Chastain on Live TV!,NASCAR TODAY,2025-07-09T20:00:02Z,30755,146,30,PT13M13S,https://youtube.com/watch?v=1hUYa4asnOs
17,,2025-07-06,TqYY4tZXfIE,Why Ross Chastain’s Approach Could Influence the Next Generation,NASCAR TODAY,2025-11-10T18:15:05Z,2081,22,0,PT8M4S,https://youtube.com/watch?v=TqYY4tZXfIE
17,,2025-07-06,BV4PsJmXu-Y,Ross Chastain Destroyed by NASCAR After Texas Finish — What the HELL Just Happened?!,NASCAR Insider,2025-05-06T16:00:28Z,4906,46,6,PT6M43S,https://youtube.com/watch?v=BV4PsJmXu-Y
17,,2025-07-06,HI2XOFCFWIA,From the Back to Victory Lane: Ross Chastain’s Wild Drive | 2025 NASCAR Coca-Cola 600,NASCAR,2025-05-26T04:55:59Z,44478,706,72,PT8M41S,https://youtube.com/watch?v=HI2XOFCFWIA
17,,2025-07-06,NrKCX_9gNYw,Daniel Suárez GOES OFF on Ross Chastain After WILD Vegas Finish!,NASCAR Insider,2026-03-17T16:46:12Z,515,11,7,PT9M52S,https://youtube.com/watch?v=NrKCX_9gNYw
17,,2025-07-06,DogYuyhg1F8,NASCAR at Charlotte Motor Speedway May 2025: Ross Chastain post-race,Cup Scene ,2025-05-26T13:07:18Z,1532,47,4,PT12M16S,https://youtube.com/watch?v=DogYuyhg1F8
17,,2025-07-06,78NwQZmqxz0,Final Laps: A WILD Bristol Finish | 2025 NASCAR Cup Series,NASCAR,2025-09-14T03:58:50Z,222659,975,130,PT5M12S,https://youtube.com/watch?v=78NwQZmqxz0
17,,2025-07-06,YISsxP9tCUM,Reddit Asks Brad Keselowski WILD Questions | NASCAR,NASCAR,2025-08-21T21:00:30Z,79125,3961,168,PT7M16S,https://youtube.com/watch?v=YISsxP9tCUM
17,,2025-07-06,Hq1V6sDUnGs,Extended Highlights | 2025 NASCAR Cup Series from Iowa,NASCAR,2025-08-04T01:34:16Z,175870,2111,137,PT19M55S,https://youtube.com/watch?v=Hq1V6sDUnGs
17,,2025-07-06,peOrAd5ipF4,NASCAR Cup Series 2025: EchoPark Automotive GP | EXTENDED HIGHLIGHTS | 3/2/25 | Motorsports on NBC,Motorsports on NBC,2025-03-03T01:01:52Z,109346,1811,140,PT17M15S,https://youtube.com/watch?v=peOrAd5ipF4
17,,2025-07-06,JpRqXvWF63I,NASCAR Cup Series 2025: All-Star Race | EXTENDED HIGHLIGHTS | 5/18/25 | Motorsports on NBC,Motorsports on NBC,2025-05-19T02:48:07Z,107467,1826,148,PT16M22S,https://youtube.com/watch?v=JpRqXvWF63I
17,,2025-07-06,_COkWlsCzFs,NASCAR Cup Series 2025: Coke Zero Sugar 400 | EXTENDED HIGHLIGHTS | Motorsports on NBC,Motorsports on NBC,2025-08-24T04:26:09Z,178861,2393,159,PT15M15S,https://youtube.com/watch?v=_COkWlsCzFs
17,,2025-07-06,nxwOIIdGhVo,NASCAR Cup Series 2025: New Hampshire playoff race | EXTENDED HIGHLIGHTS | Motorsports on NBC,Motorsports on NBC,2025-09-21T22:44:44Z,151333,2028,155,PT15M15S,https://youtube.com/watch?v=nxwOIIdGhVo
17,,2025-07-06,bwb0H_19a_E,NASCAR Cup Series 2025: Bass Pro Shops Night Race | EXTENDED HIGHLIGHTS | Motorsports on NBC,Motorsports on NBC,2025-09-14T04:53:29Z,111788,1899,168,PT15M13S,https://youtube.com/watch?v=bwb0H_19a_E
17,,2025-07-06,6wQERuqE_No,Playoffs or Bust at Daytona | 2025 NASCAR Cup Series Extended Highlights,NASCAR,2025-08-24T03:49:34Z,562730,6518,347,PT17M16S,https://youtube.com/watch?v=6wQERuqE_No
17,,2025-07-06,_ucJ0mAAXY4,The Truth About Brad Keselowski&#39;s Injury!,NASCAR TODAY,2026-01-24T16:15:06Z,27222,345,19,PT9M10S,https://youtube.com/watch?v=_ucJ0mAAXY4
8,,2025-07-13,Hgz5ZskUe68,Austin Hill &amp; Richard Childress Remember Kyle Busch After San Diego Win | NASCAR,NASCAR,2026-06-21T02:56:52Z,35090,668,65,PT5M45S,https://youtube.com/watch?v=Hgz5ZskUe68
8,,2025-07-13,-ZSfV1hsFEk,Every Austin Hill win in 2025,Nascar24,2025-12-06T21:00:00Z,193,7,0,PT7M35S,https://youtube.com/watch?v=-ZSfV1hsFEk
8,,2025-07-13,X7qxa43I8Bc,The Austin Hill Experience | Why Fans Are Fed Up,The Iceberg,2025-08-11T19:34:01Z,44839,1454,572,PT9M9S,https://youtube.com/watch?v=X7qxa43I8Bc
8,,2025-07-13,szQF_RtjpI8,RCR Keeps Embarrassing Themselves | Austin Hill Wrecks Aric Almirola REACTION,Eric Estepp,2025-07-27T06:25:16Z,114500,4466,998,PT13M,https://youtube.com/watch?v=szQF_RtjpI8
8,,2025-07-13,qUK_F0SHBhQ,&#39;Daytona has been so good to me&#39; – Austin Hill on his fourth win in five years 😮‍💨 NASCAR on FOX,NASCAR on FOX,2026-02-15T02:10:57Z,6110,94,11,PT7M42S,https://youtube.com/watch?v=qUK_F0SHBhQ
8,,2025-07-13,5yuTjIT2Fuk,Dale Earnhardt Jr. Just Said the UNTHINKABLE About Austin Hill!,NASCAR TODAY,2025-10-24T16:00:13Z,1290,10,3,PT9M41S,https://youtube.com/watch?v=5yuTjIT2Fuk
8,,2025-07-13,HAZbzV-TYhM,Austin Hill &amp; Jeb Burton post-race interviews from Talladega Superspeedway | NASCAR on FOX,NASCAR on FOX,2025-04-26T23:26:05Z,6621,75,26,PT4M41S,https://youtube.com/watch?v=HAZbzV-TYhM
8,,2025-07-13,tZHbVBdv1bM,NASCAR in PANIC! Shane van Gisbergen LASHES OUT at Austin Hill After BIG ONE Involving 11 Cars,NASCAR Nation Report,2026-06-22T01:10:05Z,4788,129,21,PT9M59S,https://youtube.com/watch?v=tZHbVBdv1bM
8,,2025-07-13,hOJko4r9OLc,Austin Hill Triggers Another Huge Crash | Zilisch Clashes With SVG | REACTION,Eric Estepp,2025-08-10T00:48:45Z,98737,3955,1193,PT16M26S,https://youtube.com/watch?v=hOJko4r9OLc
8,,2025-07-13,PiOELqviAzU,This. Is. Embarrassing. - Part 2 - Austin Hill Edition,Jesse King,2025-07-29T15:52:02Z,23835,708,204,PT7M32S,https://youtube.com/watch?v=PiOELqviAzU
8,,2025-07-13,-wS-Co9IJ4A,Last Laps: A Heavyweight Fight in Vegas | 2025 NASCAR Cup Series,NASCAR,2025-10-13T00:50:29Z,80381,675,67,PT7M49S,https://youtube.com/watch?v=-wS-Co9IJ4A
8,,2025-07-13,P3vUj_OERyQ,An Unbelievable End to the 2025 NASCAR Cup Series Season | Final Laps at Phoenix,NASCAR,2025-11-03T00:22:30Z,193451,1899,582,PT6M27S,https://youtube.com/watch?v=P3vUj_OERyQ
8,,2025-07-13,HomWvKNSSRA,So Close Again: Denny Hamlin Reacts to Another Championship Miss | 2025 NASCAR Cup Series,NASCAR,2025-11-03T01:08:56Z,53500,657,282,PT5M28S,https://youtube.com/watch?v=HomWvKNSSRA
8,,2025-07-13,xL5wsAdIWyo,The Final Battle: Hamlin vs. Larson for the Championship | NASCAR,NASCAR,2025-11-03T19:46:49Z,43880,940,104,PT5M46S,https://youtube.com/watch?v=xL5wsAdIWyo
8,,2025-07-13,3LE2_qaU5kg,Denny Hamlin&#39;s Emotional Reaction to 60th Career Win | 2025 NASCAR Cup Series at Las Vegas,NASCAR,2025-10-13T01:20:00Z,56335,1080,145,PT6M45S,https://youtube.com/watch?v=3LE2_qaU5kg
8,,2025-07-13,wYcSuMaHC-k,Missing Rings: Denny Hamlin 2025,The Iceberg,2025-11-05T23:21:21Z,18343,798,296,PT11M,https://youtube.com/watch?v=wYcSuMaHC-k
8,,2025-07-13,PVUfltDPjtY,Hamlin vs. Gibbs: Recap and Reaction from New Hampshire | 2025 NASCAR Cup Series,NASCAR,2025-09-21T22:08:03Z,58298,302,122,PT7M40S,https://youtube.com/watch?v=PVUfltDPjtY
8,,2025-07-13,l3i3W8QKTsU,WATCH: Denny Hamlin Outduels William Byron at Michigan | 2025 NASCAR FireKeepers Casino 400,NASCAR,2025-06-08T22:19:10Z,16097,224,16,PT8M37S,https://youtube.com/watch?v=l3i3W8QKTsU
8,,2025-07-13,5b5Qt3VAZrU,2025 NASCAR Cup Series Championship Reaction. THE HEARTBREAK OF ALL-TIME,FireBall Hamlin,2025-11-03T01:11:21Z,12225,275,315,PT17M44S,https://youtube.com/watch?v=5b5Qt3VAZrU
8,,2025-07-13,kykqdL18-OU,Every Denny Hamlin win in 2025,Nascar24,2025-11-16T21:00:52Z,585,13,0,PT7M,https://youtube.com/watch?v=kykqdL18-OU
8,,2025-07-13,1fYXEvm3to0,Playoff Heartbreak at the Finish | 2025 NASCAR Radioactive from Charlotte,NASCAR,2025-10-07T22:00:04Z,33497,744,51,PT6M2S,https://youtube.com/watch?v=1fYXEvm3to0
8,,2025-07-13,TipP_iG0c74,Ross Chastain Answers the Internet | NASCAR,NASCAR,2025-12-30T21:00:41Z,26259,1310,74,PT5M21S,https://youtube.com/watch?v=TipP_iG0c74
8,,2025-07-13,5DH4F0tdewY,CHASTAIN WINNING INTERVIEW + BYRON POST RACE INTERVIEW - 2025 COCACOLA 600 - 2025 NASCAR CUP SERIES,SportsNewsCentral,2025-06-27T18:45:06Z,238,0,0,PT5M49S,https://youtube.com/watch?v=5DH4F0tdewY
8,,2025-07-13,b49PzC9kVtY,BACKWARD FINISH Decides Final Playoff Spot | 2025 NASCAR Cup Series at Charlotte,NASCAR,2025-10-05T23:13:10Z,54550,332,48,PT8M17S,https://youtube.com/watch?v=b49PzC9kVtY
8,,2025-07-13,1hUYa4asnOs,Dale Earnhardt Jr. Just DESTROYED Ross Chastain on Live TV!,NASCAR TODAY,2025-07-09T20:00:02Z,30755,146,30,PT13M13S,https://youtube.com/watch?v=1hUYa4asnOs
8,,2025-07-13,TqYY4tZXfIE,Why Ross Chastain’s Approach Could Influence the Next Generation,NASCAR TODAY,2025-11-10T18:15:05Z,2081,22,0,PT8M4S,https://youtube.com/watch?v=TqYY4tZXfIE
8,,2025-07-13,HI2XOFCFWIA,From the Back to Victory Lane: Ross Chastain’s Wild Drive | 2025 NASCAR Coca-Cola 600,NASCAR,2025-05-26T04:55:59Z,44478,706,72,PT8M41S,https://youtube.com/watch?v=HI2XOFCFWIA
8,,2025-07-13,BV4PsJmXu-Y,Ross Chastain Destroyed by NASCAR After Texas Finish — What the HELL Just Happened?!,NASCAR Insider,2025-05-06T16:00:28Z,4906,46,6,PT6M43S,https://youtube.com/watch?v=BV4PsJmXu-Y
8,,2025-07-13,NrKCX_9gNYw,Daniel Suárez GOES OFF on Ross Chastain After WILD Vegas Finish!,NASCAR Insider,2026-03-17T16:46:12Z,515,11,7,PT9M52S,https://youtube.com/watch?v=NrKCX_9gNYw
8,,2025-07-13,Yl08L6Y0y3Y,2025 Coca-Cola 600 | NASCAR Official Extended Highlights,NASCAR,2025-05-26T03:36:47Z,460194,5589,360,PT15M41S,https://youtube.com/watch?v=Yl08L6Y0y3Y
2,,2025-07-20,Hgz5ZskUe68,Austin Hill &amp; Richard Childress Remember Kyle Busch After San Diego Win | NASCAR,NASCAR,2026-06-21T02:56:52Z,35090,668,65,PT5M45S,https://youtube.com/watch?v=Hgz5ZskUe68
2,,2025-07-20,X7qxa43I8Bc,The Austin Hill Experience | Why Fans Are Fed Up,The Iceberg,2025-08-11T19:34:01Z,44839,1454,572,PT9M9S,https://youtube.com/watch?v=X7qxa43I8Bc
2,,2025-07-20,-ZSfV1hsFEk,Every Austin Hill win in 2025,Nascar24,2025-12-06T21:00:00Z,193,7,0,PT7M35S,https://youtube.com/watch?v=-ZSfV1hsFEk
2,,2025-07-20,szQF_RtjpI8,RCR Keeps Embarrassing Themselves | Austin Hill Wrecks Aric Almirola REACTION,Eric Estepp,2025-07-27T06:25:16Z,114500,4466,998,PT13M,https://youtube.com/watch?v=szQF_RtjpI8
2,,2025-07-20,qUK_F0SHBhQ,&#39;Daytona has been so good to me&#39; – Austin Hill on his fourth win in five years 😮‍💨 NASCAR on FOX,NASCAR on FOX,2026-02-15T02:10:57Z,6110,94,11,PT7M42S,https://youtube.com/watch?v=qUK_F0SHBhQ
2,,2025-07-20,5yuTjIT2Fuk,Dale Earnhardt Jr. Just Said the UNTHINKABLE About Austin Hill!,NASCAR TODAY,2025-10-24T16:00:13Z,1290,10,3,PT9M41S,https://youtube.com/watch?v=5yuTjIT2Fuk
2,,2025-07-20,tZHbVBdv1bM,NASCAR in PANIC! Shane van Gisbergen LASHES OUT at Austin Hill After BIG ONE Involving 11 Cars,NASCAR Nation Report,2026-06-22T01:10:05Z,4788,129,21,PT9M59S,https://youtube.com/watch?v=tZHbVBdv1bM
2,,2025-07-20,hOJko4r9OLc,Austin Hill Triggers Another Huge Crash | Zilisch Clashes With SVG | REACTION,Eric Estepp,2025-08-10T00:48:45Z,98737,3955,1193,PT16M26S,https://youtube.com/watch?v=hOJko4r9OLc
2,,2025-07-20,PiOELqviAzU,This. Is. Embarrassing. - Part 2 - Austin Hill Edition,Jesse King,2025-07-29T15:52:02Z,23835,708,204,PT7M32S,https://youtube.com/watch?v=PiOELqviAzU
2,,2025-07-20,X8Vr-alosZQ,Richard Childress BREAKS DOWN While Remembering Kyle Busch after Austin Hill Victory!,NASCAR Central,2026-06-21T18:00:09Z,495,16,0,PT10M15S,https://youtube.com/watch?v=X8Vr-alosZQ
2,,2025-07-20,1fYXEvm3to0,Playoff Heartbreak at the Finish | 2025 NASCAR Radioactive from Charlotte,NASCAR,2025-10-07T22:00:04Z,33499,744,51,PT6M2S,https://youtube.com/watch?v=1fYXEvm3to0
2,,2025-07-20,TipP_iG0c74,Ross Chastain Answers the Internet | NASCAR,NASCAR,2025-12-30T21:00:41Z,26259,1310,74,PT5M21S,https://youtube.com/watch?v=TipP_iG0c74
2,,2025-07-20,5DH4F0tdewY,CHASTAIN WINNING INTERVIEW + BYRON POST RACE INTERVIEW - 2025 COCACOLA 600 - 2025 NASCAR CUP SERIES,SportsNewsCentral,2025-06-27T18:45:06Z,238,0,0,PT5M49S,https://youtube.com/watch?v=5DH4F0tdewY
2,,2025-07-20,b49PzC9kVtY,BACKWARD FINISH Decides Final Playoff Spot | 2025 NASCAR Cup Series at Charlotte,NASCAR,2025-10-05T23:13:10Z,54550,332,48,PT8M17S,https://youtube.com/watch?v=b49PzC9kVtY
2,,2025-07-20,1hUYa4asnOs,Dale Earnhardt Jr. Just DESTROYED Ross Chastain on Live TV!,NASCAR TODAY,2025-07-09T20:00:02Z,30755,146,30,PT13M13S,https://youtube.com/watch?v=1hUYa4asnOs
2,,2025-07-20,TqYY4tZXfIE,Why Ross Chastain’s Approach Could Influence the Next Generation,NASCAR TODAY,2025-11-10T18:15:05Z,2081,22,0,PT8M4S,https://youtube.com/watch?v=TqYY4tZXfIE
2,,2025-07-20,HI2XOFCFWIA,From the Back to Victory Lane: Ross Chastain’s Wild Drive | 2025 NASCAR Coca-Cola 600,NASCAR,2025-05-26T04:55:59Z,44478,706,72,PT8M41S,https://youtube.com/watch?v=HI2XOFCFWIA
2,,2025-07-20,BV4PsJmXu-Y,Ross Chastain Destroyed by NASCAR After Texas Finish — What the HELL Just Happened?!,NASCAR Insider,2025-05-06T16:00:28Z,4906,46,6,PT6M43S,https://youtube.com/watch?v=BV4PsJmXu-Y
2,,2025-07-20,NrKCX_9gNYw,Daniel Suárez GOES OFF on Ross Chastain After WILD Vegas Finish!,NASCAR Insider,2026-03-17T16:46:12Z,515,11,7,PT9M52S,https://youtube.com/watch?v=NrKCX_9gNYw
2,,2025-07-20,Yl08L6Y0y3Y,2025 Coca-Cola 600 | NASCAR Official Extended Highlights,NASCAR,2025-05-26T03:36:47Z,460195,5589,360,PT15M41S,https://youtube.com/watch?v=Yl08L6Y0y3Y
2,,2025-07-20,YISsxP9tCUM,Reddit Asks Brad Keselowski WILD Questions | NASCAR,NASCAR,2025-08-21T21:00:30Z,79127,3961,168,PT7M16S,https://youtube.com/watch?v=YISsxP9tCUM
2,,2025-07-20,78NwQZmqxz0,Final Laps: A WILD Bristol Finish | 2025 NASCAR Cup Series,NASCAR,2025-09-14T03:58:50Z,222659,975,130,PT5M12S,https://youtube.com/watch?v=78NwQZmqxz0
2,,2025-07-20,Hq1V6sDUnGs,Extended Highlights | 2025 NASCAR Cup Series from Iowa,NASCAR,2025-08-04T01:34:16Z,175870,2111,137,PT19M55S,https://youtube.com/watch?v=Hq1V6sDUnGs
2,,2025-07-20,peOrAd5ipF4,NASCAR Cup Series 2025: EchoPark Automotive GP | EXTENDED HIGHLIGHTS | 3/2/25 | Motorsports on NBC,Motorsports on NBC,2025-03-03T01:01:52Z,109346,1811,140,PT17M15S,https://youtube.com/watch?v=peOrAd5ipF4
2,,2025-07-20,hKsNXFB_8V4,NASCAR Cup Series 2025: Pennzoil 400 | EXTENDED HIGHLIGHTS | 3/16/25 | Motorsports on NBC,Motorsports on NBC,2025-03-16T23:54:59Z,150191,2662,143,PT16M46S,https://youtube.com/watch?v=hKsNXFB_8V4
2,,2025-07-20,6xDyB0-uLpY,NASCAR Cup Series 2025: Cook Out 400 | EXTENDED HIGHLIGHTS | 3/30/25 | Motorsports on NBC,Motorsports on NBC,2025-03-30T23:01:09Z,110539,1968,115,PT16M27S,https://youtube.com/watch?v=6xDyB0-uLpY
2,,2025-07-20,50X_h1q0LXI,Gateway Turns Up the Playoff Heat | 2025 NASCAR Cup Series Extended Highlights,NASCAR,2025-09-07T23:02:36Z,243284,3618,240,PT18M,https://youtube.com/watch?v=50X_h1q0LXI
2,,2025-07-20,83kRqoa7uHY,Brad Keselowski Injury | Jimmie Johnson Seeking Daytona History | Top 50 Drivers of 2025 Reaction,Eric Estepp,2025-12-22T15:40:01Z,52846,2821,267,PT13M6S,https://youtube.com/watch?v=83kRqoa7uHY
2,,2025-07-20,JpRqXvWF63I,NASCAR Cup Series 2025: All-Star Race | EXTENDED HIGHLIGHTS | 5/18/25 | Motorsports on NBC,Motorsports on NBC,2025-05-19T02:48:07Z,107467,1826,148,PT16M22S,https://youtube.com/watch?v=JpRqXvWF63I
2,,2025-07-20,Le_y1ap2Ct8,&#39;The car drives like s**t&#39; | NASCAR RADIOACTIVE from the 2025 All-Star Race,NASCAR,2025-05-20T21:43:50Z,35032,816,64,PT6M6S,https://youtube.com/watch?v=Le_y1ap2Ct8
3,,2025-07-27,jwrAEeikBt0,How Do NASCAR Drivers Pee? | Todd Gilliland Reveals All,Rated Red,2025-02-12T20:08:32Z,3904,130,12,PT9M13S,https://youtube.com/watch?v=jwrAEeikBt0
3,,2025-07-27,Fa2FiWKiiBc,"Todd Gilliland Talks Changes at Front Row, McDowell&#39;s Departure, New Teammates, and More!",Eric Estepp,2025-05-22T16:27:59Z,17254,1085,46,PT8M43S,https://youtube.com/watch?v=Fa2FiWKiiBc
3,,2025-07-27,Nk8LdNd_XtM,2025 TODD GILLILAND GRILLO&#39;S FORD MUSTANG DIECASTBUFFET NASCAR DIECAST REVIEW 1/64,Diecastbuffet,2026-05-29T01:42:45Z,188,12,3,PT10M7S,https://youtube.com/watch?v=Nk8LdNd_XtM
3,,2025-07-27,v-kwi-xD40w,Todd Gilliland Clips For Edits All Years By smithdoit,NSCP by smithdoit  (ScenePacks),2025-11-01T21:49:13Z,188,11,2,PT5M50S,https://youtube.com/watch?v=v-kwi-xD40w
3,,2025-07-27,rKBDulrtVGQ,Countdown to Daytona: Todd Gilliland,FOX8 WGHP,2025-02-12T19:42:23Z,182,2,0,PT8M37S,https://youtube.com/watch?v=rKBDulrtVGQ
3,,2025-07-27,bbaZ1Nei-DY,Todd Gilliland &amp; Zane Smith Remain Focused On Racing In Midst of FRM Losing Injunction Lawsuit,Frontstretch,2025-06-07T16:10:37Z,457,14,0,PT5M10S,https://youtube.com/watch?v=bbaZ1Nei-DY
3,,2025-07-27,BgTJtLE_M-M,"Todd Gilliland on qualifying at Darlington, being a leader at Front Row and his Ray Fox throwback",Nikolai P. Culp,2025-04-05T19:08:56Z,99,7,0,PT4M21S,https://youtube.com/watch?v=BgTJtLE_M-M
3,,2025-07-27,Q2clHIifaNk,NASCAR 25 - #34 Todd Gilliland (Ford) - Gameplay (PS5 UHD) [4K60FPS],Throneful,2025-10-30T19:00:29Z,648,18,0,PT17M38S,https://youtube.com/watch?v=Q2clHIifaNk
3,,2025-07-27,VjsnnSaIS_c,Todd Gilliland Returning To Front Row Motorsports In 2025,Daniel Kriete,2024-06-05T13:36:02Z,410,26,6,PT8M7S,https://youtube.com/watch?v=VjsnnSaIS_c
3,,2025-07-27,FbntZWZjwMg,The Inside Lane | Episode 96: Todd Gilliland from the Daytona 500,Sports360AZ,2025-02-24T22:29:01Z,74,0,0,PT4M57S,https://youtube.com/watch?v=FbntZWZjwMg
3,,2025-07-27,Hgz5ZskUe68,Austin Hill &amp; Richard Childress Remember Kyle Busch After San Diego Win | NASCAR,NASCAR,2026-06-21T02:56:52Z,35090,668,65,PT5M45S,https://youtube.com/watch?v=Hgz5ZskUe68
3,,2025-07-27,-ZSfV1hsFEk,Every Austin Hill win in 2025,Nascar24,2025-12-06T21:00:00Z,193,7,0,PT7M35S,https://youtube.com/watch?v=-ZSfV1hsFEk
3,,2025-07-27,X7qxa43I8Bc,The Austin Hill Experience | Why Fans Are Fed Up,The Iceberg,2025-08-11T19:34:01Z,44839,1454,572,PT9M9S,https://youtube.com/watch?v=X7qxa43I8Bc
3,,2025-07-27,szQF_RtjpI8,RCR Keeps Embarrassing Themselves | Austin Hill Wrecks Aric Almirola REACTION,Eric Estepp,2025-07-27T06:25:16Z,114500,4466,998,PT13M,https://youtube.com/watch?v=szQF_RtjpI8
3,,2025-07-27,qUK_F0SHBhQ,&#39;Daytona has been so good to me&#39; – Austin Hill on his fourth win in five years 😮‍💨 NASCAR on FOX,NASCAR on FOX,2026-02-15T02:10:57Z,6110,94,11,PT7M42S,https://youtube.com/watch?v=qUK_F0SHBhQ
3,,2025-07-27,5yuTjIT2Fuk,Dale Earnhardt Jr. Just Said the UNTHINKABLE About Austin Hill!,NASCAR TODAY,2025-10-24T16:00:13Z,1290,10,3,PT9M41S,https://youtube.com/watch?v=5yuTjIT2Fuk
3,,2025-07-27,HAZbzV-TYhM,Austin Hill &amp; Jeb Burton post-race interviews from Talladega Superspeedway | NASCAR on FOX,NASCAR on FOX,2025-04-26T23:26:05Z,6621,75,26,PT4M41S,https://youtube.com/watch?v=HAZbzV-TYhM
3,,2025-07-27,tZHbVBdv1bM,NASCAR in PANIC! Shane van Gisbergen LASHES OUT at Austin Hill After BIG ONE Involving 11 Cars,NASCAR Nation Report,2026-06-22T01:10:05Z,4788,129,21,PT9M59S,https://youtube.com/watch?v=tZHbVBdv1bM
3,,2025-07-27,hOJko4r9OLc,Austin Hill Triggers Another Huge Crash | Zilisch Clashes With SVG | REACTION,Eric Estepp,2025-08-10T00:48:45Z,98737,3955,1193,PT16M26S,https://youtube.com/watch?v=hOJko4r9OLc
3,,2025-07-27,PiOELqviAzU,This. Is. Embarrassing. - Part 2 - Austin Hill Edition,Jesse King,2025-07-29T15:52:02Z,23835,708,204,PT7M32S,https://youtube.com/watch?v=PiOELqviAzU
3,,2025-07-27,-wS-Co9IJ4A,Last Laps: A Heavyweight Fight in Vegas | 2025 NASCAR Cup Series,NASCAR,2025-10-13T00:50:29Z,80382,675,67,PT7M49S,https://youtube.com/watch?v=-wS-Co9IJ4A
3,,2025-07-27,P3vUj_OERyQ,An Unbelievable End to the 2025 NASCAR Cup Series Season | Final Laps at Phoenix,NASCAR,2025-11-03T00:22:30Z,193455,1899,582,PT6M27S,https://youtube.com/watch?v=P3vUj_OERyQ
3,,2025-07-27,HomWvKNSSRA,So Close Again: Denny Hamlin Reacts to Another Championship Miss | 2025 NASCAR Cup Series,NASCAR,2025-11-03T01:08:56Z,53500,657,282,PT5M28S,https://youtube.com/watch?v=HomWvKNSSRA
3,,2025-07-27,xL5wsAdIWyo,The Final Battle: Hamlin vs. Larson for the Championship | NASCAR,NASCAR,2025-11-03T19:46:49Z,43882,940,104,PT5M46S,https://youtube.com/watch?v=xL5wsAdIWyo
3,,2025-07-27,3LE2_qaU5kg,Denny Hamlin&#39;s Emotional Reaction to 60th Career Win | 2025 NASCAR Cup Series at Las Vegas,NASCAR,2025-10-13T01:20:00Z,56332,1080,145,PT6M45S,https://youtube.com/watch?v=3LE2_qaU5kg
3,,2025-07-27,wYcSuMaHC-k,Missing Rings: Denny Hamlin 2025,The Iceberg,2025-11-05T23:21:21Z,18343,798,296,PT11M,https://youtube.com/watch?v=wYcSuMaHC-k
3,,2025-07-27,PVUfltDPjtY,Hamlin vs. Gibbs: Recap and Reaction from New Hampshire | 2025 NASCAR Cup Series,NASCAR,2025-09-21T22:08:03Z,58298,302,122,PT7M40S,https://youtube.com/watch?v=PVUfltDPjtY
3,,2025-07-27,l3i3W8QKTsU,WATCH: Denny Hamlin Outduels William Byron at Michigan | 2025 NASCAR FireKeepers Casino 400,NASCAR,2025-06-08T22:19:10Z,16097,224,16,PT8M37S,https://youtube.com/watch?v=l3i3W8QKTsU
3,,2025-07-27,5b5Qt3VAZrU,2025 NASCAR Cup Series Championship Reaction. THE HEARTBREAK OF ALL-TIME,FireBall Hamlin,2025-11-03T01:11:21Z,12225,275,315,PT17M44S,https://youtube.com/watch?v=5b5Qt3VAZrU
3,,2025-07-27,kykqdL18-OU,Every Denny Hamlin win in 2025,Nascar24,2025-11-16T21:00:52Z,585,13,0,PT7M,https://youtube.com/watch?v=kykqdL18-OU
3,,2025-07-27,1fYXEvm3to0,Playoff Heartbreak at the Finish | 2025 NASCAR Radioactive from Charlotte,NASCAR,2025-10-07T22:00:04Z,33496,744,51,PT6M2S,https://youtube.com/watch?v=1fYXEvm3to0
3,,2025-07-27,TipP_iG0c74,Ross Chastain Answers the Internet | NASCAR,NASCAR,2025-12-30T21:00:41Z,26260,1310,74,PT5M21S,https://youtube.com/watch?v=TipP_iG0c74
3,,2025-07-27,5DH4F0tdewY,CHASTAIN WINNING INTERVIEW + BYRON POST RACE INTERVIEW - 2025 COCACOLA 600 - 2025 NASCAR CUP SERIES,SportsNewsCentral,2025-06-27T18:45:06Z,238,0,0,PT5M49S,https://youtube.com/watch?v=5DH4F0tdewY
3,,2025-07-27,b49PzC9kVtY,BACKWARD FINISH Decides Final Playoff Spot | 2025 NASCAR Cup Series at Charlotte,NASCAR,2025-10-05T23:13:10Z,54550,332,48,PT8M17S,https://youtube.com/watch?v=b49PzC9kVtY
3,,2025-07-27,1hUYa4asnOs,Dale Earnhardt Jr. Just DESTROYED Ross Chastain on Live TV!,NASCAR TODAY,2025-07-09T20:00:02Z,30755,146,30,PT13M13S,https://youtube.com/watch?v=1hUYa4asnOs
3,,2025-07-27,TqYY4tZXfIE,Why Ross Chastain’s Approach Could Influence the Next Generation,NASCAR TODAY,2025-11-10T18:15:05Z,2081,22,0,PT8M4S,https://youtube.com/watch?v=TqYY4tZXfIE
3,,2025-07-27,HI2XOFCFWIA,From the Back to Victory Lane: Ross Chastain’s Wild Drive | 2025 NASCAR Coca-Cola 600,NASCAR,2025-05-26T04:55:59Z,44478,706,72,PT8M41S,https://youtube.com/watch?v=HI2XOFCFWIA
3,,2025-07-27,BV4PsJmXu-Y,Ross Chastain Destroyed by NASCAR After Texas Finish — What the HELL Just Happened?!,NASCAR Insider,2025-05-06T16:00:28Z,4906,46,6,PT6M43S,https://youtube.com/watch?v=BV4PsJmXu-Y
3,,2025-07-27,NrKCX_9gNYw,Daniel Suárez GOES OFF on Ross Chastain After WILD Vegas Finish!,NASCAR Insider,2026-03-17T16:46:12Z,515,11,7,PT9M52S,https://youtube.com/watch?v=NrKCX_9gNYw
3,,2025-07-27,Yl08L6Y0y3Y,2025 Coca-Cola 600 | NASCAR Official Extended Highlights,NASCAR,2025-05-26T03:36:47Z,460195,5589,360,PT15M41S,https://youtube.com/watch?v=Yl08L6Y0y3Y
3,,2025-07-27,YISsxP9tCUM,Reddit Asks Brad Keselowski WILD Questions | NASCAR,NASCAR,2025-08-21T21:00:30Z,79125,3961,168,PT7M16S,https://youtube.com/watch?v=YISsxP9tCUM
3,,2025-07-27,78NwQZmqxz0,Final Laps: A WILD Bristol Finish | 2025 NASCAR Cup Series,NASCAR,2025-09-14T03:58:50Z,222659,975,130,PT5M12S,https://youtube.com/watch?v=78NwQZmqxz0
3,,2025-07-27,Hq1V6sDUnGs,Extended Highlights | 2025 NASCAR Cup Series from Iowa,NASCAR,2025-08-04T01:34:16Z,175870,2111,137,PT19M55S,https://youtube.com/watch?v=Hq1V6sDUnGs
3,,2025-07-27,hKsNXFB_8V4,NASCAR Cup Series 2025: Pennzoil 400 | EXTENDED HIGHLIGHTS | 3/16/25 | Motorsports on NBC,Motorsports on NBC,2025-03-16T23:54:59Z,150191,2662,143,PT16M46S,https://youtube.com/watch?v=hKsNXFB_8V4
3,,2025-07-27,peOrAd5ipF4,NASCAR Cup Series 2025: EchoPark Automotive GP | EXTENDED HIGHLIGHTS | 3/2/25 | Motorsports on NBC,Motorsports on NBC,2025-03-03T01:01:52Z,109346,1811,140,PT17M15S,https://youtube.com/watch?v=peOrAd5ipF4
3,,2025-07-27,6xDyB0-uLpY,NASCAR Cup Series 2025: Cook Out 400 | EXTENDED HIGHLIGHTS | 3/30/25 | Motorsports on NBC,Motorsports on NBC,2025-03-30T23:01:09Z,110539,1968,115,PT16M27S,https://youtube.com/watch?v=6xDyB0-uLpY
3,,2025-07-27,50X_h1q0LXI,Gateway Turns Up the Playoff Heat | 2025 NASCAR Cup Series Extended Highlights,NASCAR,2025-09-07T23:02:36Z,243284,3618,240,PT18M,https://youtube.com/watch?v=50X_h1q0LXI
3,,2025-07-27,83kRqoa7uHY,Brad Keselowski Injury | Jimmie Johnson Seeking Daytona History | Top 50 Drivers of 2025 Reaction,Eric Estepp,2025-12-22T15:40:01Z,52846,2821,267,PT13M6S,https://youtube.com/watch?v=83kRqoa7uHY
3,,2025-07-27,JpRqXvWF63I,NASCAR Cup Series 2025: All-Star Race | EXTENDED HIGHLIGHTS | 5/18/25 | Motorsports on NBC,Motorsports on NBC,2025-05-19T02:48:07Z,107467,1826,148,PT16M22S,https://youtube.com/watch?v=JpRqXvWF63I
3,,2025-07-27,Le_y1ap2Ct8,&#39;The car drives like s**t&#39; | NASCAR RADIOACTIVE from the 2025 All-Star Race,NASCAR,2025-05-20T21:43:50Z,35032,816,64,PT6M6S,https://youtube.com/watch?v=Le_y1ap2Ct8
4,,2025-08-03,Hgz5ZskUe68,Austin Hill &amp; Richard Childress Remember Kyle Busch After San Diego Win | NASCAR,NASCAR,2026-06-21T02:56:52Z,35090,668,65,PT5M45S,https://youtube.com/watch?v=Hgz5ZskUe68
4,,2025-08-03,-ZSfV1hsFEk,Every Austin Hill win in 2025,Nascar24,2025-12-06T21:00:00Z,193,7,0,PT7M35S,https://youtube.com/watch?v=-ZSfV1hsFEk
4,,2025-08-03,X7qxa43I8Bc,The Austin Hill Experience | Why Fans Are Fed Up,The Iceberg,2025-08-11T19:34:01Z,44839,1454,572,PT9M9S,https://youtube.com/watch?v=X7qxa43I8Bc
4,,2025-08-03,szQF_RtjpI8,RCR Keeps Embarrassing Themselves | Austin Hill Wrecks Aric Almirola REACTION,Eric Estepp,2025-07-27T06:25:16Z,114500,4466,998,PT13M,https://youtube.com/watch?v=szQF_RtjpI8
4,,2025-08-03,qUK_F0SHBhQ,&#39;Daytona has been so good to me&#39; – Austin Hill on his fourth win in five years 😮‍💨 NASCAR on FOX,NASCAR on FOX,2026-02-15T02:10:57Z,6110,94,11,PT7M42S,https://youtube.com/watch?v=qUK_F0SHBhQ
4,,2025-08-03,5yuTjIT2Fuk,Dale Earnhardt Jr. Just Said the UNTHINKABLE About Austin Hill!,NASCAR TODAY,2025-10-24T16:00:13Z,1290,10,3,PT9M41S,https://youtube.com/watch?v=5yuTjIT2Fuk
4,,2025-08-03,HAZbzV-TYhM,Austin Hill &amp; Jeb Burton post-race interviews from Talladega Superspeedway | NASCAR on FOX,NASCAR on FOX,2025-04-26T23:26:05Z,6621,75,26,PT4M41S,https://youtube.com/watch?v=HAZbzV-TYhM
4,,2025-08-03,tZHbVBdv1bM,NASCAR in PANIC! Shane van Gisbergen LASHES OUT at Austin Hill After BIG ONE Involving 11 Cars,NASCAR Nation Report,2026-06-22T01:10:05Z,4788,129,21,PT9M59S,https://youtube.com/watch?v=tZHbVBdv1bM
4,,2025-08-03,hOJko4r9OLc,Austin Hill Triggers Another Huge Crash | Zilisch Clashes With SVG | REACTION,Eric Estepp,2025-08-10T00:48:45Z,98737,3955,1193,PT16M26S,https://youtube.com/watch?v=hOJko4r9OLc
4,,2025-08-03,PiOELqviAzU,This. Is. Embarrassing. - Part 2 - Austin Hill Edition,Jesse King,2025-07-29T15:52:02Z,23835,708,204,PT7M32S,https://youtube.com/watch?v=PiOELqviAzU
5,,2025-08-10,Hgz5ZskUe68,Austin Hill &amp; Richard Childress Remember Kyle Busch After San Diego Win | NASCAR,NASCAR,2026-06-21T02:56:52Z,35090,668,65,PT5M45S,https://youtube.com/watch?v=Hgz5ZskUe68
5,,2025-08-10,-ZSfV1hsFEk,Every Austin Hill win in 2025,Nascar24,2025-12-06T21:00:00Z,193,7,0,PT7M35S,https://youtube.com/watch?v=-ZSfV1hsFEk
5,,2025-08-10,X7qxa43I8Bc,The Austin Hill Experience | Why Fans Are Fed Up,The Iceberg,2025-08-11T19:34:01Z,44839,1454,572,PT9M9S,https://youtube.com/watch?v=X7qxa43I8Bc
5,,2025-08-10,szQF_RtjpI8,RCR Keeps Embarrassing Themselves | Austin Hill Wrecks Aric Almirola REACTION,Eric Estepp,2025-07-27T06:25:16Z,114500,4466,998,PT13M,https://youtube.com/watch?v=szQF_RtjpI8
5,,2025-08-10,qUK_F0SHBhQ,&#39;Daytona has been so good to me&#39; – Austin Hill on his fourth win in five years 😮‍💨 NASCAR on FOX,NASCAR on FOX,2026-02-15T02:10:57Z,6110,94,11,PT7M42S,https://youtube.com/watch?v=qUK_F0SHBhQ
5,,2025-08-10,5yuTjIT2Fuk,Dale Earnhardt Jr. Just Said the UNTHINKABLE About Austin Hill!,NASCAR TODAY,2025-10-24T16:00:13Z,1290,10,3,PT9M41S,https://youtube.com/watch?v=5yuTjIT2Fuk
5,,2025-08-10,HAZbzV-TYhM,Austin Hill &amp; Jeb Burton post-race interviews from Talladega Superspeedway | NASCAR on FOX,NASCAR on FOX,2025-04-26T23:26:05Z,6621,75,26,PT4M41S,https://youtube.com/watch?v=HAZbzV-TYhM
5,,2025-08-10,tZHbVBdv1bM,NASCAR in PANIC! Shane van Gisbergen LASHES OUT at Austin Hill After BIG ONE Involving 11 Cars,NASCAR Nation Report,2026-06-22T01:10:05Z,4788,129,21,PT9M59S,https://youtube.com/watch?v=tZHbVBdv1bM
5,,2025-08-10,hOJko4r9OLc,Austin Hill Triggers Another Huge Crash | Zilisch Clashes With SVG | REACTION,Eric Estepp,2025-08-10T00:48:45Z,98737,3955,1193,PT16M26S,https://youtube.com/watch?v=hOJko4r9OLc
5,,2025-08-10,PiOELqviAzU,This. Is. Embarrassing. - Part 2 - Austin Hill Edition,Jesse King,2025-07-29T15:52:02Z,23835,708,204,PT7M32S,https://youtube.com/watch?v=PiOELqviAzU
5,,2025-08-10,HomWvKNSSRA,So Close Again: Denny Hamlin Reacts to Another Championship Miss | 2025 NASCAR Cup Series,NASCAR,2025-11-03T01:08:56Z,53500,657,282,PT5M28S,https://youtube.com/watch?v=HomWvKNSSRA
5,,2025-08-10,-wS-Co9IJ4A,Last Laps: A Heavyweight Fight in Vegas | 2025 NASCAR Cup Series,NASCAR,2025-10-13T00:50:29Z,80382,675,67,PT7M49S,https://youtube.com/watch?v=-wS-Co9IJ4A
5,,2025-08-10,P3vUj_OERyQ,An Unbelievable End to the 2025 NASCAR Cup Series Season | Final Laps at Phoenix,NASCAR,2025-11-03T00:22:30Z,193455,1899,582,PT6M27S,https://youtube.com/watch?v=P3vUj_OERyQ
5,,2025-08-10,PVUfltDPjtY,Hamlin vs. Gibbs: Recap and Reaction from New Hampshire | 2025 NASCAR Cup Series,NASCAR,2025-09-21T22:08:03Z,58298,302,122,PT7M40S,https://youtube.com/watch?v=PVUfltDPjtY
5,,2025-08-10,l3i3W8QKTsU,WATCH: Denny Hamlin Outduels William Byron at Michigan | 2025 NASCAR FireKeepers Casino 400,NASCAR,2025-06-08T22:19:10Z,16097,224,16,PT8M37S,https://youtube.com/watch?v=l3i3W8QKTsU
5,,2025-08-10,3LE2_qaU5kg,Denny Hamlin&#39;s Emotional Reaction to 60th Career Win | 2025 NASCAR Cup Series at Las Vegas,NASCAR,2025-10-13T01:20:00Z,56332,1080,145,PT6M45S,https://youtube.com/watch?v=3LE2_qaU5kg
5,,2025-08-10,wYcSuMaHC-k,Missing Rings: Denny Hamlin 2025,The Iceberg,2025-11-05T23:21:21Z,18343,798,296,PT11M,https://youtube.com/watch?v=wYcSuMaHC-k
5,,2025-08-10,kykqdL18-OU,Every Denny Hamlin win in 2025,Nascar24,2025-11-16T21:00:52Z,585,13,0,PT7M,https://youtube.com/watch?v=kykqdL18-OU
5,,2025-08-10,RDxy4LvcncM,Why Denny Hamlin’s 2025 Season Ended in Controversy,NASCAR TODAY,2025-11-04T18:15:05Z,640,8,2,PT9M38S,https://youtube.com/watch?v=RDxy4LvcncM
5,,2025-08-10,ekE7TqieqjM,A Vegas Finish to Remember | 2025 NASCAR Cup Series Extended Highlights,NASCAR,2025-10-13T01:09:47Z,252888,4063,334,PT19M51S,https://youtube.com/watch?v=ekE7TqieqjM
6,,2025-08-16,YISsxP9tCUM,Reddit Asks Brad Keselowski WILD Questions | NASCAR,NASCAR,2025-08-21T21:00:30Z,79127,3961,168,PT7M16S,https://youtube.com/watch?v=YISsxP9tCUM
6,,2025-08-16,Hq1V6sDUnGs,Extended Highlights | 2025 NASCAR Cup Series from Iowa,NASCAR,2025-08-04T01:34:16Z,175870,2111,137,PT19M55S,https://youtube.com/watch?v=Hq1V6sDUnGs
6,,2025-08-16,78NwQZmqxz0,Final Laps: A WILD Bristol Finish | 2025 NASCAR Cup Series,NASCAR,2025-09-14T03:58:50Z,222659,975,130,PT5M12S,https://youtube.com/watch?v=78NwQZmqxz0
6,,2025-08-16,83kRqoa7uHY,Brad Keselowski Injury | Jimmie Johnson Seeking Daytona History | Top 50 Drivers of 2025 Reaction,Eric Estepp,2025-12-22T15:40:01Z,52846,2821,267,PT13M6S,https://youtube.com/watch?v=83kRqoa7uHY
6,,2025-08-16,peOrAd5ipF4,NASCAR Cup Series 2025: EchoPark Automotive GP | EXTENDED HIGHLIGHTS | 3/2/25 | Motorsports on NBC,Motorsports on NBC,2025-03-03T01:01:52Z,109346,1811,140,PT17M15S,https://youtube.com/watch?v=peOrAd5ipF4
6,,2025-08-16,66xRjFGOZJM,Brad Keselowski BREAKS SILENCE on RFK!,Nascar Speedzone,2026-03-19T16:00:00Z,5918,29,1,PT8M15S,https://youtube.com/watch?v=66xRjFGOZJM
6,,2025-08-16,hKsNXFB_8V4,NASCAR Cup Series 2025: Pennzoil 400 | EXTENDED HIGHLIGHTS | 3/16/25 | Motorsports on NBC,Motorsports on NBC,2025-03-16T23:54:59Z,150191,2662,143,PT16M46S,https://youtube.com/watch?v=hKsNXFB_8V4
6,,2025-08-16,6xDyB0-uLpY,NASCAR Cup Series 2025: Cook Out 400 | EXTENDED HIGHLIGHTS | 3/30/25 | Motorsports on NBC,Motorsports on NBC,2025-03-30T23:01:09Z,110539,1968,115,PT16M27S,https://youtube.com/watch?v=6xDyB0-uLpY
6,,2025-08-16,50X_h1q0LXI,Gateway Turns Up the Playoff Heat | 2025 NASCAR Cup Series Extended Highlights,NASCAR,2025-09-07T23:02:36Z,243284,3618,240,PT18M,https://youtube.com/watch?v=50X_h1q0LXI
6,,2025-08-16,JpRqXvWF63I,NASCAR Cup Series 2025: All-Star Race | EXTENDED HIGHLIGHTS | 5/18/25 | Motorsports on NBC,Motorsports on NBC,2025-05-19T02:48:07Z,107467,1826,148,PT16M22S,https://youtube.com/watch?v=JpRqXvWF63I
7,,2025-08-23,-wS-Co9IJ4A,Last Laps: A Heavyweight Fight in Vegas | 2025 NASCAR Cup Series,NASCAR,2025-10-13T00:50:29Z,80381,675,67,PT7M49S,https://youtube.com/watch?v=-wS-Co9IJ4A
7,,2025-08-23,P3vUj_OERyQ,An Unbelievable End to the 2025 NASCAR Cup Series Season | Final Laps at Phoenix,NASCAR,2025-11-03T00:22:30Z,193452,1899,582,PT6M27S,https://youtube.com/watch?v=P3vUj_OERyQ
7,,2025-08-23,HomWvKNSSRA,So Close Again: Denny Hamlin Reacts to Another Championship Miss | 2025 NASCAR Cup Series,NASCAR,2025-11-03T01:08:56Z,53500,657,282,PT5M28S,https://youtube.com/watch?v=HomWvKNSSRA
7,,2025-08-23,xL5wsAdIWyo,The Final Battle: Hamlin vs. Larson for the Championship | NASCAR,NASCAR,2025-11-03T19:46:49Z,43879,940,104,PT5M46S,https://youtube.com/watch?v=xL5wsAdIWyo
7,,2025-08-23,3LE2_qaU5kg,Denny Hamlin&#39;s Emotional Reaction to 60th Career Win | 2025 NASCAR Cup Series at Las Vegas,NASCAR,2025-10-13T01:20:00Z,56334,1080,145,PT6M45S,https://youtube.com/watch?v=3LE2_qaU5kg
7,,2025-08-23,PVUfltDPjtY,Hamlin vs. Gibbs: Recap and Reaction from New Hampshire | 2025 NASCAR Cup Series,NASCAR,2025-09-21T22:08:03Z,58298,302,122,PT7M40S,https://youtube.com/watch?v=PVUfltDPjtY
7,,2025-08-23,wYcSuMaHC-k,Missing Rings: Denny Hamlin 2025,The Iceberg,2025-11-05T23:21:21Z,18343,798,296,PT11M,https://youtube.com/watch?v=wYcSuMaHC-k
7,,2025-08-23,l3i3W8QKTsU,WATCH: Denny Hamlin Outduels William Byron at Michigan | 2025 NASCAR FireKeepers Casino 400,NASCAR,2025-06-08T22:19:10Z,16097,224,16,PT8M37S,https://youtube.com/watch?v=l3i3W8QKTsU
7,,2025-08-23,5b5Qt3VAZrU,2025 NASCAR Cup Series Championship Reaction. THE HEARTBREAK OF ALL-TIME,FireBall Hamlin,2025-11-03T01:11:21Z,12226,275,315,PT17M44S,https://youtube.com/watch?v=5b5Qt3VAZrU
7,,2025-08-23,kykqdL18-OU,Every Denny Hamlin win in 2025,Nascar24,2025-11-16T21:00:52Z,585,13,0,PT7M,https://youtube.com/watch?v=kykqdL18-OU
7,,2025-08-23,1fYXEvm3to0,Playoff Heartbreak at the Finish | 2025 NASCAR Radioactive from Charlotte,NASCAR,2025-10-07T22:00:04Z,33496,744,51,PT6M2S,https://youtube.com/watch?v=1fYXEvm3to0
7,,2025-08-23,TipP_iG0c74,Ross Chastain Answers the Internet | NASCAR,NASCAR,2025-12-30T21:00:41Z,26260,1310,74,PT5M21S,https://youtube.com/watch?v=TipP_iG0c74
7,,2025-08-23,5DH4F0tdewY,CHASTAIN WINNING INTERVIEW + BYRON POST RACE INTERVIEW - 2025 COCACOLA 600 - 2025 NASCAR CUP SERIES,SportsNewsCentral,2025-06-27T18:45:06Z,238,0,0,PT5M49S,https://youtube.com/watch?v=5DH4F0tdewY
7,,2025-08-23,b49PzC9kVtY,BACKWARD FINISH Decides Final Playoff Spot | 2025 NASCAR Cup Series at Charlotte,NASCAR,2025-10-05T23:13:10Z,54550,332,48,PT8M17S,https://youtube.com/watch?v=b49PzC9kVtY
7,,2025-08-23,1hUYa4asnOs,Dale Earnhardt Jr. Just DESTROYED Ross Chastain on Live TV!,NASCAR TODAY,2025-07-09T20:00:02Z,30755,146,30,PT13M13S,https://youtube.com/watch?v=1hUYa4asnOs
7,,2025-08-23,TqYY4tZXfIE,Why Ross Chastain’s Approach Could Influence the Next Generation,NASCAR TODAY,2025-11-10T18:15:05Z,2081,22,0,PT8M4S,https://youtube.com/watch?v=TqYY4tZXfIE
7,,2025-08-23,HI2XOFCFWIA,From the Back to Victory Lane: Ross Chastain’s Wild Drive | 2025 NASCAR Coca-Cola 600,NASCAR,2025-05-26T04:55:59Z,44478,706,72,PT8M41S,https://youtube.com/watch?v=HI2XOFCFWIA
7,,2025-08-23,BV4PsJmXu-Y,Ross Chastain Destroyed by NASCAR After Texas Finish — What the HELL Just Happened?!,NASCAR Insider,2025-05-06T16:00:28Z,4906,46,6,PT6M43S,https://youtube.com/watch?v=BV4PsJmXu-Y
7,,2025-08-23,NrKCX_9gNYw,Daniel Suárez GOES OFF on Ross Chastain After WILD Vegas Finish!,NASCAR Insider,2026-03-17T16:46:12Z,515,11,7,PT9M52S,https://youtube.com/watch?v=NrKCX_9gNYw
7,,2025-08-23,Yl08L6Y0y3Y,2025 Coca-Cola 600 | NASCAR Official Extended Highlights,NASCAR,2025-05-26T03:36:47Z,460195,5589,360,PT15M41S,https://youtube.com/watch?v=Yl08L6Y0y3Y
16,,2025-09-07,YISsxP9tCUM,Reddit Asks Brad Keselowski WILD Questions | NASCAR,NASCAR,2025-08-21T21:00:30Z,79125,3961,168,PT7M16S,https://youtube.com/watch?v=YISsxP9tCUM
16,,2025-09-07,78NwQZmqxz0,Final Laps: A WILD Bristol Finish | 2025 NASCAR Cup Series,NASCAR,2025-09-14T03:58:50Z,222659,975,130,PT5M12S,https://youtube.com/watch?v=78NwQZmqxz0
16,,2025-09-07,Hq1V6sDUnGs,Extended Highlights | 2025 NASCAR Cup Series from Iowa,NASCAR,2025-08-04T01:34:16Z,175870,2111,137,PT19M55S,https://youtube.com/watch?v=Hq1V6sDUnGs
16,,2025-09-07,hKsNXFB_8V4,NASCAR Cup Series 2025: Pennzoil 400 | EXTENDED HIGHLIGHTS | 3/16/25 | Motorsports on NBC,Motorsports on NBC,2025-03-16T23:54:59Z,150191,2662,143,PT16M46S,https://youtube.com/watch?v=hKsNXFB_8V4
16,,2025-09-07,peOrAd5ipF4,NASCAR Cup Series 2025: EchoPark Automotive GP | EXTENDED HIGHLIGHTS | 3/2/25 | Motorsports on NBC,Motorsports on NBC,2025-03-03T01:01:52Z,109346,1811,140,PT17M15S,https://youtube.com/watch?v=peOrAd5ipF4
16,,2025-09-07,6xDyB0-uLpY,NASCAR Cup Series 2025: Cook Out 400 | EXTENDED HIGHLIGHTS | 3/30/25 | Motorsports on NBC,Motorsports on NBC,2025-03-30T23:01:09Z,110539,1968,115,PT16M27S,https://youtube.com/watch?v=6xDyB0-uLpY
16,,2025-09-07,50X_h1q0LXI,Gateway Turns Up the Playoff Heat | 2025 NASCAR Cup Series Extended Highlights,NASCAR,2025-09-07T23:02:36Z,243284,3618,240,PT18M,https://youtube.com/watch?v=50X_h1q0LXI
16,,2025-09-07,83kRqoa7uHY,Brad Keselowski Injury | Jimmie Johnson Seeking Daytona History | Top 50 Drivers of 2025 Reaction,Eric Estepp,2025-12-22T15:40:01Z,52846,2821,267,PT13M6S,https://youtube.com/watch?v=83kRqoa7uHY
16,,2025-09-07,JpRqXvWF63I,NASCAR Cup Series 2025: All-Star Race | EXTENDED HIGHLIGHTS | 5/18/25 | Motorsports on NBC,Motorsports on NBC,2025-05-19T02:48:07Z,107467,1826,148,PT16M22S,https://youtube.com/watch?v=JpRqXvWF63I
16,,2025-09-07,Le_y1ap2Ct8,&#39;The car drives like s**t&#39; | NASCAR RADIOACTIVE from the 2025 All-Star Race,NASCAR,2025-05-20T21:43:50Z,35032,816,64,PT6M6S,https://youtube.com/watch?v=Le_y1ap2Ct8
11,,2025-09-21,jwrAEeikBt0,How Do NASCAR Drivers Pee? | Todd Gilliland Reveals All,Rated Red,2025-02-12T20:08:32Z,3904,130,12,PT9M13S,https://youtube.com/watch?v=jwrAEeikBt0
11,,2025-09-21,Fa2FiWKiiBc,"Todd Gilliland Talks Changes at Front Row, McDowell&#39;s Departure, New Teammates, and More!",Eric Estepp,2025-05-22T16:27:59Z,17254,1085,46,PT8M43S,https://youtube.com/watch?v=Fa2FiWKiiBc
11,,2025-09-21,Nk8LdNd_XtM,2025 TODD GILLILAND GRILLO&#39;S FORD MUSTANG DIECASTBUFFET NASCAR DIECAST REVIEW 1/64,Diecastbuffet,2026-05-29T01:42:45Z,188,12,3,PT10M7S,https://youtube.com/watch?v=Nk8LdNd_XtM
11,,2025-09-21,VjsnnSaIS_c,Todd Gilliland Returning To Front Row Motorsports In 2025,Daniel Kriete,2024-06-05T13:36:02Z,410,26,6,PT8M7S,https://youtube.com/watch?v=VjsnnSaIS_c
11,,2025-09-21,bbaZ1Nei-DY,Todd Gilliland &amp; Zane Smith Remain Focused On Racing In Midst of FRM Losing Injunction Lawsuit,Frontstretch,2025-06-07T16:10:37Z,457,14,0,PT5M10S,https://youtube.com/watch?v=bbaZ1Nei-DY
11,,2025-09-21,rKBDulrtVGQ,Countdown to Daytona: Todd Gilliland,FOX8 WGHP,2025-02-12T19:42:23Z,182,2,0,PT8M37S,https://youtube.com/watch?v=rKBDulrtVGQ
11,,2025-09-21,v-kwi-xD40w,Todd Gilliland Clips For Edits All Years By smithdoit,NSCP by smithdoit  (ScenePacks),2025-11-01T21:49:13Z,188,11,2,PT5M50S,https://youtube.com/watch?v=v-kwi-xD40w
11,,2025-09-21,FbntZWZjwMg,The Inside Lane | Episode 96: Todd Gilliland from the Daytona 500,Sports360AZ,2025-02-24T22:29:01Z,74,0,0,PT4M57S,https://youtube.com/watch?v=FbntZWZjwMg
11,,2025-09-21,1VkIwkAEqPg,Ryan Preece on Having the Best Car at the End; Todd Gilliland &amp; Josh Berry Have Great Runs,Frontstretch,2025-10-26T23:00:00Z,3318,54,3,PT4M39S,https://youtube.com/watch?v=1VkIwkAEqPg
11,,2025-09-21,BgTJtLE_M-M,"Todd Gilliland on qualifying at Darlington, being a leader at Front Row and his Ray Fox throwback",Nikolai P. Culp,2025-04-05T19:08:56Z,99,7,0,PT4M21S,https://youtube.com/watch?v=BgTJtLE_M-M
12,,2025-09-28,1fYXEvm3to0,Playoff Heartbreak at the Finish | 2025 NASCAR Radioactive from Charlotte,NASCAR,2025-10-07T22:00:04Z,33496,744,51,PT6M2S,https://youtube.com/watch?v=1fYXEvm3to0
12,,2025-09-28,TipP_iG0c74,Ross Chastain Answers the Internet | NASCAR,NASCAR,2025-12-30T21:00:41Z,26260,1310,74,PT5M21S,https://youtube.com/watch?v=TipP_iG0c74
12,,2025-09-28,5DH4F0tdewY,CHASTAIN WINNING INTERVIEW + BYRON POST RACE INTERVIEW - 2025 COCACOLA 600 - 2025 NASCAR CUP SERIES,SportsNewsCentral,2025-06-27T18:45:06Z,238,0,0,PT5M49S,https://youtube.com/watch?v=5DH4F0tdewY
12,,2025-09-28,1hUYa4asnOs,Dale Earnhardt Jr. Just DESTROYED Ross Chastain on Live TV!,NASCAR TODAY,2025-07-09T20:00:02Z,30755,146,30,PT13M13S,https://youtube.com/watch?v=1hUYa4asnOs
12,,2025-09-28,NrKCX_9gNYw,Daniel Suárez GOES OFF on Ross Chastain After WILD Vegas Finish!,NASCAR Insider,2026-03-17T16:46:12Z,515,11,7,PT9M52S,https://youtube.com/watch?v=NrKCX_9gNYw
12,,2025-09-28,TqYY4tZXfIE,Why Ross Chastain’s Approach Could Influence the Next Generation,NASCAR TODAY,2025-11-10T18:15:05Z,2081,22,0,PT8M4S,https://youtube.com/watch?v=TqYY4tZXfIE
12,,2025-09-28,b49PzC9kVtY,BACKWARD FINISH Decides Final Playoff Spot | 2025 NASCAR Cup Series at Charlotte,NASCAR,2025-10-05T23:13:10Z,54550,332,48,PT8M17S,https://youtube.com/watch?v=b49PzC9kVtY
12,,2025-09-28,BV4PsJmXu-Y,Ross Chastain Destroyed by NASCAR After Texas Finish — What the HELL Just Happened?!,NASCAR Insider,2025-05-06T16:00:28Z,4906,46,6,PT6M43S,https://youtube.com/watch?v=BV4PsJmXu-Y
12,,2025-09-28,DogYuyhg1F8,NASCAR at Charlotte Motor Speedway May 2025: Ross Chastain post-race,Cup Scene ,2025-05-26T13:07:18Z,1532,47,4,PT12M16S,https://youtube.com/watch?v=DogYuyhg1F8
12,,2025-09-28,VD-F7NgOAPM,Ross Chastain After His Incredible Comeback Win at Charlotte | NASCAR on Prime | Prime Video,Sports On Prime,2025-05-26T17:20:35Z,60324,1177,181,PT13M3S,https://youtube.com/watch?v=VD-F7NgOAPM
13,,2025-10-05,3LE2_qaU5kg,Denny Hamlin&#39;s Emotional Reaction to 60th Career Win | 2025 NASCAR Cup Series at Las Vegas,NASCAR,2025-10-13T01:20:00Z,56332,1080,145,PT6M45S,https://youtube.com/watch?v=3LE2_qaU5kg
13,,2025-10-05,HomWvKNSSRA,So Close Again: Denny Hamlin Reacts to Another Championship Miss | 2025 NASCAR Cup Series,NASCAR,2025-11-03T01:08:56Z,53500,657,282,PT5M28S,https://youtube.com/watch?v=HomWvKNSSRA
13,,2025-10-05,-wS-Co9IJ4A,Last Laps: A Heavyweight Fight in Vegas | 2025 NASCAR Cup Series,NASCAR,2025-10-13T00:50:29Z,80382,675,67,PT7M49S,https://youtube.com/watch?v=-wS-Co9IJ4A
13,,2025-10-05,P3vUj_OERyQ,An Unbelievable End to the 2025 NASCAR Cup Series Season | Final Laps at Phoenix,NASCAR,2025-11-03T00:22:30Z,193455,1899,582,PT6M27S,https://youtube.com/watch?v=P3vUj_OERyQ
13,,2025-10-05,l3i3W8QKTsU,WATCH: Denny Hamlin Outduels William Byron at Michigan | 2025 NASCAR FireKeepers Casino 400,NASCAR,2025-06-08T22:19:10Z,16097,224,16,PT8M37S,https://youtube.com/watch?v=l3i3W8QKTsU
13,,2025-10-05,7TetAUpAaqc,Denny Hamlin Wants ALL THE BOOS after 59th Win | 2025 NASCAR Cup Series at Gateway,NASCAR,2025-09-07T23:06:53Z,38579,269,64,PT6M54S,https://youtube.com/watch?v=7TetAUpAaqc
13,,2025-10-05,PVUfltDPjtY,Hamlin vs. Gibbs: Recap and Reaction from New Hampshire | 2025 NASCAR Cup Series,NASCAR,2025-09-21T22:08:03Z,58298,302,122,PT7M40S,https://youtube.com/watch?v=PVUfltDPjtY
13,,2025-10-05,xL5wsAdIWyo,The Final Battle: Hamlin vs. Larson for the Championship | NASCAR,NASCAR,2025-11-03T19:46:49Z,43882,940,104,PT5M46S,https://youtube.com/watch?v=xL5wsAdIWyo
13,,2025-10-05,8QGHyIYqeKE,Denny Hamlin Reacts to Taming the Monster Mile | 2025 NASCAR Cup Series at Dover,NASCAR,2025-07-20T23:16:05Z,16511,215,35,PT5M51S,https://youtube.com/watch?v=8QGHyIYqeKE
13,,2025-10-05,wYcSuMaHC-k,Missing Rings: Denny Hamlin 2025,The Iceberg,2025-11-05T23:21:21Z,18343,798,296,PT11M,https://youtube.com/watch?v=wYcSuMaHC-k
35,,2025-10-26,Hgz5ZskUe68,Austin Hill &amp; Richard Childress Remember Kyle Busch After San Diego Win | NASCAR,NASCAR,2026-06-21T02:56:52Z,35090,668,65,PT5M45S,https://youtube.com/watch?v=Hgz5ZskUe68
35,,2025-10-26,-ZSfV1hsFEk,Every Austin Hill win in 2025,Nascar24,2025-12-06T21:00:00Z,193,7,0,PT7M35S,https://youtube.com/watch?v=-ZSfV1hsFEk
35,,2025-10-26,X7qxa43I8Bc,The Austin Hill Experience | Why Fans Are Fed Up,The Iceberg,2025-08-11T19:34:01Z,44839,1454,572,PT9M9S,https://youtube.com/watch?v=X7qxa43I8Bc
35,,2025-10-26,szQF_RtjpI8,RCR Keeps Embarrassing Themselves | Austin Hill Wrecks Aric Almirola REACTION,Eric Estepp,2025-07-27T06:25:16Z,114500,4466,998,PT13M,https://youtube.com/watch?v=szQF_RtjpI8
35,,2025-10-26,qUK_F0SHBhQ,&#39;Daytona has been so good to me&#39; – Austin Hill on his fourth win in five years 😮‍💨 NASCAR on FOX,NASCAR on FOX,2026-02-15T02:10:57Z,6110,94,11,PT7M42S,https://youtube.com/watch?v=qUK_F0SHBhQ
35,,2025-10-26,5yuTjIT2Fuk,Dale Earnhardt Jr. Just Said the UNTHINKABLE About Austin Hill!,NASCAR TODAY,2025-10-24T16:00:13Z,1290,10,3,PT9M41S,https://youtube.com/watch?v=5yuTjIT2Fuk
35,,2025-10-26,HAZbzV-TYhM,Austin Hill &amp; Jeb Burton post-race interviews from Talladega Superspeedway | NASCAR on FOX,NASCAR on FOX,2025-04-26T23:26:05Z,6621,75,26,PT4M41S,https://youtube.com/watch?v=HAZbzV-TYhM
35,,2025-10-26,tZHbVBdv1bM,NASCAR in PANIC! Shane van Gisbergen LASHES OUT at Austin Hill After BIG ONE Involving 11 Cars,NASCAR Nation Report,2026-06-22T01:10:05Z,4788,129,21,PT9M59S,https://youtube.com/watch?v=tZHbVBdv1bM
35,,2025-10-26,hOJko4r9OLc,Austin Hill Triggers Another Huge Crash | Zilisch Clashes With SVG | REACTION,Eric Estepp,2025-08-10T00:48:45Z,98737,3955,1193,PT16M26S,https://youtube.com/watch?v=hOJko4r9OLc
35,,2025-10-26,PiOELqviAzU,This. Is. Embarrassing. - Part 2 - Austin Hill Edition,Jesse King,2025-07-29T15:52:02Z,23835,708,204,PT7M32S,https://youtube.com/watch?v=PiOELqviAzU
1,,2026-02-15,v-kwi-xD40w,Todd Gilliland Clips For Edits All Years By smithdoit,NSCP by smithdoit  (ScenePacks),2025-11-01T21:49:13Z,188,11,2,PT5M50S,https://youtube.com/watch?v=v-kwi-xD40w
1,,2026-02-15,jwrAEeikBt0,How Do NASCAR Drivers Pee? | Todd Gilliland Reveals All,Rated Red,2025-02-12T20:08:32Z,3904,130,12,PT9M13S,https://youtube.com/watch?v=jwrAEeikBt0
1,,2026-02-15,rKBDulrtVGQ,Countdown to Daytona: Todd Gilliland,FOX8 WGHP,2025-02-12T19:42:23Z,182,2,0,PT8M37S,https://youtube.com/watch?v=rKBDulrtVGQ
1,,2026-02-15,1VkIwkAEqPg,Ryan Preece on Having the Best Car at the End; Todd Gilliland &amp; Josh Berry Have Great Runs,Frontstretch,2025-10-26T23:00:00Z,3318,54,3,PT4M39S,https://youtube.com/watch?v=1VkIwkAEqPg
1,,2026-02-15,BgTJtLE_M-M,"Todd Gilliland on qualifying at Darlington, being a leader at Front Row and his Ray Fox throwback",Nikolai P. Culp,2025-04-05T19:08:56Z,99,7,0,PT4M21S,https://youtube.com/watch?v=BgTJtLE_M-M
1,,2026-02-15,-FiLN6JeJDw,Todd Gilliland 2025 Loves Diecast Review ,Halo Radiance,2025-12-17T13:04:17Z,43,1,0,PT4M45S,https://youtube.com/watch?v=-FiLN6JeJDw
1,,2026-02-15,Fa2FiWKiiBc,"Todd Gilliland Talks Changes at Front Row, McDowell&#39;s Departure, New Teammates, and More!",Eric Estepp,2025-05-22T16:27:59Z,17254,1085,46,PT8M43S,https://youtube.com/watch?v=Fa2FiWKiiBc
1,,2026-02-15,ZVQo5SYURG0,2025 TODD GILLILAND LOVE&#39;S FORD MUSTANG DIECASTBUFFET NASCAR DIECAST REVIEW 1/64,Diecastbuffet,2026-01-20T21:03:33Z,218,13,8,PT8M30S,https://youtube.com/watch?v=ZVQo5SYURG0
1,,2026-02-15,Q2clHIifaNk,NASCAR 25 - #34 Todd Gilliland (Ford) - Gameplay (PS5 UHD) [4K60FPS],Throneful,2025-10-30T19:00:29Z,648,18,0,PT17M38S,https://youtube.com/watch?v=Q2clHIifaNk
1,,2026-02-15,YRqNFLkuh9Q,Todd Gilliland Crew Chief Chris Lawson on motivating a team in a tough season and what&#39;s next,Sky View Sports Roy J. Akers,2025-07-26T18:42:07Z,68,0,0,PT5M38S,https://youtube.com/watch?v=YRqNFLkuh9Q
26,,2026-04-12,v-kwi-xD40w,Todd Gilliland Clips For Edits All Years By smithdoit,NSCP by smithdoit  (ScenePacks),2025-11-01T21:49:13Z,188,11,2,PT5M50S,https://youtube.com/watch?v=v-kwi-xD40w
26,,2026-04-12,jwrAEeikBt0,How Do NASCAR Drivers Pee? | Todd Gilliland Reveals All,Rated Red,2025-02-12T20:08:32Z,3904,130,12,PT9M13S,https://youtube.com/watch?v=jwrAEeikBt0
26,,2026-04-12,rKBDulrtVGQ,Countdown to Daytona: Todd Gilliland,FOX8 WGHP,2025-02-12T19:42:23Z,182,2,0,PT8M37S,https://youtube.com/watch?v=rKBDulrtVGQ
26,,2026-04-12,1VkIwkAEqPg,Ryan Preece on Having the Best Car at the End; Todd Gilliland &amp; Josh Berry Have Great Runs,Frontstretch,2025-10-26T23:00:00Z,3318,54,3,PT4M39S,https://youtube.com/watch?v=1VkIwkAEqPg
26,,2026-04-12,BgTJtLE_M-M,"Todd Gilliland on qualifying at Darlington, being a leader at Front Row and his Ray Fox throwback",Nikolai P. Culp,2025-04-05T19:08:56Z,99,7,0,PT4M21S,https://youtube.com/watch?v=BgTJtLE_M-M
26,,2026-04-12,-FiLN6JeJDw,Todd Gilliland 2025 Loves Diecast Review ,Halo Radiance,2025-12-17T13:04:17Z,43,1,0,PT4M45S,https://youtube.com/watch?v=-FiLN6JeJDw
26,,2026-04-12,Fa2FiWKiiBc,"Todd Gilliland Talks Changes at Front Row, McDowell&#39;s Departure, New Teammates, and More!",Eric Estepp,2025-05-22T16:27:59Z,17254,1085,46,PT8M43S,https://youtube.com/watch?v=Fa2FiWKiiBc
26,,2026-04-12,ZVQo5SYURG0,2025 TODD GILLILAND LOVE&#39;S FORD MUSTANG DIECASTBUFFET NASCAR DIECAST REVIEW 1/64,Diecastbuffet,2026-01-20T21:03:33Z,218,13,8,PT8M30S,https://youtube.com/watch?v=ZVQo5SYURG0
26,,2026-04-12,Q2clHIifaNk,NASCAR 25 - #34 Todd Gilliland (Ford) - Gameplay (PS5 UHD) [4K60FPS],Throneful,2025-10-30T19:00:29Z,648,18,0,PT17M38S,https://youtube.com/watch?v=Q2clHIifaNk
26,,2026-04-12,YRqNFLkuh9Q,Todd Gilliland Crew Chief Chris Lawson on motivating a team in a tough season and what&#39;s next,Sky View Sports Roy J. Akers,2025-07-26T18:42:07Z,68,0,0,PT5M38S,https://youtube.com/watch?v=YRqNFLkuh9Q
